Spectrum Title,HTML Description,ASCII Spectrum ,ASCII Spectrum Error Bars ,ASCII Wavelengths ,ASCII Bandpass ,Full Range Plot,Range 1 Plot: 0.2-1.0 microns,Range 2 Plot: 0.2-2.5 microns,Range 3 Plot: 1.5-5.5 microns,Range 4 Plot: 2.5-25 microns,Range 5 Plot: 4000-50 inverse centimeters,GIF Wavelengths  Plot,GIF Bandpass  Plot
Acetylene MTG 80K            ASDFRb AREF,D:\usgs_splib07\../HTMLmetadata/Acetylene_MTG_80K_ASDFRb_AREF.html,D:\usgs_splib07\../ASCIIdata/ASCIIdata_splib07a/ChapterO_OrganicCompounds/splib07a_Acetylene_MTG_80K_ASDFRb_AREF.txt,,D:\usgs_splib07\../ASCIIdata/ASCIIdata_splib07a/splib07a_Wavelengths_ASD_0.35-2.5_microns_2151_ch.txt,D:\usgs_splib07\../ASCIIdata/ASCIIdata_splib07a/splib07a_Bandpass_(FWHM)_ASDFR_StandardResolution.txt,D:\usgs_splib07\../GIFplots/GIFplots_splib07a/ChapterO_OrganicCompounds/splib07a_Acetylene_MTG_80K_ASDFRb_AREF.gif,D:\usgs_splib07\../GIFplots/GIFplots_splib07a/plots_by_wavelength_region/range1_uv_to_visible/splib07a_Acetylene_MTG_80K_ASDFRb_AREF_range1_uv_to_vis.gif,D:\usgs_splib07\../GIFplots/GIFplots_splib07a/plots_by_wavelength_region/range2_visible_to_swir/splib07a_Acetylene_MTG_80K_ASDFRb_AREF_range2_vis_to_swir.gif,D:\usgs_splib07\../GIFplots/GIFplots_splib07a/plots_by_wavelength_region/range3_swir/splib07a_Acetylene_MTG_80K_ASDFRb_AREF_range3_swir.gif,,,D:\usgs_splib07\../GIFplots/GIFplots_splib07a/splib07a_Wavelengths_ASD_0.35-2.5_microns_2151_ch.gif,D:\usgs_splib07\../GIFplots/GIFplots_splib07a/splib07a_Bandpass_(FWHM)_ASDFR_StandardResolution.gif
Acridine SA-A23609           ASDHRa AREF,D:\usgs_splib07\../HTMLmetadata/Acridine_SA-A23609_ASDHRa_AREF.html,D:\usgs_splib07\../ASCIIdata/ASCIIdata_splib07a/ChapterO_OrganicCompounds/splib07a_Acridine_SA-A23609_ASDHRa_AREF.txt,,D:\usgs_splib07\../ASCIIdata/ASCIIdata_splib07a/splib07a_Wavelengths_ASD_0.35-2.5_microns_2151_ch.txt,D:\usgs_splib07\../ASCIIdata/ASCIIdata_splib07a/splib07a_Bandpass_(FWHM)_ASDHR_High-Resolution.txt,D:\usgs_splib07\../GIFplots/GIFplots_splib07a/ChapterO_OrganicCompounds/splib07a_Acridine_SA-A23609_ASDHRa_AREF.gif,D:\usgs_splib07\../GIFplots/GIFplots_splib07a/plots_by_wavelength_region/range1_uv_to_visible/splib07a_Acridine_SA-A23609_ASDHRa_AREF_range1_uv_to_vis.gif,D:\usgs_splib07\../GIFplots/GIFplots_splib07a/plots_by_wavelength_region/range2_visible_to_swir/splib07a_Acridine_SA-A23609_ASDHRa_AREF_range2_vis_to_swir.gif,D:\usgs_splib07\../GIFplots/GIFplots_splib07a/plots_by_wavelength_region/range3_swir/splib07a_Acridine_SA-A23609_ASDHRa_AREF_range3_swir.gif,,,D:\usgs_splib07\../GIFplots/GIFplots_splib07a/splib07a_Wavelengths_ASD_0.35-2.5_microns_2151_ch.gif,D:\usgs_splib07\../GIFplots/GIFplots_splib07a/splib07a_Bandpass_(FWHM)_ASDHR_High-Resolution.gif
Acridine SA-A23609           NIC4aa RREF,D:\usgs_splib07\../HTMLmetadata/Acridine_SA-A23609_NIC4aa_RREF.html,D:\usgs_splib07\../ASCIIdata/ASCIIdata_splib07a/ChapterO_OrganicCompounds/splib07a_Acridine_SA-A23609_NIC4aa_RREF.txt,,D:\usgs_splib07\../ASCIIdata/ASCIIdata_splib07a/splib07a_Wavelengths_NIC4_Nicolet_1.12-216microns.txt,D:\usgs_splib07\../ASCIIdata/ASCIIdata_splib07a/splib07a_Bandpass_(FWHM)_NIC4_Nicolet_in_microns.txt,D:\usgs_splib07\../GIFplots/GIFplots_splib07a/ChapterO_OrganicCompounds/splib07a_Acridine_SA-A23609_NIC4aa_RREF.gif,,D:\usgs_splib07\../GIFplots/GIFplots_splib07a/plots_by_wavelength_region/range2_visible_to_swir/splib07a_Acridine_SA-A23609_NIC4aa_RREF_range2_vis_to_swir.gif,D:\usgs_splib07\../GIFplots/GIFplots_splib07a/plots_by_wavelength_region/range3_swir/splib07a_Acridine_SA-A23609_NIC4aa_RREF_range3_swir.gif,D:\usgs_splib07\../GIFplots/GIFplots_splib07a/plots_by_wavelength_region/range4_swir_to_mir/splib07a_Acridine_SA-A23609_NIC4aa_RREF_range4_swir_to_mir.gif,D:\usgs_splib07\../GIFplots/GIFplots_splib07a/plots_by_wavelength_region/range5_swir_to_fir_wavenumber/splib07a_Acridine_SA-A23609_NIC4aa_RREF_range5_swir_to_fir_wavenumber.gif,D:\usgs_splib07\../GIFplots/GIFplots_splib07a/splib07a_Wavelengths_NIC4_Nicolet_1.12-216microns.gif,D:\usgs_splib07\../GIFplots/GIFplots_splib07a/splib07a_Bandpass_(FWHM)_NIC4_Nicolet_in_microns.gif
Acridine SA-A23609 85K       NIC4aa RREF,D:\usgs_splib07\../HTMLmetadata/Acridine_SA-A23609_85K_NIC4aa_RREF.html,D:\usgs_splib07\../ASCIIdata/ASCIIdata_splib07a/ChapterO_OrganicCompounds/splib07a_Acridine_SA-A23609_85K_NIC4aa_RREF.txt,,D:\usgs_splib07\../ASCIIdata/ASCIIdata_splib07a/splib07a_Wavelengths_NIC4_Nicolet_1.12-216microns.txt,D:\usgs_splib07\../ASCIIdata/ASCIIdata_splib07a/splib07a_Bandpass_(FWHM)_NIC4_Nicolet_in_microns.txt,D:\usgs_splib07\../GIFplots/GIFplots_splib07a/ChapterO_OrganicCompounds/splib07a_Acridine_SA-A23609_85K_NIC4aa_RREF.gif,,D:\usgs_splib07\../GIFplots/GIFplots_splib07a/plots_by_wavelength_region/range2_visible_to_swir/splib07a_Acridine_SA-A23609_85K_NIC4aa_RREF_range2_vis_to_swir.gif,D:\usgs_splib07\../GIFplots/GIFplots_splib07a/plots_by_wavelength_region/range3_swir/splib07a_Acridine_SA-A23609_85K_NIC4aa_RREF_range3_swir.gif,D:\usgs_splib07\../GIFplots/GIFplots_splib07a/plots_by_wavelength_region/range4_swir_to_mir/splib07a_Acridine_SA-A23609_85K_NIC4aa_RREF_range4_swir_to_mir.gif,D:\usgs_splib07\../GIFplots/GIFplots_splib07a/plots_by_wavelength_region/range5_swir_to_fir_wavenumber/splib07a_Acridine_SA-A23609_85K_NIC4aa_RREF_range5_swir_to_fir_wavenumber.gif,D:\usgs_splib07\../GIFplots/GIFplots_splib07a/splib07a_Wavelengths_NIC4_Nicolet_1.12-216microns.gif,D:\usgs_splib07\../GIFplots/GIFplots_splib07a/splib07a_Bandpass_(FWHM)_NIC4_Nicolet_in_microns.gif
Adenine SA-A8626             ASDHRa AREF,D:\usgs_splib07\../HTMLmetadata/Adenine_SA-A8626_ASDHRa_AREF.html,D:\usgs_splib07\../ASCIIdata/ASCIIdata_splib07a/ChapterO_OrganicCompounds/splib07a_Adenine_SA-A8626_ASDHRa_AREF.txt,,D:\usgs_splib07\../ASCIIdata/ASCIIdata_splib07a/splib07a_Wavelengths_ASD_0.35-2.5_microns_2151_ch.txt,D:\usgs_splib07\../ASCIIdata/ASCIIdata_splib07a/splib07a_Bandpass_(FWHM)_ASDHR_High-Resolution.txt,D:\usgs_splib07\../GIFplots/GIFplots_splib07a/ChapterO_OrganicCompounds/splib07a_Adenine_SA-A8626_ASDHRa_AREF.gif,D:\usgs_splib07\../GIFplots/GIFplots_splib07a/plots_by_wavelength_region/range1_uv_to_visible/splib07a_Adenine_SA-A8626_ASDHRa_AREF_range1_uv_to_vis.gif,D:\usgs_splib07\../GIFplots/GIFplots_splib07a/plots_by_wavelength_region/range2_visible_to_swir/splib07a_Adenine_SA-A8626_ASDHRa_AREF_range2_vis_to_swir.gif,D:\usgs_splib07\../GIFplots/GIFplots_splib07a/plots_by_wavelength_region/range3_swir/splib07a_Adenine_SA-A8626_ASDHRa_AREF_range3_swir.gif,,,D:\usgs_splib07\../GIFplots/GIFplots_splib07a/splib07a_Wavelengths_ASD_0.35-2.5_microns_2151_ch.gif,D:\usgs_splib07\../GIFplots/GIFplots_splib07a/splib07a_Bandpass_(FWHM)_ASDHR_High-Resolution.gif
Adenine SA-A8626             NIC4aa RREF,D:\usgs_splib07\../HTMLmetadata/Adenine_SA-A8626_NIC4aa_RREF.html,D:\usgs_splib07\../ASCIIdata/ASCIIdata_splib07a/ChapterO_OrganicCompounds/splib07a_Adenine_SA-A8626_NIC4aa_RREF.txt,,D:\usgs_splib07\../ASCIIdata/ASCIIdata_splib07a/splib07a_Wavelengths_NIC4_Nicolet_1.12-216microns.txt,D:\usgs_splib07\../ASCIIdata/ASCIIdata_splib07a/splib07a_Bandpass_(FWHM)_NIC4_Nicolet_in_microns.txt,D:\usgs_splib07\../GIFplots/GIFplots_splib07a/ChapterO_OrganicCompounds/splib07a_Adenine_SA-A8626_NIC4aa_RREF.gif,,D:\usgs_splib07\../GIFplots/GIFplots_splib07a/plots_by_wavelength_region/range2_visible_to_swir/splib07a_Adenine_SA-A8626_NIC4aa_RREF_range2_vis_to_swir.gif,D:\usgs_splib07\../GIFplots/GIFplots_splib07a/plots_by_wavelength_region/range3_swir/splib07a_Adenine_SA-A8626_NIC4aa_RREF_range3_swir.gif,D:\usgs_splib07\../GIFplots/GIFplots_splib07a/plots_by_wavelength_region/range4_swir_to_mir/splib07a_Adenine_SA-A8626_NIC4aa_RREF_range4_swir_to_mir.gif,D:\usgs_splib07\../GIFplots/GIFplots_splib07a/plots_by_wavelength_region/range5_swir_to_fir_wavenumber/splib07a_Adenine_SA-A8626_NIC4aa_RREF_range5_swir_to_fir_wavenumber.gif,D:\usgs_splib07\../GIFplots/GIFplots_splib07a/splib07a_Wavelengths_NIC4_Nicolet_1.12-216microns.gif,D:\usgs_splib07\../GIFplots/GIFplots_splib07a/splib07a_Bandpass_(FWHM)_NIC4_Nicolet_in_microns.gif
Adenine SA-A8626 85K         NIC4aa RREF,D:\usgs_splib07\../HTMLmetadata/Adenine_SA-A8626_85K_NIC4aa_RREF.html,D:\usgs_splib07\../ASCIIdata/ASCIIdata_splib07a/ChapterO_OrganicCompounds/splib07a_Adenine_SA-A8626_85K_NIC4aa_RREF.txt,,D:\usgs_splib07\../ASCIIdata/ASCIIdata_splib07a/splib07a_Wavelengths_NIC4_Nicolet_1.12-216microns.txt,D:\usgs_splib07\../ASCIIdata/ASCIIdata_splib07a/splib07a_Bandpass_(FWHM)_NIC4_Nicolet_in_microns.txt,D:\usgs_splib07\../GIFplots/GIFplots_splib07a/ChapterO_OrganicCompounds/splib07a_Adenine_SA-A8626_85K_NIC4aa_RREF.gif,,D:\usgs_splib07\../GIFplots/GIFplots_splib07a/plots_by_wavelength_region/range2_visible_to_swir/splib07a_Adenine_SA-A8626_85K_NIC4aa_RREF_range2_vis_to_swir.gif,D:\usgs_splib07\../GIFplots/GIFplots_splib07a/plots_by_wavelength_region/range3_swir/splib07a_Adenine_SA-A8626_85K_NIC4aa_RREF_range3_swir.gif,D:\usgs_splib07\../GIFplots/GIFplots_splib07a/plots_by_wavelength_region/range4_swir_to_mir/splib07a_Adenine_SA-A8626_85K_NIC4aa_RREF_range4_swir_to_mir.gif,D:\usgs_splib07\../GIFplots/GIFplots_splib07a/plots_by_wavelength_region/range5_swir_to_fir_wavenumber/splib07a_Adenine_SA-A8626_85K_NIC4aa_RREF_range5_swir_to_fir_wavenumber.gif,D:\usgs_splib07\../GIFplots/GIFplots_splib07a/splib07a_Wavelengths_NIC4_Nicolet_1.12-216microns.gif,D:\usgs_splib07\../GIFplots/GIFplots_splib07a/splib07a_Bandpass_(FWHM)_NIC4_Nicolet_in_microns.gif
DL-Alanine SA-A7502          ASDHRa AREF,D:\usgs_splib07\../HTMLmetadata/DL-Alanine_SA-A7502_ASDHRa_AREF.html,D:\usgs_splib07\../ASCIIdata/ASCIIdata_splib07a/ChapterO_OrganicCompounds/splib07a_DL-Alanine_SA-A7502_ASDHRa_AREF.txt,,D:\usgs_splib07\../ASCIIdata/ASCIIdata_splib07a/splib07a_Wavelengths_ASD_0.35-2.5_microns_2151_ch.txt,D:\usgs_splib07\../ASCIIdata/ASCIIdata_splib07a/splib07a_Bandpass_(FWHM)_ASDHR_High-Resolution.txt,D:\usgs_splib07\../GIFplots/GIFplots_splib07a/ChapterO_OrganicCompounds/splib07a_DL-Alanine_SA-A7502_ASDHRa_AREF.gif,D:\usgs_splib07\../GIFplots/GIFplots_splib07a/plots_by_wavelength_region/range1_uv_to_visible/splib07a_DL-Alanine_SA-A7502_ASDHRa_AREF_range1_uv_to_vis.gif,D:\usgs_splib07\../GIFplots/GIFplots_splib07a/plots_by_wavelength_region/range2_visible_to_swir/splib07a_DL-Alanine_SA-A7502_ASDHRa_AREF_range2_vis_to_swir.gif,D:\usgs_splib07\../GIFplots/GIFplots_splib07a/plots_by_wavelength_region/range3_swir/splib07a_DL-Alanine_SA-A7502_ASDHRa_AREF_range3_swir.gif,,,D:\usgs_splib07\../GIFplots/GIFplots_splib07a/splib07a_Wavelengths_ASD_0.35-2.5_microns_2151_ch.gif,D:\usgs_splib07\../GIFplots/GIFplots_splib07a/splib07a_Bandpass_(FWHM)_ASDHR_High-Resolution.gif
DL-Alanine SA-A7502          NIC4aa RREF,D:\usgs_splib07\../HTMLmetadata/DL-Alanine_SA-A7502_NIC4aa_RREF.html,D:\usgs_splib07\../ASCIIdata/ASCIIdata_splib07a/ChapterO_OrganicCompounds/splib07a_DL-Alanine_SA-A7502_NIC4aa_RREF.txt,,D:\usgs_splib07\../ASCIIdata/ASCIIdata_splib07a/splib07a_Wavelengths_NIC4_Nicolet_1.12-216microns.txt,D:\usgs_splib07\../ASCIIdata/ASCIIdata_splib07a/splib07a_Bandpass_(FWHM)_NIC4_Nicolet_in_microns.txt,D:\usgs_splib07\../GIFplots/GIFplots_splib07a/ChapterO_OrganicCompounds/splib07a_DL-Alanine_SA-A7502_NIC4aa_RREF.gif,,D:\usgs_splib07\../GIFplots/GIFplots_splib07a/plots_by_wavelength_region/range2_visible_to_swir/splib07a_DL-Alanine_SA-A7502_NIC4aa_RREF_range2_vis_to_swir.gif,D:\usgs_splib07\../GIFplots/GIFplots_splib07a/plots_by_wavelength_region/range3_swir/splib07a_DL-Alanine_SA-A7502_NIC4aa_RREF_range3_swir.gif,D:\usgs_splib07\../GIFplots/GIFplots_splib07a/plots_by_wavelength_region/range4_swir_to_mir/splib07a_DL-Alanine_SA-A7502_NIC4aa_RREF_range4_swir_to_mir.gif,D:\usgs_splib07\../GIFplots/GIFplots_splib07a/plots_by_wavelength_region/range5_swir_to_fir_wavenumber/splib07a_DL-Alanine_SA-A7502_NIC4aa_RREF_range5_swir_to_fir_wavenumber.gif,D:\usgs_splib07\../GIFplots/GIFplots_splib07a/splib07a_Wavelengths_NIC4_Nicolet_1.12-216microns.gif,D:\usgs_splib07\../GIFplots/GIFplots_splib07a/splib07a_Bandpass_(FWHM)_NIC4_Nicolet_in_microns.gif
DL-Alanine SA-A7502 85K      NIC4aa RREF,D:\usgs_splib07\../HTMLmetadata/DL-Alanine_SA-A7502_85K_NIC4aa_RREF.html,D:\usgs_splib07\../ASCIIdata/ASCIIdata_splib07a/ChapterO_OrganicCompounds/splib07a_DL-Alanine_SA-A7502_85K_NIC4aa_RREF.txt,,D:\usgs_splib07\../ASCIIdata/ASCIIdata_splib07a/splib07a_Wavelengths_NIC4_Nicolet_1.12-216microns.txt,D:\usgs_splib07\../ASCIIdata/ASCIIdata_splib07a/splib07a_Bandpass_(FWHM)_NIC4_Nicolet_in_microns.txt,D:\usgs_splib07\../GIFplots/GIFplots_splib07a/ChapterO_OrganicCompounds/splib07a_DL-Alanine_SA-A7502_85K_NIC4aa_RREF.gif,,D:\usgs_splib07\../GIFplots/GIFplots_splib07a/plots_by_wavelength_region/range2_visible_to_swir/splib07a_DL-Alanine_SA-A7502_85K_NIC4aa_RREF_range2_vis_to_swir.gif,D:\usgs_splib07\../GIFplots/GIFplots_splib07a/plots_by_wavelength_region/range3_swir/splib07a_DL-Alanine_SA-A7502_85K_NIC4aa_RREF_range3_swir.gif,D:\usgs_splib07\../GIFplots/GIFplots_splib07a/plots_by_wavelength_region/range4_swir_to_mir/splib07a_DL-Alanine_SA-A7502_85K_NIC4aa_RREF_range4_swir_to_mir.gif,D:\usgs_splib07\../GIFplots/GIFplots_splib07a/plots_by_wavelength_region/range5_swir_to_fir_wavenumber/splib07a_DL-Alanine_SA-A7502_85K_NIC4aa_RREF_range5_swir_to_fir_wavenumber.gif,D:\usgs_splib07\../GIFplots/GIFplots_splib07a/splib07a_Wavelengths_NIC4_Nicolet_1.12-216microns.gif,D:\usgs_splib07\../GIFplots/GIFplots_splib07a/splib07a_Bandpass_(FWHM)_NIC4_Nicolet_in_microns.gif
L-Alanine SA-26802           ASDHRa AREF,D:\usgs_splib07\../HTMLmetadata/L-Alanine_SA-26802_ASDHRa_AREF.html,D:\usgs_splib07\../ASCIIdata/ASCIIdata_splib07a/ChapterO_OrganicCompounds/splib07a_L-Alanine_SA-26802_ASDHRa_AREF.txt,,D:\usgs_splib07\../ASCIIdata/ASCIIdata_splib07a/splib07a_Wavelengths_ASD_0.35-2.5_microns_2151_ch.txt,D:\usgs_splib07\../ASCIIdata/ASCIIdata_splib07a/splib07a_Bandpass_(FWHM)_ASDHR_High-Resolution.txt,D:\usgs_splib07\../GIFplots/GIFplots_splib07a/ChapterO_OrganicCompounds/splib07a_L-Alanine_SA-26802_ASDHRa_AREF.gif,D:\usgs_splib07\../GIFplots/GIFplots_splib07a/plots_by_wavelength_region/range1_uv_to_visible/splib07a_L-Alanine_SA-26802_ASDHRa_AREF_range1_uv_to_vis.gif,D:\usgs_splib07\../GIFplots/GIFplots_splib07a/plots_by_wavelength_region/range2_visible_to_swir/splib07a_L-Alanine_SA-26802_ASDHRa_AREF_range2_vis_to_swir.gif,D:\usgs_splib07\../GIFplots/GIFplots_splib07a/plots_by_wavelength_region/range3_swir/splib07a_L-Alanine_SA-26802_ASDHRa_AREF_range3_swir.gif,,,D:\usgs_splib07\../GIFplots/GIFplots_splib07a/splib07a_Wavelengths_ASD_0.35-2.5_microns_2151_ch.gif,D:\usgs_splib07\../GIFplots/GIFplots_splib07a/splib07a_Bandpass_(FWHM)_ASDHR_High-Resolution.gif
L-Alanine SA-26802           NIC4aa RREF,D:\usgs_splib07\../HTMLmetadata/L-Alanine_SA-26802_NIC4aa_RREF.html,D:\usgs_splib07\../ASCIIdata/ASCIIdata_splib07a/ChapterO_OrganicCompounds/splib07a_L-Alanine_SA-26802_NIC4aa_RREF.txt,,D:\usgs_splib07\../ASCIIdata/ASCIIdata_splib07a/splib07a_Wavelengths_NIC4_Nicolet_1.12-216microns.txt,D:\usgs_splib07\../ASCIIdata/ASCIIdata_splib07a/splib07a_Bandpass_(FWHM)_NIC4_Nicolet_in_microns.txt,D:\usgs_splib07\../GIFplots/GIFplots_splib07a/ChapterO_OrganicCompounds/splib07a_L-Alanine_SA-26802_NIC4aa_RREF.gif,,D:\usgs_splib07\../GIFplots/GIFplots_splib07a/plots_by_wavelength_region/range2_visible_to_swir/splib07a_L-Alanine_SA-26802_NIC4aa_RREF_range2_vis_to_swir.gif,D:\usgs_splib07\../GIFplots/GIFplots_splib07a/plots_by_wavelength_region/range3_swir/splib07a_L-Alanine_SA-26802_NIC4aa_RREF_range3_swir.gif,D:\usgs_splib07\../GIFplots/GIFplots_splib07a/plots_by_wavelength_region/range4_swir_to_mir/splib07a_L-Alanine_SA-26802_NIC4aa_RREF_range4_swir_to_mir.gif,D:\usgs_splib07\../GIFplots/GIFplots_splib07a/plots_by_wavelength_region/range5_swir_to_fir_wavenumber/splib07a_L-Alanine_SA-26802_NIC4aa_RREF_range5_swir_to_fir_wavenumber.gif,D:\usgs_splib07\../GIFplots/GIFplots_splib07a/splib07a_Wavelengths_NIC4_Nicolet_1.12-216microns.gif,D:\usgs_splib07\../GIFplots/GIFplots_splib07a/splib07a_Bandpass_(FWHM)_NIC4_Nicolet_in_microns.gif
L-Alanine SA-26802 <75um85K  NIC4aa RREF,D:\usgs_splib07\../HTMLmetadata/L-Alanine_SA-26802_lt75um85K_NIC4aa_RREF.html,D:\usgs_splib07\../ASCIIdata/ASCIIdata_splib07a/ChapterO_OrganicCompounds/splib07a_L-Alanine_SA-26802_lt75um85K_NIC4aa_RREF.txt,,D:\usgs_splib07\../ASCIIdata/ASCIIdata_splib07a/splib07a_Wavelengths_NIC4_Nicolet_1.12-216microns.txt,D:\usgs_splib07\../ASCIIdata/ASCIIdata_splib07a/splib07a_Bandpass_(FWHM)_NIC4_Nicolet_in_microns.txt,D:\usgs_splib07\../GIFplots/GIFplots_splib07a/ChapterO_OrganicCompounds/splib07a_L-Alanine_SA-26802_lt75um85K_NIC4aa_RREF.gif,,D:\usgs_splib07\../GIFplots/GIFplots_splib07a/plots_by_wavelength_region/range2_visible_to_swir/splib07a_L-Alanine_SA-26802_lt75um85K_NIC4aa_RREF_range2_vis_to_swir.gif,D:\usgs_splib07\../GIFplots/GIFplots_splib07a/plots_by_wavelength_region/range3_swir/splib07a_L-Alanine_SA-26802_lt75um85K_NIC4aa_RREF_range3_swir.gif,D:\usgs_splib07\../GIFplots/GIFplots_splib07a/plots_by_wavelength_region/range4_swir_to_mir/splib07a_L-Alanine_SA-26802_lt75um85K_NIC4aa_RREF_range4_swir_to_mir.gif,D:\usgs_splib07\../GIFplots/GIFplots_splib07a/plots_by_wavelength_region/range5_swir_to_fir_wavenumber/splib07a_L-Alanine_SA-26802_lt75um85K_NIC4aa_RREF_range5_swir_to_fir_wavenumber.gif,D:\usgs_splib07\../GIFplots/GIFplots_splib07a/splib07a_Wavelengths_NIC4_Nicolet_1.12-216microns.gif,D:\usgs_splib07\../GIFplots/GIFplots_splib07a/splib07a_Bandpass_(FWHM)_NIC4_Nicolet_in_microns.gif
Allylbenzene SA-A29402 75K   ASDHRa AREF,D:\usgs_splib07\../HTMLmetadata/Allylbenzene_SA-A29402_75K_ASDHRa_AREF.html,D:\usgs_splib07\../ASCIIdata/ASCIIdata_splib07a/ChapterO_OrganicCompounds/splib07a_Allylbenzene_SA-A29402_75K_ASDHRa_AREF.txt,,D:\usgs_splib07\../ASCIIdata/ASCIIdata_splib07a/splib07a_Wavelengths_ASD_0.35-2.5_microns_2151_ch.txt,D:\usgs_splib07\../ASCIIdata/ASCIIdata_splib07a/splib07a_Bandpass_(FWHM)_ASDHR_High-Resolution.txt,D:\usgs_splib07\../GIFplots/GIFplots_splib07a/ChapterO_OrganicCompounds/splib07a_Allylbenzene_SA-A29402_75K_ASDHRa_AREF.gif,D:\usgs_splib07\../GIFplots/GIFplots_splib07a/plots_by_wavelength_region/range1_uv_to_visible/splib07a_Allylbenzene_SA-A29402_75K_ASDHRa_AREF_range1_uv_to_vis.gif,D:\usgs_splib07\../GIFplots/GIFplots_splib07a/plots_by_wavelength_region/range2_visible_to_swir/splib07a_Allylbenzene_SA-A29402_75K_ASDHRa_AREF_range2_vis_to_swir.gif,D:\usgs_splib07\../GIFplots/GIFplots_splib07a/plots_by_wavelength_region/range3_swir/splib07a_Allylbenzene_SA-A29402_75K_ASDHRa_AREF_range3_swir.gif,,,D:\usgs_splib07\../GIFplots/GIFplots_splib07a/splib07a_Wavelengths_ASD_0.35-2.5_microns_2151_ch.gif,D:\usgs_splib07\../GIFplots/GIFplots_splib07a/splib07a_Bandpass_(FWHM)_ASDHR_High-Resolution.gif
Allylbenzene SA-A29402 85K   NIC4aa RREF,D:\usgs_splib07\../HTMLmetadata/Allylbenzene_SA-A29402_85K_NIC4aa_RREF.html,D:\usgs_splib07\../ASCIIdata/ASCIIdata_splib07a/ChapterO_OrganicCompounds/splib07a_Allylbenzene_SA-A29402_85K_NIC4aa_RREF.txt,,D:\usgs_splib07\../ASCIIdata/ASCIIdata_splib07a/splib07a_Wavelengths_NIC4_Nicolet_1.12-216microns.txt,D:\usgs_splib07\../ASCIIdata/ASCIIdata_splib07a/splib07a_Bandpass_(FWHM)_NIC4_Nicolet_in_microns.txt,D:\usgs_splib07\../GIFplots/GIFplots_splib07a/ChapterO_OrganicCompounds/splib07a_Allylbenzene_SA-A29402_85K_NIC4aa_RREF.gif,,D:\usgs_splib07\../GIFplots/GIFplots_splib07a/plots_by_wavelength_region/range2_visible_to_swir/splib07a_Allylbenzene_SA-A29402_85K_NIC4aa_RREF_range2_vis_to_swir.gif,D:\usgs_splib07\../GIFplots/GIFplots_splib07a/plots_by_wavelength_region/range3_swir/splib07a_Allylbenzene_SA-A29402_85K_NIC4aa_RREF_range3_swir.gif,D:\usgs_splib07\../GIFplots/GIFplots_splib07a/plots_by_wavelength_region/range4_swir_to_mir/splib07a_Allylbenzene_SA-A29402_85K_NIC4aa_RREF_range4_swir_to_mir.gif,D:\usgs_splib07\../GIFplots/GIFplots_splib07a/plots_by_wavelength_region/range5_swir_to_fir_wavenumber/splib07a_Allylbenzene_SA-A29402_85K_NIC4aa_RREF_range5_swir_to_fir_wavenumber.gif,D:\usgs_splib07\../GIFplots/GIFplots_splib07a/splib07a_Wavelengths_NIC4_Nicolet_1.12-216microns.gif,D:\usgs_splib07\../GIFplots/GIFplots_splib07a/splib07a_Bandpass_(FWHM)_NIC4_Nicolet_in_microns.gif
5-Aminoorotic_acid SA-191213 ASDHRa AREF,D:\usgs_splib07\../HTMLmetadata/5-Aminoorotic_acid_SA-191213_ASDHRa_AREF.html,D:\usgs_splib07\../ASCIIdata/ASCIIdata_splib07a/ChapterO_OrganicCompounds/splib07a_5-Aminoorotic_acid_SA-191213_ASDHRa_AREF.txt,,D:\usgs_splib07\../ASCIIdata/ASCIIdata_splib07a/splib07a_Wavelengths_ASD_0.35-2.5_microns_2151_ch.txt,D:\usgs_splib07\../ASCIIdata/ASCIIdata_splib07a/splib07a_Bandpass_(FWHM)_ASDHR_High-Resolution.txt,D:\usgs_splib07\../GIFplots/GIFplots_splib07a/ChapterO_OrganicCompounds/splib07a_5-Aminoorotic_acid_SA-191213_ASDHRa_AREF.gif,D:\usgs_splib07\../GIFplots/GIFplots_splib07a/plots_by_wavelength_region/range1_uv_to_visible/splib07a_5-Aminoorotic_acid_SA-191213_ASDHRa_AREF_range1_uv_to_vis.gif,D:\usgs_splib07\../GIFplots/GIFplots_splib07a/plots_by_wavelength_region/range2_visible_to_swir/splib07a_5-Aminoorotic_acid_SA-191213_ASDHRa_AREF_range2_vis_to_swir.gif,D:\usgs_splib07\../GIFplots/GIFplots_splib07a/plots_by_wavelength_region/range3_swir/splib07a_5-Aminoorotic_acid_SA-191213_ASDHRa_AREF_range3_swir.gif,,,D:\usgs_splib07\../GIFplots/GIFplots_splib07a/splib07a_Wavelengths_ASD_0.35-2.5_microns_2151_ch.gif,D:\usgs_splib07\../GIFplots/GIFplots_splib07a/splib07a_Bandpass_(FWHM)_ASDHR_High-Resolution.gif
5-AminooroticAcid SA-191213  NIC4aa RREF,D:\usgs_splib07\../HTMLmetadata/5-AminooroticAcid_SA-191213_NIC4aa_RREF.html,D:\usgs_splib07\../ASCIIdata/ASCIIdata_splib07a/ChapterO_OrganicCompounds/splib07a_5-AminooroticAcid_SA-191213_NIC4aa_RREF.txt,,D:\usgs_splib07\../ASCIIdata/ASCIIdata_splib07a/splib07a_Wavelengths_NIC4_Nicolet_1.12-216microns.txt,D:\usgs_splib07\../ASCIIdata/ASCIIdata_splib07a/splib07a_Bandpass_(FWHM)_NIC4_Nicolet_in_microns.txt,D:\usgs_splib07\../GIFplots/GIFplots_splib07a/ChapterO_OrganicCompounds/splib07a_5-AminooroticAcid_SA-191213_NIC4aa_RREF.gif,,D:\usgs_splib07\../GIFplots/GIFplots_splib07a/plots_by_wavelength_region/range2_visible_to_swir/splib07a_5-AminooroticAcid_SA-191213_NIC4aa_RREF_range2_vis_to_swir.gif,D:\usgs_splib07\../GIFplots/GIFplots_splib07a/plots_by_wavelength_region/range3_swir/splib07a_5-AminooroticAcid_SA-191213_NIC4aa_RREF_range3_swir.gif,D:\usgs_splib07\../GIFplots/GIFplots_splib07a/plots_by_wavelength_region/range4_swir_to_mir/splib07a_5-AminooroticAcid_SA-191213_NIC4aa_RREF_range4_swir_to_mir.gif,D:\usgs_splib07\../GIFplots/GIFplots_splib07a/plots_by_wavelength_region/range5_swir_to_fir_wavenumber/splib07a_5-AminooroticAcid_SA-191213_NIC4aa_RREF_range5_swir_to_fir_wavenumber.gif,D:\usgs_splib07\../GIFplots/GIFplots_splib07a/splib07a_Wavelengths_NIC4_Nicolet_1.12-216microns.gif,D:\usgs_splib07\../GIFplots/GIFplots_splib07a/splib07a_Bandpass_(FWHM)_NIC4_Nicolet_in_microns.gif
5-Aminoorotic SA-191213 85K  ASDHRa AREF,D:\usgs_splib07\../HTMLmetadata/5-Aminoorotic_SA-191213_85K_ASDHRa_AREF.html,D:\usgs_splib07\../ASCIIdata/ASCIIdata_splib07a/ChapterO_OrganicCompounds/splib07a_5-Aminoorotic_SA-191213_85K_ASDHRa_AREF.txt,,D:\usgs_splib07\../ASCIIdata/ASCIIdata_splib07a/splib07a_Wavelengths_ASD_0.35-2.5_microns_2151_ch.txt,D:\usgs_splib07\../ASCIIdata/ASCIIdata_splib07a/splib07a_Bandpass_(FWHM)_ASDHR_High-Resolution.txt,D:\usgs_splib07\../GIFplots/GIFplots_splib07a/ChapterO_OrganicCompounds/splib07a_5-Aminoorotic_SA-191213_85K_ASDHRa_AREF.gif,D:\usgs_splib07\../GIFplots/GIFplots_splib07a/plots_by_wavelength_region/range1_uv_to_visible/splib07a_5-Aminoorotic_SA-191213_85K_ASDHRa_AREF_range1_uv_to_vis.gif,D:\usgs_splib07\../GIFplots/GIFplots_splib07a/plots_by_wavelength_region/range2_visible_to_swir/splib07a_5-Aminoorotic_SA-191213_85K_ASDHRa_AREF_range2_vis_to_swir.gif,D:\usgs_splib07\../GIFplots/GIFplots_splib07a/plots_by_wavelength_region/range3_swir/splib07a_5-Aminoorotic_SA-191213_85K_ASDHRa_AREF_range3_swir.gif,,,D:\usgs_splib07\../GIFplots/GIFplots_splib07a/splib07a_Wavelengths_ASD_0.35-2.5_microns_2151_ch.gif,D:\usgs_splib07\../GIFplots/GIFplots_splib07a/splib07a_Bandpass_(FWHM)_ASDHR_High-Resolution.gif
5-Aminoorotic SA-191213 90K  NIC4aa RREF,D:\usgs_splib07\../HTMLmetadata/5-Aminoorotic_SA-191213_90K_NIC4aa_RREF.html,D:\usgs_splib07\../ASCIIdata/ASCIIdata_splib07a/ChapterO_OrganicCompounds/splib07a_5-Aminoorotic_SA-191213_90K_NIC4aa_RREF.txt,,D:\usgs_splib07\../ASCIIdata/ASCIIdata_splib07a/splib07a_Wavelengths_NIC4_Nicolet_1.12-216microns.txt,D:\usgs_splib07\../ASCIIdata/ASCIIdata_splib07a/splib07a_Bandpass_(FWHM)_NIC4_Nicolet_in_microns.txt,D:\usgs_splib07\../GIFplots/GIFplots_splib07a/ChapterO_OrganicCompounds/splib07a_5-Aminoorotic_SA-191213_90K_NIC4aa_RREF.gif,,D:\usgs_splib07\../GIFplots/GIFplots_splib07a/plots_by_wavelength_region/range2_visible_to_swir/splib07a_5-Aminoorotic_SA-191213_90K_NIC4aa_RREF_range2_vis_to_swir.gif,D:\usgs_splib07\../GIFplots/GIFplots_splib07a/plots_by_wavelength_region/range3_swir/splib07a_5-Aminoorotic_SA-191213_90K_NIC4aa_RREF_range3_swir.gif,D:\usgs_splib07\../GIFplots/GIFplots_splib07a/plots_by_wavelength_region/range4_swir_to_mir/splib07a_5-Aminoorotic_SA-191213_90K_NIC4aa_RREF_range4_swir_to_mir.gif,D:\usgs_splib07\../GIFplots/GIFplots_splib07a/plots_by_wavelength_region/range5_swir_to_fir_wavenumber/splib07a_5-Aminoorotic_SA-191213_90K_NIC4aa_RREF_range5_swir_to_fir_wavenumber.gif,D:\usgs_splib07\../GIFplots/GIFplots_splib07a/splib07a_Wavelengths_NIC4_Nicolet_1.12-216microns.gif,D:\usgs_splib07\../GIFplots/GIFplots_splib07a/splib07a_Bandpass_(FWHM)_NIC4_Nicolet_in_microns.gif
2-Aminopurine SA-A3509       ASDHRa AREF,D:\usgs_splib07\../HTMLmetadata/2-Aminopurine_SA-A3509_ASDHRa_AREF.html,D:\usgs_splib07\../ASCIIdata/ASCIIdata_splib07a/ChapterO_OrganicCompounds/splib07a_2-Aminopurine_SA-A3509_ASDHRa_AREF.txt,,D:\usgs_splib07\../ASCIIdata/ASCIIdata_splib07a/splib07a_Wavelengths_ASD_0.35-2.5_microns_2151_ch.txt,D:\usgs_splib07\../ASCIIdata/ASCIIdata_splib07a/splib07a_Bandpass_(FWHM)_ASDHR_High-Resolution.txt,D:\usgs_splib07\../GIFplots/GIFplots_splib07a/ChapterO_OrganicCompounds/splib07a_2-Aminopurine_SA-A3509_ASDHRa_AREF.gif,D:\usgs_splib07\../GIFplots/GIFplots_splib07a/plots_by_wavelength_region/range1_uv_to_visible/splib07a_2-Aminopurine_SA-A3509_ASDHRa_AREF_range1_uv_to_vis.gif,D:\usgs_splib07\../GIFplots/GIFplots_splib07a/plots_by_wavelength_region/range2_visible_to_swir/splib07a_2-Aminopurine_SA-A3509_ASDHRa_AREF_range2_vis_to_swir.gif,D:\usgs_splib07\../GIFplots/GIFplots_splib07a/plots_by_wavelength_region/range3_swir/splib07a_2-Aminopurine_SA-A3509_ASDHRa_AREF_range3_swir.gif,,,D:\usgs_splib07\../GIFplots/GIFplots_splib07a/splib07a_Wavelengths_ASD_0.35-2.5_microns_2151_ch.gif,D:\usgs_splib07\../GIFplots/GIFplots_splib07a/splib07a_Bandpass_(FWHM)_ASDHR_High-Resolution.gif
2-Aminopurine SA-A3509       NIC4aa RREF,D:\usgs_splib07\../HTMLmetadata/2-Aminopurine_SA-A3509_NIC4aa_RREF.html,D:\usgs_splib07\../ASCIIdata/ASCIIdata_splib07a/ChapterO_OrganicCompounds/splib07a_2-Aminopurine_SA-A3509_NIC4aa_RREF.txt,,D:\usgs_splib07\../ASCIIdata/ASCIIdata_splib07a/splib07a_Wavelengths_NIC4_Nicolet_1.12-216microns.txt,D:\usgs_splib07\../ASCIIdata/ASCIIdata_splib07a/splib07a_Bandpass_(FWHM)_NIC4_Nicolet_in_microns.txt,D:\usgs_splib07\../GIFplots/GIFplots_splib07a/ChapterO_OrganicCompounds/splib07a_2-Aminopurine_SA-A3509_NIC4aa_RREF.gif,,D:\usgs_splib07\../GIFplots/GIFplots_splib07a/plots_by_wavelength_region/range2_visible_to_swir/splib07a_2-Aminopurine_SA-A3509_NIC4aa_RREF_range2_vis_to_swir.gif,D:\usgs_splib07\../GIFplots/GIFplots_splib07a/plots_by_wavelength_region/range3_swir/splib07a_2-Aminopurine_SA-A3509_NIC4aa_RREF_range3_swir.gif,D:\usgs_splib07\../GIFplots/GIFplots_splib07a/plots_by_wavelength_region/range4_swir_to_mir/splib07a_2-Aminopurine_SA-A3509_NIC4aa_RREF_range4_swir_to_mir.gif,D:\usgs_splib07\../GIFplots/GIFplots_splib07a/plots_by_wavelength_region/range5_swir_to_fir_wavenumber/splib07a_2-Aminopurine_SA-A3509_NIC4aa_RREF_range5_swir_to_fir_wavenumber.gif,D:\usgs_splib07\../GIFplots/GIFplots_splib07a/splib07a_Wavelengths_NIC4_Nicolet_1.12-216microns.gif,D:\usgs_splib07\../GIFplots/GIFplots_splib07a/splib07a_Bandpass_(FWHM)_NIC4_Nicolet_in_microns.gif
2-Aminopurine SA-A3509 85K   ASDHRa AREF,D:\usgs_splib07\../HTMLmetadata/2-Aminopurine_SA-A3509_85K_ASDHRa_AREF.html,D:\usgs_splib07\../ASCIIdata/ASCIIdata_splib07a/ChapterO_OrganicCompounds/splib07a_2-Aminopurine_SA-A3509_85K_ASDHRa_AREF.txt,,D:\usgs_splib07\../ASCIIdata/ASCIIdata_splib07a/splib07a_Wavelengths_ASD_0.35-2.5_microns_2151_ch.txt,D:\usgs_splib07\../ASCIIdata/ASCIIdata_splib07a/splib07a_Bandpass_(FWHM)_ASDHR_High-Resolution.txt,D:\usgs_splib07\../GIFplots/GIFplots_splib07a/ChapterO_OrganicCompounds/splib07a_2-Aminopurine_SA-A3509_85K_ASDHRa_AREF.gif,D:\usgs_splib07\../GIFplots/GIFplots_splib07a/plots_by_wavelength_region/range1_uv_to_visible/splib07a_2-Aminopurine_SA-A3509_85K_ASDHRa_AREF_range1_uv_to_vis.gif,D:\usgs_splib07\../GIFplots/GIFplots_splib07a/plots_by_wavelength_region/range2_visible_to_swir/splib07a_2-Aminopurine_SA-A3509_85K_ASDHRa_AREF_range2_vis_to_swir.gif,D:\usgs_splib07\../GIFplots/GIFplots_splib07a/plots_by_wavelength_region/range3_swir/splib07a_2-Aminopurine_SA-A3509_85K_ASDHRa_AREF_range3_swir.gif,,,D:\usgs_splib07\../GIFplots/GIFplots_splib07a/splib07a_Wavelengths_ASD_0.35-2.5_microns_2151_ch.gif,D:\usgs_splib07\../GIFplots/GIFplots_splib07a/splib07a_Bandpass_(FWHM)_ASDHR_High-Resolution.gif
2-Aminopurine SA-A3509 90K   NIC4aa RREF,D:\usgs_splib07\../HTMLmetadata/2-Aminopurine_SA-A3509_90K_NIC4aa_RREF.html,D:\usgs_splib07\../ASCIIdata/ASCIIdata_splib07a/ChapterO_OrganicCompounds/splib07a_2-Aminopurine_SA-A3509_90K_NIC4aa_RREF.txt,,D:\usgs_splib07\../ASCIIdata/ASCIIdata_splib07a/splib07a_Wavelengths_NIC4_Nicolet_1.12-216microns.txt,D:\usgs_splib07\../ASCIIdata/ASCIIdata_splib07a/splib07a_Bandpass_(FWHM)_NIC4_Nicolet_in_microns.txt,D:\usgs_splib07\../GIFplots/GIFplots_splib07a/ChapterO_OrganicCompounds/splib07a_2-Aminopurine_SA-A3509_90K_NIC4aa_RREF.gif,,D:\usgs_splib07\../GIFplots/GIFplots_splib07a/plots_by_wavelength_region/range2_visible_to_swir/splib07a_2-Aminopurine_SA-A3509_90K_NIC4aa_RREF_range2_vis_to_swir.gif,D:\usgs_splib07\../GIFplots/GIFplots_splib07a/plots_by_wavelength_region/range3_swir/splib07a_2-Aminopurine_SA-A3509_90K_NIC4aa_RREF_range3_swir.gif,D:\usgs_splib07\../GIFplots/GIFplots_splib07a/plots_by_wavelength_region/range4_swir_to_mir/splib07a_2-Aminopurine_SA-A3509_90K_NIC4aa_RREF_range4_swir_to_mir.gif,D:\usgs_splib07\../GIFplots/GIFplots_splib07a/plots_by_wavelength_region/range5_swir_to_fir_wavenumber/splib07a_2-Aminopurine_SA-A3509_90K_NIC4aa_RREF_range5_swir_to_fir_wavenumber.gif,D:\usgs_splib07\../GIFplots/GIFplots_splib07a/splib07a_Wavelengths_NIC4_Nicolet_1.12-216microns.gif,D:\usgs_splib07\../GIFplots/GIFplots_splib07a/splib07a_Bandpass_(FWHM)_NIC4_Nicolet_in_microns.gif
5-Aminouracil SA-855286      ASDHRa AREF,D:\usgs_splib07\../HTMLmetadata/5-Aminouracil_SA-855286_ASDHRa_AREF.html,D:\usgs_splib07\../ASCIIdata/ASCIIdata_splib07a/ChapterO_OrganicCompounds/splib07a_5-Aminouracil_SA-855286_ASDHRa_AREF.txt,,D:\usgs_splib07\../ASCIIdata/ASCIIdata_splib07a/splib07a_Wavelengths_ASD_0.35-2.5_microns_2151_ch.txt,D:\usgs_splib07\../ASCIIdata/ASCIIdata_splib07a/splib07a_Bandpass_(FWHM)_ASDHR_High-Resolution.txt,D:\usgs_splib07\../GIFplots/GIFplots_splib07a/ChapterO_OrganicCompounds/splib07a_5-Aminouracil_SA-855286_ASDHRa_AREF.gif,D:\usgs_splib07\../GIFplots/GIFplots_splib07a/plots_by_wavelength_region/range1_uv_to_visible/splib07a_5-Aminouracil_SA-855286_ASDHRa_AREF_range1_uv_to_vis.gif,D:\usgs_splib07\../GIFplots/GIFplots_splib07a/plots_by_wavelength_region/range2_visible_to_swir/splib07a_5-Aminouracil_SA-855286_ASDHRa_AREF_range2_vis_to_swir.gif,D:\usgs_splib07\../GIFplots/GIFplots_splib07a/plots_by_wavelength_region/range3_swir/splib07a_5-Aminouracil_SA-855286_ASDHRa_AREF_range3_swir.gif,,,D:\usgs_splib07\../GIFplots/GIFplots_splib07a/splib07a_Wavelengths_ASD_0.35-2.5_microns_2151_ch.gif,D:\usgs_splib07\../GIFplots/GIFplots_splib07a/splib07a_Bandpass_(FWHM)_ASDHR_High-Resolution.gif
5-Aminouracil SA-855286      NIC4aa RREF,D:\usgs_splib07\../HTMLmetadata/5-Aminouracil_SA-855286_NIC4aa_RREF.html,D:\usgs_splib07\../ASCIIdata/ASCIIdata_splib07a/ChapterO_OrganicCompounds/splib07a_5-Aminouracil_SA-855286_NIC4aa_RREF.txt,,D:\usgs_splib07\../ASCIIdata/ASCIIdata_splib07a/splib07a_Wavelengths_NIC4_Nicolet_1.12-216microns.txt,D:\usgs_splib07\../ASCIIdata/ASCIIdata_splib07a/splib07a_Bandpass_(FWHM)_NIC4_Nicolet_in_microns.txt,D:\usgs_splib07\../GIFplots/GIFplots_splib07a/ChapterO_OrganicCompounds/splib07a_5-Aminouracil_SA-855286_NIC4aa_RREF.gif,,D:\usgs_splib07\../GIFplots/GIFplots_splib07a/plots_by_wavelength_region/range2_visible_to_swir/splib07a_5-Aminouracil_SA-855286_NIC4aa_RREF_range2_vis_to_swir.gif,D:\usgs_splib07\../GIFplots/GIFplots_splib07a/plots_by_wavelength_region/range3_swir/splib07a_5-Aminouracil_SA-855286_NIC4aa_RREF_range3_swir.gif,D:\usgs_splib07\../GIFplots/GIFplots_splib07a/plots_by_wavelength_region/range4_swir_to_mir/splib07a_5-Aminouracil_SA-855286_NIC4aa_RREF_range4_swir_to_mir.gif,D:\usgs_splib07\../GIFplots/GIFplots_splib07a/plots_by_wavelength_region/range5_swir_to_fir_wavenumber/splib07a_5-Aminouracil_SA-855286_NIC4aa_RREF_range5_swir_to_fir_wavenumber.gif,D:\usgs_splib07\../GIFplots/GIFplots_splib07a/splib07a_Wavelengths_NIC4_Nicolet_1.12-216microns.gif,D:\usgs_splib07\../GIFplots/GIFplots_splib07a/splib07a_Bandpass_(FWHM)_NIC4_Nicolet_in_microns.gif
5-Aminouracil SA-855286 85K  ASDHRa AREF,D:\usgs_splib07\../HTMLmetadata/5-Aminouracil_SA-855286_85K_ASDHRa_AREF.html,D:\usgs_splib07\../ASCIIdata/ASCIIdata_splib07a/ChapterO_OrganicCompounds/splib07a_5-Aminouracil_SA-855286_85K_ASDHRa_AREF.txt,,D:\usgs_splib07\../ASCIIdata/ASCIIdata_splib07a/splib07a_Wavelengths_ASD_0.35-2.5_microns_2151_ch.txt,D:\usgs_splib07\../ASCIIdata/ASCIIdata_splib07a/splib07a_Bandpass_(FWHM)_ASDHR_High-Resolution.txt,D:\usgs_splib07\../GIFplots/GIFplots_splib07a/ChapterO_OrganicCompounds/splib07a_5-Aminouracil_SA-855286_85K_ASDHRa_AREF.gif,D:\usgs_splib07\../GIFplots/GIFplots_splib07a/plots_by_wavelength_region/range1_uv_to_visible/splib07a_5-Aminouracil_SA-855286_85K_ASDHRa_AREF_range1_uv_to_vis.gif,D:\usgs_splib07\../GIFplots/GIFplots_splib07a/plots_by_wavelength_region/range2_visible_to_swir/splib07a_5-Aminouracil_SA-855286_85K_ASDHRa_AREF_range2_vis_to_swir.gif,D:\usgs_splib07\../GIFplots/GIFplots_splib07a/plots_by_wavelength_region/range3_swir/splib07a_5-Aminouracil_SA-855286_85K_ASDHRa_AREF_range3_swir.gif,,,D:\usgs_splib07\../GIFplots/GIFplots_splib07a/splib07a_Wavelengths_ASD_0.35-2.5_microns_2151_ch.gif,D:\usgs_splib07\../GIFplots/GIFplots_splib07a/splib07a_Bandpass_(FWHM)_ASDHR_High-Resolution.gif
5-Aminouracil SA-855286 88K  NIC4aa RREF,D:\usgs_splib07\../HTMLmetadata/5-Aminouracil_SA-855286_88K_NIC4aa_RREF.html,D:\usgs_splib07\../ASCIIdata/ASCIIdata_splib07a/ChapterO_OrganicCompounds/splib07a_5-Aminouracil_SA-855286_88K_NIC4aa_RREF.txt,,D:\usgs_splib07\../ASCIIdata/ASCIIdata_splib07a/splib07a_Wavelengths_NIC4_Nicolet_1.12-216microns.txt,D:\usgs_splib07\../ASCIIdata/ASCIIdata_splib07a/splib07a_Bandpass_(FWHM)_NIC4_Nicolet_in_microns.txt,D:\usgs_splib07\../GIFplots/GIFplots_splib07a/ChapterO_OrganicCompounds/splib07a_5-Aminouracil_SA-855286_88K_NIC4aa_RREF.gif,,D:\usgs_splib07\../GIFplots/GIFplots_splib07a/plots_by_wavelength_region/range2_visible_to_swir/splib07a_5-Aminouracil_SA-855286_88K_NIC4aa_RREF_range2_vis_to_swir.gif,D:\usgs_splib07\../GIFplots/GIFplots_splib07a/plots_by_wavelength_region/range3_swir/splib07a_5-Aminouracil_SA-855286_88K_NIC4aa_RREF_range3_swir.gif,D:\usgs_splib07\../GIFplots/GIFplots_splib07a/plots_by_wavelength_region/range4_swir_to_mir/splib07a_5-Aminouracil_SA-855286_88K_NIC4aa_RREF_range4_swir_to_mir.gif,D:\usgs_splib07\../GIFplots/GIFplots_splib07a/plots_by_wavelength_region/range5_swir_to_fir_wavenumber/splib07a_5-Aminouracil_SA-855286_88K_NIC4aa_RREF_range5_swir_to_fir_wavenumber.gif,D:\usgs_splib07\../GIFplots/GIFplots_splib07a/splib07a_Wavelengths_NIC4_Nicolet_1.12-216microns.gif,D:\usgs_splib07\../GIFplots/GIFplots_splib07a/splib07a_Bandpass_(FWHM)_NIC4_Nicolet_in_microns.gif
Amylose_potato SA-A0512      ASDHRc AREF,D:\usgs_splib07\../HTMLmetadata/Amylose_potato_SA-A0512_ASDHRc_AREF.html,D:\usgs_splib07\../ASCIIdata/ASCIIdata_splib07a/ChapterO_OrganicCompounds/splib07a_Amylose_potato_SA-A0512_ASDHRc_AREF.txt,D:\usgs_splib07\../ASCIIdata/ASCIIdata_splib07a/errorbars/errorbars_for_splib07a_Amylose_potato_SA-A0512_ASDHRc_AREF.txt,D:\usgs_splib07\../ASCIIdata/ASCIIdata_splib07a/splib07a_Wavelengths_ASD_0.35-2.5_microns_2151_ch.txt,D:\usgs_splib07\../ASCIIdata/ASCIIdata_splib07a/splib07a_Bandpass_(FWHM)_ASDHR_High-Resolution.txt,D:\usgs_splib07\../GIFplots/GIFplots_splib07a/ChapterO_OrganicCompounds/splib07a_Amylose_potato_SA-A0512_ASDHRc_AREF.gif,D:\usgs_splib07\../GIFplots/GIFplots_splib07a/plots_by_wavelength_region/range1_uv_to_visible/splib07a_Amylose_potato_SA-A0512_ASDHRc_AREF_range1_uv_to_vis.gif,D:\usgs_splib07\../GIFplots/GIFplots_splib07a/plots_by_wavelength_region/range2_visible_to_swir/splib07a_Amylose_potato_SA-A0512_ASDHRc_AREF_range2_vis_to_swir.gif,D:\usgs_splib07\../GIFplots/GIFplots_splib07a/plots_by_wavelength_region/range3_swir/splib07a_Amylose_potato_SA-A0512_ASDHRc_AREF_range3_swir.gif,,,D:\usgs_splib07\../GIFplots/GIFplots_splib07a/splib07a_Wavelengths_ASD_0.35-2.5_microns_2151_ch.gif,D:\usgs_splib07\../GIFplots/GIFplots_splib07a/splib07a_Bandpass_(FWHM)_ASDHR_High-Resolution.gif
Anthracene AA-42197          NIC4aa RREF,D:\usgs_splib07\../HTMLmetadata/Anthracene_AA-42197_NIC4aa_RREF.html,D:\usgs_splib07\../ASCIIdata/ASCIIdata_splib07a/ChapterO_OrganicCompounds/splib07a_Anthracene_AA-42197_NIC4aa_RREF.txt,,D:\usgs_splib07\../ASCIIdata/ASCIIdata_splib07a/splib07a_Wavelengths_NIC4_Nicolet_1.12-216microns.txt,D:\usgs_splib07\../ASCIIdata/ASCIIdata_splib07a/splib07a_Bandpass_(FWHM)_NIC4_Nicolet_in_microns.txt,D:\usgs_splib07\../GIFplots/GIFplots_splib07a/ChapterO_OrganicCompounds/splib07a_Anthracene_AA-42197_NIC4aa_RREF.gif,,D:\usgs_splib07\../GIFplots/GIFplots_splib07a/plots_by_wavelength_region/range2_visible_to_swir/splib07a_Anthracene_AA-42197_NIC4aa_RREF_range2_vis_to_swir.gif,D:\usgs_splib07\../GIFplots/GIFplots_splib07a/plots_by_wavelength_region/range3_swir/splib07a_Anthracene_AA-42197_NIC4aa_RREF_range3_swir.gif,D:\usgs_splib07\../GIFplots/GIFplots_splib07a/plots_by_wavelength_region/range4_swir_to_mir/splib07a_Anthracene_AA-42197_NIC4aa_RREF_range4_swir_to_mir.gif,D:\usgs_splib07\../GIFplots/GIFplots_splib07a/plots_by_wavelength_region/range5_swir_to_fir_wavenumber/splib07a_Anthracene_AA-42197_NIC4aa_RREF_range5_swir_to_fir_wavenumber.gif,D:\usgs_splib07\../GIFplots/GIFplots_splib07a/splib07a_Wavelengths_NIC4_Nicolet_1.12-216microns.gif,D:\usgs_splib07\../GIFplots/GIFplots_splib07a/splib07a_Bandpass_(FWHM)_NIC4_Nicolet_in_microns.gif
Anthracene AA-42197 85K      NIC4aa RREF,D:\usgs_splib07\../HTMLmetadata/Anthracene_AA-42197_85K_NIC4aa_RREF.html,D:\usgs_splib07\../ASCIIdata/ASCIIdata_splib07a/ChapterO_OrganicCompounds/splib07a_Anthracene_AA-42197_85K_NIC4aa_RREF.txt,,D:\usgs_splib07\../ASCIIdata/ASCIIdata_splib07a/splib07a_Wavelengths_NIC4_Nicolet_1.12-216microns.txt,D:\usgs_splib07\../ASCIIdata/ASCIIdata_splib07a/splib07a_Bandpass_(FWHM)_NIC4_Nicolet_in_microns.txt,D:\usgs_splib07\../GIFplots/GIFplots_splib07a/ChapterO_OrganicCompounds/splib07a_Anthracene_AA-42197_85K_NIC4aa_RREF.gif,,D:\usgs_splib07\../GIFplots/GIFplots_splib07a/plots_by_wavelength_region/range2_visible_to_swir/splib07a_Anthracene_AA-42197_85K_NIC4aa_RREF_range2_vis_to_swir.gif,D:\usgs_splib07\../GIFplots/GIFplots_splib07a/plots_by_wavelength_region/range3_swir/splib07a_Anthracene_AA-42197_85K_NIC4aa_RREF_range3_swir.gif,D:\usgs_splib07\../GIFplots/GIFplots_splib07a/plots_by_wavelength_region/range4_swir_to_mir/splib07a_Anthracene_AA-42197_85K_NIC4aa_RREF_range4_swir_to_mir.gif,D:\usgs_splib07\../GIFplots/GIFplots_splib07a/plots_by_wavelength_region/range5_swir_to_fir_wavenumber/splib07a_Anthracene_AA-42197_85K_NIC4aa_RREF_range5_swir_to_fir_wavenumber.gif,D:\usgs_splib07\../GIFplots/GIFplots_splib07a/splib07a_Wavelengths_NIC4_Nicolet_1.12-216microns.gif,D:\usgs_splib07\../GIFplots/GIFplots_splib07a/splib07a_Bandpass_(FWHM)_NIC4_Nicolet_in_microns.gif
Anthrone SA-A1631            ASDHRa AREF,D:\usgs_splib07\../HTMLmetadata/Anthrone_SA-A1631_ASDHRa_AREF.html,D:\usgs_splib07\../ASCIIdata/ASCIIdata_splib07a/ChapterO_OrganicCompounds/splib07a_Anthrone_SA-A1631_ASDHRa_AREF.txt,,D:\usgs_splib07\../ASCIIdata/ASCIIdata_splib07a/splib07a_Wavelengths_ASD_0.35-2.5_microns_2151_ch.txt,D:\usgs_splib07\../ASCIIdata/ASCIIdata_splib07a/splib07a_Bandpass_(FWHM)_ASDHR_High-Resolution.txt,D:\usgs_splib07\../GIFplots/GIFplots_splib07a/ChapterO_OrganicCompounds/splib07a_Anthrone_SA-A1631_ASDHRa_AREF.gif,D:\usgs_splib07\../GIFplots/GIFplots_splib07a/plots_by_wavelength_region/range1_uv_to_visible/splib07a_Anthrone_SA-A1631_ASDHRa_AREF_range1_uv_to_vis.gif,D:\usgs_splib07\../GIFplots/GIFplots_splib07a/plots_by_wavelength_region/range2_visible_to_swir/splib07a_Anthrone_SA-A1631_ASDHRa_AREF_range2_vis_to_swir.gif,D:\usgs_splib07\../GIFplots/GIFplots_splib07a/plots_by_wavelength_region/range3_swir/splib07a_Anthrone_SA-A1631_ASDHRa_AREF_range3_swir.gif,,,D:\usgs_splib07\../GIFplots/GIFplots_splib07a/splib07a_Wavelengths_ASD_0.35-2.5_microns_2151_ch.gif,D:\usgs_splib07\../GIFplots/GIFplots_splib07a/splib07a_Bandpass_(FWHM)_ASDHR_High-Resolution.gif
Anthrone SA-A1631            NIC4aa RREF,D:\usgs_splib07\../HTMLmetadata/Anthrone_SA-A1631_NIC4aa_RREF.html,D:\usgs_splib07\../ASCIIdata/ASCIIdata_splib07a/ChapterO_OrganicCompounds/splib07a_Anthrone_SA-A1631_NIC4aa_RREF.txt,,D:\usgs_splib07\../ASCIIdata/ASCIIdata_splib07a/splib07a_Wavelengths_NIC4_Nicolet_1.12-216microns.txt,D:\usgs_splib07\../ASCIIdata/ASCIIdata_splib07a/splib07a_Bandpass_(FWHM)_NIC4_Nicolet_in_microns.txt,D:\usgs_splib07\../GIFplots/GIFplots_splib07a/ChapterO_OrganicCompounds/splib07a_Anthrone_SA-A1631_NIC4aa_RREF.gif,,D:\usgs_splib07\../GIFplots/GIFplots_splib07a/plots_by_wavelength_region/range2_visible_to_swir/splib07a_Anthrone_SA-A1631_NIC4aa_RREF_range2_vis_to_swir.gif,D:\usgs_splib07\../GIFplots/GIFplots_splib07a/plots_by_wavelength_region/range3_swir/splib07a_Anthrone_SA-A1631_NIC4aa_RREF_range3_swir.gif,D:\usgs_splib07\../GIFplots/GIFplots_splib07a/plots_by_wavelength_region/range4_swir_to_mir/splib07a_Anthrone_SA-A1631_NIC4aa_RREF_range4_swir_to_mir.gif,D:\usgs_splib07\../GIFplots/GIFplots_splib07a/plots_by_wavelength_region/range5_swir_to_fir_wavenumber/splib07a_Anthrone_SA-A1631_NIC4aa_RREF_range5_swir_to_fir_wavenumber.gif,D:\usgs_splib07\../GIFplots/GIFplots_splib07a/splib07a_Wavelengths_NIC4_Nicolet_1.12-216microns.gif,D:\usgs_splib07\../GIFplots/GIFplots_splib07a/splib07a_Bandpass_(FWHM)_NIC4_Nicolet_in_microns.gif
Anthrone SA-A1631 75K        ASDHRa AREF,D:\usgs_splib07\../HTMLmetadata/Anthrone_SA-A1631_75K_ASDHRa_AREF.html,D:\usgs_splib07\../ASCIIdata/ASCIIdata_splib07a/ChapterO_OrganicCompounds/splib07a_Anthrone_SA-A1631_75K_ASDHRa_AREF.txt,,D:\usgs_splib07\../ASCIIdata/ASCIIdata_splib07a/splib07a_Wavelengths_ASD_0.35-2.5_microns_2151_ch.txt,D:\usgs_splib07\../ASCIIdata/ASCIIdata_splib07a/splib07a_Bandpass_(FWHM)_ASDHR_High-Resolution.txt,D:\usgs_splib07\../GIFplots/GIFplots_splib07a/ChapterO_OrganicCompounds/splib07a_Anthrone_SA-A1631_75K_ASDHRa_AREF.gif,D:\usgs_splib07\../GIFplots/GIFplots_splib07a/plots_by_wavelength_region/range1_uv_to_visible/splib07a_Anthrone_SA-A1631_75K_ASDHRa_AREF_range1_uv_to_vis.gif,D:\usgs_splib07\../GIFplots/GIFplots_splib07a/plots_by_wavelength_region/range2_visible_to_swir/splib07a_Anthrone_SA-A1631_75K_ASDHRa_AREF_range2_vis_to_swir.gif,D:\usgs_splib07\../GIFplots/GIFplots_splib07a/plots_by_wavelength_region/range3_swir/splib07a_Anthrone_SA-A1631_75K_ASDHRa_AREF_range3_swir.gif,,,D:\usgs_splib07\../GIFplots/GIFplots_splib07a/splib07a_Wavelengths_ASD_0.35-2.5_microns_2151_ch.gif,D:\usgs_splib07\../GIFplots/GIFplots_splib07a/splib07a_Bandpass_(FWHM)_ASDHR_High-Resolution.gif
Anthrone SA-A1631 85K        NIC4aa RREF,D:\usgs_splib07\../HTMLmetadata/Anthrone_SA-A1631_85K_NIC4aa_RREF.html,D:\usgs_splib07\../ASCIIdata/ASCIIdata_splib07a/ChapterO_OrganicCompounds/splib07a_Anthrone_SA-A1631_85K_NIC4aa_RREF.txt,,D:\usgs_splib07\../ASCIIdata/ASCIIdata_splib07a/splib07a_Wavelengths_NIC4_Nicolet_1.12-216microns.txt,D:\usgs_splib07\../ASCIIdata/ASCIIdata_splib07a/splib07a_Bandpass_(FWHM)_NIC4_Nicolet_in_microns.txt,D:\usgs_splib07\../GIFplots/GIFplots_splib07a/ChapterO_OrganicCompounds/splib07a_Anthrone_SA-A1631_85K_NIC4aa_RREF.gif,,D:\usgs_splib07\../GIFplots/GIFplots_splib07a/plots_by_wavelength_region/range2_visible_to_swir/splib07a_Anthrone_SA-A1631_85K_NIC4aa_RREF_range2_vis_to_swir.gif,D:\usgs_splib07\../GIFplots/GIFplots_splib07a/plots_by_wavelength_region/range3_swir/splib07a_Anthrone_SA-A1631_85K_NIC4aa_RREF_range3_swir.gif,D:\usgs_splib07\../GIFplots/GIFplots_splib07a/plots_by_wavelength_region/range4_swir_to_mir/splib07a_Anthrone_SA-A1631_85K_NIC4aa_RREF_range4_swir_to_mir.gif,D:\usgs_splib07\../GIFplots/GIFplots_splib07a/plots_by_wavelength_region/range5_swir_to_fir_wavenumber/splib07a_Anthrone_SA-A1631_85K_NIC4aa_RREF_range5_swir_to_fir_wavenumber.gif,D:\usgs_splib07\../GIFplots/GIFplots_splib07a/splib07a_Wavelengths_NIC4_Nicolet_1.12-216microns.gif,D:\usgs_splib07\../GIFplots/GIFplots_splib07a/splib07a_Bandpass_(FWHM)_NIC4_Nicolet_in_microns.gif
9-Anthronitrile SA-152765    ASDHRa AREF,D:\usgs_splib07\../HTMLmetadata/9-Anthronitrile_SA-152765_ASDHRa_AREF.html,D:\usgs_splib07\../ASCIIdata/ASCIIdata_splib07a/ChapterO_OrganicCompounds/splib07a_9-Anthronitrile_SA-152765_ASDHRa_AREF.txt,,D:\usgs_splib07\../ASCIIdata/ASCIIdata_splib07a/splib07a_Wavelengths_ASD_0.35-2.5_microns_2151_ch.txt,D:\usgs_splib07\../ASCIIdata/ASCIIdata_splib07a/splib07a_Bandpass_(FWHM)_ASDHR_High-Resolution.txt,D:\usgs_splib07\../GIFplots/GIFplots_splib07a/ChapterO_OrganicCompounds/splib07a_9-Anthronitrile_SA-152765_ASDHRa_AREF.gif,D:\usgs_splib07\../GIFplots/GIFplots_splib07a/plots_by_wavelength_region/range1_uv_to_visible/splib07a_9-Anthronitrile_SA-152765_ASDHRa_AREF_range1_uv_to_vis.gif,D:\usgs_splib07\../GIFplots/GIFplots_splib07a/plots_by_wavelength_region/range2_visible_to_swir/splib07a_9-Anthronitrile_SA-152765_ASDHRa_AREF_range2_vis_to_swir.gif,D:\usgs_splib07\../GIFplots/GIFplots_splib07a/plots_by_wavelength_region/range3_swir/splib07a_9-Anthronitrile_SA-152765_ASDHRa_AREF_range3_swir.gif,,,D:\usgs_splib07\../GIFplots/GIFplots_splib07a/splib07a_Wavelengths_ASD_0.35-2.5_microns_2151_ch.gif,D:\usgs_splib07\../GIFplots/GIFplots_splib07a/splib07a_Bandpass_(FWHM)_ASDHR_High-Resolution.gif
9-Anthronitrile SA-152765    NIC4aa RREF,D:\usgs_splib07\../HTMLmetadata/9-Anthronitrile_SA-152765_NIC4aa_RREF.html,D:\usgs_splib07\../ASCIIdata/ASCIIdata_splib07a/ChapterO_OrganicCompounds/splib07a_9-Anthronitrile_SA-152765_NIC4aa_RREF.txt,,D:\usgs_splib07\../ASCIIdata/ASCIIdata_splib07a/splib07a_Wavelengths_NIC4_Nicolet_1.12-216microns.txt,D:\usgs_splib07\../ASCIIdata/ASCIIdata_splib07a/splib07a_Bandpass_(FWHM)_NIC4_Nicolet_in_microns.txt,D:\usgs_splib07\../GIFplots/GIFplots_splib07a/ChapterO_OrganicCompounds/splib07a_9-Anthronitrile_SA-152765_NIC4aa_RREF.gif,,D:\usgs_splib07\../GIFplots/GIFplots_splib07a/plots_by_wavelength_region/range2_visible_to_swir/splib07a_9-Anthronitrile_SA-152765_NIC4aa_RREF_range2_vis_to_swir.gif,D:\usgs_splib07\../GIFplots/GIFplots_splib07a/plots_by_wavelength_region/range3_swir/splib07a_9-Anthronitrile_SA-152765_NIC4aa_RREF_range3_swir.gif,D:\usgs_splib07\../GIFplots/GIFplots_splib07a/plots_by_wavelength_region/range4_swir_to_mir/splib07a_9-Anthronitrile_SA-152765_NIC4aa_RREF_range4_swir_to_mir.gif,D:\usgs_splib07\../GIFplots/GIFplots_splib07a/plots_by_wavelength_region/range5_swir_to_fir_wavenumber/splib07a_9-Anthronitrile_SA-152765_NIC4aa_RREF_range5_swir_to_fir_wavenumber.gif,D:\usgs_splib07\../GIFplots/GIFplots_splib07a/splib07a_Wavelengths_NIC4_Nicolet_1.12-216microns.gif,D:\usgs_splib07\../GIFplots/GIFplots_splib07a/splib07a_Bandpass_(FWHM)_NIC4_Nicolet_in_microns.gif
9Anthronitrile SA-152765 75K ASDHRa AREF,D:\usgs_splib07\../HTMLmetadata/9Anthronitrile_SA-152765_75K_ASDHRa_AREF.html,D:\usgs_splib07\../ASCIIdata/ASCIIdata_splib07a/ChapterO_OrganicCompounds/splib07a_9Anthronitrile_SA-152765_75K_ASDHRa_AREF.txt,,D:\usgs_splib07\../ASCIIdata/ASCIIdata_splib07a/splib07a_Wavelengths_ASD_0.35-2.5_microns_2151_ch.txt,D:\usgs_splib07\../ASCIIdata/ASCIIdata_splib07a/splib07a_Bandpass_(FWHM)_ASDHR_High-Resolution.txt,D:\usgs_splib07\../GIFplots/GIFplots_splib07a/ChapterO_OrganicCompounds/splib07a_9Anthronitrile_SA-152765_75K_ASDHRa_AREF.gif,D:\usgs_splib07\../GIFplots/GIFplots_splib07a/plots_by_wavelength_region/range1_uv_to_visible/splib07a_9Anthronitrile_SA-152765_75K_ASDHRa_AREF_range1_uv_to_vis.gif,D:\usgs_splib07\../GIFplots/GIFplots_splib07a/plots_by_wavelength_region/range2_visible_to_swir/splib07a_9Anthronitrile_SA-152765_75K_ASDHRa_AREF_range2_vis_to_swir.gif,D:\usgs_splib07\../GIFplots/GIFplots_splib07a/plots_by_wavelength_region/range3_swir/splib07a_9Anthronitrile_SA-152765_75K_ASDHRa_AREF_range3_swir.gif,,,D:\usgs_splib07\../GIFplots/GIFplots_splib07a/splib07a_Wavelengths_ASD_0.35-2.5_microns_2151_ch.gif,D:\usgs_splib07\../GIFplots/GIFplots_splib07a/splib07a_Bandpass_(FWHM)_ASDHR_High-Resolution.gif
9Anthronitrile SA-152765 85K NIC4aa RREF,D:\usgs_splib07\../HTMLmetadata/9Anthronitrile_SA-152765_85K_NIC4aa_RREF.html,D:\usgs_splib07\../ASCIIdata/ASCIIdata_splib07a/ChapterO_OrganicCompounds/splib07a_9Anthronitrile_SA-152765_85K_NIC4aa_RREF.txt,,D:\usgs_splib07\../ASCIIdata/ASCIIdata_splib07a/splib07a_Wavelengths_NIC4_Nicolet_1.12-216microns.txt,D:\usgs_splib07\../ASCIIdata/ASCIIdata_splib07a/splib07a_Bandpass_(FWHM)_NIC4_Nicolet_in_microns.txt,D:\usgs_splib07\../GIFplots/GIFplots_splib07a/ChapterO_OrganicCompounds/splib07a_9Anthronitrile_SA-152765_85K_NIC4aa_RREF.gif,,D:\usgs_splib07\../GIFplots/GIFplots_splib07a/plots_by_wavelength_region/range2_visible_to_swir/splib07a_9Anthronitrile_SA-152765_85K_NIC4aa_RREF_range2_vis_to_swir.gif,D:\usgs_splib07\../GIFplots/GIFplots_splib07a/plots_by_wavelength_region/range3_swir/splib07a_9Anthronitrile_SA-152765_85K_NIC4aa_RREF_range3_swir.gif,D:\usgs_splib07\../GIFplots/GIFplots_splib07a/plots_by_wavelength_region/range4_swir_to_mir/splib07a_9Anthronitrile_SA-152765_85K_NIC4aa_RREF_range4_swir_to_mir.gif,D:\usgs_splib07\../GIFplots/GIFplots_splib07a/plots_by_wavelength_region/range5_swir_to_fir_wavenumber/splib07a_9Anthronitrile_SA-152765_85K_NIC4aa_RREF_range5_swir_to_fir_wavenumber.gif,D:\usgs_splib07\../GIFplots/GIFplots_splib07a/splib07a_Wavelengths_NIC4_Nicolet_1.12-216microns.gif,D:\usgs_splib07\../GIFplots/GIFplots_splib07a/splib07a_Bandpass_(FWHM)_NIC4_Nicolet_in_microns.gif
Antipyrine SA-A5882          ASDHRa AREF,D:\usgs_splib07\../HTMLmetadata/Antipyrine_SA-A5882_ASDHRa_AREF.html,D:\usgs_splib07\../ASCIIdata/ASCIIdata_splib07a/ChapterO_OrganicCompounds/splib07a_Antipyrine_SA-A5882_ASDHRa_AREF.txt,,D:\usgs_splib07\../ASCIIdata/ASCIIdata_splib07a/splib07a_Wavelengths_ASD_0.35-2.5_microns_2151_ch.txt,D:\usgs_splib07\../ASCIIdata/ASCIIdata_splib07a/splib07a_Bandpass_(FWHM)_ASDHR_High-Resolution.txt,D:\usgs_splib07\../GIFplots/GIFplots_splib07a/ChapterO_OrganicCompounds/splib07a_Antipyrine_SA-A5882_ASDHRa_AREF.gif,D:\usgs_splib07\../GIFplots/GIFplots_splib07a/plots_by_wavelength_region/range1_uv_to_visible/splib07a_Antipyrine_SA-A5882_ASDHRa_AREF_range1_uv_to_vis.gif,D:\usgs_splib07\../GIFplots/GIFplots_splib07a/plots_by_wavelength_region/range2_visible_to_swir/splib07a_Antipyrine_SA-A5882_ASDHRa_AREF_range2_vis_to_swir.gif,D:\usgs_splib07\../GIFplots/GIFplots_splib07a/plots_by_wavelength_region/range3_swir/splib07a_Antipyrine_SA-A5882_ASDHRa_AREF_range3_swir.gif,,,D:\usgs_splib07\../GIFplots/GIFplots_splib07a/splib07a_Wavelengths_ASD_0.35-2.5_microns_2151_ch.gif,D:\usgs_splib07\../GIFplots/GIFplots_splib07a/splib07a_Bandpass_(FWHM)_ASDHR_High-Resolution.gif
Antipyrine SA-A5882          NIC4aa RREF,D:\usgs_splib07\../HTMLmetadata/Antipyrine_SA-A5882_NIC4aa_RREF.html,D:\usgs_splib07\../ASCIIdata/ASCIIdata_splib07a/ChapterO_OrganicCompounds/splib07a_Antipyrine_SA-A5882_NIC4aa_RREF.txt,,D:\usgs_splib07\../ASCIIdata/ASCIIdata_splib07a/splib07a_Wavelengths_NIC4_Nicolet_1.12-216microns.txt,D:\usgs_splib07\../ASCIIdata/ASCIIdata_splib07a/splib07a_Bandpass_(FWHM)_NIC4_Nicolet_in_microns.txt,D:\usgs_splib07\../GIFplots/GIFplots_splib07a/ChapterO_OrganicCompounds/splib07a_Antipyrine_SA-A5882_NIC4aa_RREF.gif,,D:\usgs_splib07\../GIFplots/GIFplots_splib07a/plots_by_wavelength_region/range2_visible_to_swir/splib07a_Antipyrine_SA-A5882_NIC4aa_RREF_range2_vis_to_swir.gif,D:\usgs_splib07\../GIFplots/GIFplots_splib07a/plots_by_wavelength_region/range3_swir/splib07a_Antipyrine_SA-A5882_NIC4aa_RREF_range3_swir.gif,D:\usgs_splib07\../GIFplots/GIFplots_splib07a/plots_by_wavelength_region/range4_swir_to_mir/splib07a_Antipyrine_SA-A5882_NIC4aa_RREF_range4_swir_to_mir.gif,D:\usgs_splib07\../GIFplots/GIFplots_splib07a/plots_by_wavelength_region/range5_swir_to_fir_wavenumber/splib07a_Antipyrine_SA-A5882_NIC4aa_RREF_range5_swir_to_fir_wavenumber.gif,D:\usgs_splib07\../GIFplots/GIFplots_splib07a/splib07a_Wavelengths_NIC4_Nicolet_1.12-216microns.gif,D:\usgs_splib07\../GIFplots/GIFplots_splib07a/splib07a_Bandpass_(FWHM)_NIC4_Nicolet_in_microns.gif
Antipyrine SA-A5882 75K      ASDHRa AREF,D:\usgs_splib07\../HTMLmetadata/Antipyrine_SA-A5882_75K_ASDHRa_AREF.html,D:\usgs_splib07\../ASCIIdata/ASCIIdata_splib07a/ChapterO_OrganicCompounds/splib07a_Antipyrine_SA-A5882_75K_ASDHRa_AREF.txt,,D:\usgs_splib07\../ASCIIdata/ASCIIdata_splib07a/splib07a_Wavelengths_ASD_0.35-2.5_microns_2151_ch.txt,D:\usgs_splib07\../ASCIIdata/ASCIIdata_splib07a/splib07a_Bandpass_(FWHM)_ASDHR_High-Resolution.txt,D:\usgs_splib07\../GIFplots/GIFplots_splib07a/ChapterO_OrganicCompounds/splib07a_Antipyrine_SA-A5882_75K_ASDHRa_AREF.gif,D:\usgs_splib07\../GIFplots/GIFplots_splib07a/plots_by_wavelength_region/range1_uv_to_visible/splib07a_Antipyrine_SA-A5882_75K_ASDHRa_AREF_range1_uv_to_vis.gif,D:\usgs_splib07\../GIFplots/GIFplots_splib07a/plots_by_wavelength_region/range2_visible_to_swir/splib07a_Antipyrine_SA-A5882_75K_ASDHRa_AREF_range2_vis_to_swir.gif,D:\usgs_splib07\../GIFplots/GIFplots_splib07a/plots_by_wavelength_region/range3_swir/splib07a_Antipyrine_SA-A5882_75K_ASDHRa_AREF_range3_swir.gif,,,D:\usgs_splib07\../GIFplots/GIFplots_splib07a/splib07a_Wavelengths_ASD_0.35-2.5_microns_2151_ch.gif,D:\usgs_splib07\../GIFplots/GIFplots_splib07a/splib07a_Bandpass_(FWHM)_ASDHR_High-Resolution.gif
Antipyrine SA-A5882 85K      NIC4aa RREF,D:\usgs_splib07\../HTMLmetadata/Antipyrine_SA-A5882_85K_NIC4aa_RREF.html,D:\usgs_splib07\../ASCIIdata/ASCIIdata_splib07a/ChapterO_OrganicCompounds/splib07a_Antipyrine_SA-A5882_85K_NIC4aa_RREF.txt,,D:\usgs_splib07\../ASCIIdata/ASCIIdata_splib07a/splib07a_Wavelengths_NIC4_Nicolet_1.12-216microns.txt,D:\usgs_splib07\../ASCIIdata/ASCIIdata_splib07a/splib07a_Bandpass_(FWHM)_NIC4_Nicolet_in_microns.txt,D:\usgs_splib07\../GIFplots/GIFplots_splib07a/ChapterO_OrganicCompounds/splib07a_Antipyrine_SA-A5882_85K_NIC4aa_RREF.gif,,D:\usgs_splib07\../GIFplots/GIFplots_splib07a/plots_by_wavelength_region/range2_visible_to_swir/splib07a_Antipyrine_SA-A5882_85K_NIC4aa_RREF_range2_vis_to_swir.gif,D:\usgs_splib07\../GIFplots/GIFplots_splib07a/plots_by_wavelength_region/range3_swir/splib07a_Antipyrine_SA-A5882_85K_NIC4aa_RREF_range3_swir.gif,D:\usgs_splib07\../GIFplots/GIFplots_splib07a/plots_by_wavelength_region/range4_swir_to_mir/splib07a_Antipyrine_SA-A5882_85K_NIC4aa_RREF_range4_swir_to_mir.gif,D:\usgs_splib07\../GIFplots/GIFplots_splib07a/plots_by_wavelength_region/range5_swir_to_fir_wavenumber/splib07a_Antipyrine_SA-A5882_85K_NIC4aa_RREF_range5_swir_to_fir_wavenumber.gif,D:\usgs_splib07\../GIFplots/GIFplots_splib07a/splib07a_Wavelengths_NIC4_Nicolet_1.12-216microns.gif,D:\usgs_splib07\../GIFplots/GIFplots_splib07a/splib07a_Bandpass_(FWHM)_NIC4_Nicolet_in_microns.gif
2-3-Benzanthracene SA-B2403  NIC4aa RREF,D:\usgs_splib07\../HTMLmetadata/2-3-Benzanthracene_SA-B2403_NIC4aa_RREF.html,D:\usgs_splib07\../ASCIIdata/ASCIIdata_splib07a/ChapterO_OrganicCompounds/splib07a_2-3-Benzanthracene_SA-B2403_NIC4aa_RREF.txt,,D:\usgs_splib07\../ASCIIdata/ASCIIdata_splib07a/splib07a_Wavelengths_NIC4_Nicolet_1.12-216microns.txt,D:\usgs_splib07\../ASCIIdata/ASCIIdata_splib07a/splib07a_Bandpass_(FWHM)_NIC4_Nicolet_in_microns.txt,D:\usgs_splib07\../GIFplots/GIFplots_splib07a/ChapterO_OrganicCompounds/splib07a_2-3-Benzanthracene_SA-B2403_NIC4aa_RREF.gif,,D:\usgs_splib07\../GIFplots/GIFplots_splib07a/plots_by_wavelength_region/range2_visible_to_swir/splib07a_2-3-Benzanthracene_SA-B2403_NIC4aa_RREF_range2_vis_to_swir.gif,D:\usgs_splib07\../GIFplots/GIFplots_splib07a/plots_by_wavelength_region/range3_swir/splib07a_2-3-Benzanthracene_SA-B2403_NIC4aa_RREF_range3_swir.gif,D:\usgs_splib07\../GIFplots/GIFplots_splib07a/plots_by_wavelength_region/range4_swir_to_mir/splib07a_2-3-Benzanthracene_SA-B2403_NIC4aa_RREF_range4_swir_to_mir.gif,D:\usgs_splib07\../GIFplots/GIFplots_splib07a/plots_by_wavelength_region/range5_swir_to_fir_wavenumber/splib07a_2-3-Benzanthracene_SA-B2403_NIC4aa_RREF_range5_swir_to_fir_wavenumber.gif,D:\usgs_splib07\../GIFplots/GIFplots_splib07a/splib07a_Wavelengths_NIC4_Nicolet_1.12-216microns.gif,D:\usgs_splib07\../GIFplots/GIFplots_splib07a/splib07a_Bandpass_(FWHM)_NIC4_Nicolet_in_microns.gif
Benzene JTB-9155 T~84K       ASDFRa AREF,D:\usgs_splib07\../HTMLmetadata/Benzene_JTB-9155_T~84K_ASDFRa_AREF.html,D:\usgs_splib07\../ASCIIdata/ASCIIdata_splib07a/ChapterO_OrganicCompounds/splib07a_Benzene_JTB-9155_T~84K_ASDFRa_AREF.txt,,D:\usgs_splib07\../ASCIIdata/ASCIIdata_splib07a/splib07a_Wavelengths_ASD_0.35-2.5_microns_2151_ch.txt,D:\usgs_splib07\../ASCIIdata/ASCIIdata_splib07a/splib07a_Bandpass_(FWHM)_ASDFR_StandardResolution.txt,D:\usgs_splib07\../GIFplots/GIFplots_splib07a/ChapterO_OrganicCompounds/splib07a_Benzene_JTB-9155_T~84K_ASDFRa_AREF.gif,D:\usgs_splib07\../GIFplots/GIFplots_splib07a/plots_by_wavelength_region/range1_uv_to_visible/splib07a_Benzene_JTB-9155_T~84K_ASDFRa_AREF_range1_uv_to_vis.gif,D:\usgs_splib07\../GIFplots/GIFplots_splib07a/plots_by_wavelength_region/range2_visible_to_swir/splib07a_Benzene_JTB-9155_T~84K_ASDFRa_AREF_range2_vis_to_swir.gif,D:\usgs_splib07\../GIFplots/GIFplots_splib07a/plots_by_wavelength_region/range3_swir/splib07a_Benzene_JTB-9155_T~84K_ASDFRa_AREF_range3_swir.gif,,,D:\usgs_splib07\../GIFplots/GIFplots_splib07a/splib07a_Wavelengths_ASD_0.35-2.5_microns_2151_ch.gif,D:\usgs_splib07\../GIFplots/GIFplots_splib07a/splib07a_Bandpass_(FWHM)_ASDFR_StandardResolution.gif
Benzopyrene SA-B1760         ASDHRa AREF,D:\usgs_splib07\../HTMLmetadata/Benzopyrene_SA-B1760_ASDHRa_AREF.html,D:\usgs_splib07\../ASCIIdata/ASCIIdata_splib07a/ChapterO_OrganicCompounds/splib07a_Benzopyrene_SA-B1760_ASDHRa_AREF.txt,,D:\usgs_splib07\../ASCIIdata/ASCIIdata_splib07a/splib07a_Wavelengths_ASD_0.35-2.5_microns_2151_ch.txt,D:\usgs_splib07\../ASCIIdata/ASCIIdata_splib07a/splib07a_Bandpass_(FWHM)_ASDHR_High-Resolution.txt,D:\usgs_splib07\../GIFplots/GIFplots_splib07a/ChapterO_OrganicCompounds/splib07a_Benzopyrene_SA-B1760_ASDHRa_AREF.gif,D:\usgs_splib07\../GIFplots/GIFplots_splib07a/plots_by_wavelength_region/range1_uv_to_visible/splib07a_Benzopyrene_SA-B1760_ASDHRa_AREF_range1_uv_to_vis.gif,D:\usgs_splib07\../GIFplots/GIFplots_splib07a/plots_by_wavelength_region/range2_visible_to_swir/splib07a_Benzopyrene_SA-B1760_ASDHRa_AREF_range2_vis_to_swir.gif,D:\usgs_splib07\../GIFplots/GIFplots_splib07a/plots_by_wavelength_region/range3_swir/splib07a_Benzopyrene_SA-B1760_ASDHRa_AREF_range3_swir.gif,,,D:\usgs_splib07\../GIFplots/GIFplots_splib07a/splib07a_Wavelengths_ASD_0.35-2.5_microns_2151_ch.gif,D:\usgs_splib07\../GIFplots/GIFplots_splib07a/splib07a_Bandpass_(FWHM)_ASDHR_High-Resolution.gif
Benzopyrene SA-B1760         NIC4aa RREF,D:\usgs_splib07\../HTMLmetadata/Benzopyrene_SA-B1760_NIC4aa_RREF.html,D:\usgs_splib07\../ASCIIdata/ASCIIdata_splib07a/ChapterO_OrganicCompounds/splib07a_Benzopyrene_SA-B1760_NIC4aa_RREF.txt,,D:\usgs_splib07\../ASCIIdata/ASCIIdata_splib07a/splib07a_Wavelengths_NIC4_Nicolet_1.12-216microns.txt,D:\usgs_splib07\../ASCIIdata/ASCIIdata_splib07a/splib07a_Bandpass_(FWHM)_NIC4_Nicolet_in_microns.txt,D:\usgs_splib07\../GIFplots/GIFplots_splib07a/ChapterO_OrganicCompounds/splib07a_Benzopyrene_SA-B1760_NIC4aa_RREF.gif,,D:\usgs_splib07\../GIFplots/GIFplots_splib07a/plots_by_wavelength_region/range2_visible_to_swir/splib07a_Benzopyrene_SA-B1760_NIC4aa_RREF_range2_vis_to_swir.gif,D:\usgs_splib07\../GIFplots/GIFplots_splib07a/plots_by_wavelength_region/range3_swir/splib07a_Benzopyrene_SA-B1760_NIC4aa_RREF_range3_swir.gif,D:\usgs_splib07\../GIFplots/GIFplots_splib07a/plots_by_wavelength_region/range4_swir_to_mir/splib07a_Benzopyrene_SA-B1760_NIC4aa_RREF_range4_swir_to_mir.gif,D:\usgs_splib07\../GIFplots/GIFplots_splib07a/plots_by_wavelength_region/range5_swir_to_fir_wavenumber/splib07a_Benzopyrene_SA-B1760_NIC4aa_RREF_range5_swir_to_fir_wavenumber.gif,D:\usgs_splib07\../GIFplots/GIFplots_splib07a/splib07a_Wavelengths_NIC4_Nicolet_1.12-216microns.gif,D:\usgs_splib07\../GIFplots/GIFplots_splib07a/splib07a_Bandpass_(FWHM)_NIC4_Nicolet_in_microns.gif
Benzopyrene SA-B1760 75K     ASDHRa AREF,D:\usgs_splib07\../HTMLmetadata/Benzopyrene_SA-B1760_75K_ASDHRa_AREF.html,D:\usgs_splib07\../ASCIIdata/ASCIIdata_splib07a/ChapterO_OrganicCompounds/splib07a_Benzopyrene_SA-B1760_75K_ASDHRa_AREF.txt,,D:\usgs_splib07\../ASCIIdata/ASCIIdata_splib07a/splib07a_Wavelengths_ASD_0.35-2.5_microns_2151_ch.txt,D:\usgs_splib07\../ASCIIdata/ASCIIdata_splib07a/splib07a_Bandpass_(FWHM)_ASDHR_High-Resolution.txt,D:\usgs_splib07\../GIFplots/GIFplots_splib07a/ChapterO_OrganicCompounds/splib07a_Benzopyrene_SA-B1760_75K_ASDHRa_AREF.gif,D:\usgs_splib07\../GIFplots/GIFplots_splib07a/plots_by_wavelength_region/range1_uv_to_visible/splib07a_Benzopyrene_SA-B1760_75K_ASDHRa_AREF_range1_uv_to_vis.gif,D:\usgs_splib07\../GIFplots/GIFplots_splib07a/plots_by_wavelength_region/range2_visible_to_swir/splib07a_Benzopyrene_SA-B1760_75K_ASDHRa_AREF_range2_vis_to_swir.gif,D:\usgs_splib07\../GIFplots/GIFplots_splib07a/plots_by_wavelength_region/range3_swir/splib07a_Benzopyrene_SA-B1760_75K_ASDHRa_AREF_range3_swir.gif,,,D:\usgs_splib07\../GIFplots/GIFplots_splib07a/splib07a_Wavelengths_ASD_0.35-2.5_microns_2151_ch.gif,D:\usgs_splib07\../GIFplots/GIFplots_splib07a/splib07a_Bandpass_(FWHM)_ASDHR_High-Resolution.gif
Benzopyrene SA-B1760 85K     NIC4aa RREF,D:\usgs_splib07\../HTMLmetadata/Benzopyrene_SA-B1760_85K_NIC4aa_RREF.html,D:\usgs_splib07\../ASCIIdata/ASCIIdata_splib07a/ChapterO_OrganicCompounds/splib07a_Benzopyrene_SA-B1760_85K_NIC4aa_RREF.txt,,D:\usgs_splib07\../ASCIIdata/ASCIIdata_splib07a/splib07a_Wavelengths_NIC4_Nicolet_1.12-216microns.txt,D:\usgs_splib07\../ASCIIdata/ASCIIdata_splib07a/splib07a_Bandpass_(FWHM)_NIC4_Nicolet_in_microns.txt,D:\usgs_splib07\../GIFplots/GIFplots_splib07a/ChapterO_OrganicCompounds/splib07a_Benzopyrene_SA-B1760_85K_NIC4aa_RREF.gif,,D:\usgs_splib07\../GIFplots/GIFplots_splib07a/plots_by_wavelength_region/range2_visible_to_swir/splib07a_Benzopyrene_SA-B1760_85K_NIC4aa_RREF_range2_vis_to_swir.gif,D:\usgs_splib07\../GIFplots/GIFplots_splib07a/plots_by_wavelength_region/range3_swir/splib07a_Benzopyrene_SA-B1760_85K_NIC4aa_RREF_range3_swir.gif,D:\usgs_splib07\../GIFplots/GIFplots_splib07a/plots_by_wavelength_region/range4_swir_to_mir/splib07a_Benzopyrene_SA-B1760_85K_NIC4aa_RREF_range4_swir_to_mir.gif,D:\usgs_splib07\../GIFplots/GIFplots_splib07a/plots_by_wavelength_region/range5_swir_to_fir_wavenumber/splib07a_Benzopyrene_SA-B1760_85K_NIC4aa_RREF_range5_swir_to_fir_wavenumber.gif,D:\usgs_splib07\../GIFplots/GIFplots_splib07a/splib07a_Wavelengths_NIC4_Nicolet_1.12-216microns.gif,D:\usgs_splib07\../GIFplots/GIFplots_splib07a/splib07a_Bandpass_(FWHM)_NIC4_Nicolet_in_microns.gif
7-8-Benzoquinoline SA-123617 ASDHRa AREF,D:\usgs_splib07\../HTMLmetadata/7-8-Benzoquinoline_SA-123617_ASDHRa_AREF.html,D:\usgs_splib07\../ASCIIdata/ASCIIdata_splib07a/ChapterO_OrganicCompounds/splib07a_7-8-Benzoquinoline_SA-123617_ASDHRa_AREF.txt,,D:\usgs_splib07\../ASCIIdata/ASCIIdata_splib07a/splib07a_Wavelengths_ASD_0.35-2.5_microns_2151_ch.txt,D:\usgs_splib07\../ASCIIdata/ASCIIdata_splib07a/splib07a_Bandpass_(FWHM)_ASDHR_High-Resolution.txt,D:\usgs_splib07\../GIFplots/GIFplots_splib07a/ChapterO_OrganicCompounds/splib07a_7-8-Benzoquinoline_SA-123617_ASDHRa_AREF.gif,D:\usgs_splib07\../GIFplots/GIFplots_splib07a/plots_by_wavelength_region/range1_uv_to_visible/splib07a_7-8-Benzoquinoline_SA-123617_ASDHRa_AREF_range1_uv_to_vis.gif,D:\usgs_splib07\../GIFplots/GIFplots_splib07a/plots_by_wavelength_region/range2_visible_to_swir/splib07a_7-8-Benzoquinoline_SA-123617_ASDHRa_AREF_range2_vis_to_swir.gif,D:\usgs_splib07\../GIFplots/GIFplots_splib07a/plots_by_wavelength_region/range3_swir/splib07a_7-8-Benzoquinoline_SA-123617_ASDHRa_AREF_range3_swir.gif,,,D:\usgs_splib07\../GIFplots/GIFplots_splib07a/splib07a_Wavelengths_ASD_0.35-2.5_microns_2151_ch.gif,D:\usgs_splib07\../GIFplots/GIFplots_splib07a/splib07a_Bandpass_(FWHM)_ASDHR_High-Resolution.gif
7-8-Benzoquinoline SA-123617 NIC4aa RREF,D:\usgs_splib07\../HTMLmetadata/7-8-Benzoquinoline_SA-123617_NIC4aa_RREF.html,D:\usgs_splib07\../ASCIIdata/ASCIIdata_splib07a/ChapterO_OrganicCompounds/splib07a_7-8-Benzoquinoline_SA-123617_NIC4aa_RREF.txt,,D:\usgs_splib07\../ASCIIdata/ASCIIdata_splib07a/splib07a_Wavelengths_NIC4_Nicolet_1.12-216microns.txt,D:\usgs_splib07\../ASCIIdata/ASCIIdata_splib07a/splib07a_Bandpass_(FWHM)_NIC4_Nicolet_in_microns.txt,D:\usgs_splib07\../GIFplots/GIFplots_splib07a/ChapterO_OrganicCompounds/splib07a_7-8-Benzoquinoline_SA-123617_NIC4aa_RREF.gif,,D:\usgs_splib07\../GIFplots/GIFplots_splib07a/plots_by_wavelength_region/range2_visible_to_swir/splib07a_7-8-Benzoquinoline_SA-123617_NIC4aa_RREF_range2_vis_to_swir.gif,D:\usgs_splib07\../GIFplots/GIFplots_splib07a/plots_by_wavelength_region/range3_swir/splib07a_7-8-Benzoquinoline_SA-123617_NIC4aa_RREF_range3_swir.gif,D:\usgs_splib07\../GIFplots/GIFplots_splib07a/plots_by_wavelength_region/range4_swir_to_mir/splib07a_7-8-Benzoquinoline_SA-123617_NIC4aa_RREF_range4_swir_to_mir.gif,D:\usgs_splib07\../GIFplots/GIFplots_splib07a/plots_by_wavelength_region/range5_swir_to_fir_wavenumber/splib07a_7-8-Benzoquinoline_SA-123617_NIC4aa_RREF_range5_swir_to_fir_wavenumber.gif,D:\usgs_splib07\../GIFplots/GIFplots_splib07a/splib07a_Wavelengths_NIC4_Nicolet_1.12-216microns.gif,D:\usgs_splib07\../GIFplots/GIFplots_splib07a/splib07a_Bandpass_(FWHM)_NIC4_Nicolet_in_microns.gif
7-8-Benzoquino SA-123617 75K ASDHRa AREF,D:\usgs_splib07\../HTMLmetadata/7-8-Benzoquino_SA-123617_75K_ASDHRa_AREF.html,D:\usgs_splib07\../ASCIIdata/ASCIIdata_splib07a/ChapterO_OrganicCompounds/splib07a_7-8-Benzoquino_SA-123617_75K_ASDHRa_AREF.txt,,D:\usgs_splib07\../ASCIIdata/ASCIIdata_splib07a/splib07a_Wavelengths_ASD_0.35-2.5_microns_2151_ch.txt,D:\usgs_splib07\../ASCIIdata/ASCIIdata_splib07a/splib07a_Bandpass_(FWHM)_ASDHR_High-Resolution.txt,D:\usgs_splib07\../GIFplots/GIFplots_splib07a/ChapterO_OrganicCompounds/splib07a_7-8-Benzoquino_SA-123617_75K_ASDHRa_AREF.gif,D:\usgs_splib07\../GIFplots/GIFplots_splib07a/plots_by_wavelength_region/range1_uv_to_visible/splib07a_7-8-Benzoquino_SA-123617_75K_ASDHRa_AREF_range1_uv_to_vis.gif,D:\usgs_splib07\../GIFplots/GIFplots_splib07a/plots_by_wavelength_region/range2_visible_to_swir/splib07a_7-8-Benzoquino_SA-123617_75K_ASDHRa_AREF_range2_vis_to_swir.gif,D:\usgs_splib07\../GIFplots/GIFplots_splib07a/plots_by_wavelength_region/range3_swir/splib07a_7-8-Benzoquino_SA-123617_75K_ASDHRa_AREF_range3_swir.gif,,,D:\usgs_splib07\../GIFplots/GIFplots_splib07a/splib07a_Wavelengths_ASD_0.35-2.5_microns_2151_ch.gif,D:\usgs_splib07\../GIFplots/GIFplots_splib07a/splib07a_Bandpass_(FWHM)_ASDHR_High-Resolution.gif
7-8-Benzoquino SA-123617 85K NIC4aa RREF,D:\usgs_splib07\../HTMLmetadata/7-8-Benzoquino_SA-123617_85K_NIC4aa_RREF.html,D:\usgs_splib07\../ASCIIdata/ASCIIdata_splib07a/ChapterO_OrganicCompounds/splib07a_7-8-Benzoquino_SA-123617_85K_NIC4aa_RREF.txt,,D:\usgs_splib07\../ASCIIdata/ASCIIdata_splib07a/splib07a_Wavelengths_NIC4_Nicolet_1.12-216microns.txt,D:\usgs_splib07\../ASCIIdata/ASCIIdata_splib07a/splib07a_Bandpass_(FWHM)_NIC4_Nicolet_in_microns.txt,D:\usgs_splib07\../GIFplots/GIFplots_splib07a/ChapterO_OrganicCompounds/splib07a_7-8-Benzoquino_SA-123617_85K_NIC4aa_RREF.gif,,D:\usgs_splib07\../GIFplots/GIFplots_splib07a/plots_by_wavelength_region/range2_visible_to_swir/splib07a_7-8-Benzoquino_SA-123617_85K_NIC4aa_RREF_range2_vis_to_swir.gif,D:\usgs_splib07\../GIFplots/GIFplots_splib07a/plots_by_wavelength_region/range3_swir/splib07a_7-8-Benzoquino_SA-123617_85K_NIC4aa_RREF_range3_swir.gif,D:\usgs_splib07\../GIFplots/GIFplots_splib07a/plots_by_wavelength_region/range4_swir_to_mir/splib07a_7-8-Benzoquino_SA-123617_85K_NIC4aa_RREF_range4_swir_to_mir.gif,D:\usgs_splib07\../GIFplots/GIFplots_splib07a/plots_by_wavelength_region/range5_swir_to_fir_wavenumber/splib07a_7-8-Benzoquino_SA-123617_85K_NIC4aa_RREF_range5_swir_to_fir_wavenumber.gif,D:\usgs_splib07\../GIFplots/GIFplots_splib07a/splib07a_Wavelengths_NIC4_Nicolet_1.12-216microns.gif,D:\usgs_splib07\../GIFplots/GIFplots_splib07a/splib07a_Bandpass_(FWHM)_NIC4_Nicolet_in_microns.gif
Biphenyl SA-B34656           ASDHRa AREF,D:\usgs_splib07\../HTMLmetadata/Biphenyl_SA-B34656_ASDHRa_AREF.html,D:\usgs_splib07\../ASCIIdata/ASCIIdata_splib07a/ChapterO_OrganicCompounds/splib07a_Biphenyl_SA-B34656_ASDHRa_AREF.txt,,D:\usgs_splib07\../ASCIIdata/ASCIIdata_splib07a/splib07a_Wavelengths_ASD_0.35-2.5_microns_2151_ch.txt,D:\usgs_splib07\../ASCIIdata/ASCIIdata_splib07a/splib07a_Bandpass_(FWHM)_ASDHR_High-Resolution.txt,D:\usgs_splib07\../GIFplots/GIFplots_splib07a/ChapterO_OrganicCompounds/splib07a_Biphenyl_SA-B34656_ASDHRa_AREF.gif,D:\usgs_splib07\../GIFplots/GIFplots_splib07a/plots_by_wavelength_region/range1_uv_to_visible/splib07a_Biphenyl_SA-B34656_ASDHRa_AREF_range1_uv_to_vis.gif,D:\usgs_splib07\../GIFplots/GIFplots_splib07a/plots_by_wavelength_region/range2_visible_to_swir/splib07a_Biphenyl_SA-B34656_ASDHRa_AREF_range2_vis_to_swir.gif,D:\usgs_splib07\../GIFplots/GIFplots_splib07a/plots_by_wavelength_region/range3_swir/splib07a_Biphenyl_SA-B34656_ASDHRa_AREF_range3_swir.gif,,,D:\usgs_splib07\../GIFplots/GIFplots_splib07a/splib07a_Wavelengths_ASD_0.35-2.5_microns_2151_ch.gif,D:\usgs_splib07\../GIFplots/GIFplots_splib07a/splib07a_Bandpass_(FWHM)_ASDHR_High-Resolution.gif
Biphenyl SA-B34656           NIC4aa RREF,D:\usgs_splib07\../HTMLmetadata/Biphenyl_SA-B34656_NIC4aa_RREF.html,D:\usgs_splib07\../ASCIIdata/ASCIIdata_splib07a/ChapterO_OrganicCompounds/splib07a_Biphenyl_SA-B34656_NIC4aa_RREF.txt,,D:\usgs_splib07\../ASCIIdata/ASCIIdata_splib07a/splib07a_Wavelengths_NIC4_Nicolet_1.12-216microns.txt,D:\usgs_splib07\../ASCIIdata/ASCIIdata_splib07a/splib07a_Bandpass_(FWHM)_NIC4_Nicolet_in_microns.txt,D:\usgs_splib07\../GIFplots/GIFplots_splib07a/ChapterO_OrganicCompounds/splib07a_Biphenyl_SA-B34656_NIC4aa_RREF.gif,,D:\usgs_splib07\../GIFplots/GIFplots_splib07a/plots_by_wavelength_region/range2_visible_to_swir/splib07a_Biphenyl_SA-B34656_NIC4aa_RREF_range2_vis_to_swir.gif,D:\usgs_splib07\../GIFplots/GIFplots_splib07a/plots_by_wavelength_region/range3_swir/splib07a_Biphenyl_SA-B34656_NIC4aa_RREF_range3_swir.gif,D:\usgs_splib07\../GIFplots/GIFplots_splib07a/plots_by_wavelength_region/range4_swir_to_mir/splib07a_Biphenyl_SA-B34656_NIC4aa_RREF_range4_swir_to_mir.gif,D:\usgs_splib07\../GIFplots/GIFplots_splib07a/plots_by_wavelength_region/range5_swir_to_fir_wavenumber/splib07a_Biphenyl_SA-B34656_NIC4aa_RREF_range5_swir_to_fir_wavenumber.gif,D:\usgs_splib07\../GIFplots/GIFplots_splib07a/splib07a_Wavelengths_NIC4_Nicolet_1.12-216microns.gif,D:\usgs_splib07\../GIFplots/GIFplots_splib07a/splib07a_Bandpass_(FWHM)_NIC4_Nicolet_in_microns.gif
Biphenyl SA-B34656 75K       ASDHRa AREF,D:\usgs_splib07\../HTMLmetadata/Biphenyl_SA-B34656_75K_ASDHRa_AREF.html,D:\usgs_splib07\../ASCIIdata/ASCIIdata_splib07a/ChapterO_OrganicCompounds/splib07a_Biphenyl_SA-B34656_75K_ASDHRa_AREF.txt,,D:\usgs_splib07\../ASCIIdata/ASCIIdata_splib07a/splib07a_Wavelengths_ASD_0.35-2.5_microns_2151_ch.txt,D:\usgs_splib07\../ASCIIdata/ASCIIdata_splib07a/splib07a_Bandpass_(FWHM)_ASDHR_High-Resolution.txt,D:\usgs_splib07\../GIFplots/GIFplots_splib07a/ChapterO_OrganicCompounds/splib07a_Biphenyl_SA-B34656_75K_ASDHRa_AREF.gif,D:\usgs_splib07\../GIFplots/GIFplots_splib07a/plots_by_wavelength_region/range1_uv_to_visible/splib07a_Biphenyl_SA-B34656_75K_ASDHRa_AREF_range1_uv_to_vis.gif,D:\usgs_splib07\../GIFplots/GIFplots_splib07a/plots_by_wavelength_region/range2_visible_to_swir/splib07a_Biphenyl_SA-B34656_75K_ASDHRa_AREF_range2_vis_to_swir.gif,D:\usgs_splib07\../GIFplots/GIFplots_splib07a/plots_by_wavelength_region/range3_swir/splib07a_Biphenyl_SA-B34656_75K_ASDHRa_AREF_range3_swir.gif,,,D:\usgs_splib07\../GIFplots/GIFplots_splib07a/splib07a_Wavelengths_ASD_0.35-2.5_microns_2151_ch.gif,D:\usgs_splib07\../GIFplots/GIFplots_splib07a/splib07a_Bandpass_(FWHM)_ASDHR_High-Resolution.gif
Biphenyl SA-B34656 85K       NIC4aa RREF,D:\usgs_splib07\../HTMLmetadata/Biphenyl_SA-B34656_85K_NIC4aa_RREF.html,D:\usgs_splib07\../ASCIIdata/ASCIIdata_splib07a/ChapterO_OrganicCompounds/splib07a_Biphenyl_SA-B34656_85K_NIC4aa_RREF.txt,,D:\usgs_splib07\../ASCIIdata/ASCIIdata_splib07a/splib07a_Wavelengths_NIC4_Nicolet_1.12-216microns.txt,D:\usgs_splib07\../ASCIIdata/ASCIIdata_splib07a/splib07a_Bandpass_(FWHM)_NIC4_Nicolet_in_microns.txt,D:\usgs_splib07\../GIFplots/GIFplots_splib07a/ChapterO_OrganicCompounds/splib07a_Biphenyl_SA-B34656_85K_NIC4aa_RREF.gif,,D:\usgs_splib07\../GIFplots/GIFplots_splib07a/plots_by_wavelength_region/range2_visible_to_swir/splib07a_Biphenyl_SA-B34656_85K_NIC4aa_RREF_range2_vis_to_swir.gif,D:\usgs_splib07\../GIFplots/GIFplots_splib07a/plots_by_wavelength_region/range3_swir/splib07a_Biphenyl_SA-B34656_85K_NIC4aa_RREF_range3_swir.gif,D:\usgs_splib07\../GIFplots/GIFplots_splib07a/plots_by_wavelength_region/range4_swir_to_mir/splib07a_Biphenyl_SA-B34656_85K_NIC4aa_RREF_range4_swir_to_mir.gif,D:\usgs_splib07\../GIFplots/GIFplots_splib07a/plots_by_wavelength_region/range5_swir_to_fir_wavenumber/splib07a_Biphenyl_SA-B34656_85K_NIC4aa_RREF_range5_swir_to_fir_wavenumber.gif,D:\usgs_splib07\../GIFplots/GIFplots_splib07a/splib07a_Wavelengths_NIC4_Nicolet_1.12-216microns.gif,D:\usgs_splib07\../GIFplots/GIFplots_splib07a/splib07a_Bandpass_(FWHM)_NIC4_Nicolet_in_microns.gif
Butane Camco frost 83K       ASDFRb AREF,D:\usgs_splib07\../HTMLmetadata/Butane_Camco_frost_83K_ASDFRb_AREF.html,D:\usgs_splib07\../ASCIIdata/ASCIIdata_splib07a/ChapterO_OrganicCompounds/splib07a_Butane_Camco_frost_83K_ASDFRb_AREF.txt,D:\usgs_splib07\../ASCIIdata/ASCIIdata_splib07a/errorbars/errorbars_for_splib07a_Butane_Camco_frost_83K_ASDFRb_AREF.txt,D:\usgs_splib07\../ASCIIdata/ASCIIdata_splib07a/splib07a_Wavelengths_ASD_0.35-2.5_microns_2151_ch.txt,D:\usgs_splib07\../ASCIIdata/ASCIIdata_splib07a/splib07a_Bandpass_(FWHM)_ASDFR_StandardResolution.txt,D:\usgs_splib07\../GIFplots/GIFplots_splib07a/ChapterO_OrganicCompounds/splib07a_Butane_Camco_frost_83K_ASDFRb_AREF.gif,D:\usgs_splib07\../GIFplots/GIFplots_splib07a/plots_by_wavelength_region/range1_uv_to_visible/splib07a_Butane_Camco_frost_83K_ASDFRb_AREF_range1_uv_to_vis.gif,D:\usgs_splib07\../GIFplots/GIFplots_splib07a/plots_by_wavelength_region/range2_visible_to_swir/splib07a_Butane_Camco_frost_83K_ASDFRb_AREF_range2_vis_to_swir.gif,D:\usgs_splib07\../GIFplots/GIFplots_splib07a/plots_by_wavelength_region/range3_swir/splib07a_Butane_Camco_frost_83K_ASDFRb_AREF_range3_swir.gif,,,D:\usgs_splib07\../GIFplots/GIFplots_splib07a/splib07a_Wavelengths_ASD_0.35-2.5_microns_2151_ch.gif,D:\usgs_splib07\../GIFplots/GIFplots_splib07a/splib07a_Bandpass_(FWHM)_ASDFR_StandardResolution.gif
Butane Camco frost 78K       NIC4aa RREF,D:\usgs_splib07\../HTMLmetadata/Butane_Camco_frost_78K_NIC4aa_RREF.html,D:\usgs_splib07\../ASCIIdata/ASCIIdata_splib07a/ChapterO_OrganicCompounds/splib07a_Butane_Camco_frost_78K_NIC4aa_RREF.txt,,D:\usgs_splib07\../ASCIIdata/ASCIIdata_splib07a/splib07a_Wavelengths_NIC4_Nicolet_1.12-216microns.txt,D:\usgs_splib07\../ASCIIdata/ASCIIdata_splib07a/splib07a_Bandpass_(FWHM)_NIC4_Nicolet_in_microns.txt,D:\usgs_splib07\../GIFplots/GIFplots_splib07a/ChapterO_OrganicCompounds/splib07a_Butane_Camco_frost_78K_NIC4aa_RREF.gif,,D:\usgs_splib07\../GIFplots/GIFplots_splib07a/plots_by_wavelength_region/range2_visible_to_swir/splib07a_Butane_Camco_frost_78K_NIC4aa_RREF_range2_vis_to_swir.gif,D:\usgs_splib07\../GIFplots/GIFplots_splib07a/plots_by_wavelength_region/range3_swir/splib07a_Butane_Camco_frost_78K_NIC4aa_RREF_range3_swir.gif,D:\usgs_splib07\../GIFplots/GIFplots_splib07a/plots_by_wavelength_region/range4_swir_to_mir/splib07a_Butane_Camco_frost_78K_NIC4aa_RREF_range4_swir_to_mir.gif,D:\usgs_splib07\../GIFplots/GIFplots_splib07a/plots_by_wavelength_region/range5_swir_to_fir_wavenumber/splib07a_Butane_Camco_frost_78K_NIC4aa_RREF_range5_swir_to_fir_wavenumber.gif,D:\usgs_splib07\../GIFplots/GIFplots_splib07a/splib07a_Wavelengths_NIC4_Nicolet_1.12-216microns.gif,D:\usgs_splib07\../GIFplots/GIFplots_splib07a/splib07a_Bandpass_(FWHM)_NIC4_Nicolet_in_microns.gif
Camphene SA-456055           ASDHRa AREF,D:\usgs_splib07\../HTMLmetadata/Camphene_SA-456055_ASDHRa_AREF.html,D:\usgs_splib07\../ASCIIdata/ASCIIdata_splib07a/ChapterO_OrganicCompounds/splib07a_Camphene_SA-456055_ASDHRa_AREF.txt,D:\usgs_splib07\../ASCIIdata/ASCIIdata_splib07a/errorbars/errorbars_for_splib07a_Camphene_SA-456055_ASDHRa_AREF.txt,D:\usgs_splib07\../ASCIIdata/ASCIIdata_splib07a/splib07a_Wavelengths_ASD_0.35-2.5_microns_2151_ch.txt,D:\usgs_splib07\../ASCIIdata/ASCIIdata_splib07a/splib07a_Bandpass_(FWHM)_ASDHR_High-Resolution.txt,D:\usgs_splib07\../GIFplots/GIFplots_splib07a/ChapterO_OrganicCompounds/splib07a_Camphene_SA-456055_ASDHRa_AREF.gif,D:\usgs_splib07\../GIFplots/GIFplots_splib07a/plots_by_wavelength_region/range1_uv_to_visible/splib07a_Camphene_SA-456055_ASDHRa_AREF_range1_uv_to_vis.gif,D:\usgs_splib07\../GIFplots/GIFplots_splib07a/plots_by_wavelength_region/range2_visible_to_swir/splib07a_Camphene_SA-456055_ASDHRa_AREF_range2_vis_to_swir.gif,D:\usgs_splib07\../GIFplots/GIFplots_splib07a/plots_by_wavelength_region/range3_swir/splib07a_Camphene_SA-456055_ASDHRa_AREF_range3_swir.gif,,,D:\usgs_splib07\../GIFplots/GIFplots_splib07a/splib07a_Wavelengths_ASD_0.35-2.5_microns_2151_ch.gif,D:\usgs_splib07\../GIFplots/GIFplots_splib07a/splib07a_Bandpass_(FWHM)_ASDHR_High-Resolution.gif
Cellulose SA-C6288           ASDHRa AREF,D:\usgs_splib07\../HTMLmetadata/Cellulose_SA-C6288_ASDHRa_AREF.html,D:\usgs_splib07\../ASCIIdata/ASCIIdata_splib07a/ChapterO_OrganicCompounds/splib07a_Cellulose_SA-C6288_ASDHRa_AREF.txt,D:\usgs_splib07\../ASCIIdata/ASCIIdata_splib07a/errorbars/errorbars_for_splib07a_Cellulose_SA-C6288_ASDHRa_AREF.txt,D:\usgs_splib07\../ASCIIdata/ASCIIdata_splib07a/splib07a_Wavelengths_ASD_0.35-2.5_microns_2151_ch.txt,D:\usgs_splib07\../ASCIIdata/ASCIIdata_splib07a/splib07a_Bandpass_(FWHM)_ASDHR_High-Resolution.txt,D:\usgs_splib07\../GIFplots/GIFplots_splib07a/ChapterO_OrganicCompounds/splib07a_Cellulose_SA-C6288_ASDHRa_AREF.gif,D:\usgs_splib07\../GIFplots/GIFplots_splib07a/plots_by_wavelength_region/range1_uv_to_visible/splib07a_Cellulose_SA-C6288_ASDHRa_AREF_range1_uv_to_vis.gif,D:\usgs_splib07\../GIFplots/GIFplots_splib07a/plots_by_wavelength_region/range2_visible_to_swir/splib07a_Cellulose_SA-C6288_ASDHRa_AREF_range2_vis_to_swir.gif,D:\usgs_splib07\../GIFplots/GIFplots_splib07a/plots_by_wavelength_region/range3_swir/splib07a_Cellulose_SA-C6288_ASDHRa_AREF_range3_swir.gif,,,D:\usgs_splib07\../GIFplots/GIFplots_splib07a/splib07a_Wavelengths_ASD_0.35-2.5_microns_2151_ch.gif,D:\usgs_splib07\../GIFplots/GIFplots_splib07a/splib07a_Bandpass_(FWHM)_ASDHR_High-Resolution.gif
Coronene SA-C84801           ASDHRb AREF,D:\usgs_splib07\../HTMLmetadata/Coronene_SA-C84801_ASDHRb_AREF.html,D:\usgs_splib07\../ASCIIdata/ASCIIdata_splib07a/ChapterO_OrganicCompounds/splib07a_Coronene_SA-C84801_ASDHRb_AREF.txt,,D:\usgs_splib07\../ASCIIdata/ASCIIdata_splib07a/splib07a_Wavelengths_ASD_0.35-2.5_microns_2151_ch.txt,D:\usgs_splib07\../ASCIIdata/ASCIIdata_splib07a/splib07a_Bandpass_(FWHM)_ASDHR_High-Resolution.txt,D:\usgs_splib07\../GIFplots/GIFplots_splib07a/ChapterO_OrganicCompounds/splib07a_Coronene_SA-C84801_ASDHRb_AREF.gif,D:\usgs_splib07\../GIFplots/GIFplots_splib07a/plots_by_wavelength_region/range1_uv_to_visible/splib07a_Coronene_SA-C84801_ASDHRb_AREF_range1_uv_to_vis.gif,D:\usgs_splib07\../GIFplots/GIFplots_splib07a/plots_by_wavelength_region/range2_visible_to_swir/splib07a_Coronene_SA-C84801_ASDHRb_AREF_range2_vis_to_swir.gif,D:\usgs_splib07\../GIFplots/GIFplots_splib07a/plots_by_wavelength_region/range3_swir/splib07a_Coronene_SA-C84801_ASDHRb_AREF_range3_swir.gif,,,D:\usgs_splib07\../GIFplots/GIFplots_splib07a/splib07a_Wavelengths_ASD_0.35-2.5_microns_2151_ch.gif,D:\usgs_splib07\../GIFplots/GIFplots_splib07a/splib07a_Bandpass_(FWHM)_ASDHR_High-Resolution.gif
Coronene SA-C84801           NIC4bb RREF,D:\usgs_splib07\../HTMLmetadata/Coronene_SA-C84801_NIC4bb_RREF.html,D:\usgs_splib07\../ASCIIdata/ASCIIdata_splib07a/ChapterO_OrganicCompounds/splib07a_Coronene_SA-C84801_NIC4bb_RREF.txt,,D:\usgs_splib07\../ASCIIdata/ASCIIdata_splib07a/splib07a_Wavelengths_NIC4_Nicolet_1.12-216microns.txt,D:\usgs_splib07\../ASCIIdata/ASCIIdata_splib07a/splib07a_Bandpass_(FWHM)_NIC4_Nicolet_in_microns.txt,D:\usgs_splib07\../GIFplots/GIFplots_splib07a/ChapterO_OrganicCompounds/splib07a_Coronene_SA-C84801_NIC4bb_RREF.gif,,D:\usgs_splib07\../GIFplots/GIFplots_splib07a/plots_by_wavelength_region/range2_visible_to_swir/splib07a_Coronene_SA-C84801_NIC4bb_RREF_range2_vis_to_swir.gif,D:\usgs_splib07\../GIFplots/GIFplots_splib07a/plots_by_wavelength_region/range3_swir/splib07a_Coronene_SA-C84801_NIC4bb_RREF_range3_swir.gif,D:\usgs_splib07\../GIFplots/GIFplots_splib07a/plots_by_wavelength_region/range4_swir_to_mir/splib07a_Coronene_SA-C84801_NIC4bb_RREF_range4_swir_to_mir.gif,D:\usgs_splib07\../GIFplots/GIFplots_splib07a/plots_by_wavelength_region/range5_swir_to_fir_wavenumber/splib07a_Coronene_SA-C84801_NIC4bb_RREF_range5_swir_to_fir_wavenumber.gif,D:\usgs_splib07\../GIFplots/GIFplots_splib07a/splib07a_Wavelengths_NIC4_Nicolet_1.12-216microns.gif,D:\usgs_splib07\../GIFplots/GIFplots_splib07a/splib07a_Bandpass_(FWHM)_NIC4_Nicolet_in_microns.gif
Coronene SA-C84801 75K       ASDHRb AREF,D:\usgs_splib07\../HTMLmetadata/Coronene_SA-C84801_75K_ASDHRb_AREF.html,D:\usgs_splib07\../ASCIIdata/ASCIIdata_splib07a/ChapterO_OrganicCompounds/splib07a_Coronene_SA-C84801_75K_ASDHRb_AREF.txt,,D:\usgs_splib07\../ASCIIdata/ASCIIdata_splib07a/splib07a_Wavelengths_ASD_0.35-2.5_microns_2151_ch.txt,D:\usgs_splib07\../ASCIIdata/ASCIIdata_splib07a/splib07a_Bandpass_(FWHM)_ASDHR_High-Resolution.txt,D:\usgs_splib07\../GIFplots/GIFplots_splib07a/ChapterO_OrganicCompounds/splib07a_Coronene_SA-C84801_75K_ASDHRb_AREF.gif,D:\usgs_splib07\../GIFplots/GIFplots_splib07a/plots_by_wavelength_region/range1_uv_to_visible/splib07a_Coronene_SA-C84801_75K_ASDHRb_AREF_range1_uv_to_vis.gif,D:\usgs_splib07\../GIFplots/GIFplots_splib07a/plots_by_wavelength_region/range2_visible_to_swir/splib07a_Coronene_SA-C84801_75K_ASDHRb_AREF_range2_vis_to_swir.gif,D:\usgs_splib07\../GIFplots/GIFplots_splib07a/plots_by_wavelength_region/range3_swir/splib07a_Coronene_SA-C84801_75K_ASDHRb_AREF_range3_swir.gif,,,D:\usgs_splib07\../GIFplots/GIFplots_splib07a/splib07a_Wavelengths_ASD_0.35-2.5_microns_2151_ch.gif,D:\usgs_splib07\../GIFplots/GIFplots_splib07a/splib07a_Bandpass_(FWHM)_ASDHR_High-Resolution.gif
Coronene SA-C84801 85K       NIC4bb RREF,D:\usgs_splib07\../HTMLmetadata/Coronene_SA-C84801_85K_NIC4bb_RREF.html,D:\usgs_splib07\../ASCIIdata/ASCIIdata_splib07a/ChapterO_OrganicCompounds/splib07a_Coronene_SA-C84801_85K_NIC4bb_RREF.txt,,D:\usgs_splib07\../ASCIIdata/ASCIIdata_splib07a/splib07a_Wavelengths_NIC4_Nicolet_1.12-216microns.txt,D:\usgs_splib07\../ASCIIdata/ASCIIdata_splib07a/splib07a_Bandpass_(FWHM)_NIC4_Nicolet_in_microns.txt,D:\usgs_splib07\../GIFplots/GIFplots_splib07a/ChapterO_OrganicCompounds/splib07a_Coronene_SA-C84801_85K_NIC4bb_RREF.gif,,D:\usgs_splib07\../GIFplots/GIFplots_splib07a/plots_by_wavelength_region/range2_visible_to_swir/splib07a_Coronene_SA-C84801_85K_NIC4bb_RREF_range2_vis_to_swir.gif,D:\usgs_splib07\../GIFplots/GIFplots_splib07a/plots_by_wavelength_region/range3_swir/splib07a_Coronene_SA-C84801_85K_NIC4bb_RREF_range3_swir.gif,D:\usgs_splib07\../GIFplots/GIFplots_splib07a/plots_by_wavelength_region/range4_swir_to_mir/splib07a_Coronene_SA-C84801_85K_NIC4bb_RREF_range4_swir_to_mir.gif,D:\usgs_splib07\../GIFplots/GIFplots_splib07a/plots_by_wavelength_region/range5_swir_to_fir_wavenumber/splib07a_Coronene_SA-C84801_85K_NIC4bb_RREF_range5_swir_to_fir_wavenumber.gif,D:\usgs_splib07\../GIFplots/GIFplots_splib07a/splib07a_Wavelengths_NIC4_Nicolet_1.12-216microns.gif,D:\usgs_splib07\../GIFplots/GIFplots_splib07a/splib07a_Bandpass_(FWHM)_NIC4_Nicolet_in_microns.gif
6-Cyanopurine SA-852503      ASDHRa AREF,D:\usgs_splib07\../HTMLmetadata/6-Cyanopurine_SA-852503_ASDHRa_AREF.html,D:\usgs_splib07\../ASCIIdata/ASCIIdata_splib07a/ChapterO_OrganicCompounds/splib07a_6-Cyanopurine_SA-852503_ASDHRa_AREF.txt,,D:\usgs_splib07\../ASCIIdata/ASCIIdata_splib07a/splib07a_Wavelengths_ASD_0.35-2.5_microns_2151_ch.txt,D:\usgs_splib07\../ASCIIdata/ASCIIdata_splib07a/splib07a_Bandpass_(FWHM)_ASDHR_High-Resolution.txt,D:\usgs_splib07\../GIFplots/GIFplots_splib07a/ChapterO_OrganicCompounds/splib07a_6-Cyanopurine_SA-852503_ASDHRa_AREF.gif,D:\usgs_splib07\../GIFplots/GIFplots_splib07a/plots_by_wavelength_region/range1_uv_to_visible/splib07a_6-Cyanopurine_SA-852503_ASDHRa_AREF_range1_uv_to_vis.gif,D:\usgs_splib07\../GIFplots/GIFplots_splib07a/plots_by_wavelength_region/range2_visible_to_swir/splib07a_6-Cyanopurine_SA-852503_ASDHRa_AREF_range2_vis_to_swir.gif,D:\usgs_splib07\../GIFplots/GIFplots_splib07a/plots_by_wavelength_region/range3_swir/splib07a_6-Cyanopurine_SA-852503_ASDHRa_AREF_range3_swir.gif,,,D:\usgs_splib07\../GIFplots/GIFplots_splib07a/splib07a_Wavelengths_ASD_0.35-2.5_microns_2151_ch.gif,D:\usgs_splib07\../GIFplots/GIFplots_splib07a/splib07a_Bandpass_(FWHM)_ASDHR_High-Resolution.gif
6-Cyanopurine SA-852503      NIC4aa RREF,D:\usgs_splib07\../HTMLmetadata/6-Cyanopurine_SA-852503_NIC4aa_RREF.html,D:\usgs_splib07\../ASCIIdata/ASCIIdata_splib07a/ChapterO_OrganicCompounds/splib07a_6-Cyanopurine_SA-852503_NIC4aa_RREF.txt,,D:\usgs_splib07\../ASCIIdata/ASCIIdata_splib07a/splib07a_Wavelengths_NIC4_Nicolet_1.12-216microns.txt,D:\usgs_splib07\../ASCIIdata/ASCIIdata_splib07a/splib07a_Bandpass_(FWHM)_NIC4_Nicolet_in_microns.txt,D:\usgs_splib07\../GIFplots/GIFplots_splib07a/ChapterO_OrganicCompounds/splib07a_6-Cyanopurine_SA-852503_NIC4aa_RREF.gif,,D:\usgs_splib07\../GIFplots/GIFplots_splib07a/plots_by_wavelength_region/range2_visible_to_swir/splib07a_6-Cyanopurine_SA-852503_NIC4aa_RREF_range2_vis_to_swir.gif,D:\usgs_splib07\../GIFplots/GIFplots_splib07a/plots_by_wavelength_region/range3_swir/splib07a_6-Cyanopurine_SA-852503_NIC4aa_RREF_range3_swir.gif,D:\usgs_splib07\../GIFplots/GIFplots_splib07a/plots_by_wavelength_region/range4_swir_to_mir/splib07a_6-Cyanopurine_SA-852503_NIC4aa_RREF_range4_swir_to_mir.gif,D:\usgs_splib07\../GIFplots/GIFplots_splib07a/plots_by_wavelength_region/range5_swir_to_fir_wavenumber/splib07a_6-Cyanopurine_SA-852503_NIC4aa_RREF_range5_swir_to_fir_wavenumber.gif,D:\usgs_splib07\../GIFplots/GIFplots_splib07a/splib07a_Wavelengths_NIC4_Nicolet_1.12-216microns.gif,D:\usgs_splib07\../GIFplots/GIFplots_splib07a/splib07a_Bandpass_(FWHM)_NIC4_Nicolet_in_microns.gif
6-Cyanopurine SA-852503 85K  ASDHRa AREF,D:\usgs_splib07\../HTMLmetadata/6-Cyanopurine_SA-852503_85K_ASDHRa_AREF.html,D:\usgs_splib07\../ASCIIdata/ASCIIdata_splib07a/ChapterO_OrganicCompounds/splib07a_6-Cyanopurine_SA-852503_85K_ASDHRa_AREF.txt,,D:\usgs_splib07\../ASCIIdata/ASCIIdata_splib07a/splib07a_Wavelengths_ASD_0.35-2.5_microns_2151_ch.txt,D:\usgs_splib07\../ASCIIdata/ASCIIdata_splib07a/splib07a_Bandpass_(FWHM)_ASDHR_High-Resolution.txt,D:\usgs_splib07\../GIFplots/GIFplots_splib07a/ChapterO_OrganicCompounds/splib07a_6-Cyanopurine_SA-852503_85K_ASDHRa_AREF.gif,D:\usgs_splib07\../GIFplots/GIFplots_splib07a/plots_by_wavelength_region/range1_uv_to_visible/splib07a_6-Cyanopurine_SA-852503_85K_ASDHRa_AREF_range1_uv_to_vis.gif,D:\usgs_splib07\../GIFplots/GIFplots_splib07a/plots_by_wavelength_region/range2_visible_to_swir/splib07a_6-Cyanopurine_SA-852503_85K_ASDHRa_AREF_range2_vis_to_swir.gif,D:\usgs_splib07\../GIFplots/GIFplots_splib07a/plots_by_wavelength_region/range3_swir/splib07a_6-Cyanopurine_SA-852503_85K_ASDHRa_AREF_range3_swir.gif,,,D:\usgs_splib07\../GIFplots/GIFplots_splib07a/splib07a_Wavelengths_ASD_0.35-2.5_microns_2151_ch.gif,D:\usgs_splib07\../GIFplots/GIFplots_splib07a/splib07a_Bandpass_(FWHM)_ASDHR_High-Resolution.gif
6-Cyanopurine SA-852503 87K  NIC4aa RREF,D:\usgs_splib07\../HTMLmetadata/6-Cyanopurine_SA-852503_87K_NIC4aa_RREF.html,D:\usgs_splib07\../ASCIIdata/ASCIIdata_splib07a/ChapterO_OrganicCompounds/splib07a_6-Cyanopurine_SA-852503_87K_NIC4aa_RREF.txt,,D:\usgs_splib07\../ASCIIdata/ASCIIdata_splib07a/splib07a_Wavelengths_NIC4_Nicolet_1.12-216microns.txt,D:\usgs_splib07\../ASCIIdata/ASCIIdata_splib07a/splib07a_Bandpass_(FWHM)_NIC4_Nicolet_in_microns.txt,D:\usgs_splib07\../GIFplots/GIFplots_splib07a/ChapterO_OrganicCompounds/splib07a_6-Cyanopurine_SA-852503_87K_NIC4aa_RREF.gif,,D:\usgs_splib07\../GIFplots/GIFplots_splib07a/plots_by_wavelength_region/range2_visible_to_swir/splib07a_6-Cyanopurine_SA-852503_87K_NIC4aa_RREF_range2_vis_to_swir.gif,D:\usgs_splib07\../GIFplots/GIFplots_splib07a/plots_by_wavelength_region/range3_swir/splib07a_6-Cyanopurine_SA-852503_87K_NIC4aa_RREF_range3_swir.gif,D:\usgs_splib07\../GIFplots/GIFplots_splib07a/plots_by_wavelength_region/range4_swir_to_mir/splib07a_6-Cyanopurine_SA-852503_87K_NIC4aa_RREF_range4_swir_to_mir.gif,D:\usgs_splib07\../GIFplots/GIFplots_splib07a/plots_by_wavelength_region/range5_swir_to_fir_wavenumber/splib07a_6-Cyanopurine_SA-852503_87K_NIC4aa_RREF_range5_swir_to_fir_wavenumber.gif,D:\usgs_splib07\../GIFplots/GIFplots_splib07a/splib07a_Wavelengths_NIC4_Nicolet_1.12-216microns.gif,D:\usgs_splib07\../GIFplots/GIFplots_splib07a/splib07a_Bandpass_(FWHM)_NIC4_Nicolet_in_microns.gif
L-Cysteine SA-W326305        ASDHRb AREF,D:\usgs_splib07\../HTMLmetadata/L-Cysteine_SA-W326305_ASDHRb_AREF.html,D:\usgs_splib07\../ASCIIdata/ASCIIdata_splib07a/ChapterO_OrganicCompounds/splib07a_L-Cysteine_SA-W326305_ASDHRb_AREF.txt,,D:\usgs_splib07\../ASCIIdata/ASCIIdata_splib07a/splib07a_Wavelengths_ASD_0.35-2.5_microns_2151_ch.txt,D:\usgs_splib07\../ASCIIdata/ASCIIdata_splib07a/splib07a_Bandpass_(FWHM)_ASDHR_High-Resolution.txt,D:\usgs_splib07\../GIFplots/GIFplots_splib07a/ChapterO_OrganicCompounds/splib07a_L-Cysteine_SA-W326305_ASDHRb_AREF.gif,D:\usgs_splib07\../GIFplots/GIFplots_splib07a/plots_by_wavelength_region/range1_uv_to_visible/splib07a_L-Cysteine_SA-W326305_ASDHRb_AREF_range1_uv_to_vis.gif,D:\usgs_splib07\../GIFplots/GIFplots_splib07a/plots_by_wavelength_region/range2_visible_to_swir/splib07a_L-Cysteine_SA-W326305_ASDHRb_AREF_range2_vis_to_swir.gif,D:\usgs_splib07\../GIFplots/GIFplots_splib07a/plots_by_wavelength_region/range3_swir/splib07a_L-Cysteine_SA-W326305_ASDHRb_AREF_range3_swir.gif,,,D:\usgs_splib07\../GIFplots/GIFplots_splib07a/splib07a_Wavelengths_ASD_0.35-2.5_microns_2151_ch.gif,D:\usgs_splib07\../GIFplots/GIFplots_splib07a/splib07a_Bandpass_(FWHM)_ASDHR_High-Resolution.gif
L-Cysteine SA-W326305        NIC4bb RREF,D:\usgs_splib07\../HTMLmetadata/L-Cysteine_SA-W326305_NIC4bb_RREF.html,D:\usgs_splib07\../ASCIIdata/ASCIIdata_splib07a/ChapterO_OrganicCompounds/splib07a_L-Cysteine_SA-W326305_NIC4bb_RREF.txt,,D:\usgs_splib07\../ASCIIdata/ASCIIdata_splib07a/splib07a_Wavelengths_NIC4_Nicolet_1.12-216microns.txt,D:\usgs_splib07\../ASCIIdata/ASCIIdata_splib07a/splib07a_Bandpass_(FWHM)_NIC4_Nicolet_in_microns.txt,D:\usgs_splib07\../GIFplots/GIFplots_splib07a/ChapterO_OrganicCompounds/splib07a_L-Cysteine_SA-W326305_NIC4bb_RREF.gif,,D:\usgs_splib07\../GIFplots/GIFplots_splib07a/plots_by_wavelength_region/range2_visible_to_swir/splib07a_L-Cysteine_SA-W326305_NIC4bb_RREF_range2_vis_to_swir.gif,D:\usgs_splib07\../GIFplots/GIFplots_splib07a/plots_by_wavelength_region/range3_swir/splib07a_L-Cysteine_SA-W326305_NIC4bb_RREF_range3_swir.gif,D:\usgs_splib07\../GIFplots/GIFplots_splib07a/plots_by_wavelength_region/range4_swir_to_mir/splib07a_L-Cysteine_SA-W326305_NIC4bb_RREF_range4_swir_to_mir.gif,D:\usgs_splib07\../GIFplots/GIFplots_splib07a/plots_by_wavelength_region/range5_swir_to_fir_wavenumber/splib07a_L-Cysteine_SA-W326305_NIC4bb_RREF_range5_swir_to_fir_wavenumber.gif,D:\usgs_splib07\../GIFplots/GIFplots_splib07a/splib07a_Wavelengths_NIC4_Nicolet_1.12-216microns.gif,D:\usgs_splib07\../GIFplots/GIFplots_splib07a/splib07a_Bandpass_(FWHM)_NIC4_Nicolet_in_microns.gif
L-Cysteine SA-W326305 85K    ASDHRb AREF,D:\usgs_splib07\../HTMLmetadata/L-Cysteine_SA-W326305_85K_ASDHRb_AREF.html,D:\usgs_splib07\../ASCIIdata/ASCIIdata_splib07a/ChapterO_OrganicCompounds/splib07a_L-Cysteine_SA-W326305_85K_ASDHRb_AREF.txt,,D:\usgs_splib07\../ASCIIdata/ASCIIdata_splib07a/splib07a_Wavelengths_ASD_0.35-2.5_microns_2151_ch.txt,D:\usgs_splib07\../ASCIIdata/ASCIIdata_splib07a/splib07a_Bandpass_(FWHM)_ASDHR_High-Resolution.txt,D:\usgs_splib07\../GIFplots/GIFplots_splib07a/ChapterO_OrganicCompounds/splib07a_L-Cysteine_SA-W326305_85K_ASDHRb_AREF.gif,D:\usgs_splib07\../GIFplots/GIFplots_splib07a/plots_by_wavelength_region/range1_uv_to_visible/splib07a_L-Cysteine_SA-W326305_85K_ASDHRb_AREF_range1_uv_to_vis.gif,D:\usgs_splib07\../GIFplots/GIFplots_splib07a/plots_by_wavelength_region/range2_visible_to_swir/splib07a_L-Cysteine_SA-W326305_85K_ASDHRb_AREF_range2_vis_to_swir.gif,D:\usgs_splib07\../GIFplots/GIFplots_splib07a/plots_by_wavelength_region/range3_swir/splib07a_L-Cysteine_SA-W326305_85K_ASDHRb_AREF_range3_swir.gif,,,D:\usgs_splib07\../GIFplots/GIFplots_splib07a/splib07a_Wavelengths_ASD_0.35-2.5_microns_2151_ch.gif,D:\usgs_splib07\../GIFplots/GIFplots_splib07a/splib07a_Bandpass_(FWHM)_ASDHR_High-Resolution.gif
L-Cysteine SA-W326305 84K    NIC4bb RREF,D:\usgs_splib07\../HTMLmetadata/L-Cysteine_SA-W326305_84K_NIC4bb_RREF.html,D:\usgs_splib07\../ASCIIdata/ASCIIdata_splib07a/ChapterO_OrganicCompounds/splib07a_L-Cysteine_SA-W326305_84K_NIC4bb_RREF.txt,,D:\usgs_splib07\../ASCIIdata/ASCIIdata_splib07a/splib07a_Wavelengths_NIC4_Nicolet_1.12-216microns.txt,D:\usgs_splib07\../ASCIIdata/ASCIIdata_splib07a/splib07a_Bandpass_(FWHM)_NIC4_Nicolet_in_microns.txt,D:\usgs_splib07\../GIFplots/GIFplots_splib07a/ChapterO_OrganicCompounds/splib07a_L-Cysteine_SA-W326305_84K_NIC4bb_RREF.gif,,D:\usgs_splib07\../GIFplots/GIFplots_splib07a/plots_by_wavelength_region/range2_visible_to_swir/splib07a_L-Cysteine_SA-W326305_84K_NIC4bb_RREF_range2_vis_to_swir.gif,D:\usgs_splib07\../GIFplots/GIFplots_splib07a/plots_by_wavelength_region/range3_swir/splib07a_L-Cysteine_SA-W326305_84K_NIC4bb_RREF_range3_swir.gif,D:\usgs_splib07\../GIFplots/GIFplots_splib07a/plots_by_wavelength_region/range4_swir_to_mir/splib07a_L-Cysteine_SA-W326305_84K_NIC4bb_RREF_range4_swir_to_mir.gif,D:\usgs_splib07\../GIFplots/GIFplots_splib07a/plots_by_wavelength_region/range5_swir_to_fir_wavenumber/splib07a_L-Cysteine_SA-W326305_84K_NIC4bb_RREF_range5_swir_to_fir_wavenumber.gif,D:\usgs_splib07\../GIFplots/GIFplots_splib07a/splib07a_Wavelengths_NIC4_Nicolet_1.12-216microns.gif,D:\usgs_splib07\../GIFplots/GIFplots_splib07a/splib07a_Bandpass_(FWHM)_NIC4_Nicolet_in_microns.gif
Cytosine SA-C3506            ASDHRa AREF,D:\usgs_splib07\../HTMLmetadata/Cytosine_SA-C3506_ASDHRa_AREF.html,D:\usgs_splib07\../ASCIIdata/ASCIIdata_splib07a/ChapterO_OrganicCompounds/splib07a_Cytosine_SA-C3506_ASDHRa_AREF.txt,,D:\usgs_splib07\../ASCIIdata/ASCIIdata_splib07a/splib07a_Wavelengths_ASD_0.35-2.5_microns_2151_ch.txt,D:\usgs_splib07\../ASCIIdata/ASCIIdata_splib07a/splib07a_Bandpass_(FWHM)_ASDHR_High-Resolution.txt,D:\usgs_splib07\../GIFplots/GIFplots_splib07a/ChapterO_OrganicCompounds/splib07a_Cytosine_SA-C3506_ASDHRa_AREF.gif,D:\usgs_splib07\../GIFplots/GIFplots_splib07a/plots_by_wavelength_region/range1_uv_to_visible/splib07a_Cytosine_SA-C3506_ASDHRa_AREF_range1_uv_to_vis.gif,D:\usgs_splib07\../GIFplots/GIFplots_splib07a/plots_by_wavelength_region/range2_visible_to_swir/splib07a_Cytosine_SA-C3506_ASDHRa_AREF_range2_vis_to_swir.gif,D:\usgs_splib07\../GIFplots/GIFplots_splib07a/plots_by_wavelength_region/range3_swir/splib07a_Cytosine_SA-C3506_ASDHRa_AREF_range3_swir.gif,,,D:\usgs_splib07\../GIFplots/GIFplots_splib07a/splib07a_Wavelengths_ASD_0.35-2.5_microns_2151_ch.gif,D:\usgs_splib07\../GIFplots/GIFplots_splib07a/splib07a_Bandpass_(FWHM)_ASDHR_High-Resolution.gif
Cytosine SA-C3506            NIC4aa RREF,D:\usgs_splib07\../HTMLmetadata/Cytosine_SA-C3506_NIC4aa_RREF.html,D:\usgs_splib07\../ASCIIdata/ASCIIdata_splib07a/ChapterO_OrganicCompounds/splib07a_Cytosine_SA-C3506_NIC4aa_RREF.txt,,D:\usgs_splib07\../ASCIIdata/ASCIIdata_splib07a/splib07a_Wavelengths_NIC4_Nicolet_1.12-216microns.txt,D:\usgs_splib07\../ASCIIdata/ASCIIdata_splib07a/splib07a_Bandpass_(FWHM)_NIC4_Nicolet_in_microns.txt,D:\usgs_splib07\../GIFplots/GIFplots_splib07a/ChapterO_OrganicCompounds/splib07a_Cytosine_SA-C3506_NIC4aa_RREF.gif,,D:\usgs_splib07\../GIFplots/GIFplots_splib07a/plots_by_wavelength_region/range2_visible_to_swir/splib07a_Cytosine_SA-C3506_NIC4aa_RREF_range2_vis_to_swir.gif,D:\usgs_splib07\../GIFplots/GIFplots_splib07a/plots_by_wavelength_region/range3_swir/splib07a_Cytosine_SA-C3506_NIC4aa_RREF_range3_swir.gif,D:\usgs_splib07\../GIFplots/GIFplots_splib07a/plots_by_wavelength_region/range4_swir_to_mir/splib07a_Cytosine_SA-C3506_NIC4aa_RREF_range4_swir_to_mir.gif,D:\usgs_splib07\../GIFplots/GIFplots_splib07a/plots_by_wavelength_region/range5_swir_to_fir_wavenumber/splib07a_Cytosine_SA-C3506_NIC4aa_RREF_range5_swir_to_fir_wavenumber.gif,D:\usgs_splib07\../GIFplots/GIFplots_splib07a/splib07a_Wavelengths_NIC4_Nicolet_1.12-216microns.gif,D:\usgs_splib07\../GIFplots/GIFplots_splib07a/splib07a_Bandpass_(FWHM)_NIC4_Nicolet_in_microns.gif
Cytosine SA-C3506 85K        NIC4aa RREF,D:\usgs_splib07\../HTMLmetadata/Cytosine_SA-C3506_85K_NIC4aa_RREF.html,D:\usgs_splib07\../ASCIIdata/ASCIIdata_splib07a/ChapterO_OrganicCompounds/splib07a_Cytosine_SA-C3506_85K_NIC4aa_RREF.txt,,D:\usgs_splib07\../ASCIIdata/ASCIIdata_splib07a/splib07a_Wavelengths_NIC4_Nicolet_1.12-216microns.txt,D:\usgs_splib07\../ASCIIdata/ASCIIdata_splib07a/splib07a_Bandpass_(FWHM)_NIC4_Nicolet_in_microns.txt,D:\usgs_splib07\../GIFplots/GIFplots_splib07a/ChapterO_OrganicCompounds/splib07a_Cytosine_SA-C3506_85K_NIC4aa_RREF.gif,,D:\usgs_splib07\../GIFplots/GIFplots_splib07a/plots_by_wavelength_region/range2_visible_to_swir/splib07a_Cytosine_SA-C3506_85K_NIC4aa_RREF_range2_vis_to_swir.gif,D:\usgs_splib07\../GIFplots/GIFplots_splib07a/plots_by_wavelength_region/range3_swir/splib07a_Cytosine_SA-C3506_85K_NIC4aa_RREF_range3_swir.gif,D:\usgs_splib07\../GIFplots/GIFplots_splib07a/plots_by_wavelength_region/range4_swir_to_mir/splib07a_Cytosine_SA-C3506_85K_NIC4aa_RREF_range4_swir_to_mir.gif,D:\usgs_splib07\../GIFplots/GIFplots_splib07a/plots_by_wavelength_region/range5_swir_to_fir_wavenumber/splib07a_Cytosine_SA-C3506_85K_NIC4aa_RREF_range5_swir_to_fir_wavenumber.gif,D:\usgs_splib07\../GIFplots/GIFplots_splib07a/splib07a_Wavelengths_NIC4_Nicolet_1.12-216microns.gif,D:\usgs_splib07\../GIFplots/GIFplots_splib07a/splib07a_Bandpass_(FWHM)_NIC4_Nicolet_in_microns.gif
Decane SA-30550 T~76K        ASDFRa AREF,D:\usgs_splib07\../HTMLmetadata/Decane_SA-30550_T~76K_ASDFRa_AREF.html,D:\usgs_splib07\../ASCIIdata/ASCIIdata_splib07a/ChapterO_OrganicCompounds/splib07a_Decane_SA-30550_T~76K_ASDFRa_AREF.txt,,D:\usgs_splib07\../ASCIIdata/ASCIIdata_splib07a/splib07a_Wavelengths_ASD_0.35-2.5_microns_2151_ch.txt,D:\usgs_splib07\../ASCIIdata/ASCIIdata_splib07a/splib07a_Bandpass_(FWHM)_ASDFR_StandardResolution.txt,D:\usgs_splib07\../GIFplots/GIFplots_splib07a/ChapterO_OrganicCompounds/splib07a_Decane_SA-30550_T~76K_ASDFRa_AREF.gif,D:\usgs_splib07\../GIFplots/GIFplots_splib07a/plots_by_wavelength_region/range1_uv_to_visible/splib07a_Decane_SA-30550_T~76K_ASDFRa_AREF_range1_uv_to_vis.gif,D:\usgs_splib07\../GIFplots/GIFplots_splib07a/plots_by_wavelength_region/range2_visible_to_swir/splib07a_Decane_SA-30550_T~76K_ASDFRa_AREF_range2_vis_to_swir.gif,D:\usgs_splib07\../GIFplots/GIFplots_splib07a/plots_by_wavelength_region/range3_swir/splib07a_Decane_SA-30550_T~76K_ASDFRa_AREF_range3_swir.gif,,,D:\usgs_splib07\../GIFplots/GIFplots_splib07a/splib07a_Wavelengths_ASD_0.35-2.5_microns_2151_ch.gif,D:\usgs_splib07\../GIFplots/GIFplots_splib07a/splib07a_Bandpass_(FWHM)_ASDFR_StandardResolution.gif
Decane SA-30550 frost 76K    NIC4aa RREF,D:\usgs_splib07\../HTMLmetadata/Decane_SA-30550_frost_76K_NIC4aa_RREF.html,D:\usgs_splib07\../ASCIIdata/ASCIIdata_splib07a/ChapterO_OrganicCompounds/splib07a_Decane_SA-30550_frost_76K_NIC4aa_RREF.txt,,D:\usgs_splib07\../ASCIIdata/ASCIIdata_splib07a/splib07a_Wavelengths_NIC4_Nicolet_1.12-216microns.txt,D:\usgs_splib07\../ASCIIdata/ASCIIdata_splib07a/splib07a_Bandpass_(FWHM)_NIC4_Nicolet_in_microns.txt,D:\usgs_splib07\../GIFplots/GIFplots_splib07a/ChapterO_OrganicCompounds/splib07a_Decane_SA-30550_frost_76K_NIC4aa_RREF.gif,,D:\usgs_splib07\../GIFplots/GIFplots_splib07a/plots_by_wavelength_region/range2_visible_to_swir/splib07a_Decane_SA-30550_frost_76K_NIC4aa_RREF_range2_vis_to_swir.gif,D:\usgs_splib07\../GIFplots/GIFplots_splib07a/plots_by_wavelength_region/range3_swir/splib07a_Decane_SA-30550_frost_76K_NIC4aa_RREF_range3_swir.gif,D:\usgs_splib07\../GIFplots/GIFplots_splib07a/plots_by_wavelength_region/range4_swir_to_mir/splib07a_Decane_SA-30550_frost_76K_NIC4aa_RREF_range4_swir_to_mir.gif,D:\usgs_splib07\../GIFplots/GIFplots_splib07a/plots_by_wavelength_region/range5_swir_to_fir_wavenumber/splib07a_Decane_SA-30550_frost_76K_NIC4aa_RREF_range5_swir_to_fir_wavenumber.gif,D:\usgs_splib07\../GIFplots/GIFplots_splib07a/splib07a_Wavelengths_NIC4_Nicolet_1.12-216microns.gif,D:\usgs_splib07\../GIFplots/GIFplots_splib07a/splib07a_Bandpass_(FWHM)_NIC4_Nicolet_in_microns.gif
2-4Diamino6hydroxypyrimidine ASDHRa AREF,D:\usgs_splib07\../HTMLmetadata/2-4Diamino6hydroxypyrimidine_ASDHRa_AREF.html,D:\usgs_splib07\../ASCIIdata/ASCIIdata_splib07a/ChapterO_OrganicCompounds/splib07a_2-4Diamino6hydroxypyrimidine_ASDHRa_AREF.txt,,D:\usgs_splib07\../ASCIIdata/ASCIIdata_splib07a/splib07a_Wavelengths_ASD_0.35-2.5_microns_2151_ch.txt,D:\usgs_splib07\../ASCIIdata/ASCIIdata_splib07a/splib07a_Bandpass_(FWHM)_ASDHR_High-Resolution.txt,D:\usgs_splib07\../GIFplots/GIFplots_splib07a/ChapterO_OrganicCompounds/splib07a_2-4Diamino6hydroxypyrimidine_ASDHRa_AREF.gif,D:\usgs_splib07\../GIFplots/GIFplots_splib07a/plots_by_wavelength_region/range1_uv_to_visible/splib07a_2-4Diamino6hydroxypyrimidine_ASDHRa_AREF_range1_uv_to_vis.gif,D:\usgs_splib07\../GIFplots/GIFplots_splib07a/plots_by_wavelength_region/range2_visible_to_swir/splib07a_2-4Diamino6hydroxypyrimidine_ASDHRa_AREF_range2_vis_to_swir.gif,D:\usgs_splib07\../GIFplots/GIFplots_splib07a/plots_by_wavelength_region/range3_swir/splib07a_2-4Diamino6hydroxypyrimidine_ASDHRa_AREF_range3_swir.gif,,,D:\usgs_splib07\../GIFplots/GIFplots_splib07a/splib07a_Wavelengths_ASD_0.35-2.5_microns_2151_ch.gif,D:\usgs_splib07\../GIFplots/GIFplots_splib07a/splib07a_Bandpass_(FWHM)_ASDHR_High-Resolution.gif
2-4Diamino6hydroxypyrimidin  NIC4aa RREF,D:\usgs_splib07\../HTMLmetadata/2-4Diamino6hydroxypyrimidin_NIC4aa_RREF.html,D:\usgs_splib07\../ASCIIdata/ASCIIdata_splib07a/ChapterO_OrganicCompounds/splib07a_2-4Diamino6hydroxypyrimidin_NIC4aa_RREF.txt,,D:\usgs_splib07\../ASCIIdata/ASCIIdata_splib07a/splib07a_Wavelengths_NIC4_Nicolet_1.12-216microns.txt,D:\usgs_splib07\../ASCIIdata/ASCIIdata_splib07a/splib07a_Bandpass_(FWHM)_NIC4_Nicolet_in_microns.txt,D:\usgs_splib07\../GIFplots/GIFplots_splib07a/ChapterO_OrganicCompounds/splib07a_2-4Diamino6hydroxypyrimidin_NIC4aa_RREF.gif,,D:\usgs_splib07\../GIFplots/GIFplots_splib07a/plots_by_wavelength_region/range2_visible_to_swir/splib07a_2-4Diamino6hydroxypyrimidin_NIC4aa_RREF_range2_vis_to_swir.gif,D:\usgs_splib07\../GIFplots/GIFplots_splib07a/plots_by_wavelength_region/range3_swir/splib07a_2-4Diamino6hydroxypyrimidin_NIC4aa_RREF_range3_swir.gif,D:\usgs_splib07\../GIFplots/GIFplots_splib07a/plots_by_wavelength_region/range4_swir_to_mir/splib07a_2-4Diamino6hydroxypyrimidin_NIC4aa_RREF_range4_swir_to_mir.gif,D:\usgs_splib07\../GIFplots/GIFplots_splib07a/plots_by_wavelength_region/range5_swir_to_fir_wavenumber/splib07a_2-4Diamino6hydroxypyrimidin_NIC4aa_RREF_range5_swir_to_fir_wavenumber.gif,D:\usgs_splib07\../GIFplots/GIFplots_splib07a/splib07a_Wavelengths_NIC4_Nicolet_1.12-216microns.gif,D:\usgs_splib07\../GIFplots/GIFplots_splib07a/splib07a_Bandpass_(FWHM)_NIC4_Nicolet_in_microns.gif
2-4Diamino6hydroxypyrim  85K ASDHRa AREF,D:\usgs_splib07\../HTMLmetadata/2-4Diamino6hydroxypyrim_85K_ASDHRa_AREF.html,D:\usgs_splib07\../ASCIIdata/ASCIIdata_splib07a/ChapterO_OrganicCompounds/splib07a_2-4Diamino6hydroxypyrim_85K_ASDHRa_AREF.txt,,D:\usgs_splib07\../ASCIIdata/ASCIIdata_splib07a/splib07a_Wavelengths_ASD_0.35-2.5_microns_2151_ch.txt,D:\usgs_splib07\../ASCIIdata/ASCIIdata_splib07a/splib07a_Bandpass_(FWHM)_ASDHR_High-Resolution.txt,D:\usgs_splib07\../GIFplots/GIFplots_splib07a/ChapterO_OrganicCompounds/splib07a_2-4Diamino6hydroxypyrim_85K_ASDHRa_AREF.gif,D:\usgs_splib07\../GIFplots/GIFplots_splib07a/plots_by_wavelength_region/range1_uv_to_visible/splib07a_2-4Diamino6hydroxypyrim_85K_ASDHRa_AREF_range1_uv_to_vis.gif,D:\usgs_splib07\../GIFplots/GIFplots_splib07a/plots_by_wavelength_region/range2_visible_to_swir/splib07a_2-4Diamino6hydroxypyrim_85K_ASDHRa_AREF_range2_vis_to_swir.gif,D:\usgs_splib07\../GIFplots/GIFplots_splib07a/plots_by_wavelength_region/range3_swir/splib07a_2-4Diamino6hydroxypyrim_85K_ASDHRa_AREF_range3_swir.gif,,,D:\usgs_splib07\../GIFplots/GIFplots_splib07a/splib07a_Wavelengths_ASD_0.35-2.5_microns_2151_ch.gif,D:\usgs_splib07\../GIFplots/GIFplots_splib07a/splib07a_Bandpass_(FWHM)_ASDHR_High-Resolution.gif
2-4Diamino6hydroxypyrim 100K NIC4aa RREF,D:\usgs_splib07\../HTMLmetadata/2-4Diamino6hydroxypyrim_100K_NIC4aa_RREF.html,D:\usgs_splib07\../ASCIIdata/ASCIIdata_splib07a/ChapterO_OrganicCompounds/splib07a_2-4Diamino6hydroxypyrim_100K_NIC4aa_RREF.txt,,D:\usgs_splib07\../ASCIIdata/ASCIIdata_splib07a/splib07a_Wavelengths_NIC4_Nicolet_1.12-216microns.txt,D:\usgs_splib07\../ASCIIdata/ASCIIdata_splib07a/splib07a_Bandpass_(FWHM)_NIC4_Nicolet_in_microns.txt,D:\usgs_splib07\../GIFplots/GIFplots_splib07a/ChapterO_OrganicCompounds/splib07a_2-4Diamino6hydroxypyrim_100K_NIC4aa_RREF.gif,,D:\usgs_splib07\../GIFplots/GIFplots_splib07a/plots_by_wavelength_region/range2_visible_to_swir/splib07a_2-4Diamino6hydroxypyrim_100K_NIC4aa_RREF_range2_vis_to_swir.gif,D:\usgs_splib07\../GIFplots/GIFplots_splib07a/plots_by_wavelength_region/range3_swir/splib07a_2-4Diamino6hydroxypyrim_100K_NIC4aa_RREF_range3_swir.gif,D:\usgs_splib07\../GIFplots/GIFplots_splib07a/plots_by_wavelength_region/range4_swir_to_mir/splib07a_2-4Diamino6hydroxypyrim_100K_NIC4aa_RREF_range4_swir_to_mir.gif,D:\usgs_splib07\../GIFplots/GIFplots_splib07a/plots_by_wavelength_region/range5_swir_to_fir_wavenumber/splib07a_2-4Diamino6hydroxypyrim_100K_NIC4aa_RREF_range5_swir_to_fir_wavenumber.gif,D:\usgs_splib07\../GIFplots/GIFplots_splib07a/splib07a_Wavelengths_NIC4_Nicolet_1.12-216microns.gif,D:\usgs_splib07\../GIFplots/GIFplots_splib07a/splib07a_Bandpass_(FWHM)_NIC4_Nicolet_in_microns.gif
2-6-Diaminopurine 247847     ASDHRa AREF,D:\usgs_splib07\../HTMLmetadata/2-6-Diaminopurine_247847_ASDHRa_AREF.html,D:\usgs_splib07\../ASCIIdata/ASCIIdata_splib07a/ChapterO_OrganicCompounds/splib07a_2-6-Diaminopurine_247847_ASDHRa_AREF.txt,,D:\usgs_splib07\../ASCIIdata/ASCIIdata_splib07a/splib07a_Wavelengths_ASD_0.35-2.5_microns_2151_ch.txt,D:\usgs_splib07\../ASCIIdata/ASCIIdata_splib07a/splib07a_Bandpass_(FWHM)_ASDHR_High-Resolution.txt,D:\usgs_splib07\../GIFplots/GIFplots_splib07a/ChapterO_OrganicCompounds/splib07a_2-6-Diaminopurine_247847_ASDHRa_AREF.gif,D:\usgs_splib07\../GIFplots/GIFplots_splib07a/plots_by_wavelength_region/range1_uv_to_visible/splib07a_2-6-Diaminopurine_247847_ASDHRa_AREF_range1_uv_to_vis.gif,D:\usgs_splib07\../GIFplots/GIFplots_splib07a/plots_by_wavelength_region/range2_visible_to_swir/splib07a_2-6-Diaminopurine_247847_ASDHRa_AREF_range2_vis_to_swir.gif,D:\usgs_splib07\../GIFplots/GIFplots_splib07a/plots_by_wavelength_region/range3_swir/splib07a_2-6-Diaminopurine_247847_ASDHRa_AREF_range3_swir.gif,,,D:\usgs_splib07\../GIFplots/GIFplots_splib07a/splib07a_Wavelengths_ASD_0.35-2.5_microns_2151_ch.gif,D:\usgs_splib07\../GIFplots/GIFplots_splib07a/splib07a_Bandpass_(FWHM)_ASDHR_High-Resolution.gif
2-6-Diaminopurine 247847     NIC4aa RREF,D:\usgs_splib07\../HTMLmetadata/2-6-Diaminopurine_247847_NIC4aa_RREF.html,D:\usgs_splib07\../ASCIIdata/ASCIIdata_splib07a/ChapterO_OrganicCompounds/splib07a_2-6-Diaminopurine_247847_NIC4aa_RREF.txt,,D:\usgs_splib07\../ASCIIdata/ASCIIdata_splib07a/splib07a_Wavelengths_NIC4_Nicolet_1.12-216microns.txt,D:\usgs_splib07\../ASCIIdata/ASCIIdata_splib07a/splib07a_Bandpass_(FWHM)_NIC4_Nicolet_in_microns.txt,D:\usgs_splib07\../GIFplots/GIFplots_splib07a/ChapterO_OrganicCompounds/splib07a_2-6-Diaminopurine_247847_NIC4aa_RREF.gif,,D:\usgs_splib07\../GIFplots/GIFplots_splib07a/plots_by_wavelength_region/range2_visible_to_swir/splib07a_2-6-Diaminopurine_247847_NIC4aa_RREF_range2_vis_to_swir.gif,D:\usgs_splib07\../GIFplots/GIFplots_splib07a/plots_by_wavelength_region/range3_swir/splib07a_2-6-Diaminopurine_247847_NIC4aa_RREF_range3_swir.gif,D:\usgs_splib07\../GIFplots/GIFplots_splib07a/plots_by_wavelength_region/range4_swir_to_mir/splib07a_2-6-Diaminopurine_247847_NIC4aa_RREF_range4_swir_to_mir.gif,D:\usgs_splib07\../GIFplots/GIFplots_splib07a/plots_by_wavelength_region/range5_swir_to_fir_wavenumber/splib07a_2-6-Diaminopurine_247847_NIC4aa_RREF_range5_swir_to_fir_wavenumber.gif,D:\usgs_splib07\../GIFplots/GIFplots_splib07a/splib07a_Wavelengths_NIC4_Nicolet_1.12-216microns.gif,D:\usgs_splib07\../GIFplots/GIFplots_splib07a/splib07a_Bandpass_(FWHM)_NIC4_Nicolet_in_microns.gif
2-6-Diaminopurine 247847 85K ASDHRa AREF,D:\usgs_splib07\../HTMLmetadata/2-6-Diaminopurine_247847_85K_ASDHRa_AREF.html,D:\usgs_splib07\../ASCIIdata/ASCIIdata_splib07a/ChapterO_OrganicCompounds/splib07a_2-6-Diaminopurine_247847_85K_ASDHRa_AREF.txt,,D:\usgs_splib07\../ASCIIdata/ASCIIdata_splib07a/splib07a_Wavelengths_ASD_0.35-2.5_microns_2151_ch.txt,D:\usgs_splib07\../ASCIIdata/ASCIIdata_splib07a/splib07a_Bandpass_(FWHM)_ASDHR_High-Resolution.txt,D:\usgs_splib07\../GIFplots/GIFplots_splib07a/ChapterO_OrganicCompounds/splib07a_2-6-Diaminopurine_247847_85K_ASDHRa_AREF.gif,D:\usgs_splib07\../GIFplots/GIFplots_splib07a/plots_by_wavelength_region/range1_uv_to_visible/splib07a_2-6-Diaminopurine_247847_85K_ASDHRa_AREF_range1_uv_to_vis.gif,D:\usgs_splib07\../GIFplots/GIFplots_splib07a/plots_by_wavelength_region/range2_visible_to_swir/splib07a_2-6-Diaminopurine_247847_85K_ASDHRa_AREF_range2_vis_to_swir.gif,D:\usgs_splib07\../GIFplots/GIFplots_splib07a/plots_by_wavelength_region/range3_swir/splib07a_2-6-Diaminopurine_247847_85K_ASDHRa_AREF_range3_swir.gif,,,D:\usgs_splib07\../GIFplots/GIFplots_splib07a/splib07a_Wavelengths_ASD_0.35-2.5_microns_2151_ch.gif,D:\usgs_splib07\../GIFplots/GIFplots_splib07a/splib07a_Bandpass_(FWHM)_ASDHR_High-Resolution.gif
2-6-Diaminopurine 247847 90K NIC4aa RREF,D:\usgs_splib07\../HTMLmetadata/2-6-Diaminopurine_247847_90K_NIC4aa_RREF.html,D:\usgs_splib07\../ASCIIdata/ASCIIdata_splib07a/ChapterO_OrganicCompounds/splib07a_2-6-Diaminopurine_247847_90K_NIC4aa_RREF.txt,,D:\usgs_splib07\../ASCIIdata/ASCIIdata_splib07a/splib07a_Wavelengths_NIC4_Nicolet_1.12-216microns.txt,D:\usgs_splib07\../ASCIIdata/ASCIIdata_splib07a/splib07a_Bandpass_(FWHM)_NIC4_Nicolet_in_microns.txt,D:\usgs_splib07\../GIFplots/GIFplots_splib07a/ChapterO_OrganicCompounds/splib07a_2-6-Diaminopurine_247847_90K_NIC4aa_RREF.gif,,D:\usgs_splib07\../GIFplots/GIFplots_splib07a/plots_by_wavelength_region/range2_visible_to_swir/splib07a_2-6-Diaminopurine_247847_90K_NIC4aa_RREF_range2_vis_to_swir.gif,D:\usgs_splib07\../GIFplots/GIFplots_splib07a/plots_by_wavelength_region/range3_swir/splib07a_2-6-Diaminopurine_247847_90K_NIC4aa_RREF_range3_swir.gif,D:\usgs_splib07\../GIFplots/GIFplots_splib07a/plots_by_wavelength_region/range4_swir_to_mir/splib07a_2-6-Diaminopurine_247847_90K_NIC4aa_RREF_range4_swir_to_mir.gif,D:\usgs_splib07\../GIFplots/GIFplots_splib07a/plots_by_wavelength_region/range5_swir_to_fir_wavenumber/splib07a_2-6-Diaminopurine_247847_90K_NIC4aa_RREF_range5_swir_to_fir_wavenumber.gif,D:\usgs_splib07\../GIFplots/GIFplots_splib07a/splib07a_Wavelengths_NIC4_Nicolet_1.12-216microns.gif,D:\usgs_splib07\../GIFplots/GIFplots_splib07a/splib07a_Bandpass_(FWHM)_NIC4_Nicolet_in_microns.gif
2-4-Diaminopyrimidine 468231 ASDHRa AREF,D:\usgs_splib07\../HTMLmetadata/2-4-Diaminopyrimidine_468231_ASDHRa_AREF.html,D:\usgs_splib07\../ASCIIdata/ASCIIdata_splib07a/ChapterO_OrganicCompounds/splib07a_2-4-Diaminopyrimidine_468231_ASDHRa_AREF.txt,,D:\usgs_splib07\../ASCIIdata/ASCIIdata_splib07a/splib07a_Wavelengths_ASD_0.35-2.5_microns_2151_ch.txt,D:\usgs_splib07\../ASCIIdata/ASCIIdata_splib07a/splib07a_Bandpass_(FWHM)_ASDHR_High-Resolution.txt,D:\usgs_splib07\../GIFplots/GIFplots_splib07a/ChapterO_OrganicCompounds/splib07a_2-4-Diaminopyrimidine_468231_ASDHRa_AREF.gif,D:\usgs_splib07\../GIFplots/GIFplots_splib07a/plots_by_wavelength_region/range1_uv_to_visible/splib07a_2-4-Diaminopyrimidine_468231_ASDHRa_AREF_range1_uv_to_vis.gif,D:\usgs_splib07\../GIFplots/GIFplots_splib07a/plots_by_wavelength_region/range2_visible_to_swir/splib07a_2-4-Diaminopyrimidine_468231_ASDHRa_AREF_range2_vis_to_swir.gif,D:\usgs_splib07\../GIFplots/GIFplots_splib07a/plots_by_wavelength_region/range3_swir/splib07a_2-4-Diaminopyrimidine_468231_ASDHRa_AREF_range3_swir.gif,,,D:\usgs_splib07\../GIFplots/GIFplots_splib07a/splib07a_Wavelengths_ASD_0.35-2.5_microns_2151_ch.gif,D:\usgs_splib07\../GIFplots/GIFplots_splib07a/splib07a_Bandpass_(FWHM)_ASDHR_High-Resolution.gif
2-4-Diaminopyrimidine 468231 NIC4aa RREF,D:\usgs_splib07\../HTMLmetadata/2-4-Diaminopyrimidine_468231_NIC4aa_RREF.html,D:\usgs_splib07\../ASCIIdata/ASCIIdata_splib07a/ChapterO_OrganicCompounds/splib07a_2-4-Diaminopyrimidine_468231_NIC4aa_RREF.txt,,D:\usgs_splib07\../ASCIIdata/ASCIIdata_splib07a/splib07a_Wavelengths_NIC4_Nicolet_1.12-216microns.txt,D:\usgs_splib07\../ASCIIdata/ASCIIdata_splib07a/splib07a_Bandpass_(FWHM)_NIC4_Nicolet_in_microns.txt,D:\usgs_splib07\../GIFplots/GIFplots_splib07a/ChapterO_OrganicCompounds/splib07a_2-4-Diaminopyrimidine_468231_NIC4aa_RREF.gif,,D:\usgs_splib07\../GIFplots/GIFplots_splib07a/plots_by_wavelength_region/range2_visible_to_swir/splib07a_2-4-Diaminopyrimidine_468231_NIC4aa_RREF_range2_vis_to_swir.gif,D:\usgs_splib07\../GIFplots/GIFplots_splib07a/plots_by_wavelength_region/range3_swir/splib07a_2-4-Diaminopyrimidine_468231_NIC4aa_RREF_range3_swir.gif,D:\usgs_splib07\../GIFplots/GIFplots_splib07a/plots_by_wavelength_region/range4_swir_to_mir/splib07a_2-4-Diaminopyrimidine_468231_NIC4aa_RREF_range4_swir_to_mir.gif,D:\usgs_splib07\../GIFplots/GIFplots_splib07a/plots_by_wavelength_region/range5_swir_to_fir_wavenumber/splib07a_2-4-Diaminopyrimidine_468231_NIC4aa_RREF_range5_swir_to_fir_wavenumber.gif,D:\usgs_splib07\../GIFplots/GIFplots_splib07a/splib07a_Wavelengths_NIC4_Nicolet_1.12-216microns.gif,D:\usgs_splib07\../GIFplots/GIFplots_splib07a/splib07a_Bandpass_(FWHM)_NIC4_Nicolet_in_microns.gif
2-4-Diaminopyrimidine 85K    ASDHRa AREF,D:\usgs_splib07\../HTMLmetadata/2-4-Diaminopyrimidine_85K_ASDHRa_AREF.html,D:\usgs_splib07\../ASCIIdata/ASCIIdata_splib07a/ChapterO_OrganicCompounds/splib07a_2-4-Diaminopyrimidine_85K_ASDHRa_AREF.txt,,D:\usgs_splib07\../ASCIIdata/ASCIIdata_splib07a/splib07a_Wavelengths_ASD_0.35-2.5_microns_2151_ch.txt,D:\usgs_splib07\../ASCIIdata/ASCIIdata_splib07a/splib07a_Bandpass_(FWHM)_ASDHR_High-Resolution.txt,D:\usgs_splib07\../GIFplots/GIFplots_splib07a/ChapterO_OrganicCompounds/splib07a_2-4-Diaminopyrimidine_85K_ASDHRa_AREF.gif,D:\usgs_splib07\../GIFplots/GIFplots_splib07a/plots_by_wavelength_region/range1_uv_to_visible/splib07a_2-4-Diaminopyrimidine_85K_ASDHRa_AREF_range1_uv_to_vis.gif,D:\usgs_splib07\../GIFplots/GIFplots_splib07a/plots_by_wavelength_region/range2_visible_to_swir/splib07a_2-4-Diaminopyrimidine_85K_ASDHRa_AREF_range2_vis_to_swir.gif,D:\usgs_splib07\../GIFplots/GIFplots_splib07a/plots_by_wavelength_region/range3_swir/splib07a_2-4-Diaminopyrimidine_85K_ASDHRa_AREF_range3_swir.gif,,,D:\usgs_splib07\../GIFplots/GIFplots_splib07a/splib07a_Wavelengths_ASD_0.35-2.5_microns_2151_ch.gif,D:\usgs_splib07\../GIFplots/GIFplots_splib07a/splib07a_Bandpass_(FWHM)_ASDHR_High-Resolution.gif
2-4-Diaminopyrimidine 90K    NIC4aa RREF,D:\usgs_splib07\../HTMLmetadata/2-4-Diaminopyrimidine_90K_NIC4aa_RREF.html,D:\usgs_splib07\../ASCIIdata/ASCIIdata_splib07a/ChapterO_OrganicCompounds/splib07a_2-4-Diaminopyrimidine_90K_NIC4aa_RREF.txt,,D:\usgs_splib07\../ASCIIdata/ASCIIdata_splib07a/splib07a_Wavelengths_NIC4_Nicolet_1.12-216microns.txt,D:\usgs_splib07\../ASCIIdata/ASCIIdata_splib07a/splib07a_Bandpass_(FWHM)_NIC4_Nicolet_in_microns.txt,D:\usgs_splib07\../GIFplots/GIFplots_splib07a/ChapterO_OrganicCompounds/splib07a_2-4-Diaminopyrimidine_90K_NIC4aa_RREF.gif,,D:\usgs_splib07\../GIFplots/GIFplots_splib07a/plots_by_wavelength_region/range2_visible_to_swir/splib07a_2-4-Diaminopyrimidine_90K_NIC4aa_RREF_range2_vis_to_swir.gif,D:\usgs_splib07\../GIFplots/GIFplots_splib07a/plots_by_wavelength_region/range3_swir/splib07a_2-4-Diaminopyrimidine_90K_NIC4aa_RREF_range3_swir.gif,D:\usgs_splib07\../GIFplots/GIFplots_splib07a/plots_by_wavelength_region/range4_swir_to_mir/splib07a_2-4-Diaminopyrimidine_90K_NIC4aa_RREF_range4_swir_to_mir.gif,D:\usgs_splib07\../GIFplots/GIFplots_splib07a/plots_by_wavelength_region/range5_swir_to_fir_wavenumber/splib07a_2-4-Diaminopyrimidine_90K_NIC4aa_RREF_range5_swir_to_fir_wavenumber.gif,D:\usgs_splib07\../GIFplots/GIFplots_splib07a/splib07a_Wavelengths_NIC4_Nicolet_1.12-216microns.gif,D:\usgs_splib07\../GIFplots/GIFplots_splib07a/splib07a_Bandpass_(FWHM)_NIC4_Nicolet_in_microns.gif
Dibenzothiophene SA-D32202   ASDHRa AREF,D:\usgs_splib07\../HTMLmetadata/Dibenzothiophene_SA-D32202_ASDHRa_AREF.html,D:\usgs_splib07\../ASCIIdata/ASCIIdata_splib07a/ChapterO_OrganicCompounds/splib07a_Dibenzothiophene_SA-D32202_ASDHRa_AREF.txt,,D:\usgs_splib07\../ASCIIdata/ASCIIdata_splib07a/splib07a_Wavelengths_ASD_0.35-2.5_microns_2151_ch.txt,D:\usgs_splib07\../ASCIIdata/ASCIIdata_splib07a/splib07a_Bandpass_(FWHM)_ASDHR_High-Resolution.txt,D:\usgs_splib07\../GIFplots/GIFplots_splib07a/ChapterO_OrganicCompounds/splib07a_Dibenzothiophene_SA-D32202_ASDHRa_AREF.gif,D:\usgs_splib07\../GIFplots/GIFplots_splib07a/plots_by_wavelength_region/range1_uv_to_visible/splib07a_Dibenzothiophene_SA-D32202_ASDHRa_AREF_range1_uv_to_vis.gif,D:\usgs_splib07\../GIFplots/GIFplots_splib07a/plots_by_wavelength_region/range2_visible_to_swir/splib07a_Dibenzothiophene_SA-D32202_ASDHRa_AREF_range2_vis_to_swir.gif,D:\usgs_splib07\../GIFplots/GIFplots_splib07a/plots_by_wavelength_region/range3_swir/splib07a_Dibenzothiophene_SA-D32202_ASDHRa_AREF_range3_swir.gif,,,D:\usgs_splib07\../GIFplots/GIFplots_splib07a/splib07a_Wavelengths_ASD_0.35-2.5_microns_2151_ch.gif,D:\usgs_splib07\../GIFplots/GIFplots_splib07a/splib07a_Bandpass_(FWHM)_ASDHR_High-Resolution.gif
Dibenzothiophene SA-D32202   NIC4aa RREF,D:\usgs_splib07\../HTMLmetadata/Dibenzothiophene_SA-D32202_NIC4aa_RREF.html,D:\usgs_splib07\../ASCIIdata/ASCIIdata_splib07a/ChapterO_OrganicCompounds/splib07a_Dibenzothiophene_SA-D32202_NIC4aa_RREF.txt,,D:\usgs_splib07\../ASCIIdata/ASCIIdata_splib07a/splib07a_Wavelengths_NIC4_Nicolet_1.12-216microns.txt,D:\usgs_splib07\../ASCIIdata/ASCIIdata_splib07a/splib07a_Bandpass_(FWHM)_NIC4_Nicolet_in_microns.txt,D:\usgs_splib07\../GIFplots/GIFplots_splib07a/ChapterO_OrganicCompounds/splib07a_Dibenzothiophene_SA-D32202_NIC4aa_RREF.gif,,D:\usgs_splib07\../GIFplots/GIFplots_splib07a/plots_by_wavelength_region/range2_visible_to_swir/splib07a_Dibenzothiophene_SA-D32202_NIC4aa_RREF_range2_vis_to_swir.gif,D:\usgs_splib07\../GIFplots/GIFplots_splib07a/plots_by_wavelength_region/range3_swir/splib07a_Dibenzothiophene_SA-D32202_NIC4aa_RREF_range3_swir.gif,D:\usgs_splib07\../GIFplots/GIFplots_splib07a/plots_by_wavelength_region/range4_swir_to_mir/splib07a_Dibenzothiophene_SA-D32202_NIC4aa_RREF_range4_swir_to_mir.gif,D:\usgs_splib07\../GIFplots/GIFplots_splib07a/plots_by_wavelength_region/range5_swir_to_fir_wavenumber/splib07a_Dibenzothiophene_SA-D32202_NIC4aa_RREF_range5_swir_to_fir_wavenumber.gif,D:\usgs_splib07\../GIFplots/GIFplots_splib07a/splib07a_Wavelengths_NIC4_Nicolet_1.12-216microns.gif,D:\usgs_splib07\../GIFplots/GIFplots_splib07a/splib07a_Bandpass_(FWHM)_NIC4_Nicolet_in_microns.gif
Dibenzothiophn SA-D32202 75K ASDHRa AREF,D:\usgs_splib07\../HTMLmetadata/Dibenzothiophn_SA-D32202_75K_ASDHRa_AREF.html,D:\usgs_splib07\../ASCIIdata/ASCIIdata_splib07a/ChapterO_OrganicCompounds/splib07a_Dibenzothiophn_SA-D32202_75K_ASDHRa_AREF.txt,,D:\usgs_splib07\../ASCIIdata/ASCIIdata_splib07a/splib07a_Wavelengths_ASD_0.35-2.5_microns_2151_ch.txt,D:\usgs_splib07\../ASCIIdata/ASCIIdata_splib07a/splib07a_Bandpass_(FWHM)_ASDHR_High-Resolution.txt,D:\usgs_splib07\../GIFplots/GIFplots_splib07a/ChapterO_OrganicCompounds/splib07a_Dibenzothiophn_SA-D32202_75K_ASDHRa_AREF.gif,D:\usgs_splib07\../GIFplots/GIFplots_splib07a/plots_by_wavelength_region/range1_uv_to_visible/splib07a_Dibenzothiophn_SA-D32202_75K_ASDHRa_AREF_range1_uv_to_vis.gif,D:\usgs_splib07\../GIFplots/GIFplots_splib07a/plots_by_wavelength_region/range2_visible_to_swir/splib07a_Dibenzothiophn_SA-D32202_75K_ASDHRa_AREF_range2_vis_to_swir.gif,D:\usgs_splib07\../GIFplots/GIFplots_splib07a/plots_by_wavelength_region/range3_swir/splib07a_Dibenzothiophn_SA-D32202_75K_ASDHRa_AREF_range3_swir.gif,,,D:\usgs_splib07\../GIFplots/GIFplots_splib07a/splib07a_Wavelengths_ASD_0.35-2.5_microns_2151_ch.gif,D:\usgs_splib07\../GIFplots/GIFplots_splib07a/splib07a_Bandpass_(FWHM)_ASDHR_High-Resolution.gif
Dibenzothiophn SA-D32202 85K NIC4aa RREF,D:\usgs_splib07\../HTMLmetadata/Dibenzothiophn_SA-D32202_85K_NIC4aa_RREF.html,D:\usgs_splib07\../ASCIIdata/ASCIIdata_splib07a/ChapterO_OrganicCompounds/splib07a_Dibenzothiophn_SA-D32202_85K_NIC4aa_RREF.txt,,D:\usgs_splib07\../ASCIIdata/ASCIIdata_splib07a/splib07a_Wavelengths_NIC4_Nicolet_1.12-216microns.txt,D:\usgs_splib07\../ASCIIdata/ASCIIdata_splib07a/splib07a_Bandpass_(FWHM)_NIC4_Nicolet_in_microns.txt,D:\usgs_splib07\../GIFplots/GIFplots_splib07a/ChapterO_OrganicCompounds/splib07a_Dibenzothiophn_SA-D32202_85K_NIC4aa_RREF.gif,,D:\usgs_splib07\../GIFplots/GIFplots_splib07a/plots_by_wavelength_region/range2_visible_to_swir/splib07a_Dibenzothiophn_SA-D32202_85K_NIC4aa_RREF_range2_vis_to_swir.gif,D:\usgs_splib07\../GIFplots/GIFplots_splib07a/plots_by_wavelength_region/range3_swir/splib07a_Dibenzothiophn_SA-D32202_85K_NIC4aa_RREF_range3_swir.gif,D:\usgs_splib07\../GIFplots/GIFplots_splib07a/plots_by_wavelength_region/range4_swir_to_mir/splib07a_Dibenzothiophn_SA-D32202_85K_NIC4aa_RREF_range4_swir_to_mir.gif,D:\usgs_splib07\../GIFplots/GIFplots_splib07a/plots_by_wavelength_region/range5_swir_to_fir_wavenumber/splib07a_Dibenzothiophn_SA-D32202_85K_NIC4aa_RREF_range5_swir_to_fir_wavenumber.gif,D:\usgs_splib07\../GIFplots/GIFplots_splib07a/splib07a_Wavelengths_NIC4_Nicolet_1.12-216microns.gif,D:\usgs_splib07\../GIFplots/GIFplots_splib07a/splib07a_Bandpass_(FWHM)_NIC4_Nicolet_in_microns.gif
Dihydrouracil SA-D7628       ASDHRa AREF,D:\usgs_splib07\../HTMLmetadata/Dihydrouracil_SA-D7628_ASDHRa_AREF.html,D:\usgs_splib07\../ASCIIdata/ASCIIdata_splib07a/ChapterO_OrganicCompounds/splib07a_Dihydrouracil_SA-D7628_ASDHRa_AREF.txt,,D:\usgs_splib07\../ASCIIdata/ASCIIdata_splib07a/splib07a_Wavelengths_ASD_0.35-2.5_microns_2151_ch.txt,D:\usgs_splib07\../ASCIIdata/ASCIIdata_splib07a/splib07a_Bandpass_(FWHM)_ASDHR_High-Resolution.txt,D:\usgs_splib07\../GIFplots/GIFplots_splib07a/ChapterO_OrganicCompounds/splib07a_Dihydrouracil_SA-D7628_ASDHRa_AREF.gif,D:\usgs_splib07\../GIFplots/GIFplots_splib07a/plots_by_wavelength_region/range1_uv_to_visible/splib07a_Dihydrouracil_SA-D7628_ASDHRa_AREF_range1_uv_to_vis.gif,D:\usgs_splib07\../GIFplots/GIFplots_splib07a/plots_by_wavelength_region/range2_visible_to_swir/splib07a_Dihydrouracil_SA-D7628_ASDHRa_AREF_range2_vis_to_swir.gif,D:\usgs_splib07\../GIFplots/GIFplots_splib07a/plots_by_wavelength_region/range3_swir/splib07a_Dihydrouracil_SA-D7628_ASDHRa_AREF_range3_swir.gif,,,D:\usgs_splib07\../GIFplots/GIFplots_splib07a/splib07a_Wavelengths_ASD_0.35-2.5_microns_2151_ch.gif,D:\usgs_splib07\../GIFplots/GIFplots_splib07a/splib07a_Bandpass_(FWHM)_ASDHR_High-Resolution.gif
Dihydrouracil SA-D7628 290K  NIC4aa RREF,D:\usgs_splib07\../HTMLmetadata/Dihydrouracil_SA-D7628_290K_NIC4aa_RREF.html,D:\usgs_splib07\../ASCIIdata/ASCIIdata_splib07a/ChapterO_OrganicCompounds/splib07a_Dihydrouracil_SA-D7628_290K_NIC4aa_RREF.txt,,D:\usgs_splib07\../ASCIIdata/ASCIIdata_splib07a/splib07a_Wavelengths_NIC4_Nicolet_1.12-216microns.txt,D:\usgs_splib07\../ASCIIdata/ASCIIdata_splib07a/splib07a_Bandpass_(FWHM)_NIC4_Nicolet_in_microns.txt,D:\usgs_splib07\../GIFplots/GIFplots_splib07a/ChapterO_OrganicCompounds/splib07a_Dihydrouracil_SA-D7628_290K_NIC4aa_RREF.gif,,D:\usgs_splib07\../GIFplots/GIFplots_splib07a/plots_by_wavelength_region/range2_visible_to_swir/splib07a_Dihydrouracil_SA-D7628_290K_NIC4aa_RREF_range2_vis_to_swir.gif,D:\usgs_splib07\../GIFplots/GIFplots_splib07a/plots_by_wavelength_region/range3_swir/splib07a_Dihydrouracil_SA-D7628_290K_NIC4aa_RREF_range3_swir.gif,D:\usgs_splib07\../GIFplots/GIFplots_splib07a/plots_by_wavelength_region/range4_swir_to_mir/splib07a_Dihydrouracil_SA-D7628_290K_NIC4aa_RREF_range4_swir_to_mir.gif,D:\usgs_splib07\../GIFplots/GIFplots_splib07a/plots_by_wavelength_region/range5_swir_to_fir_wavenumber/splib07a_Dihydrouracil_SA-D7628_290K_NIC4aa_RREF_range5_swir_to_fir_wavenumber.gif,D:\usgs_splib07\../GIFplots/GIFplots_splib07a/splib07a_Wavelengths_NIC4_Nicolet_1.12-216microns.gif,D:\usgs_splib07\../GIFplots/GIFplots_splib07a/splib07a_Bandpass_(FWHM)_NIC4_Nicolet_in_microns.gif
Dihydrouracil SA-D7628 85K   ASDHRa AREF,D:\usgs_splib07\../HTMLmetadata/Dihydrouracil_SA-D7628_85K_ASDHRa_AREF.html,D:\usgs_splib07\../ASCIIdata/ASCIIdata_splib07a/ChapterO_OrganicCompounds/splib07a_Dihydrouracil_SA-D7628_85K_ASDHRa_AREF.txt,,D:\usgs_splib07\../ASCIIdata/ASCIIdata_splib07a/splib07a_Wavelengths_ASD_0.35-2.5_microns_2151_ch.txt,D:\usgs_splib07\../ASCIIdata/ASCIIdata_splib07a/splib07a_Bandpass_(FWHM)_ASDHR_High-Resolution.txt,D:\usgs_splib07\../GIFplots/GIFplots_splib07a/ChapterO_OrganicCompounds/splib07a_Dihydrouracil_SA-D7628_85K_ASDHRa_AREF.gif,D:\usgs_splib07\../GIFplots/GIFplots_splib07a/plots_by_wavelength_region/range1_uv_to_visible/splib07a_Dihydrouracil_SA-D7628_85K_ASDHRa_AREF_range1_uv_to_vis.gif,D:\usgs_splib07\../GIFplots/GIFplots_splib07a/plots_by_wavelength_region/range2_visible_to_swir/splib07a_Dihydrouracil_SA-D7628_85K_ASDHRa_AREF_range2_vis_to_swir.gif,D:\usgs_splib07\../GIFplots/GIFplots_splib07a/plots_by_wavelength_region/range3_swir/splib07a_Dihydrouracil_SA-D7628_85K_ASDHRa_AREF_range3_swir.gif,,,D:\usgs_splib07\../GIFplots/GIFplots_splib07a/splib07a_Wavelengths_ASD_0.35-2.5_microns_2151_ch.gif,D:\usgs_splib07\../GIFplots/GIFplots_splib07a/splib07a_Bandpass_(FWHM)_ASDHR_High-Resolution.gif
Dihydrouracil SA-D7628 100K  NIC4aa RREF,D:\usgs_splib07\../HTMLmetadata/Dihydrouracil_SA-D7628_100K_NIC4aa_RREF.html,D:\usgs_splib07\../ASCIIdata/ASCIIdata_splib07a/ChapterO_OrganicCompounds/splib07a_Dihydrouracil_SA-D7628_100K_NIC4aa_RREF.txt,,D:\usgs_splib07\../ASCIIdata/ASCIIdata_splib07a/splib07a_Wavelengths_NIC4_Nicolet_1.12-216microns.txt,D:\usgs_splib07\../ASCIIdata/ASCIIdata_splib07a/splib07a_Bandpass_(FWHM)_NIC4_Nicolet_in_microns.txt,D:\usgs_splib07\../GIFplots/GIFplots_splib07a/ChapterO_OrganicCompounds/splib07a_Dihydrouracil_SA-D7628_100K_NIC4aa_RREF.gif,,D:\usgs_splib07\../GIFplots/GIFplots_splib07a/plots_by_wavelength_region/range2_visible_to_swir/splib07a_Dihydrouracil_SA-D7628_100K_NIC4aa_RREF_range2_vis_to_swir.gif,D:\usgs_splib07\../GIFplots/GIFplots_splib07a/plots_by_wavelength_region/range3_swir/splib07a_Dihydrouracil_SA-D7628_100K_NIC4aa_RREF_range3_swir.gif,D:\usgs_splib07\../GIFplots/GIFplots_splib07a/plots_by_wavelength_region/range4_swir_to_mir/splib07a_Dihydrouracil_SA-D7628_100K_NIC4aa_RREF_range4_swir_to_mir.gif,D:\usgs_splib07\../GIFplots/GIFplots_splib07a/plots_by_wavelength_region/range5_swir_to_fir_wavenumber/splib07a_Dihydrouracil_SA-D7628_100K_NIC4aa_RREF_range5_swir_to_fir_wavenumber.gif,D:\usgs_splib07\../GIFplots/GIFplots_splib07a/splib07a_Wavelengths_NIC4_Nicolet_1.12-216microns.gif,D:\usgs_splib07\../GIFplots/GIFplots_splib07a/splib07a_Bandpass_(FWHM)_NIC4_Nicolet_in_microns.gif
Dotriacontane SA-D223107     NIC4aa RREF,D:\usgs_splib07\../HTMLmetadata/Dotriacontane_SA-D223107_NIC4aa_RREF.html,D:\usgs_splib07\../ASCIIdata/ASCIIdata_splib07a/ChapterO_OrganicCompounds/splib07a_Dotriacontane_SA-D223107_NIC4aa_RREF.txt,,D:\usgs_splib07\../ASCIIdata/ASCIIdata_splib07a/splib07a_Wavelengths_NIC4_Nicolet_1.12-216microns.txt,D:\usgs_splib07\../ASCIIdata/ASCIIdata_splib07a/splib07a_Bandpass_(FWHM)_NIC4_Nicolet_in_microns.txt,D:\usgs_splib07\../GIFplots/GIFplots_splib07a/ChapterO_OrganicCompounds/splib07a_Dotriacontane_SA-D223107_NIC4aa_RREF.gif,,D:\usgs_splib07\../GIFplots/GIFplots_splib07a/plots_by_wavelength_region/range2_visible_to_swir/splib07a_Dotriacontane_SA-D223107_NIC4aa_RREF_range2_vis_to_swir.gif,D:\usgs_splib07\../GIFplots/GIFplots_splib07a/plots_by_wavelength_region/range3_swir/splib07a_Dotriacontane_SA-D223107_NIC4aa_RREF_range3_swir.gif,D:\usgs_splib07\../GIFplots/GIFplots_splib07a/plots_by_wavelength_region/range4_swir_to_mir/splib07a_Dotriacontane_SA-D223107_NIC4aa_RREF_range4_swir_to_mir.gif,D:\usgs_splib07\../GIFplots/GIFplots_splib07a/plots_by_wavelength_region/range5_swir_to_fir_wavenumber/splib07a_Dotriacontane_SA-D223107_NIC4aa_RREF_range5_swir_to_fir_wavenumber.gif,D:\usgs_splib07\../GIFplots/GIFplots_splib07a/splib07a_Wavelengths_NIC4_Nicolet_1.12-216microns.gif,D:\usgs_splib07\../GIFplots/GIFplots_splib07a/splib07a_Bandpass_(FWHM)_NIC4_Nicolet_in_microns.gif
Ellagic_Acid SA-E2250        ASDHRa AREF,D:\usgs_splib07\../HTMLmetadata/Ellagic_Acid_SA-E2250_ASDHRa_AREF.html,D:\usgs_splib07\../ASCIIdata/ASCIIdata_splib07a/ChapterO_OrganicCompounds/splib07a_Ellagic_Acid_SA-E2250_ASDHRa_AREF.txt,D:\usgs_splib07\../ASCIIdata/ASCIIdata_splib07a/errorbars/errorbars_for_splib07a_Ellagic_Acid_SA-E2250_ASDHRa_AREF.txt,D:\usgs_splib07\../ASCIIdata/ASCIIdata_splib07a/splib07a_Wavelengths_ASD_0.35-2.5_microns_2151_ch.txt,D:\usgs_splib07\../ASCIIdata/ASCIIdata_splib07a/splib07a_Bandpass_(FWHM)_ASDHR_High-Resolution.txt,D:\usgs_splib07\../GIFplots/GIFplots_splib07a/ChapterO_OrganicCompounds/splib07a_Ellagic_Acid_SA-E2250_ASDHRa_AREF.gif,D:\usgs_splib07\../GIFplots/GIFplots_splib07a/plots_by_wavelength_region/range1_uv_to_visible/splib07a_Ellagic_Acid_SA-E2250_ASDHRa_AREF_range1_uv_to_vis.gif,D:\usgs_splib07\../GIFplots/GIFplots_splib07a/plots_by_wavelength_region/range2_visible_to_swir/splib07a_Ellagic_Acid_SA-E2250_ASDHRa_AREF_range2_vis_to_swir.gif,D:\usgs_splib07\../GIFplots/GIFplots_splib07a/plots_by_wavelength_region/range3_swir/splib07a_Ellagic_Acid_SA-E2250_ASDHRa_AREF_range3_swir.gif,,,D:\usgs_splib07\../GIFplots/GIFplots_splib07a/splib07a_Wavelengths_ASD_0.35-2.5_microns_2151_ch.gif,D:\usgs_splib07\../GIFplots/GIFplots_splib07a/splib07a_Bandpass_(FWHM)_ASDHR_High-Resolution.gif
Ethane MTG T~76K             ASDFRa AREF,D:\usgs_splib07\../HTMLmetadata/Ethane_MTG_T~76K_ASDFRa_AREF.html,D:\usgs_splib07\../ASCIIdata/ASCIIdata_splib07a/ChapterO_OrganicCompounds/splib07a_Ethane_MTG_T~76K_ASDFRa_AREF.txt,,D:\usgs_splib07\../ASCIIdata/ASCIIdata_splib07a/splib07a_Wavelengths_ASD_0.35-2.5_microns_2151_ch.txt,D:\usgs_splib07\../ASCIIdata/ASCIIdata_splib07a/splib07a_Bandpass_(FWHM)_ASDFR_StandardResolution.txt,D:\usgs_splib07\../GIFplots/GIFplots_splib07a/ChapterO_OrganicCompounds/splib07a_Ethane_MTG_T~76K_ASDFRa_AREF.gif,D:\usgs_splib07\../GIFplots/GIFplots_splib07a/plots_by_wavelength_region/range1_uv_to_visible/splib07a_Ethane_MTG_T~76K_ASDFRa_AREF_range1_uv_to_vis.gif,D:\usgs_splib07\../GIFplots/GIFplots_splib07a/plots_by_wavelength_region/range2_visible_to_swir/splib07a_Ethane_MTG_T~76K_ASDFRa_AREF_range2_vis_to_swir.gif,D:\usgs_splib07\../GIFplots/GIFplots_splib07a/plots_by_wavelength_region/range3_swir/splib07a_Ethane_MTG_T~76K_ASDFRa_AREF_range3_swir.gif,,,D:\usgs_splib07\../GIFplots/GIFplots_splib07a/splib07a_Wavelengths_ASD_0.35-2.5_microns_2151_ch.gif,D:\usgs_splib07\../GIFplots/GIFplots_splib07a/splib07a_Bandpass_(FWHM)_ASDFR_StandardResolution.gif
Ethane MTG 77K               NIC4aa RREF,D:\usgs_splib07\../HTMLmetadata/Ethane_MTG_77K_NIC4aa_RREF.html,D:\usgs_splib07\../ASCIIdata/ASCIIdata_splib07a/ChapterO_OrganicCompounds/splib07a_Ethane_MTG_77K_NIC4aa_RREF.txt,,D:\usgs_splib07\../ASCIIdata/ASCIIdata_splib07a/splib07a_Wavelengths_NIC4_Nicolet_1.12-216microns.txt,D:\usgs_splib07\../ASCIIdata/ASCIIdata_splib07a/splib07a_Bandpass_(FWHM)_NIC4_Nicolet_in_microns.txt,D:\usgs_splib07\../GIFplots/GIFplots_splib07a/ChapterO_OrganicCompounds/splib07a_Ethane_MTG_77K_NIC4aa_RREF.gif,,D:\usgs_splib07\../GIFplots/GIFplots_splib07a/plots_by_wavelength_region/range2_visible_to_swir/splib07a_Ethane_MTG_77K_NIC4aa_RREF_range2_vis_to_swir.gif,D:\usgs_splib07\../GIFplots/GIFplots_splib07a/plots_by_wavelength_region/range3_swir/splib07a_Ethane_MTG_77K_NIC4aa_RREF_range3_swir.gif,D:\usgs_splib07\../GIFplots/GIFplots_splib07a/plots_by_wavelength_region/range4_swir_to_mir/splib07a_Ethane_MTG_77K_NIC4aa_RREF_range4_swir_to_mir.gif,D:\usgs_splib07\../GIFplots/GIFplots_splib07a/plots_by_wavelength_region/range5_swir_to_fir_wavenumber/splib07a_Ethane_MTG_77K_NIC4aa_RREF_range5_swir_to_fir_wavenumber.gif,D:\usgs_splib07\../GIFplots/GIFplots_splib07a/splib07a_Wavelengths_NIC4_Nicolet_1.12-216microns.gif,D:\usgs_splib07\../GIFplots/GIFplots_splib07a/splib07a_Bandpass_(FWHM)_NIC4_Nicolet_in_microns.gif
Ethylbenzene SA-03079 85K    NIC4aa RREF,D:\usgs_splib07\../HTMLmetadata/Ethylbenzene_SA-03079_85K_NIC4aa_RREF.html,D:\usgs_splib07\../ASCIIdata/ASCIIdata_splib07a/ChapterO_OrganicCompounds/splib07a_Ethylbenzene_SA-03079_85K_NIC4aa_RREF.txt,,D:\usgs_splib07\../ASCIIdata/ASCIIdata_splib07a/splib07a_Wavelengths_NIC4_Nicolet_1.12-216microns.txt,D:\usgs_splib07\../ASCIIdata/ASCIIdata_splib07a/splib07a_Bandpass_(FWHM)_NIC4_Nicolet_in_microns.txt,D:\usgs_splib07\../GIFplots/GIFplots_splib07a/ChapterO_OrganicCompounds/splib07a_Ethylbenzene_SA-03079_85K_NIC4aa_RREF.gif,,D:\usgs_splib07\../GIFplots/GIFplots_splib07a/plots_by_wavelength_region/range2_visible_to_swir/splib07a_Ethylbenzene_SA-03079_85K_NIC4aa_RREF_range2_vis_to_swir.gif,D:\usgs_splib07\../GIFplots/GIFplots_splib07a/plots_by_wavelength_region/range3_swir/splib07a_Ethylbenzene_SA-03079_85K_NIC4aa_RREF_range3_swir.gif,D:\usgs_splib07\../GIFplots/GIFplots_splib07a/plots_by_wavelength_region/range4_swir_to_mir/splib07a_Ethylbenzene_SA-03079_85K_NIC4aa_RREF_range4_swir_to_mir.gif,D:\usgs_splib07\../GIFplots/GIFplots_splib07a/plots_by_wavelength_region/range5_swir_to_fir_wavenumber/splib07a_Ethylbenzene_SA-03079_85K_NIC4aa_RREF_range5_swir_to_fir_wavenumber.gif,D:\usgs_splib07\../GIFplots/GIFplots_splib07a/splib07a_Wavelengths_NIC4_Nicolet_1.12-216microns.gif,D:\usgs_splib07\../GIFplots/GIFplots_splib07a/splib07a_Bandpass_(FWHM)_NIC4_Nicolet_in_microns.gif
Ethylene MTG ice block 80K   ASDFRa AREF,D:\usgs_splib07\../HTMLmetadata/Ethylene_MTG_ice_block_80K_ASDFRa_AREF.html,D:\usgs_splib07\../ASCIIdata/ASCIIdata_splib07a/ChapterO_OrganicCompounds/splib07a_Ethylene_MTG_ice_block_80K_ASDFRa_AREF.txt,D:\usgs_splib07\../ASCIIdata/ASCIIdata_splib07a/errorbars/errorbars_for_splib07a_Ethylene_MTG_ice_block_80K_ASDFRa_AREF.txt,D:\usgs_splib07\../ASCIIdata/ASCIIdata_splib07a/splib07a_Wavelengths_ASD_0.35-2.5_microns_2151_ch.txt,D:\usgs_splib07\../ASCIIdata/ASCIIdata_splib07a/splib07a_Bandpass_(FWHM)_ASDFR_StandardResolution.txt,D:\usgs_splib07\../GIFplots/GIFplots_splib07a/ChapterO_OrganicCompounds/splib07a_Ethylene_MTG_ice_block_80K_ASDFRa_AREF.gif,D:\usgs_splib07\../GIFplots/GIFplots_splib07a/plots_by_wavelength_region/range1_uv_to_visible/splib07a_Ethylene_MTG_ice_block_80K_ASDFRa_AREF_range1_uv_to_vis.gif,D:\usgs_splib07\../GIFplots/GIFplots_splib07a/plots_by_wavelength_region/range2_visible_to_swir/splib07a_Ethylene_MTG_ice_block_80K_ASDFRa_AREF_range2_vis_to_swir.gif,D:\usgs_splib07\../GIFplots/GIFplots_splib07a/plots_by_wavelength_region/range3_swir/splib07a_Ethylene_MTG_ice_block_80K_ASDFRa_AREF_range3_swir.gif,,,D:\usgs_splib07\../GIFplots/GIFplots_splib07a/splib07a_Wavelengths_ASD_0.35-2.5_microns_2151_ch.gif,D:\usgs_splib07\../GIFplots/GIFplots_splib07a/splib07a_Bandpass_(FWHM)_ASDFR_StandardResolution.gif
Flavone SA-F2003             ASDHRa AREF,D:\usgs_splib07\../HTMLmetadata/Flavone_SA-F2003_ASDHRa_AREF.html,D:\usgs_splib07\../ASCIIdata/ASCIIdata_splib07a/ChapterO_OrganicCompounds/splib07a_Flavone_SA-F2003_ASDHRa_AREF.txt,D:\usgs_splib07\../ASCIIdata/ASCIIdata_splib07a/errorbars/errorbars_for_splib07a_Flavone_SA-F2003_ASDHRa_AREF.txt,D:\usgs_splib07\../ASCIIdata/ASCIIdata_splib07a/splib07a_Wavelengths_ASD_0.35-2.5_microns_2151_ch.txt,D:\usgs_splib07\../ASCIIdata/ASCIIdata_splib07a/splib07a_Bandpass_(FWHM)_ASDHR_High-Resolution.txt,D:\usgs_splib07\../GIFplots/GIFplots_splib07a/ChapterO_OrganicCompounds/splib07a_Flavone_SA-F2003_ASDHRa_AREF.gif,D:\usgs_splib07\../GIFplots/GIFplots_splib07a/plots_by_wavelength_region/range1_uv_to_visible/splib07a_Flavone_SA-F2003_ASDHRa_AREF_range1_uv_to_vis.gif,D:\usgs_splib07\../GIFplots/GIFplots_splib07a/plots_by_wavelength_region/range2_visible_to_swir/splib07a_Flavone_SA-F2003_ASDHRa_AREF_range2_vis_to_swir.gif,D:\usgs_splib07\../GIFplots/GIFplots_splib07a/plots_by_wavelength_region/range3_swir/splib07a_Flavone_SA-F2003_ASDHRa_AREF_range3_swir.gif,,,D:\usgs_splib07\../GIFplots/GIFplots_splib07a/splib07a_Wavelengths_ASD_0.35-2.5_microns_2151_ch.gif,D:\usgs_splib07\../GIFplots/GIFplots_splib07a/splib07a_Bandpass_(FWHM)_ASDHR_High-Resolution.gif
Fluoranthene SA-423947       ASDHRa AREF,D:\usgs_splib07\../HTMLmetadata/Fluoranthene_SA-423947_ASDHRa_AREF.html,D:\usgs_splib07\../ASCIIdata/ASCIIdata_splib07a/ChapterO_OrganicCompounds/splib07a_Fluoranthene_SA-423947_ASDHRa_AREF.txt,,D:\usgs_splib07\../ASCIIdata/ASCIIdata_splib07a/splib07a_Wavelengths_ASD_0.35-2.5_microns_2151_ch.txt,D:\usgs_splib07\../ASCIIdata/ASCIIdata_splib07a/splib07a_Bandpass_(FWHM)_ASDHR_High-Resolution.txt,D:\usgs_splib07\../GIFplots/GIFplots_splib07a/ChapterO_OrganicCompounds/splib07a_Fluoranthene_SA-423947_ASDHRa_AREF.gif,D:\usgs_splib07\../GIFplots/GIFplots_splib07a/plots_by_wavelength_region/range1_uv_to_visible/splib07a_Fluoranthene_SA-423947_ASDHRa_AREF_range1_uv_to_vis.gif,D:\usgs_splib07\../GIFplots/GIFplots_splib07a/plots_by_wavelength_region/range2_visible_to_swir/splib07a_Fluoranthene_SA-423947_ASDHRa_AREF_range2_vis_to_swir.gif,D:\usgs_splib07\../GIFplots/GIFplots_splib07a/plots_by_wavelength_region/range3_swir/splib07a_Fluoranthene_SA-423947_ASDHRa_AREF_range3_swir.gif,,,D:\usgs_splib07\../GIFplots/GIFplots_splib07a/splib07a_Wavelengths_ASD_0.35-2.5_microns_2151_ch.gif,D:\usgs_splib07\../GIFplots/GIFplots_splib07a/splib07a_Bandpass_(FWHM)_ASDHR_High-Resolution.gif
Fluoranthene SA-423947       NIC4aa RREF,D:\usgs_splib07\../HTMLmetadata/Fluoranthene_SA-423947_NIC4aa_RREF.html,D:\usgs_splib07\../ASCIIdata/ASCIIdata_splib07a/ChapterO_OrganicCompounds/splib07a_Fluoranthene_SA-423947_NIC4aa_RREF.txt,,D:\usgs_splib07\../ASCIIdata/ASCIIdata_splib07a/splib07a_Wavelengths_NIC4_Nicolet_1.12-216microns.txt,D:\usgs_splib07\../ASCIIdata/ASCIIdata_splib07a/splib07a_Bandpass_(FWHM)_NIC4_Nicolet_in_microns.txt,D:\usgs_splib07\../GIFplots/GIFplots_splib07a/ChapterO_OrganicCompounds/splib07a_Fluoranthene_SA-423947_NIC4aa_RREF.gif,,D:\usgs_splib07\../GIFplots/GIFplots_splib07a/plots_by_wavelength_region/range2_visible_to_swir/splib07a_Fluoranthene_SA-423947_NIC4aa_RREF_range2_vis_to_swir.gif,D:\usgs_splib07\../GIFplots/GIFplots_splib07a/plots_by_wavelength_region/range3_swir/splib07a_Fluoranthene_SA-423947_NIC4aa_RREF_range3_swir.gif,D:\usgs_splib07\../GIFplots/GIFplots_splib07a/plots_by_wavelength_region/range4_swir_to_mir/splib07a_Fluoranthene_SA-423947_NIC4aa_RREF_range4_swir_to_mir.gif,D:\usgs_splib07\../GIFplots/GIFplots_splib07a/plots_by_wavelength_region/range5_swir_to_fir_wavenumber/splib07a_Fluoranthene_SA-423947_NIC4aa_RREF_range5_swir_to_fir_wavenumber.gif,D:\usgs_splib07\../GIFplots/GIFplots_splib07a/splib07a_Wavelengths_NIC4_Nicolet_1.12-216microns.gif,D:\usgs_splib07\../GIFplots/GIFplots_splib07a/splib07a_Bandpass_(FWHM)_NIC4_Nicolet_in_microns.gif
Flouranthene SA-423947 75K   ASDHRa AREF,D:\usgs_splib07\../HTMLmetadata/Flouranthene_SA-423947_75K_ASDHRa_AREF.html,D:\usgs_splib07\../ASCIIdata/ASCIIdata_splib07a/ChapterO_OrganicCompounds/splib07a_Flouranthene_SA-423947_75K_ASDHRa_AREF.txt,,D:\usgs_splib07\../ASCIIdata/ASCIIdata_splib07a/splib07a_Wavelengths_ASD_0.35-2.5_microns_2151_ch.txt,D:\usgs_splib07\../ASCIIdata/ASCIIdata_splib07a/splib07a_Bandpass_(FWHM)_ASDHR_High-Resolution.txt,D:\usgs_splib07\../GIFplots/GIFplots_splib07a/ChapterO_OrganicCompounds/splib07a_Flouranthene_SA-423947_75K_ASDHRa_AREF.gif,D:\usgs_splib07\../GIFplots/GIFplots_splib07a/plots_by_wavelength_region/range1_uv_to_visible/splib07a_Flouranthene_SA-423947_75K_ASDHRa_AREF_range1_uv_to_vis.gif,D:\usgs_splib07\../GIFplots/GIFplots_splib07a/plots_by_wavelength_region/range2_visible_to_swir/splib07a_Flouranthene_SA-423947_75K_ASDHRa_AREF_range2_vis_to_swir.gif,D:\usgs_splib07\../GIFplots/GIFplots_splib07a/plots_by_wavelength_region/range3_swir/splib07a_Flouranthene_SA-423947_75K_ASDHRa_AREF_range3_swir.gif,,,D:\usgs_splib07\../GIFplots/GIFplots_splib07a/splib07a_Wavelengths_ASD_0.35-2.5_microns_2151_ch.gif,D:\usgs_splib07\../GIFplots/GIFplots_splib07a/splib07a_Bandpass_(FWHM)_ASDHR_High-Resolution.gif
Fluoranthene SA-423947 85K   NIC4aa RREF,D:\usgs_splib07\../HTMLmetadata/Fluoranthene_SA-423947_85K_NIC4aa_RREF.html,D:\usgs_splib07\../ASCIIdata/ASCIIdata_splib07a/ChapterO_OrganicCompounds/splib07a_Fluoranthene_SA-423947_85K_NIC4aa_RREF.txt,,D:\usgs_splib07\../ASCIIdata/ASCIIdata_splib07a/splib07a_Wavelengths_NIC4_Nicolet_1.12-216microns.txt,D:\usgs_splib07\../ASCIIdata/ASCIIdata_splib07a/splib07a_Bandpass_(FWHM)_NIC4_Nicolet_in_microns.txt,D:\usgs_splib07\../GIFplots/GIFplots_splib07a/ChapterO_OrganicCompounds/splib07a_Fluoranthene_SA-423947_85K_NIC4aa_RREF.gif,,D:\usgs_splib07\../GIFplots/GIFplots_splib07a/plots_by_wavelength_region/range2_visible_to_swir/splib07a_Fluoranthene_SA-423947_85K_NIC4aa_RREF_range2_vis_to_swir.gif,D:\usgs_splib07\../GIFplots/GIFplots_splib07a/plots_by_wavelength_region/range3_swir/splib07a_Fluoranthene_SA-423947_85K_NIC4aa_RREF_range3_swir.gif,D:\usgs_splib07\../GIFplots/GIFplots_splib07a/plots_by_wavelength_region/range4_swir_to_mir/splib07a_Fluoranthene_SA-423947_85K_NIC4aa_RREF_range4_swir_to_mir.gif,D:\usgs_splib07\../GIFplots/GIFplots_splib07a/plots_by_wavelength_region/range5_swir_to_fir_wavenumber/splib07a_Fluoranthene_SA-423947_85K_NIC4aa_RREF_range5_swir_to_fir_wavenumber.gif,D:\usgs_splib07\../GIFplots/GIFplots_splib07a/splib07a_Wavelengths_NIC4_Nicolet_1.12-216microns.gif,D:\usgs_splib07\../GIFplots/GIFplots_splib07a/splib07a_Bandpass_(FWHM)_NIC4_Nicolet_in_microns.gif
Fluorene SA-128333           ASDHRa AREF,D:\usgs_splib07\../HTMLmetadata/Fluorene_SA-128333_ASDHRa_AREF.html,D:\usgs_splib07\../ASCIIdata/ASCIIdata_splib07a/ChapterO_OrganicCompounds/splib07a_Fluorene_SA-128333_ASDHRa_AREF.txt,,D:\usgs_splib07\../ASCIIdata/ASCIIdata_splib07a/splib07a_Wavelengths_ASD_0.35-2.5_microns_2151_ch.txt,D:\usgs_splib07\../ASCIIdata/ASCIIdata_splib07a/splib07a_Bandpass_(FWHM)_ASDHR_High-Resolution.txt,D:\usgs_splib07\../GIFplots/GIFplots_splib07a/ChapterO_OrganicCompounds/splib07a_Fluorene_SA-128333_ASDHRa_AREF.gif,D:\usgs_splib07\../GIFplots/GIFplots_splib07a/plots_by_wavelength_region/range1_uv_to_visible/splib07a_Fluorene_SA-128333_ASDHRa_AREF_range1_uv_to_vis.gif,D:\usgs_splib07\../GIFplots/GIFplots_splib07a/plots_by_wavelength_region/range2_visible_to_swir/splib07a_Fluorene_SA-128333_ASDHRa_AREF_range2_vis_to_swir.gif,D:\usgs_splib07\../GIFplots/GIFplots_splib07a/plots_by_wavelength_region/range3_swir/splib07a_Fluorene_SA-128333_ASDHRa_AREF_range3_swir.gif,,,D:\usgs_splib07\../GIFplots/GIFplots_splib07a/splib07a_Wavelengths_ASD_0.35-2.5_microns_2151_ch.gif,D:\usgs_splib07\../GIFplots/GIFplots_splib07a/splib07a_Bandpass_(FWHM)_ASDHR_High-Resolution.gif
Fluorene SA-128333           NIC4aa RREF,D:\usgs_splib07\../HTMLmetadata/Fluorene_SA-128333_NIC4aa_RREF.html,D:\usgs_splib07\../ASCIIdata/ASCIIdata_splib07a/ChapterO_OrganicCompounds/splib07a_Fluorene_SA-128333_NIC4aa_RREF.txt,,D:\usgs_splib07\../ASCIIdata/ASCIIdata_splib07a/splib07a_Wavelengths_NIC4_Nicolet_1.12-216microns.txt,D:\usgs_splib07\../ASCIIdata/ASCIIdata_splib07a/splib07a_Bandpass_(FWHM)_NIC4_Nicolet_in_microns.txt,D:\usgs_splib07\../GIFplots/GIFplots_splib07a/ChapterO_OrganicCompounds/splib07a_Fluorene_SA-128333_NIC4aa_RREF.gif,,D:\usgs_splib07\../GIFplots/GIFplots_splib07a/plots_by_wavelength_region/range2_visible_to_swir/splib07a_Fluorene_SA-128333_NIC4aa_RREF_range2_vis_to_swir.gif,D:\usgs_splib07\../GIFplots/GIFplots_splib07a/plots_by_wavelength_region/range3_swir/splib07a_Fluorene_SA-128333_NIC4aa_RREF_range3_swir.gif,D:\usgs_splib07\../GIFplots/GIFplots_splib07a/plots_by_wavelength_region/range4_swir_to_mir/splib07a_Fluorene_SA-128333_NIC4aa_RREF_range4_swir_to_mir.gif,D:\usgs_splib07\../GIFplots/GIFplots_splib07a/plots_by_wavelength_region/range5_swir_to_fir_wavenumber/splib07a_Fluorene_SA-128333_NIC4aa_RREF_range5_swir_to_fir_wavenumber.gif,D:\usgs_splib07\../GIFplots/GIFplots_splib07a/splib07a_Wavelengths_NIC4_Nicolet_1.12-216microns.gif,D:\usgs_splib07\../GIFplots/GIFplots_splib07a/splib07a_Bandpass_(FWHM)_NIC4_Nicolet_in_microns.gif
Fluorene SA-128333 75K       ASDHRa AREF,D:\usgs_splib07\../HTMLmetadata/Fluorene_SA-128333_75K_ASDHRa_AREF.html,D:\usgs_splib07\../ASCIIdata/ASCIIdata_splib07a/ChapterO_OrganicCompounds/splib07a_Fluorene_SA-128333_75K_ASDHRa_AREF.txt,,D:\usgs_splib07\../ASCIIdata/ASCIIdata_splib07a/splib07a_Wavelengths_ASD_0.35-2.5_microns_2151_ch.txt,D:\usgs_splib07\../ASCIIdata/ASCIIdata_splib07a/splib07a_Bandpass_(FWHM)_ASDHR_High-Resolution.txt,D:\usgs_splib07\../GIFplots/GIFplots_splib07a/ChapterO_OrganicCompounds/splib07a_Fluorene_SA-128333_75K_ASDHRa_AREF.gif,D:\usgs_splib07\../GIFplots/GIFplots_splib07a/plots_by_wavelength_region/range1_uv_to_visible/splib07a_Fluorene_SA-128333_75K_ASDHRa_AREF_range1_uv_to_vis.gif,D:\usgs_splib07\../GIFplots/GIFplots_splib07a/plots_by_wavelength_region/range2_visible_to_swir/splib07a_Fluorene_SA-128333_75K_ASDHRa_AREF_range2_vis_to_swir.gif,D:\usgs_splib07\../GIFplots/GIFplots_splib07a/plots_by_wavelength_region/range3_swir/splib07a_Fluorene_SA-128333_75K_ASDHRa_AREF_range3_swir.gif,,,D:\usgs_splib07\../GIFplots/GIFplots_splib07a/splib07a_Wavelengths_ASD_0.35-2.5_microns_2151_ch.gif,D:\usgs_splib07\../GIFplots/GIFplots_splib07a/splib07a_Bandpass_(FWHM)_ASDHR_High-Resolution.gif
Fluorene SA-128333 95K       NIC4aa RREF,D:\usgs_splib07\../HTMLmetadata/Fluorene_SA-128333_95K_NIC4aa_RREF.html,D:\usgs_splib07\../ASCIIdata/ASCIIdata_splib07a/ChapterO_OrganicCompounds/splib07a_Fluorene_SA-128333_95K_NIC4aa_RREF.txt,,D:\usgs_splib07\../ASCIIdata/ASCIIdata_splib07a/splib07a_Wavelengths_NIC4_Nicolet_1.12-216microns.txt,D:\usgs_splib07\../ASCIIdata/ASCIIdata_splib07a/splib07a_Bandpass_(FWHM)_NIC4_Nicolet_in_microns.txt,D:\usgs_splib07\../GIFplots/GIFplots_splib07a/ChapterO_OrganicCompounds/splib07a_Fluorene_SA-128333_95K_NIC4aa_RREF.gif,,D:\usgs_splib07\../GIFplots/GIFplots_splib07a/plots_by_wavelength_region/range2_visible_to_swir/splib07a_Fluorene_SA-128333_95K_NIC4aa_RREF_range2_vis_to_swir.gif,D:\usgs_splib07\../GIFplots/GIFplots_splib07a/plots_by_wavelength_region/range3_swir/splib07a_Fluorene_SA-128333_95K_NIC4aa_RREF_range3_swir.gif,D:\usgs_splib07\../GIFplots/GIFplots_splib07a/plots_by_wavelength_region/range4_swir_to_mir/splib07a_Fluorene_SA-128333_95K_NIC4aa_RREF_range4_swir_to_mir.gif,D:\usgs_splib07\../GIFplots/GIFplots_splib07a/plots_by_wavelength_region/range5_swir_to_fir_wavenumber/splib07a_Fluorene_SA-128333_95K_NIC4aa_RREF_range5_swir_to_fir_wavenumber.gif,D:\usgs_splib07\../GIFplots/GIFplots_splib07a/splib07a_Wavelengths_NIC4_Nicolet_1.12-216microns.gif,D:\usgs_splib07\../GIFplots/GIFplots_splib07a/splib07a_Bandpass_(FWHM)_NIC4_Nicolet_in_microns.gif
Gallic_Acid SA-G7384         ASDHRa AREF,D:\usgs_splib07\../HTMLmetadata/Gallic_Acid_SA-G7384_ASDHRa_AREF.html,D:\usgs_splib07\../ASCIIdata/ASCIIdata_splib07a/ChapterO_OrganicCompounds/splib07a_Gallic_Acid_SA-G7384_ASDHRa_AREF.txt,D:\usgs_splib07\../ASCIIdata/ASCIIdata_splib07a/errorbars/errorbars_for_splib07a_Gallic_Acid_SA-G7384_ASDHRa_AREF.txt,D:\usgs_splib07\../ASCIIdata/ASCIIdata_splib07a/splib07a_Wavelengths_ASD_0.35-2.5_microns_2151_ch.txt,D:\usgs_splib07\../ASCIIdata/ASCIIdata_splib07a/splib07a_Bandpass_(FWHM)_ASDHR_High-Resolution.txt,D:\usgs_splib07\../GIFplots/GIFplots_splib07a/ChapterO_OrganicCompounds/splib07a_Gallic_Acid_SA-G7384_ASDHRa_AREF.gif,D:\usgs_splib07\../GIFplots/GIFplots_splib07a/plots_by_wavelength_region/range1_uv_to_visible/splib07a_Gallic_Acid_SA-G7384_ASDHRa_AREF_range1_uv_to_vis.gif,D:\usgs_splib07\../GIFplots/GIFplots_splib07a/plots_by_wavelength_region/range2_visible_to_swir/splib07a_Gallic_Acid_SA-G7384_ASDHRa_AREF_range2_vis_to_swir.gif,D:\usgs_splib07\../GIFplots/GIFplots_splib07a/plots_by_wavelength_region/range3_swir/splib07a_Gallic_Acid_SA-G7384_ASDHRa_AREF_range3_swir.gif,,,D:\usgs_splib07\../GIFplots/GIFplots_splib07a/splib07a_Wavelengths_ASD_0.35-2.5_microns_2151_ch.gif,D:\usgs_splib07\../GIFplots/GIFplots_splib07a/splib07a_Bandpass_(FWHM)_ASDHR_High-Resolution.gif
Glucose SA-G8270             ASDHRa AREF,D:\usgs_splib07\../HTMLmetadata/Glucose_SA-G8270_ASDHRa_AREF.html,D:\usgs_splib07\../ASCIIdata/ASCIIdata_splib07a/ChapterO_OrganicCompounds/splib07a_Glucose_SA-G8270_ASDHRa_AREF.txt,D:\usgs_splib07\../ASCIIdata/ASCIIdata_splib07a/errorbars/errorbars_for_splib07a_Glucose_SA-G8270_ASDHRa_AREF.txt,D:\usgs_splib07\../ASCIIdata/ASCIIdata_splib07a/splib07a_Wavelengths_ASD_0.35-2.5_microns_2151_ch.txt,D:\usgs_splib07\../ASCIIdata/ASCIIdata_splib07a/splib07a_Bandpass_(FWHM)_ASDHR_High-Resolution.txt,D:\usgs_splib07\../GIFplots/GIFplots_splib07a/ChapterO_OrganicCompounds/splib07a_Glucose_SA-G8270_ASDHRa_AREF.gif,D:\usgs_splib07\../GIFplots/GIFplots_splib07a/plots_by_wavelength_region/range1_uv_to_visible/splib07a_Glucose_SA-G8270_ASDHRa_AREF_range1_uv_to_vis.gif,D:\usgs_splib07\../GIFplots/GIFplots_splib07a/plots_by_wavelength_region/range2_visible_to_swir/splib07a_Glucose_SA-G8270_ASDHRa_AREF_range2_vis_to_swir.gif,D:\usgs_splib07\../GIFplots/GIFplots_splib07a/plots_by_wavelength_region/range3_swir/splib07a_Glucose_SA-G8270_ASDHRa_AREF_range3_swir.gif,,,D:\usgs_splib07\../GIFplots/GIFplots_splib07a/splib07a_Wavelengths_ASD_0.35-2.5_microns_2151_ch.gif,D:\usgs_splib07\../GIFplots/GIFplots_splib07a/splib07a_Bandpass_(FWHM)_ASDHR_High-Resolution.gif
L-Glutamine NF               ASDHRb AREF,D:\usgs_splib07\../HTMLmetadata/L-Glutamine_NF_ASDHRb_AREF.html,D:\usgs_splib07\../ASCIIdata/ASCIIdata_splib07a/ChapterO_OrganicCompounds/splib07a_L-Glutamine_NF_ASDHRb_AREF.txt,,D:\usgs_splib07\../ASCIIdata/ASCIIdata_splib07a/splib07a_Wavelengths_ASD_0.35-2.5_microns_2151_ch.txt,D:\usgs_splib07\../ASCIIdata/ASCIIdata_splib07a/splib07a_Bandpass_(FWHM)_ASDHR_High-Resolution.txt,D:\usgs_splib07\../GIFplots/GIFplots_splib07a/ChapterO_OrganicCompounds/splib07a_L-Glutamine_NF_ASDHRb_AREF.gif,D:\usgs_splib07\../GIFplots/GIFplots_splib07a/plots_by_wavelength_region/range1_uv_to_visible/splib07a_L-Glutamine_NF_ASDHRb_AREF_range1_uv_to_vis.gif,D:\usgs_splib07\../GIFplots/GIFplots_splib07a/plots_by_wavelength_region/range2_visible_to_swir/splib07a_L-Glutamine_NF_ASDHRb_AREF_range2_vis_to_swir.gif,D:\usgs_splib07\../GIFplots/GIFplots_splib07a/plots_by_wavelength_region/range3_swir/splib07a_L-Glutamine_NF_ASDHRb_AREF_range3_swir.gif,,,D:\usgs_splib07\../GIFplots/GIFplots_splib07a/splib07a_Wavelengths_ASD_0.35-2.5_microns_2151_ch.gif,D:\usgs_splib07\../GIFplots/GIFplots_splib07a/splib07a_Bandpass_(FWHM)_ASDHR_High-Resolution.gif
L-Glutamine NF               NIC4bb RREF,D:\usgs_splib07\../HTMLmetadata/L-Glutamine_NF_NIC4bb_RREF.html,D:\usgs_splib07\../ASCIIdata/ASCIIdata_splib07a/ChapterO_OrganicCompounds/splib07a_L-Glutamine_NF_NIC4bb_RREF.txt,,D:\usgs_splib07\../ASCIIdata/ASCIIdata_splib07a/splib07a_Wavelengths_NIC4_Nicolet_1.12-216microns.txt,D:\usgs_splib07\../ASCIIdata/ASCIIdata_splib07a/splib07a_Bandpass_(FWHM)_NIC4_Nicolet_in_microns.txt,D:\usgs_splib07\../GIFplots/GIFplots_splib07a/ChapterO_OrganicCompounds/splib07a_L-Glutamine_NF_NIC4bb_RREF.gif,,D:\usgs_splib07\../GIFplots/GIFplots_splib07a/plots_by_wavelength_region/range2_visible_to_swir/splib07a_L-Glutamine_NF_NIC4bb_RREF_range2_vis_to_swir.gif,D:\usgs_splib07\../GIFplots/GIFplots_splib07a/plots_by_wavelength_region/range3_swir/splib07a_L-Glutamine_NF_NIC4bb_RREF_range3_swir.gif,D:\usgs_splib07\../GIFplots/GIFplots_splib07a/plots_by_wavelength_region/range4_swir_to_mir/splib07a_L-Glutamine_NF_NIC4bb_RREF_range4_swir_to_mir.gif,D:\usgs_splib07\../GIFplots/GIFplots_splib07a/plots_by_wavelength_region/range5_swir_to_fir_wavenumber/splib07a_L-Glutamine_NF_NIC4bb_RREF_range5_swir_to_fir_wavenumber.gif,D:\usgs_splib07\../GIFplots/GIFplots_splib07a/splib07a_Wavelengths_NIC4_Nicolet_1.12-216microns.gif,D:\usgs_splib07\../GIFplots/GIFplots_splib07a/splib07a_Bandpass_(FWHM)_NIC4_Nicolet_in_microns.gif
L-Glutamine NF 85K           NIC4bb RREF,D:\usgs_splib07\../HTMLmetadata/L-Glutamine_NF_85K_NIC4bb_RREF.html,D:\usgs_splib07\../ASCIIdata/ASCIIdata_splib07a/ChapterO_OrganicCompounds/splib07a_L-Glutamine_NF_85K_NIC4bb_RREF.txt,,D:\usgs_splib07\../ASCIIdata/ASCIIdata_splib07a/splib07a_Wavelengths_NIC4_Nicolet_1.12-216microns.txt,D:\usgs_splib07\../ASCIIdata/ASCIIdata_splib07a/splib07a_Bandpass_(FWHM)_NIC4_Nicolet_in_microns.txt,D:\usgs_splib07\../GIFplots/GIFplots_splib07a/ChapterO_OrganicCompounds/splib07a_L-Glutamine_NF_85K_NIC4bb_RREF.gif,,D:\usgs_splib07\../GIFplots/GIFplots_splib07a/plots_by_wavelength_region/range2_visible_to_swir/splib07a_L-Glutamine_NF_85K_NIC4bb_RREF_range2_vis_to_swir.gif,D:\usgs_splib07\../GIFplots/GIFplots_splib07a/plots_by_wavelength_region/range3_swir/splib07a_L-Glutamine_NF_85K_NIC4bb_RREF_range3_swir.gif,D:\usgs_splib07\../GIFplots/GIFplots_splib07a/plots_by_wavelength_region/range4_swir_to_mir/splib07a_L-Glutamine_NF_85K_NIC4bb_RREF_range4_swir_to_mir.gif,D:\usgs_splib07\../GIFplots/GIFplots_splib07a/plots_by_wavelength_region/range5_swir_to_fir_wavenumber/splib07a_L-Glutamine_NF_85K_NIC4bb_RREF_range5_swir_to_fir_wavenumber.gif,D:\usgs_splib07\../GIFplots/GIFplots_splib07a/splib07a_Wavelengths_NIC4_Nicolet_1.12-216microns.gif,D:\usgs_splib07\../GIFplots/GIFplots_splib07a/splib07a_Bandpass_(FWHM)_NIC4_Nicolet_in_microns.gif
Glycine SA-G7126             ASDHRb AREF,D:\usgs_splib07\../HTMLmetadata/Glycine_SA-G7126_ASDHRb_AREF.html,D:\usgs_splib07\../ASCIIdata/ASCIIdata_splib07a/ChapterO_OrganicCompounds/splib07a_Glycine_SA-G7126_ASDHRb_AREF.txt,,D:\usgs_splib07\../ASCIIdata/ASCIIdata_splib07a/splib07a_Wavelengths_ASD_0.35-2.5_microns_2151_ch.txt,D:\usgs_splib07\../ASCIIdata/ASCIIdata_splib07a/splib07a_Bandpass_(FWHM)_ASDHR_High-Resolution.txt,D:\usgs_splib07\../GIFplots/GIFplots_splib07a/ChapterO_OrganicCompounds/splib07a_Glycine_SA-G7126_ASDHRb_AREF.gif,D:\usgs_splib07\../GIFplots/GIFplots_splib07a/plots_by_wavelength_region/range1_uv_to_visible/splib07a_Glycine_SA-G7126_ASDHRb_AREF_range1_uv_to_vis.gif,D:\usgs_splib07\../GIFplots/GIFplots_splib07a/plots_by_wavelength_region/range2_visible_to_swir/splib07a_Glycine_SA-G7126_ASDHRb_AREF_range2_vis_to_swir.gif,D:\usgs_splib07\../GIFplots/GIFplots_splib07a/plots_by_wavelength_region/range3_swir/splib07a_Glycine_SA-G7126_ASDHRb_AREF_range3_swir.gif,,,D:\usgs_splib07\../GIFplots/GIFplots_splib07a/splib07a_Wavelengths_ASD_0.35-2.5_microns_2151_ch.gif,D:\usgs_splib07\../GIFplots/GIFplots_splib07a/splib07a_Bandpass_(FWHM)_ASDHR_High-Resolution.gif
Glycine SA-G7126             NIC4bb RREF,D:\usgs_splib07\../HTMLmetadata/Glycine_SA-G7126_NIC4bb_RREF.html,D:\usgs_splib07\../ASCIIdata/ASCIIdata_splib07a/ChapterO_OrganicCompounds/splib07a_Glycine_SA-G7126_NIC4bb_RREF.txt,,D:\usgs_splib07\../ASCIIdata/ASCIIdata_splib07a/splib07a_Wavelengths_NIC4_Nicolet_1.12-216microns.txt,D:\usgs_splib07\../ASCIIdata/ASCIIdata_splib07a/splib07a_Bandpass_(FWHM)_NIC4_Nicolet_in_microns.txt,D:\usgs_splib07\../GIFplots/GIFplots_splib07a/ChapterO_OrganicCompounds/splib07a_Glycine_SA-G7126_NIC4bb_RREF.gif,,D:\usgs_splib07\../GIFplots/GIFplots_splib07a/plots_by_wavelength_region/range2_visible_to_swir/splib07a_Glycine_SA-G7126_NIC4bb_RREF_range2_vis_to_swir.gif,D:\usgs_splib07\../GIFplots/GIFplots_splib07a/plots_by_wavelength_region/range3_swir/splib07a_Glycine_SA-G7126_NIC4bb_RREF_range3_swir.gif,D:\usgs_splib07\../GIFplots/GIFplots_splib07a/plots_by_wavelength_region/range4_swir_to_mir/splib07a_Glycine_SA-G7126_NIC4bb_RREF_range4_swir_to_mir.gif,D:\usgs_splib07\../GIFplots/GIFplots_splib07a/plots_by_wavelength_region/range5_swir_to_fir_wavenumber/splib07a_Glycine_SA-G7126_NIC4bb_RREF_range5_swir_to_fir_wavenumber.gif,D:\usgs_splib07\../GIFplots/GIFplots_splib07a/splib07a_Wavelengths_NIC4_Nicolet_1.12-216microns.gif,D:\usgs_splib07\../GIFplots/GIFplots_splib07a/splib07a_Bandpass_(FWHM)_NIC4_Nicolet_in_microns.gif
Glycine SA-G7126 85K         NIC4bb RREF,D:\usgs_splib07\../HTMLmetadata/Glycine_SA-G7126_85K_NIC4bb_RREF.html,D:\usgs_splib07\../ASCIIdata/ASCIIdata_splib07a/ChapterO_OrganicCompounds/splib07a_Glycine_SA-G7126_85K_NIC4bb_RREF.txt,,D:\usgs_splib07\../ASCIIdata/ASCIIdata_splib07a/splib07a_Wavelengths_NIC4_Nicolet_1.12-216microns.txt,D:\usgs_splib07\../ASCIIdata/ASCIIdata_splib07a/splib07a_Bandpass_(FWHM)_NIC4_Nicolet_in_microns.txt,D:\usgs_splib07\../GIFplots/GIFplots_splib07a/ChapterO_OrganicCompounds/splib07a_Glycine_SA-G7126_85K_NIC4bb_RREF.gif,,D:\usgs_splib07\../GIFplots/GIFplots_splib07a/plots_by_wavelength_region/range2_visible_to_swir/splib07a_Glycine_SA-G7126_85K_NIC4bb_RREF_range2_vis_to_swir.gif,D:\usgs_splib07\../GIFplots/GIFplots_splib07a/plots_by_wavelength_region/range3_swir/splib07a_Glycine_SA-G7126_85K_NIC4bb_RREF_range3_swir.gif,D:\usgs_splib07\../GIFplots/GIFplots_splib07a/plots_by_wavelength_region/range4_swir_to_mir/splib07a_Glycine_SA-G7126_85K_NIC4bb_RREF_range4_swir_to_mir.gif,D:\usgs_splib07\../GIFplots/GIFplots_splib07a/plots_by_wavelength_region/range5_swir_to_fir_wavenumber/splib07a_Glycine_SA-G7126_85K_NIC4bb_RREF_range5_swir_to_fir_wavenumber.gif,D:\usgs_splib07\../GIFplots/GIFplots_splib07a/splib07a_Wavelengths_NIC4_Nicolet_1.12-216microns.gif,D:\usgs_splib07\../GIFplots/GIFplots_splib07a/splib07a_Bandpass_(FWHM)_NIC4_Nicolet_in_microns.gif
Guanine SA-G11950            ASDHRa AREF,D:\usgs_splib07\../HTMLmetadata/Guanine_SA-G11950_ASDHRa_AREF.html,D:\usgs_splib07\../ASCIIdata/ASCIIdata_splib07a/ChapterO_OrganicCompounds/splib07a_Guanine_SA-G11950_ASDHRa_AREF.txt,,D:\usgs_splib07\../ASCIIdata/ASCIIdata_splib07a/splib07a_Wavelengths_ASD_0.35-2.5_microns_2151_ch.txt,D:\usgs_splib07\../ASCIIdata/ASCIIdata_splib07a/splib07a_Bandpass_(FWHM)_ASDHR_High-Resolution.txt,D:\usgs_splib07\../GIFplots/GIFplots_splib07a/ChapterO_OrganicCompounds/splib07a_Guanine_SA-G11950_ASDHRa_AREF.gif,D:\usgs_splib07\../GIFplots/GIFplots_splib07a/plots_by_wavelength_region/range1_uv_to_visible/splib07a_Guanine_SA-G11950_ASDHRa_AREF_range1_uv_to_vis.gif,D:\usgs_splib07\../GIFplots/GIFplots_splib07a/plots_by_wavelength_region/range2_visible_to_swir/splib07a_Guanine_SA-G11950_ASDHRa_AREF_range2_vis_to_swir.gif,D:\usgs_splib07\../GIFplots/GIFplots_splib07a/plots_by_wavelength_region/range3_swir/splib07a_Guanine_SA-G11950_ASDHRa_AREF_range3_swir.gif,,,D:\usgs_splib07\../GIFplots/GIFplots_splib07a/splib07a_Wavelengths_ASD_0.35-2.5_microns_2151_ch.gif,D:\usgs_splib07\../GIFplots/GIFplots_splib07a/splib07a_Bandpass_(FWHM)_ASDHR_High-Resolution.gif
Guanine SA-G11950            NIC4aa RREF,D:\usgs_splib07\../HTMLmetadata/Guanine_SA-G11950_NIC4aa_RREF.html,D:\usgs_splib07\../ASCIIdata/ASCIIdata_splib07a/ChapterO_OrganicCompounds/splib07a_Guanine_SA-G11950_NIC4aa_RREF.txt,,D:\usgs_splib07\../ASCIIdata/ASCIIdata_splib07a/splib07a_Wavelengths_NIC4_Nicolet_1.12-216microns.txt,D:\usgs_splib07\../ASCIIdata/ASCIIdata_splib07a/splib07a_Bandpass_(FWHM)_NIC4_Nicolet_in_microns.txt,D:\usgs_splib07\../GIFplots/GIFplots_splib07a/ChapterO_OrganicCompounds/splib07a_Guanine_SA-G11950_NIC4aa_RREF.gif,,D:\usgs_splib07\../GIFplots/GIFplots_splib07a/plots_by_wavelength_region/range2_visible_to_swir/splib07a_Guanine_SA-G11950_NIC4aa_RREF_range2_vis_to_swir.gif,D:\usgs_splib07\../GIFplots/GIFplots_splib07a/plots_by_wavelength_region/range3_swir/splib07a_Guanine_SA-G11950_NIC4aa_RREF_range3_swir.gif,D:\usgs_splib07\../GIFplots/GIFplots_splib07a/plots_by_wavelength_region/range4_swir_to_mir/splib07a_Guanine_SA-G11950_NIC4aa_RREF_range4_swir_to_mir.gif,D:\usgs_splib07\../GIFplots/GIFplots_splib07a/plots_by_wavelength_region/range5_swir_to_fir_wavenumber/splib07a_Guanine_SA-G11950_NIC4aa_RREF_range5_swir_to_fir_wavenumber.gif,D:\usgs_splib07\../GIFplots/GIFplots_splib07a/splib07a_Wavelengths_NIC4_Nicolet_1.12-216microns.gif,D:\usgs_splib07\../GIFplots/GIFplots_splib07a/splib07a_Bandpass_(FWHM)_NIC4_Nicolet_in_microns.gif
Guanine SA-G11950 75K        ASDHRa AREF,D:\usgs_splib07\../HTMLmetadata/Guanine_SA-G11950_75K_ASDHRa_AREF.html,D:\usgs_splib07\../ASCIIdata/ASCIIdata_splib07a/ChapterO_OrganicCompounds/splib07a_Guanine_SA-G11950_75K_ASDHRa_AREF.txt,,D:\usgs_splib07\../ASCIIdata/ASCIIdata_splib07a/splib07a_Wavelengths_ASD_0.35-2.5_microns_2151_ch.txt,D:\usgs_splib07\../ASCIIdata/ASCIIdata_splib07a/splib07a_Bandpass_(FWHM)_ASDHR_High-Resolution.txt,D:\usgs_splib07\../GIFplots/GIFplots_splib07a/ChapterO_OrganicCompounds/splib07a_Guanine_SA-G11950_75K_ASDHRa_AREF.gif,D:\usgs_splib07\../GIFplots/GIFplots_splib07a/plots_by_wavelength_region/range1_uv_to_visible/splib07a_Guanine_SA-G11950_75K_ASDHRa_AREF_range1_uv_to_vis.gif,D:\usgs_splib07\../GIFplots/GIFplots_splib07a/plots_by_wavelength_region/range2_visible_to_swir/splib07a_Guanine_SA-G11950_75K_ASDHRa_AREF_range2_vis_to_swir.gif,D:\usgs_splib07\../GIFplots/GIFplots_splib07a/plots_by_wavelength_region/range3_swir/splib07a_Guanine_SA-G11950_75K_ASDHRa_AREF_range3_swir.gif,,,D:\usgs_splib07\../GIFplots/GIFplots_splib07a/splib07a_Wavelengths_ASD_0.35-2.5_microns_2151_ch.gif,D:\usgs_splib07\../GIFplots/GIFplots_splib07a/splib07a_Bandpass_(FWHM)_ASDHR_High-Resolution.gif
Guanine SA-G11950 85K        NIC4aa RREF,D:\usgs_splib07\../HTMLmetadata/Guanine_SA-G11950_85K_NIC4aa_RREF.html,D:\usgs_splib07\../ASCIIdata/ASCIIdata_splib07a/ChapterO_OrganicCompounds/splib07a_Guanine_SA-G11950_85K_NIC4aa_RREF.txt,,D:\usgs_splib07\../ASCIIdata/ASCIIdata_splib07a/splib07a_Wavelengths_NIC4_Nicolet_1.12-216microns.txt,D:\usgs_splib07\../ASCIIdata/ASCIIdata_splib07a/splib07a_Bandpass_(FWHM)_NIC4_Nicolet_in_microns.txt,D:\usgs_splib07\../GIFplots/GIFplots_splib07a/ChapterO_OrganicCompounds/splib07a_Guanine_SA-G11950_85K_NIC4aa_RREF.gif,,D:\usgs_splib07\../GIFplots/GIFplots_splib07a/plots_by_wavelength_region/range2_visible_to_swir/splib07a_Guanine_SA-G11950_85K_NIC4aa_RREF_range2_vis_to_swir.gif,D:\usgs_splib07\../GIFplots/GIFplots_splib07a/plots_by_wavelength_region/range3_swir/splib07a_Guanine_SA-G11950_85K_NIC4aa_RREF_range3_swir.gif,D:\usgs_splib07\../GIFplots/GIFplots_splib07a/plots_by_wavelength_region/range4_swir_to_mir/splib07a_Guanine_SA-G11950_85K_NIC4aa_RREF_range4_swir_to_mir.gif,D:\usgs_splib07\../GIFplots/GIFplots_splib07a/plots_by_wavelength_region/range5_swir_to_fir_wavenumber/splib07a_Guanine_SA-G11950_85K_NIC4aa_RREF_range5_swir_to_fir_wavenumber.gif,D:\usgs_splib07\../GIFplots/GIFplots_splib07a/splib07a_Wavelengths_NIC4_Nicolet_1.12-216microns.gif,D:\usgs_splib07\../GIFplots/GIFplots_splib07a/splib07a_Bandpass_(FWHM)_NIC4_Nicolet_in_microns.gif
Heptane SA-H2198 MedFrost85K ASDFRa AREF,D:\usgs_splib07\../HTMLmetadata/Heptane_SA-H2198_MedFrost85K_ASDFRa_AREF.html,D:\usgs_splib07\../ASCIIdata/ASCIIdata_splib07a/ChapterO_OrganicCompounds/splib07a_Heptane_SA-H2198_MedFrost85K_ASDFRa_AREF.txt,D:\usgs_splib07\../ASCIIdata/ASCIIdata_splib07a/errorbars/errorbars_for_splib07a_Heptane_SA-H2198_MedFrost85K_ASDFRa_AREF.txt,D:\usgs_splib07\../ASCIIdata/ASCIIdata_splib07a/splib07a_Wavelengths_ASD_0.35-2.5_microns_2151_ch.txt,D:\usgs_splib07\../ASCIIdata/ASCIIdata_splib07a/splib07a_Bandpass_(FWHM)_ASDFR_StandardResolution.txt,D:\usgs_splib07\../GIFplots/GIFplots_splib07a/ChapterO_OrganicCompounds/splib07a_Heptane_SA-H2198_MedFrost85K_ASDFRa_AREF.gif,D:\usgs_splib07\../GIFplots/GIFplots_splib07a/plots_by_wavelength_region/range1_uv_to_visible/splib07a_Heptane_SA-H2198_MedFrost85K_ASDFRa_AREF_range1_uv_to_vis.gif,D:\usgs_splib07\../GIFplots/GIFplots_splib07a/plots_by_wavelength_region/range2_visible_to_swir/splib07a_Heptane_SA-H2198_MedFrost85K_ASDFRa_AREF_range2_vis_to_swir.gif,D:\usgs_splib07\../GIFplots/GIFplots_splib07a/plots_by_wavelength_region/range3_swir/splib07a_Heptane_SA-H2198_MedFrost85K_ASDFRa_AREF_range3_swir.gif,,,D:\usgs_splib07\../GIFplots/GIFplots_splib07a/splib07a_Wavelengths_ASD_0.35-2.5_microns_2151_ch.gif,D:\usgs_splib07\../GIFplots/GIFplots_splib07a/splib07a_Bandpass_(FWHM)_ASDFR_StandardResolution.gif
Heptane SA-H2198 MedGrn 92K  NIC4aa RREF,D:\usgs_splib07\../HTMLmetadata/Heptane_SA-H2198_MedGrn_92K_NIC4aa_RREF.html,D:\usgs_splib07\../ASCIIdata/ASCIIdata_splib07a/ChapterO_OrganicCompounds/splib07a_Heptane_SA-H2198_MedGrn_92K_NIC4aa_RREF.txt,,D:\usgs_splib07\../ASCIIdata/ASCIIdata_splib07a/splib07a_Wavelengths_NIC4_Nicolet_1.12-216microns.txt,D:\usgs_splib07\../ASCIIdata/ASCIIdata_splib07a/splib07a_Bandpass_(FWHM)_NIC4_Nicolet_in_microns.txt,D:\usgs_splib07\../GIFplots/GIFplots_splib07a/ChapterO_OrganicCompounds/splib07a_Heptane_SA-H2198_MedGrn_92K_NIC4aa_RREF.gif,,D:\usgs_splib07\../GIFplots/GIFplots_splib07a/plots_by_wavelength_region/range2_visible_to_swir/splib07a_Heptane_SA-H2198_MedGrn_92K_NIC4aa_RREF_range2_vis_to_swir.gif,D:\usgs_splib07\../GIFplots/GIFplots_splib07a/plots_by_wavelength_region/range3_swir/splib07a_Heptane_SA-H2198_MedGrn_92K_NIC4aa_RREF_range3_swir.gif,D:\usgs_splib07\../GIFplots/GIFplots_splib07a/plots_by_wavelength_region/range4_swir_to_mir/splib07a_Heptane_SA-H2198_MedGrn_92K_NIC4aa_RREF_range4_swir_to_mir.gif,D:\usgs_splib07\../GIFplots/GIFplots_splib07a/plots_by_wavelength_region/range5_swir_to_fir_wavenumber/splib07a_Heptane_SA-H2198_MedGrn_92K_NIC4aa_RREF_range5_swir_to_fir_wavenumber.gif,D:\usgs_splib07\../GIFplots/GIFplots_splib07a/splib07a_Wavelengths_NIC4_Nicolet_1.12-216microns.gif,D:\usgs_splib07\../GIFplots/GIFplots_splib07a/splib07a_Bandpass_(FWHM)_NIC4_Nicolet_in_microns.gif
Hexane SA-139386 CrsFrost85K ASDFRa AREF,D:\usgs_splib07\../HTMLmetadata/Hexane_SA-139386_CrsFrost85K_ASDFRa_AREF.html,D:\usgs_splib07\../ASCIIdata/ASCIIdata_splib07a/ChapterO_OrganicCompounds/splib07a_Hexane_SA-139386_CrsFrost85K_ASDFRa_AREF.txt,D:\usgs_splib07\../ASCIIdata/ASCIIdata_splib07a/errorbars/errorbars_for_splib07a_Hexane_SA-139386_CrsFrost85K_ASDFRa_AREF.txt,D:\usgs_splib07\../ASCIIdata/ASCIIdata_splib07a/splib07a_Wavelengths_ASD_0.35-2.5_microns_2151_ch.txt,D:\usgs_splib07\../ASCIIdata/ASCIIdata_splib07a/splib07a_Bandpass_(FWHM)_ASDFR_StandardResolution.txt,D:\usgs_splib07\../GIFplots/GIFplots_splib07a/ChapterO_OrganicCompounds/splib07a_Hexane_SA-139386_CrsFrost85K_ASDFRa_AREF.gif,D:\usgs_splib07\../GIFplots/GIFplots_splib07a/plots_by_wavelength_region/range1_uv_to_visible/splib07a_Hexane_SA-139386_CrsFrost85K_ASDFRa_AREF_range1_uv_to_vis.gif,D:\usgs_splib07\../GIFplots/GIFplots_splib07a/plots_by_wavelength_region/range2_visible_to_swir/splib07a_Hexane_SA-139386_CrsFrost85K_ASDFRa_AREF_range2_vis_to_swir.gif,D:\usgs_splib07\../GIFplots/GIFplots_splib07a/plots_by_wavelength_region/range3_swir/splib07a_Hexane_SA-139386_CrsFrost85K_ASDFRa_AREF_range3_swir.gif,,,D:\usgs_splib07\../GIFplots/GIFplots_splib07a/splib07a_Wavelengths_ASD_0.35-2.5_microns_2151_ch.gif,D:\usgs_splib07\../GIFplots/GIFplots_splib07a/splib07a_Bandpass_(FWHM)_ASDFR_StandardResolution.gif
Hexane SA-139386 MedFrst87K  NIC4aa RREF,D:\usgs_splib07\../HTMLmetadata/Hexane_SA-139386_MedFrst87K_NIC4aa_RREF.html,D:\usgs_splib07\../ASCIIdata/ASCIIdata_splib07a/ChapterO_OrganicCompounds/splib07a_Hexane_SA-139386_MedFrst87K_NIC4aa_RREF.txt,,D:\usgs_splib07\../ASCIIdata/ASCIIdata_splib07a/splib07a_Wavelengths_NIC4_Nicolet_1.12-216microns.txt,D:\usgs_splib07\../ASCIIdata/ASCIIdata_splib07a/splib07a_Bandpass_(FWHM)_NIC4_Nicolet_in_microns.txt,D:\usgs_splib07\../GIFplots/GIFplots_splib07a/ChapterO_OrganicCompounds/splib07a_Hexane_SA-139386_MedFrst87K_NIC4aa_RREF.gif,,D:\usgs_splib07\../GIFplots/GIFplots_splib07a/plots_by_wavelength_region/range2_visible_to_swir/splib07a_Hexane_SA-139386_MedFrst87K_NIC4aa_RREF_range2_vis_to_swir.gif,D:\usgs_splib07\../GIFplots/GIFplots_splib07a/plots_by_wavelength_region/range3_swir/splib07a_Hexane_SA-139386_MedFrst87K_NIC4aa_RREF_range3_swir.gif,D:\usgs_splib07\../GIFplots/GIFplots_splib07a/plots_by_wavelength_region/range4_swir_to_mir/splib07a_Hexane_SA-139386_MedFrst87K_NIC4aa_RREF_range4_swir_to_mir.gif,D:\usgs_splib07\../GIFplots/GIFplots_splib07a/plots_by_wavelength_region/range5_swir_to_fir_wavenumber/splib07a_Hexane_SA-139386_MedFrst87K_NIC4aa_RREF_range5_swir_to_fir_wavenumber.gif,D:\usgs_splib07\../GIFplots/GIFplots_splib07a/splib07a_Wavelengths_NIC4_Nicolet_1.12-216microns.gif,D:\usgs_splib07\../GIFplots/GIFplots_splib07a/splib07a_Bandpass_(FWHM)_NIC4_Nicolet_in_microns.gif
Hexatriacontane H12552 290K  NIC4aa RREF,D:\usgs_splib07\../HTMLmetadata/Hexatriacontane_H12552_290K_NIC4aa_RREF.html,D:\usgs_splib07\../ASCIIdata/ASCIIdata_splib07a/ChapterO_OrganicCompounds/splib07a_Hexatriacontane_H12552_290K_NIC4aa_RREF.txt,,D:\usgs_splib07\../ASCIIdata/ASCIIdata_splib07a/splib07a_Wavelengths_NIC4_Nicolet_1.12-216microns.txt,D:\usgs_splib07\../ASCIIdata/ASCIIdata_splib07a/splib07a_Bandpass_(FWHM)_NIC4_Nicolet_in_microns.txt,D:\usgs_splib07\../GIFplots/GIFplots_splib07a/ChapterO_OrganicCompounds/splib07a_Hexatriacontane_H12552_290K_NIC4aa_RREF.gif,,D:\usgs_splib07\../GIFplots/GIFplots_splib07a/plots_by_wavelength_region/range2_visible_to_swir/splib07a_Hexatriacontane_H12552_290K_NIC4aa_RREF_range2_vis_to_swir.gif,D:\usgs_splib07\../GIFplots/GIFplots_splib07a/plots_by_wavelength_region/range3_swir/splib07a_Hexatriacontane_H12552_290K_NIC4aa_RREF_range3_swir.gif,D:\usgs_splib07\../GIFplots/GIFplots_splib07a/plots_by_wavelength_region/range4_swir_to_mir/splib07a_Hexatriacontane_H12552_290K_NIC4aa_RREF_range4_swir_to_mir.gif,D:\usgs_splib07\../GIFplots/GIFplots_splib07a/plots_by_wavelength_region/range5_swir_to_fir_wavenumber/splib07a_Hexatriacontane_H12552_290K_NIC4aa_RREF_range5_swir_to_fir_wavenumber.gif,D:\usgs_splib07\../GIFplots/GIFplots_splib07a/splib07a_Wavelengths_NIC4_Nicolet_1.12-216microns.gif,D:\usgs_splib07\../GIFplots/GIFplots_splib07a/splib07a_Bandpass_(FWHM)_NIC4_Nicolet_in_microns.gif
L-Histidine SA-H8000         ASDHRa AREF,D:\usgs_splib07\../HTMLmetadata/L-Histidine_SA-H8000_ASDHRa_AREF.html,D:\usgs_splib07\../ASCIIdata/ASCIIdata_splib07a/ChapterO_OrganicCompounds/splib07a_L-Histidine_SA-H8000_ASDHRa_AREF.txt,,D:\usgs_splib07\../ASCIIdata/ASCIIdata_splib07a/splib07a_Wavelengths_ASD_0.35-2.5_microns_2151_ch.txt,D:\usgs_splib07\../ASCIIdata/ASCIIdata_splib07a/splib07a_Bandpass_(FWHM)_ASDHR_High-Resolution.txt,D:\usgs_splib07\../GIFplots/GIFplots_splib07a/ChapterO_OrganicCompounds/splib07a_L-Histidine_SA-H8000_ASDHRa_AREF.gif,D:\usgs_splib07\../GIFplots/GIFplots_splib07a/plots_by_wavelength_region/range1_uv_to_visible/splib07a_L-Histidine_SA-H8000_ASDHRa_AREF_range1_uv_to_vis.gif,D:\usgs_splib07\../GIFplots/GIFplots_splib07a/plots_by_wavelength_region/range2_visible_to_swir/splib07a_L-Histidine_SA-H8000_ASDHRa_AREF_range2_vis_to_swir.gif,D:\usgs_splib07\../GIFplots/GIFplots_splib07a/plots_by_wavelength_region/range3_swir/splib07a_L-Histidine_SA-H8000_ASDHRa_AREF_range3_swir.gif,,,D:\usgs_splib07\../GIFplots/GIFplots_splib07a/splib07a_Wavelengths_ASD_0.35-2.5_microns_2151_ch.gif,D:\usgs_splib07\../GIFplots/GIFplots_splib07a/splib07a_Bandpass_(FWHM)_ASDHR_High-Resolution.gif
L-Histidine SA-H8000         NIC4aa RREF,D:\usgs_splib07\../HTMLmetadata/L-Histidine_SA-H8000_NIC4aa_RREF.html,D:\usgs_splib07\../ASCIIdata/ASCIIdata_splib07a/ChapterO_OrganicCompounds/splib07a_L-Histidine_SA-H8000_NIC4aa_RREF.txt,,D:\usgs_splib07\../ASCIIdata/ASCIIdata_splib07a/splib07a_Wavelengths_NIC4_Nicolet_1.12-216microns.txt,D:\usgs_splib07\../ASCIIdata/ASCIIdata_splib07a/splib07a_Bandpass_(FWHM)_NIC4_Nicolet_in_microns.txt,D:\usgs_splib07\../GIFplots/GIFplots_splib07a/ChapterO_OrganicCompounds/splib07a_L-Histidine_SA-H8000_NIC4aa_RREF.gif,,D:\usgs_splib07\../GIFplots/GIFplots_splib07a/plots_by_wavelength_region/range2_visible_to_swir/splib07a_L-Histidine_SA-H8000_NIC4aa_RREF_range2_vis_to_swir.gif,D:\usgs_splib07\../GIFplots/GIFplots_splib07a/plots_by_wavelength_region/range3_swir/splib07a_L-Histidine_SA-H8000_NIC4aa_RREF_range3_swir.gif,D:\usgs_splib07\../GIFplots/GIFplots_splib07a/plots_by_wavelength_region/range4_swir_to_mir/splib07a_L-Histidine_SA-H8000_NIC4aa_RREF_range4_swir_to_mir.gif,D:\usgs_splib07\../GIFplots/GIFplots_splib07a/plots_by_wavelength_region/range5_swir_to_fir_wavenumber/splib07a_L-Histidine_SA-H8000_NIC4aa_RREF_range5_swir_to_fir_wavenumber.gif,D:\usgs_splib07\../GIFplots/GIFplots_splib07a/splib07a_Wavelengths_NIC4_Nicolet_1.12-216microns.gif,D:\usgs_splib07\../GIFplots/GIFplots_splib07a/splib07a_Bandpass_(FWHM)_NIC4_Nicolet_in_microns.gif
L-Histidine SA-H8000 85K     ASDHRa AREF,D:\usgs_splib07\../HTMLmetadata/L-Histidine_SA-H8000_85K_ASDHRa_AREF.html,D:\usgs_splib07\../ASCIIdata/ASCIIdata_splib07a/ChapterO_OrganicCompounds/splib07a_L-Histidine_SA-H8000_85K_ASDHRa_AREF.txt,,D:\usgs_splib07\../ASCIIdata/ASCIIdata_splib07a/splib07a_Wavelengths_ASD_0.35-2.5_microns_2151_ch.txt,D:\usgs_splib07\../ASCIIdata/ASCIIdata_splib07a/splib07a_Bandpass_(FWHM)_ASDHR_High-Resolution.txt,D:\usgs_splib07\../GIFplots/GIFplots_splib07a/ChapterO_OrganicCompounds/splib07a_L-Histidine_SA-H8000_85K_ASDHRa_AREF.gif,D:\usgs_splib07\../GIFplots/GIFplots_splib07a/plots_by_wavelength_region/range1_uv_to_visible/splib07a_L-Histidine_SA-H8000_85K_ASDHRa_AREF_range1_uv_to_vis.gif,D:\usgs_splib07\../GIFplots/GIFplots_splib07a/plots_by_wavelength_region/range2_visible_to_swir/splib07a_L-Histidine_SA-H8000_85K_ASDHRa_AREF_range2_vis_to_swir.gif,D:\usgs_splib07\../GIFplots/GIFplots_splib07a/plots_by_wavelength_region/range3_swir/splib07a_L-Histidine_SA-H8000_85K_ASDHRa_AREF_range3_swir.gif,,,D:\usgs_splib07\../GIFplots/GIFplots_splib07a/splib07a_Wavelengths_ASD_0.35-2.5_microns_2151_ch.gif,D:\usgs_splib07\../GIFplots/GIFplots_splib07a/splib07a_Bandpass_(FWHM)_ASDHR_High-Resolution.gif
L-Histidine SA-H8000 82K     NIC4aa RREF,D:\usgs_splib07\../HTMLmetadata/L-Histidine_SA-H8000_82K_NIC4aa_RREF.html,D:\usgs_splib07\../ASCIIdata/ASCIIdata_splib07a/ChapterO_OrganicCompounds/splib07a_L-Histidine_SA-H8000_82K_NIC4aa_RREF.txt,,D:\usgs_splib07\../ASCIIdata/ASCIIdata_splib07a/splib07a_Wavelengths_NIC4_Nicolet_1.12-216microns.txt,D:\usgs_splib07\../ASCIIdata/ASCIIdata_splib07a/splib07a_Bandpass_(FWHM)_NIC4_Nicolet_in_microns.txt,D:\usgs_splib07\../GIFplots/GIFplots_splib07a/ChapterO_OrganicCompounds/splib07a_L-Histidine_SA-H8000_82K_NIC4aa_RREF.gif,,D:\usgs_splib07\../GIFplots/GIFplots_splib07a/plots_by_wavelength_region/range2_visible_to_swir/splib07a_L-Histidine_SA-H8000_82K_NIC4aa_RREF_range2_vis_to_swir.gif,D:\usgs_splib07\../GIFplots/GIFplots_splib07a/plots_by_wavelength_region/range3_swir/splib07a_L-Histidine_SA-H8000_82K_NIC4aa_RREF_range3_swir.gif,D:\usgs_splib07\../GIFplots/GIFplots_splib07a/plots_by_wavelength_region/range4_swir_to_mir/splib07a_L-Histidine_SA-H8000_82K_NIC4aa_RREF_range4_swir_to_mir.gif,D:\usgs_splib07\../GIFplots/GIFplots_splib07a/plots_by_wavelength_region/range5_swir_to_fir_wavenumber/splib07a_L-Histidine_SA-H8000_82K_NIC4aa_RREF_range5_swir_to_fir_wavenumber.gif,D:\usgs_splib07\../GIFplots/GIFplots_splib07a/splib07a_Wavelengths_NIC4_Nicolet_1.12-216microns.gif,D:\usgs_splib07\../GIFplots/GIFplots_splib07a/splib07a_Bandpass_(FWHM)_NIC4_Nicolet_in_microns.gif
5-Hydroxymethyluracil        ASDHRa AREF,D:\usgs_splib07\../HTMLmetadata/5-Hydroxymethyluracil_ASDHRa_AREF.html,D:\usgs_splib07\../ASCIIdata/ASCIIdata_splib07a/ChapterO_OrganicCompounds/splib07a_5-Hydroxymethyluracil_ASDHRa_AREF.txt,,D:\usgs_splib07\../ASCIIdata/ASCIIdata_splib07a/splib07a_Wavelengths_ASD_0.35-2.5_microns_2151_ch.txt,D:\usgs_splib07\../ASCIIdata/ASCIIdata_splib07a/splib07a_Bandpass_(FWHM)_ASDHR_High-Resolution.txt,D:\usgs_splib07\../GIFplots/GIFplots_splib07a/ChapterO_OrganicCompounds/splib07a_5-Hydroxymethyluracil_ASDHRa_AREF.gif,D:\usgs_splib07\../GIFplots/GIFplots_splib07a/plots_by_wavelength_region/range1_uv_to_visible/splib07a_5-Hydroxymethyluracil_ASDHRa_AREF_range1_uv_to_vis.gif,D:\usgs_splib07\../GIFplots/GIFplots_splib07a/plots_by_wavelength_region/range2_visible_to_swir/splib07a_5-Hydroxymethyluracil_ASDHRa_AREF_range2_vis_to_swir.gif,D:\usgs_splib07\../GIFplots/GIFplots_splib07a/plots_by_wavelength_region/range3_swir/splib07a_5-Hydroxymethyluracil_ASDHRa_AREF_range3_swir.gif,,,D:\usgs_splib07\../GIFplots/GIFplots_splib07a/splib07a_Wavelengths_ASD_0.35-2.5_microns_2151_ch.gif,D:\usgs_splib07\../GIFplots/GIFplots_splib07a/splib07a_Bandpass_(FWHM)_ASDHR_High-Resolution.gif
5-Hydroxymethyluracil        NIC4aa RREF,D:\usgs_splib07\../HTMLmetadata/5-Hydroxymethyluracil_NIC4aa_RREF.html,D:\usgs_splib07\../ASCIIdata/ASCIIdata_splib07a/ChapterO_OrganicCompounds/splib07a_5-Hydroxymethyluracil_NIC4aa_RREF.txt,,D:\usgs_splib07\../ASCIIdata/ASCIIdata_splib07a/splib07a_Wavelengths_NIC4_Nicolet_1.12-216microns.txt,D:\usgs_splib07\../ASCIIdata/ASCIIdata_splib07a/splib07a_Bandpass_(FWHM)_NIC4_Nicolet_in_microns.txt,D:\usgs_splib07\../GIFplots/GIFplots_splib07a/ChapterO_OrganicCompounds/splib07a_5-Hydroxymethyluracil_NIC4aa_RREF.gif,,D:\usgs_splib07\../GIFplots/GIFplots_splib07a/plots_by_wavelength_region/range2_visible_to_swir/splib07a_5-Hydroxymethyluracil_NIC4aa_RREF_range2_vis_to_swir.gif,D:\usgs_splib07\../GIFplots/GIFplots_splib07a/plots_by_wavelength_region/range3_swir/splib07a_5-Hydroxymethyluracil_NIC4aa_RREF_range3_swir.gif,D:\usgs_splib07\../GIFplots/GIFplots_splib07a/plots_by_wavelength_region/range4_swir_to_mir/splib07a_5-Hydroxymethyluracil_NIC4aa_RREF_range4_swir_to_mir.gif,D:\usgs_splib07\../GIFplots/GIFplots_splib07a/plots_by_wavelength_region/range5_swir_to_fir_wavenumber/splib07a_5-Hydroxymethyluracil_NIC4aa_RREF_range5_swir_to_fir_wavenumber.gif,D:\usgs_splib07\../GIFplots/GIFplots_splib07a/splib07a_Wavelengths_NIC4_Nicolet_1.12-216microns.gif,D:\usgs_splib07\../GIFplots/GIFplots_splib07a/splib07a_Bandpass_(FWHM)_NIC4_Nicolet_in_microns.gif
5-Hydroxymethyluracil 85K    ASDHRa AREF,D:\usgs_splib07\../HTMLmetadata/5-Hydroxymethyluracil_85K_ASDHRa_AREF.html,D:\usgs_splib07\../ASCIIdata/ASCIIdata_splib07a/ChapterO_OrganicCompounds/splib07a_5-Hydroxymethyluracil_85K_ASDHRa_AREF.txt,,D:\usgs_splib07\../ASCIIdata/ASCIIdata_splib07a/splib07a_Wavelengths_ASD_0.35-2.5_microns_2151_ch.txt,D:\usgs_splib07\../ASCIIdata/ASCIIdata_splib07a/splib07a_Bandpass_(FWHM)_ASDHR_High-Resolution.txt,D:\usgs_splib07\../GIFplots/GIFplots_splib07a/ChapterO_OrganicCompounds/splib07a_5-Hydroxymethyluracil_85K_ASDHRa_AREF.gif,D:\usgs_splib07\../GIFplots/GIFplots_splib07a/plots_by_wavelength_region/range1_uv_to_visible/splib07a_5-Hydroxymethyluracil_85K_ASDHRa_AREF_range1_uv_to_vis.gif,D:\usgs_splib07\../GIFplots/GIFplots_splib07a/plots_by_wavelength_region/range2_visible_to_swir/splib07a_5-Hydroxymethyluracil_85K_ASDHRa_AREF_range2_vis_to_swir.gif,D:\usgs_splib07\../GIFplots/GIFplots_splib07a/plots_by_wavelength_region/range3_swir/splib07a_5-Hydroxymethyluracil_85K_ASDHRa_AREF_range3_swir.gif,,,D:\usgs_splib07\../GIFplots/GIFplots_splib07a/splib07a_Wavelengths_ASD_0.35-2.5_microns_2151_ch.gif,D:\usgs_splib07\../GIFplots/GIFplots_splib07a/splib07a_Bandpass_(FWHM)_ASDHR_High-Resolution.gif
5-Hydroxymethyluracil 90K    NIC4aa RREF,D:\usgs_splib07\../HTMLmetadata/5-Hydroxymethyluracil_90K_NIC4aa_RREF.html,D:\usgs_splib07\../ASCIIdata/ASCIIdata_splib07a/ChapterO_OrganicCompounds/splib07a_5-Hydroxymethyluracil_90K_NIC4aa_RREF.txt,,D:\usgs_splib07\../ASCIIdata/ASCIIdata_splib07a/splib07a_Wavelengths_NIC4_Nicolet_1.12-216microns.txt,D:\usgs_splib07\../ASCIIdata/ASCIIdata_splib07a/splib07a_Bandpass_(FWHM)_NIC4_Nicolet_in_microns.txt,D:\usgs_splib07\../GIFplots/GIFplots_splib07a/ChapterO_OrganicCompounds/splib07a_5-Hydroxymethyluracil_90K_NIC4aa_RREF.gif,,D:\usgs_splib07\../GIFplots/GIFplots_splib07a/plots_by_wavelength_region/range2_visible_to_swir/splib07a_5-Hydroxymethyluracil_90K_NIC4aa_RREF_range2_vis_to_swir.gif,D:\usgs_splib07\../GIFplots/GIFplots_splib07a/plots_by_wavelength_region/range3_swir/splib07a_5-Hydroxymethyluracil_90K_NIC4aa_RREF_range3_swir.gif,D:\usgs_splib07\../GIFplots/GIFplots_splib07a/plots_by_wavelength_region/range4_swir_to_mir/splib07a_5-Hydroxymethyluracil_90K_NIC4aa_RREF_range4_swir_to_mir.gif,D:\usgs_splib07\../GIFplots/GIFplots_splib07a/plots_by_wavelength_region/range5_swir_to_fir_wavenumber/splib07a_5-Hydroxymethyluracil_90K_NIC4aa_RREF_range5_swir_to_fir_wavenumber.gif,D:\usgs_splib07\../GIFplots/GIFplots_splib07a/splib07a_Wavelengths_NIC4_Nicolet_1.12-216microns.gif,D:\usgs_splib07\../GIFplots/GIFplots_splib07a/splib07a_Bandpass_(FWHM)_NIC4_Nicolet_in_microns.gif
Hypoxanthine SA-H9377        ASDHRa AREF,D:\usgs_splib07\../HTMLmetadata/Hypoxanthine_SA-H9377_ASDHRa_AREF.html,D:\usgs_splib07\../ASCIIdata/ASCIIdata_splib07a/ChapterO_OrganicCompounds/splib07a_Hypoxanthine_SA-H9377_ASDHRa_AREF.txt,,D:\usgs_splib07\../ASCIIdata/ASCIIdata_splib07a/splib07a_Wavelengths_ASD_0.35-2.5_microns_2151_ch.txt,D:\usgs_splib07\../ASCIIdata/ASCIIdata_splib07a/splib07a_Bandpass_(FWHM)_ASDHR_High-Resolution.txt,D:\usgs_splib07\../GIFplots/GIFplots_splib07a/ChapterO_OrganicCompounds/splib07a_Hypoxanthine_SA-H9377_ASDHRa_AREF.gif,D:\usgs_splib07\../GIFplots/GIFplots_splib07a/plots_by_wavelength_region/range1_uv_to_visible/splib07a_Hypoxanthine_SA-H9377_ASDHRa_AREF_range1_uv_to_vis.gif,D:\usgs_splib07\../GIFplots/GIFplots_splib07a/plots_by_wavelength_region/range2_visible_to_swir/splib07a_Hypoxanthine_SA-H9377_ASDHRa_AREF_range2_vis_to_swir.gif,D:\usgs_splib07\../GIFplots/GIFplots_splib07a/plots_by_wavelength_region/range3_swir/splib07a_Hypoxanthine_SA-H9377_ASDHRa_AREF_range3_swir.gif,,,D:\usgs_splib07\../GIFplots/GIFplots_splib07a/splib07a_Wavelengths_ASD_0.35-2.5_microns_2151_ch.gif,D:\usgs_splib07\../GIFplots/GIFplots_splib07a/splib07a_Bandpass_(FWHM)_ASDHR_High-Resolution.gif
Hypoxanthine SA-H9377        NIC4aa RREF,D:\usgs_splib07\../HTMLmetadata/Hypoxanthine_SA-H9377_NIC4aa_RREF.html,D:\usgs_splib07\../ASCIIdata/ASCIIdata_splib07a/ChapterO_OrganicCompounds/splib07a_Hypoxanthine_SA-H9377_NIC4aa_RREF.txt,,D:\usgs_splib07\../ASCIIdata/ASCIIdata_splib07a/splib07a_Wavelengths_NIC4_Nicolet_1.12-216microns.txt,D:\usgs_splib07\../ASCIIdata/ASCIIdata_splib07a/splib07a_Bandpass_(FWHM)_NIC4_Nicolet_in_microns.txt,D:\usgs_splib07\../GIFplots/GIFplots_splib07a/ChapterO_OrganicCompounds/splib07a_Hypoxanthine_SA-H9377_NIC4aa_RREF.gif,,D:\usgs_splib07\../GIFplots/GIFplots_splib07a/plots_by_wavelength_region/range2_visible_to_swir/splib07a_Hypoxanthine_SA-H9377_NIC4aa_RREF_range2_vis_to_swir.gif,D:\usgs_splib07\../GIFplots/GIFplots_splib07a/plots_by_wavelength_region/range3_swir/splib07a_Hypoxanthine_SA-H9377_NIC4aa_RREF_range3_swir.gif,D:\usgs_splib07\../GIFplots/GIFplots_splib07a/plots_by_wavelength_region/range4_swir_to_mir/splib07a_Hypoxanthine_SA-H9377_NIC4aa_RREF_range4_swir_to_mir.gif,D:\usgs_splib07\../GIFplots/GIFplots_splib07a/plots_by_wavelength_region/range5_swir_to_fir_wavenumber/splib07a_Hypoxanthine_SA-H9377_NIC4aa_RREF_range5_swir_to_fir_wavenumber.gif,D:\usgs_splib07\../GIFplots/GIFplots_splib07a/splib07a_Wavelengths_NIC4_Nicolet_1.12-216microns.gif,D:\usgs_splib07\../GIFplots/GIFplots_splib07a/splib07a_Bandpass_(FWHM)_NIC4_Nicolet_in_microns.gif
Hypoxanthine SA-H9377 93K    ASDHRa AREF,D:\usgs_splib07\../HTMLmetadata/Hypoxanthine_SA-H9377_93K_ASDHRa_AREF.html,D:\usgs_splib07\../ASCIIdata/ASCIIdata_splib07a/ChapterO_OrganicCompounds/splib07a_Hypoxanthine_SA-H9377_93K_ASDHRa_AREF.txt,,D:\usgs_splib07\../ASCIIdata/ASCIIdata_splib07a/splib07a_Wavelengths_ASD_0.35-2.5_microns_2151_ch.txt,D:\usgs_splib07\../ASCIIdata/ASCIIdata_splib07a/splib07a_Bandpass_(FWHM)_ASDHR_High-Resolution.txt,D:\usgs_splib07\../GIFplots/GIFplots_splib07a/ChapterO_OrganicCompounds/splib07a_Hypoxanthine_SA-H9377_93K_ASDHRa_AREF.gif,D:\usgs_splib07\../GIFplots/GIFplots_splib07a/plots_by_wavelength_region/range1_uv_to_visible/splib07a_Hypoxanthine_SA-H9377_93K_ASDHRa_AREF_range1_uv_to_vis.gif,D:\usgs_splib07\../GIFplots/GIFplots_splib07a/plots_by_wavelength_region/range2_visible_to_swir/splib07a_Hypoxanthine_SA-H9377_93K_ASDHRa_AREF_range2_vis_to_swir.gif,D:\usgs_splib07\../GIFplots/GIFplots_splib07a/plots_by_wavelength_region/range3_swir/splib07a_Hypoxanthine_SA-H9377_93K_ASDHRa_AREF_range3_swir.gif,,,D:\usgs_splib07\../GIFplots/GIFplots_splib07a/splib07a_Wavelengths_ASD_0.35-2.5_microns_2151_ch.gif,D:\usgs_splib07\../GIFplots/GIFplots_splib07a/splib07a_Bandpass_(FWHM)_ASDHR_High-Resolution.gif
Hypoxanthine SA-H9377 82K    NIC4aa RREF,D:\usgs_splib07\../HTMLmetadata/Hypoxanthine_SA-H9377_82K_NIC4aa_RREF.html,D:\usgs_splib07\../ASCIIdata/ASCIIdata_splib07a/ChapterO_OrganicCompounds/splib07a_Hypoxanthine_SA-H9377_82K_NIC4aa_RREF.txt,,D:\usgs_splib07\../ASCIIdata/ASCIIdata_splib07a/splib07a_Wavelengths_NIC4_Nicolet_1.12-216microns.txt,D:\usgs_splib07\../ASCIIdata/ASCIIdata_splib07a/splib07a_Bandpass_(FWHM)_NIC4_Nicolet_in_microns.txt,D:\usgs_splib07\../GIFplots/GIFplots_splib07a/ChapterO_OrganicCompounds/splib07a_Hypoxanthine_SA-H9377_82K_NIC4aa_RREF.gif,,D:\usgs_splib07\../GIFplots/GIFplots_splib07a/plots_by_wavelength_region/range2_visible_to_swir/splib07a_Hypoxanthine_SA-H9377_82K_NIC4aa_RREF_range2_vis_to_swir.gif,D:\usgs_splib07\../GIFplots/GIFplots_splib07a/plots_by_wavelength_region/range3_swir/splib07a_Hypoxanthine_SA-H9377_82K_NIC4aa_RREF_range3_swir.gif,D:\usgs_splib07\../GIFplots/GIFplots_splib07a/plots_by_wavelength_region/range4_swir_to_mir/splib07a_Hypoxanthine_SA-H9377_82K_NIC4aa_RREF_range4_swir_to_mir.gif,D:\usgs_splib07\../GIFplots/GIFplots_splib07a/plots_by_wavelength_region/range5_swir_to_fir_wavenumber/splib07a_Hypoxanthine_SA-H9377_82K_NIC4aa_RREF_range5_swir_to_fir_wavenumber.gif,D:\usgs_splib07\../GIFplots/GIFplots_splib07a/splib07a_Wavelengths_NIC4_Nicolet_1.12-216microns.gif,D:\usgs_splib07\../GIFplots/GIFplots_splib07a/splib07a_Bandpass_(FWHM)_NIC4_Nicolet_in_microns.gif
Indole SA-I3408              ASDHRa AREF,D:\usgs_splib07\../HTMLmetadata/Indole_SA-I3408_ASDHRa_AREF.html,D:\usgs_splib07\../ASCIIdata/ASCIIdata_splib07a/ChapterO_OrganicCompounds/splib07a_Indole_SA-I3408_ASDHRa_AREF.txt,,D:\usgs_splib07\../ASCIIdata/ASCIIdata_splib07a/splib07a_Wavelengths_ASD_0.35-2.5_microns_2151_ch.txt,D:\usgs_splib07\../ASCIIdata/ASCIIdata_splib07a/splib07a_Bandpass_(FWHM)_ASDHR_High-Resolution.txt,D:\usgs_splib07\../GIFplots/GIFplots_splib07a/ChapterO_OrganicCompounds/splib07a_Indole_SA-I3408_ASDHRa_AREF.gif,D:\usgs_splib07\../GIFplots/GIFplots_splib07a/plots_by_wavelength_region/range1_uv_to_visible/splib07a_Indole_SA-I3408_ASDHRa_AREF_range1_uv_to_vis.gif,D:\usgs_splib07\../GIFplots/GIFplots_splib07a/plots_by_wavelength_region/range2_visible_to_swir/splib07a_Indole_SA-I3408_ASDHRa_AREF_range2_vis_to_swir.gif,D:\usgs_splib07\../GIFplots/GIFplots_splib07a/plots_by_wavelength_region/range3_swir/splib07a_Indole_SA-I3408_ASDHRa_AREF_range3_swir.gif,,,D:\usgs_splib07\../GIFplots/GIFplots_splib07a/splib07a_Wavelengths_ASD_0.35-2.5_microns_2151_ch.gif,D:\usgs_splib07\../GIFplots/GIFplots_splib07a/splib07a_Bandpass_(FWHM)_ASDHR_High-Resolution.gif
Indole SA-I3408              NIC4aa RREF,D:\usgs_splib07\../HTMLmetadata/Indole_SA-I3408_NIC4aa_RREF.html,D:\usgs_splib07\../ASCIIdata/ASCIIdata_splib07a/ChapterO_OrganicCompounds/splib07a_Indole_SA-I3408_NIC4aa_RREF.txt,,D:\usgs_splib07\../ASCIIdata/ASCIIdata_splib07a/splib07a_Wavelengths_NIC4_Nicolet_1.12-216microns.txt,D:\usgs_splib07\../ASCIIdata/ASCIIdata_splib07a/splib07a_Bandpass_(FWHM)_NIC4_Nicolet_in_microns.txt,D:\usgs_splib07\../GIFplots/GIFplots_splib07a/ChapterO_OrganicCompounds/splib07a_Indole_SA-I3408_NIC4aa_RREF.gif,,D:\usgs_splib07\../GIFplots/GIFplots_splib07a/plots_by_wavelength_region/range2_visible_to_swir/splib07a_Indole_SA-I3408_NIC4aa_RREF_range2_vis_to_swir.gif,D:\usgs_splib07\../GIFplots/GIFplots_splib07a/plots_by_wavelength_region/range3_swir/splib07a_Indole_SA-I3408_NIC4aa_RREF_range3_swir.gif,D:\usgs_splib07\../GIFplots/GIFplots_splib07a/plots_by_wavelength_region/range4_swir_to_mir/splib07a_Indole_SA-I3408_NIC4aa_RREF_range4_swir_to_mir.gif,D:\usgs_splib07\../GIFplots/GIFplots_splib07a/plots_by_wavelength_region/range5_swir_to_fir_wavenumber/splib07a_Indole_SA-I3408_NIC4aa_RREF_range5_swir_to_fir_wavenumber.gif,D:\usgs_splib07\../GIFplots/GIFplots_splib07a/splib07a_Wavelengths_NIC4_Nicolet_1.12-216microns.gif,D:\usgs_splib07\../GIFplots/GIFplots_splib07a/splib07a_Bandpass_(FWHM)_NIC4_Nicolet_in_microns.gif
Indole SA-I3408 75K          ASDHRa AREF,D:\usgs_splib07\../HTMLmetadata/Indole_SA-I3408_75K_ASDHRa_AREF.html,D:\usgs_splib07\../ASCIIdata/ASCIIdata_splib07a/ChapterO_OrganicCompounds/splib07a_Indole_SA-I3408_75K_ASDHRa_AREF.txt,,D:\usgs_splib07\../ASCIIdata/ASCIIdata_splib07a/splib07a_Wavelengths_ASD_0.35-2.5_microns_2151_ch.txt,D:\usgs_splib07\../ASCIIdata/ASCIIdata_splib07a/splib07a_Bandpass_(FWHM)_ASDHR_High-Resolution.txt,D:\usgs_splib07\../GIFplots/GIFplots_splib07a/ChapterO_OrganicCompounds/splib07a_Indole_SA-I3408_75K_ASDHRa_AREF.gif,D:\usgs_splib07\../GIFplots/GIFplots_splib07a/plots_by_wavelength_region/range1_uv_to_visible/splib07a_Indole_SA-I3408_75K_ASDHRa_AREF_range1_uv_to_vis.gif,D:\usgs_splib07\../GIFplots/GIFplots_splib07a/plots_by_wavelength_region/range2_visible_to_swir/splib07a_Indole_SA-I3408_75K_ASDHRa_AREF_range2_vis_to_swir.gif,D:\usgs_splib07\../GIFplots/GIFplots_splib07a/plots_by_wavelength_region/range3_swir/splib07a_Indole_SA-I3408_75K_ASDHRa_AREF_range3_swir.gif,,,D:\usgs_splib07\../GIFplots/GIFplots_splib07a/splib07a_Wavelengths_ASD_0.35-2.5_microns_2151_ch.gif,D:\usgs_splib07\../GIFplots/GIFplots_splib07a/splib07a_Bandpass_(FWHM)_ASDHR_High-Resolution.gif
Indole SA-I3408 85K          NIC4aa RREF,D:\usgs_splib07\../HTMLmetadata/Indole_SA-I3408_85K_NIC4aa_RREF.html,D:\usgs_splib07\../ASCIIdata/ASCIIdata_splib07a/ChapterO_OrganicCompounds/splib07a_Indole_SA-I3408_85K_NIC4aa_RREF.txt,,D:\usgs_splib07\../ASCIIdata/ASCIIdata_splib07a/splib07a_Wavelengths_NIC4_Nicolet_1.12-216microns.txt,D:\usgs_splib07\../ASCIIdata/ASCIIdata_splib07a/splib07a_Bandpass_(FWHM)_NIC4_Nicolet_in_microns.txt,D:\usgs_splib07\../GIFplots/GIFplots_splib07a/ChapterO_OrganicCompounds/splib07a_Indole_SA-I3408_85K_NIC4aa_RREF.gif,,D:\usgs_splib07\../GIFplots/GIFplots_splib07a/plots_by_wavelength_region/range2_visible_to_swir/splib07a_Indole_SA-I3408_85K_NIC4aa_RREF_range2_vis_to_swir.gif,D:\usgs_splib07\../GIFplots/GIFplots_splib07a/plots_by_wavelength_region/range3_swir/splib07a_Indole_SA-I3408_85K_NIC4aa_RREF_range3_swir.gif,D:\usgs_splib07\../GIFplots/GIFplots_splib07a/plots_by_wavelength_region/range4_swir_to_mir/splib07a_Indole_SA-I3408_85K_NIC4aa_RREF_range4_swir_to_mir.gif,D:\usgs_splib07\../GIFplots/GIFplots_splib07a/plots_by_wavelength_region/range5_swir_to_fir_wavenumber/splib07a_Indole_SA-I3408_85K_NIC4aa_RREF_range5_swir_to_fir_wavenumber.gif,D:\usgs_splib07\../GIFplots/GIFplots_splib07a/splib07a_Wavelengths_NIC4_Nicolet_1.12-216microns.gif,D:\usgs_splib07\../GIFplots/GIFplots_splib07a/splib07a_Bandpass_(FWHM)_NIC4_Nicolet_in_microns.gif
Isocytosine SA-I2127         ASDHRa AREF,D:\usgs_splib07\../HTMLmetadata/Isocytosine_SA-I2127_ASDHRa_AREF.html,D:\usgs_splib07\../ASCIIdata/ASCIIdata_splib07a/ChapterO_OrganicCompounds/splib07a_Isocytosine_SA-I2127_ASDHRa_AREF.txt,,D:\usgs_splib07\../ASCIIdata/ASCIIdata_splib07a/splib07a_Wavelengths_ASD_0.35-2.5_microns_2151_ch.txt,D:\usgs_splib07\../ASCIIdata/ASCIIdata_splib07a/splib07a_Bandpass_(FWHM)_ASDHR_High-Resolution.txt,D:\usgs_splib07\../GIFplots/GIFplots_splib07a/ChapterO_OrganicCompounds/splib07a_Isocytosine_SA-I2127_ASDHRa_AREF.gif,D:\usgs_splib07\../GIFplots/GIFplots_splib07a/plots_by_wavelength_region/range1_uv_to_visible/splib07a_Isocytosine_SA-I2127_ASDHRa_AREF_range1_uv_to_vis.gif,D:\usgs_splib07\../GIFplots/GIFplots_splib07a/plots_by_wavelength_region/range2_visible_to_swir/splib07a_Isocytosine_SA-I2127_ASDHRa_AREF_range2_vis_to_swir.gif,D:\usgs_splib07\../GIFplots/GIFplots_splib07a/plots_by_wavelength_region/range3_swir/splib07a_Isocytosine_SA-I2127_ASDHRa_AREF_range3_swir.gif,,,D:\usgs_splib07\../GIFplots/GIFplots_splib07a/splib07a_Wavelengths_ASD_0.35-2.5_microns_2151_ch.gif,D:\usgs_splib07\../GIFplots/GIFplots_splib07a/splib07a_Bandpass_(FWHM)_ASDHR_High-Resolution.gif
Isocytosine SA-I2127         NIC4aa RREF,D:\usgs_splib07\../HTMLmetadata/Isocytosine_SA-I2127_NIC4aa_RREF.html,D:\usgs_splib07\../ASCIIdata/ASCIIdata_splib07a/ChapterO_OrganicCompounds/splib07a_Isocytosine_SA-I2127_NIC4aa_RREF.txt,,D:\usgs_splib07\../ASCIIdata/ASCIIdata_splib07a/splib07a_Wavelengths_NIC4_Nicolet_1.12-216microns.txt,D:\usgs_splib07\../ASCIIdata/ASCIIdata_splib07a/splib07a_Bandpass_(FWHM)_NIC4_Nicolet_in_microns.txt,D:\usgs_splib07\../GIFplots/GIFplots_splib07a/ChapterO_OrganicCompounds/splib07a_Isocytosine_SA-I2127_NIC4aa_RREF.gif,,D:\usgs_splib07\../GIFplots/GIFplots_splib07a/plots_by_wavelength_region/range2_visible_to_swir/splib07a_Isocytosine_SA-I2127_NIC4aa_RREF_range2_vis_to_swir.gif,D:\usgs_splib07\../GIFplots/GIFplots_splib07a/plots_by_wavelength_region/range3_swir/splib07a_Isocytosine_SA-I2127_NIC4aa_RREF_range3_swir.gif,D:\usgs_splib07\../GIFplots/GIFplots_splib07a/plots_by_wavelength_region/range4_swir_to_mir/splib07a_Isocytosine_SA-I2127_NIC4aa_RREF_range4_swir_to_mir.gif,D:\usgs_splib07\../GIFplots/GIFplots_splib07a/plots_by_wavelength_region/range5_swir_to_fir_wavenumber/splib07a_Isocytosine_SA-I2127_NIC4aa_RREF_range5_swir_to_fir_wavenumber.gif,D:\usgs_splib07\../GIFplots/GIFplots_splib07a/splib07a_Wavelengths_NIC4_Nicolet_1.12-216microns.gif,D:\usgs_splib07\../GIFplots/GIFplots_splib07a/splib07a_Bandpass_(FWHM)_NIC4_Nicolet_in_microns.gif
Isocytosine SA-I2127 85K     ASDHRa AREF,D:\usgs_splib07\../HTMLmetadata/Isocytosine_SA-I2127_85K_ASDHRa_AREF.html,D:\usgs_splib07\../ASCIIdata/ASCIIdata_splib07a/ChapterO_OrganicCompounds/splib07a_Isocytosine_SA-I2127_85K_ASDHRa_AREF.txt,,D:\usgs_splib07\../ASCIIdata/ASCIIdata_splib07a/splib07a_Wavelengths_ASD_0.35-2.5_microns_2151_ch.txt,D:\usgs_splib07\../ASCIIdata/ASCIIdata_splib07a/splib07a_Bandpass_(FWHM)_ASDHR_High-Resolution.txt,D:\usgs_splib07\../GIFplots/GIFplots_splib07a/ChapterO_OrganicCompounds/splib07a_Isocytosine_SA-I2127_85K_ASDHRa_AREF.gif,D:\usgs_splib07\../GIFplots/GIFplots_splib07a/plots_by_wavelength_region/range1_uv_to_visible/splib07a_Isocytosine_SA-I2127_85K_ASDHRa_AREF_range1_uv_to_vis.gif,D:\usgs_splib07\../GIFplots/GIFplots_splib07a/plots_by_wavelength_region/range2_visible_to_swir/splib07a_Isocytosine_SA-I2127_85K_ASDHRa_AREF_range2_vis_to_swir.gif,D:\usgs_splib07\../GIFplots/GIFplots_splib07a/plots_by_wavelength_region/range3_swir/splib07a_Isocytosine_SA-I2127_85K_ASDHRa_AREF_range3_swir.gif,,,D:\usgs_splib07\../GIFplots/GIFplots_splib07a/splib07a_Wavelengths_ASD_0.35-2.5_microns_2151_ch.gif,D:\usgs_splib07\../GIFplots/GIFplots_splib07a/splib07a_Bandpass_(FWHM)_ASDHR_High-Resolution.gif
Isocytosine SA-I2127 85K     NIC4aa RREF,D:\usgs_splib07\../HTMLmetadata/Isocytosine_SA-I2127_85K_NIC4aa_RREF.html,D:\usgs_splib07\../ASCIIdata/ASCIIdata_splib07a/ChapterO_OrganicCompounds/splib07a_Isocytosine_SA-I2127_85K_NIC4aa_RREF.txt,,D:\usgs_splib07\../ASCIIdata/ASCIIdata_splib07a/splib07a_Wavelengths_NIC4_Nicolet_1.12-216microns.txt,D:\usgs_splib07\../ASCIIdata/ASCIIdata_splib07a/splib07a_Bandpass_(FWHM)_NIC4_Nicolet_in_microns.txt,D:\usgs_splib07\../GIFplots/GIFplots_splib07a/ChapterO_OrganicCompounds/splib07a_Isocytosine_SA-I2127_85K_NIC4aa_RREF.gif,,D:\usgs_splib07\../GIFplots/GIFplots_splib07a/plots_by_wavelength_region/range2_visible_to_swir/splib07a_Isocytosine_SA-I2127_85K_NIC4aa_RREF_range2_vis_to_swir.gif,D:\usgs_splib07\../GIFplots/GIFplots_splib07a/plots_by_wavelength_region/range3_swir/splib07a_Isocytosine_SA-I2127_85K_NIC4aa_RREF_range3_swir.gif,D:\usgs_splib07\../GIFplots/GIFplots_splib07a/plots_by_wavelength_region/range4_swir_to_mir/splib07a_Isocytosine_SA-I2127_85K_NIC4aa_RREF_range4_swir_to_mir.gif,D:\usgs_splib07\../GIFplots/GIFplots_splib07a/plots_by_wavelength_region/range5_swir_to_fir_wavenumber/splib07a_Isocytosine_SA-I2127_85K_NIC4aa_RREF_range5_swir_to_fir_wavenumber.gif,D:\usgs_splib07\../GIFplots/GIFplots_splib07a/splib07a_Wavelengths_NIC4_Nicolet_1.12-216microns.gif,D:\usgs_splib07\../GIFplots/GIFplots_splib07a/splib07a_Bandpass_(FWHM)_NIC4_Nicolet_in_microns.gif
Lignin_alkali SA-370959      ASDHRa AREF,D:\usgs_splib07\../HTMLmetadata/Lignin_alkali_SA-370959_ASDHRa_AREF.html,D:\usgs_splib07\../ASCIIdata/ASCIIdata_splib07a/ChapterO_OrganicCompounds/splib07a_Lignin_alkali_SA-370959_ASDHRa_AREF.txt,D:\usgs_splib07\../ASCIIdata/ASCIIdata_splib07a/errorbars/errorbars_for_splib07a_Lignin_alkali_SA-370959_ASDHRa_AREF.txt,D:\usgs_splib07\../ASCIIdata/ASCIIdata_splib07a/splib07a_Wavelengths_ASD_0.35-2.5_microns_2151_ch.txt,D:\usgs_splib07\../ASCIIdata/ASCIIdata_splib07a/splib07a_Bandpass_(FWHM)_ASDHR_High-Resolution.txt,D:\usgs_splib07\../GIFplots/GIFplots_splib07a/ChapterO_OrganicCompounds/splib07a_Lignin_alkali_SA-370959_ASDHRa_AREF.gif,D:\usgs_splib07\../GIFplots/GIFplots_splib07a/plots_by_wavelength_region/range1_uv_to_visible/splib07a_Lignin_alkali_SA-370959_ASDHRa_AREF_range1_uv_to_vis.gif,D:\usgs_splib07\../GIFplots/GIFplots_splib07a/plots_by_wavelength_region/range2_visible_to_swir/splib07a_Lignin_alkali_SA-370959_ASDHRa_AREF_range2_vis_to_swir.gif,D:\usgs_splib07\../GIFplots/GIFplots_splib07a/plots_by_wavelength_region/range3_swir/splib07a_Lignin_alkali_SA-370959_ASDHRa_AREF_range3_swir.gif,,,D:\usgs_splib07\../GIFplots/GIFplots_splib07a/splib07a_Wavelengths_ASD_0.35-2.5_microns_2151_ch.gif,D:\usgs_splib07\../GIFplots/GIFplots_splib07a/splib07a_Bandpass_(FWHM)_ASDHR_High-Resolution.gif
L-Lysine SA-L5501            ASDHRa AREF,D:\usgs_splib07\../HTMLmetadata/L-Lysine_SA-L5501_ASDHRa_AREF.html,D:\usgs_splib07\../ASCIIdata/ASCIIdata_splib07a/ChapterO_OrganicCompounds/splib07a_L-Lysine_SA-L5501_ASDHRa_AREF.txt,,D:\usgs_splib07\../ASCIIdata/ASCIIdata_splib07a/splib07a_Wavelengths_ASD_0.35-2.5_microns_2151_ch.txt,D:\usgs_splib07\../ASCIIdata/ASCIIdata_splib07a/splib07a_Bandpass_(FWHM)_ASDHR_High-Resolution.txt,D:\usgs_splib07\../GIFplots/GIFplots_splib07a/ChapterO_OrganicCompounds/splib07a_L-Lysine_SA-L5501_ASDHRa_AREF.gif,D:\usgs_splib07\../GIFplots/GIFplots_splib07a/plots_by_wavelength_region/range1_uv_to_visible/splib07a_L-Lysine_SA-L5501_ASDHRa_AREF_range1_uv_to_vis.gif,D:\usgs_splib07\../GIFplots/GIFplots_splib07a/plots_by_wavelength_region/range2_visible_to_swir/splib07a_L-Lysine_SA-L5501_ASDHRa_AREF_range2_vis_to_swir.gif,D:\usgs_splib07\../GIFplots/GIFplots_splib07a/plots_by_wavelength_region/range3_swir/splib07a_L-Lysine_SA-L5501_ASDHRa_AREF_range3_swir.gif,,,D:\usgs_splib07\../GIFplots/GIFplots_splib07a/splib07a_Wavelengths_ASD_0.35-2.5_microns_2151_ch.gif,D:\usgs_splib07\../GIFplots/GIFplots_splib07a/splib07a_Bandpass_(FWHM)_ASDHR_High-Resolution.gif
L-Lysine SA-L5501            NIC4aa RREF,D:\usgs_splib07\../HTMLmetadata/L-Lysine_SA-L5501_NIC4aa_RREF.html,D:\usgs_splib07\../ASCIIdata/ASCIIdata_splib07a/ChapterO_OrganicCompounds/splib07a_L-Lysine_SA-L5501_NIC4aa_RREF.txt,,D:\usgs_splib07\../ASCIIdata/ASCIIdata_splib07a/splib07a_Wavelengths_NIC4_Nicolet_1.12-216microns.txt,D:\usgs_splib07\../ASCIIdata/ASCIIdata_splib07a/splib07a_Bandpass_(FWHM)_NIC4_Nicolet_in_microns.txt,D:\usgs_splib07\../GIFplots/GIFplots_splib07a/ChapterO_OrganicCompounds/splib07a_L-Lysine_SA-L5501_NIC4aa_RREF.gif,,D:\usgs_splib07\../GIFplots/GIFplots_splib07a/plots_by_wavelength_region/range2_visible_to_swir/splib07a_L-Lysine_SA-L5501_NIC4aa_RREF_range2_vis_to_swir.gif,D:\usgs_splib07\../GIFplots/GIFplots_splib07a/plots_by_wavelength_region/range3_swir/splib07a_L-Lysine_SA-L5501_NIC4aa_RREF_range3_swir.gif,D:\usgs_splib07\../GIFplots/GIFplots_splib07a/plots_by_wavelength_region/range4_swir_to_mir/splib07a_L-Lysine_SA-L5501_NIC4aa_RREF_range4_swir_to_mir.gif,D:\usgs_splib07\../GIFplots/GIFplots_splib07a/plots_by_wavelength_region/range5_swir_to_fir_wavenumber/splib07a_L-Lysine_SA-L5501_NIC4aa_RREF_range5_swir_to_fir_wavenumber.gif,D:\usgs_splib07\../GIFplots/GIFplots_splib07a/splib07a_Wavelengths_NIC4_Nicolet_1.12-216microns.gif,D:\usgs_splib07\../GIFplots/GIFplots_splib07a/splib07a_Bandpass_(FWHM)_NIC4_Nicolet_in_microns.gif
L-Lysine SA-L5501 85K        ASDHRa AREF,D:\usgs_splib07\../HTMLmetadata/L-Lysine_SA-L5501_85K_ASDHRa_AREF.html,D:\usgs_splib07\../ASCIIdata/ASCIIdata_splib07a/ChapterO_OrganicCompounds/splib07a_L-Lysine_SA-L5501_85K_ASDHRa_AREF.txt,,D:\usgs_splib07\../ASCIIdata/ASCIIdata_splib07a/splib07a_Wavelengths_ASD_0.35-2.5_microns_2151_ch.txt,D:\usgs_splib07\../ASCIIdata/ASCIIdata_splib07a/splib07a_Bandpass_(FWHM)_ASDHR_High-Resolution.txt,D:\usgs_splib07\../GIFplots/GIFplots_splib07a/ChapterO_OrganicCompounds/splib07a_L-Lysine_SA-L5501_85K_ASDHRa_AREF.gif,D:\usgs_splib07\../GIFplots/GIFplots_splib07a/plots_by_wavelength_region/range1_uv_to_visible/splib07a_L-Lysine_SA-L5501_85K_ASDHRa_AREF_range1_uv_to_vis.gif,D:\usgs_splib07\../GIFplots/GIFplots_splib07a/plots_by_wavelength_region/range2_visible_to_swir/splib07a_L-Lysine_SA-L5501_85K_ASDHRa_AREF_range2_vis_to_swir.gif,D:\usgs_splib07\../GIFplots/GIFplots_splib07a/plots_by_wavelength_region/range3_swir/splib07a_L-Lysine_SA-L5501_85K_ASDHRa_AREF_range3_swir.gif,,,D:\usgs_splib07\../GIFplots/GIFplots_splib07a/splib07a_Wavelengths_ASD_0.35-2.5_microns_2151_ch.gif,D:\usgs_splib07\../GIFplots/GIFplots_splib07a/splib07a_Bandpass_(FWHM)_ASDHR_High-Resolution.gif
L-Lysine SA-L5501 82K        NIC4aa RREF,D:\usgs_splib07\../HTMLmetadata/L-Lysine_SA-L5501_82K_NIC4aa_RREF.html,D:\usgs_splib07\../ASCIIdata/ASCIIdata_splib07a/ChapterO_OrganicCompounds/splib07a_L-Lysine_SA-L5501_82K_NIC4aa_RREF.txt,,D:\usgs_splib07\../ASCIIdata/ASCIIdata_splib07a/splib07a_Wavelengths_NIC4_Nicolet_1.12-216microns.txt,D:\usgs_splib07\../ASCIIdata/ASCIIdata_splib07a/splib07a_Bandpass_(FWHM)_NIC4_Nicolet_in_microns.txt,D:\usgs_splib07\../GIFplots/GIFplots_splib07a/ChapterO_OrganicCompounds/splib07a_L-Lysine_SA-L5501_82K_NIC4aa_RREF.gif,,D:\usgs_splib07\../GIFplots/GIFplots_splib07a/plots_by_wavelength_region/range2_visible_to_swir/splib07a_L-Lysine_SA-L5501_82K_NIC4aa_RREF_range2_vis_to_swir.gif,D:\usgs_splib07\../GIFplots/GIFplots_splib07a/plots_by_wavelength_region/range3_swir/splib07a_L-Lysine_SA-L5501_82K_NIC4aa_RREF_range3_swir.gif,D:\usgs_splib07\../GIFplots/GIFplots_splib07a/plots_by_wavelength_region/range4_swir_to_mir/splib07a_L-Lysine_SA-L5501_82K_NIC4aa_RREF_range4_swir_to_mir.gif,D:\usgs_splib07\../GIFplots/GIFplots_splib07a/plots_by_wavelength_region/range5_swir_to_fir_wavenumber/splib07a_L-Lysine_SA-L5501_82K_NIC4aa_RREF_range5_swir_to_fir_wavenumber.gif,D:\usgs_splib07\../GIFplots/GIFplots_splib07a/splib07a_Wavelengths_NIC4_Nicolet_1.12-216microns.gif,D:\usgs_splib07\../GIFplots/GIFplots_splib07a/splib07a_Bandpass_(FWHM)_NIC4_Nicolet_in_microns.gif
Methane XCEL liquid T~77K    ASDFRa AREF,D:\usgs_splib07\../HTMLmetadata/Methane_XCEL_liquid_T~77K_ASDFRa_AREF.html,D:\usgs_splib07\../ASCIIdata/ASCIIdata_splib07a/ChapterO_OrganicCompounds/splib07a_Methane_XCEL_liquid_T~77K_ASDFRa_AREF.txt,,D:\usgs_splib07\../ASCIIdata/ASCIIdata_splib07a/splib07a_Wavelengths_ASD_0.35-2.5_microns_2151_ch.txt,D:\usgs_splib07\../ASCIIdata/ASCIIdata_splib07a/splib07a_Bandpass_(FWHM)_ASDFR_StandardResolution.txt,D:\usgs_splib07\../GIFplots/GIFplots_splib07a/ChapterO_OrganicCompounds/splib07a_Methane_XCEL_liquid_T~77K_ASDFRa_AREF.gif,D:\usgs_splib07\../GIFplots/GIFplots_splib07a/plots_by_wavelength_region/range1_uv_to_visible/splib07a_Methane_XCEL_liquid_T~77K_ASDFRa_AREF_range1_uv_to_vis.gif,D:\usgs_splib07\../GIFplots/GIFplots_splib07a/plots_by_wavelength_region/range2_visible_to_swir/splib07a_Methane_XCEL_liquid_T~77K_ASDFRa_AREF_range2_vis_to_swir.gif,D:\usgs_splib07\../GIFplots/GIFplots_splib07a/plots_by_wavelength_region/range3_swir/splib07a_Methane_XCEL_liquid_T~77K_ASDFRa_AREF_range3_swir.gif,,,D:\usgs_splib07\../GIFplots/GIFplots_splib07a/splib07a_Wavelengths_ASD_0.35-2.5_microns_2151_ch.gif,D:\usgs_splib07\../GIFplots/GIFplots_splib07a/splib07a_Bandpass_(FWHM)_ASDFR_StandardResolution.gif
Methane XCEL liquid T~77K    NIC4aa RREF,D:\usgs_splib07\../HTMLmetadata/Methane_XCEL_liquid_T~77K_NIC4aa_RREF.html,D:\usgs_splib07\../ASCIIdata/ASCIIdata_splib07a/ChapterO_OrganicCompounds/splib07a_Methane_XCEL_liquid_T~77K_NIC4aa_RREF.txt,,D:\usgs_splib07\../ASCIIdata/ASCIIdata_splib07a/splib07a_Wavelengths_NIC4_Nicolet_1.12-216microns.txt,D:\usgs_splib07\../ASCIIdata/ASCIIdata_splib07a/splib07a_Bandpass_(FWHM)_NIC4_Nicolet_in_microns.txt,D:\usgs_splib07\../GIFplots/GIFplots_splib07a/ChapterO_OrganicCompounds/splib07a_Methane_XCEL_liquid_T~77K_NIC4aa_RREF.gif,,D:\usgs_splib07\../GIFplots/GIFplots_splib07a/plots_by_wavelength_region/range2_visible_to_swir/splib07a_Methane_XCEL_liquid_T~77K_NIC4aa_RREF_range2_vis_to_swir.gif,D:\usgs_splib07\../GIFplots/GIFplots_splib07a/plots_by_wavelength_region/range3_swir/splib07a_Methane_XCEL_liquid_T~77K_NIC4aa_RREF_range3_swir.gif,D:\usgs_splib07\../GIFplots/GIFplots_splib07a/plots_by_wavelength_region/range4_swir_to_mir/splib07a_Methane_XCEL_liquid_T~77K_NIC4aa_RREF_range4_swir_to_mir.gif,D:\usgs_splib07\../GIFplots/GIFplots_splib07a/plots_by_wavelength_region/range5_swir_to_fir_wavenumber/splib07a_Methane_XCEL_liquid_T~77K_NIC4aa_RREF_range5_swir_to_fir_wavenumber.gif,D:\usgs_splib07\../GIFplots/GIFplots_splib07a/splib07a_Wavelengths_NIC4_Nicolet_1.12-216microns.gif,D:\usgs_splib07\../GIFplots/GIFplots_splib07a/splib07a_Bandpass_(FWHM)_NIC4_Nicolet_in_microns.gif
2-Methylnapthalen SA-442359  ASDHRa AREF,D:\usgs_splib07\../HTMLmetadata/2-Methylnapthalen_SA-442359_ASDHRa_AREF.html,D:\usgs_splib07\../ASCIIdata/ASCIIdata_splib07a/ChapterO_OrganicCompounds/splib07a_2-Methylnapthalen_SA-442359_ASDHRa_AREF.txt,,D:\usgs_splib07\../ASCIIdata/ASCIIdata_splib07a/splib07a_Wavelengths_ASD_0.35-2.5_microns_2151_ch.txt,D:\usgs_splib07\../ASCIIdata/ASCIIdata_splib07a/splib07a_Bandpass_(FWHM)_ASDHR_High-Resolution.txt,D:\usgs_splib07\../GIFplots/GIFplots_splib07a/ChapterO_OrganicCompounds/splib07a_2-Methylnapthalen_SA-442359_ASDHRa_AREF.gif,D:\usgs_splib07\../GIFplots/GIFplots_splib07a/plots_by_wavelength_region/range1_uv_to_visible/splib07a_2-Methylnapthalen_SA-442359_ASDHRa_AREF_range1_uv_to_vis.gif,D:\usgs_splib07\../GIFplots/GIFplots_splib07a/plots_by_wavelength_region/range2_visible_to_swir/splib07a_2-Methylnapthalen_SA-442359_ASDHRa_AREF_range2_vis_to_swir.gif,D:\usgs_splib07\../GIFplots/GIFplots_splib07a/plots_by_wavelength_region/range3_swir/splib07a_2-Methylnapthalen_SA-442359_ASDHRa_AREF_range3_swir.gif,,,D:\usgs_splib07\../GIFplots/GIFplots_splib07a/splib07a_Wavelengths_ASD_0.35-2.5_microns_2151_ch.gif,D:\usgs_splib07\../GIFplots/GIFplots_splib07a/splib07a_Bandpass_(FWHM)_ASDHR_High-Resolution.gif
2-Methylnapthalen SA-442359  NIC4aa RREF,D:\usgs_splib07\../HTMLmetadata/2-Methylnapthalen_SA-442359_NIC4aa_RREF.html,D:\usgs_splib07\../ASCIIdata/ASCIIdata_splib07a/ChapterO_OrganicCompounds/splib07a_2-Methylnapthalen_SA-442359_NIC4aa_RREF.txt,,D:\usgs_splib07\../ASCIIdata/ASCIIdata_splib07a/splib07a_Wavelengths_NIC4_Nicolet_1.12-216microns.txt,D:\usgs_splib07\../ASCIIdata/ASCIIdata_splib07a/splib07a_Bandpass_(FWHM)_NIC4_Nicolet_in_microns.txt,D:\usgs_splib07\../GIFplots/GIFplots_splib07a/ChapterO_OrganicCompounds/splib07a_2-Methylnapthalen_SA-442359_NIC4aa_RREF.gif,,D:\usgs_splib07\../GIFplots/GIFplots_splib07a/plots_by_wavelength_region/range2_visible_to_swir/splib07a_2-Methylnapthalen_SA-442359_NIC4aa_RREF_range2_vis_to_swir.gif,D:\usgs_splib07\../GIFplots/GIFplots_splib07a/plots_by_wavelength_region/range3_swir/splib07a_2-Methylnapthalen_SA-442359_NIC4aa_RREF_range3_swir.gif,D:\usgs_splib07\../GIFplots/GIFplots_splib07a/plots_by_wavelength_region/range4_swir_to_mir/splib07a_2-Methylnapthalen_SA-442359_NIC4aa_RREF_range4_swir_to_mir.gif,D:\usgs_splib07\../GIFplots/GIFplots_splib07a/plots_by_wavelength_region/range5_swir_to_fir_wavenumber/splib07a_2-Methylnapthalen_SA-442359_NIC4aa_RREF_range5_swir_to_fir_wavenumber.gif,D:\usgs_splib07\../GIFplots/GIFplots_splib07a/splib07a_Wavelengths_NIC4_Nicolet_1.12-216microns.gif,D:\usgs_splib07\../GIFplots/GIFplots_splib07a/splib07a_Bandpass_(FWHM)_NIC4_Nicolet_in_microns.gif
2-Methylnaptha SA-442359 85K ASDHRa AREF,D:\usgs_splib07\../HTMLmetadata/2-Methylnaptha_SA-442359_85K_ASDHRa_AREF.html,D:\usgs_splib07\../ASCIIdata/ASCIIdata_splib07a/ChapterO_OrganicCompounds/splib07a_2-Methylnaptha_SA-442359_85K_ASDHRa_AREF.txt,,D:\usgs_splib07\../ASCIIdata/ASCIIdata_splib07a/splib07a_Wavelengths_ASD_0.35-2.5_microns_2151_ch.txt,D:\usgs_splib07\../ASCIIdata/ASCIIdata_splib07a/splib07a_Bandpass_(FWHM)_ASDHR_High-Resolution.txt,D:\usgs_splib07\../GIFplots/GIFplots_splib07a/ChapterO_OrganicCompounds/splib07a_2-Methylnaptha_SA-442359_85K_ASDHRa_AREF.gif,D:\usgs_splib07\../GIFplots/GIFplots_splib07a/plots_by_wavelength_region/range1_uv_to_visible/splib07a_2-Methylnaptha_SA-442359_85K_ASDHRa_AREF_range1_uv_to_vis.gif,D:\usgs_splib07\../GIFplots/GIFplots_splib07a/plots_by_wavelength_region/range2_visible_to_swir/splib07a_2-Methylnaptha_SA-442359_85K_ASDHRa_AREF_range2_vis_to_swir.gif,D:\usgs_splib07\../GIFplots/GIFplots_splib07a/plots_by_wavelength_region/range3_swir/splib07a_2-Methylnaptha_SA-442359_85K_ASDHRa_AREF_range3_swir.gif,,,D:\usgs_splib07\../GIFplots/GIFplots_splib07a/splib07a_Wavelengths_ASD_0.35-2.5_microns_2151_ch.gif,D:\usgs_splib07\../GIFplots/GIFplots_splib07a/splib07a_Bandpass_(FWHM)_ASDHR_High-Resolution.gif
2-Methylnaptha SA-442359 85K NIC4aa RREF,D:\usgs_splib07\../HTMLmetadata/2-Methylnaptha_SA-442359_85K_NIC4aa_RREF.html,D:\usgs_splib07\../ASCIIdata/ASCIIdata_splib07a/ChapterO_OrganicCompounds/splib07a_2-Methylnaptha_SA-442359_85K_NIC4aa_RREF.txt,,D:\usgs_splib07\../ASCIIdata/ASCIIdata_splib07a/splib07a_Wavelengths_NIC4_Nicolet_1.12-216microns.txt,D:\usgs_splib07\../ASCIIdata/ASCIIdata_splib07a/splib07a_Bandpass_(FWHM)_NIC4_Nicolet_in_microns.txt,D:\usgs_splib07\../GIFplots/GIFplots_splib07a/ChapterO_OrganicCompounds/splib07a_2-Methylnaptha_SA-442359_85K_NIC4aa_RREF.gif,,D:\usgs_splib07\../GIFplots/GIFplots_splib07a/plots_by_wavelength_region/range2_visible_to_swir/splib07a_2-Methylnaptha_SA-442359_85K_NIC4aa_RREF_range2_vis_to_swir.gif,D:\usgs_splib07\../GIFplots/GIFplots_splib07a/plots_by_wavelength_region/range3_swir/splib07a_2-Methylnaptha_SA-442359_85K_NIC4aa_RREF_range3_swir.gif,D:\usgs_splib07\../GIFplots/GIFplots_splib07a/plots_by_wavelength_region/range4_swir_to_mir/splib07a_2-Methylnaptha_SA-442359_85K_NIC4aa_RREF_range4_swir_to_mir.gif,D:\usgs_splib07\../GIFplots/GIFplots_splib07a/plots_by_wavelength_region/range5_swir_to_fir_wavenumber/splib07a_2-Methylnaptha_SA-442359_85K_NIC4aa_RREF_range5_swir_to_fir_wavenumber.gif,D:\usgs_splib07\../GIFplots/GIFplots_splib07a/splib07a_Wavelengths_NIC4_Nicolet_1.12-216microns.gif,D:\usgs_splib07\../GIFplots/GIFplots_splib07a/splib07a_Bandpass_(FWHM)_NIC4_Nicolet_in_microns.gif
trans-beta-Methylstyrene 85K ASDHRa AREF,D:\usgs_splib07\../HTMLmetadata/trans-beta-Methylstyrene_85K_ASDHRa_AREF.html,D:\usgs_splib07\../ASCIIdata/ASCIIdata_splib07a/ChapterO_OrganicCompounds/splib07a_trans-beta-Methylstyrene_85K_ASDHRa_AREF.txt,,D:\usgs_splib07\../ASCIIdata/ASCIIdata_splib07a/splib07a_Wavelengths_ASD_0.35-2.5_microns_2151_ch.txt,D:\usgs_splib07\../ASCIIdata/ASCIIdata_splib07a/splib07a_Bandpass_(FWHM)_ASDHR_High-Resolution.txt,D:\usgs_splib07\../GIFplots/GIFplots_splib07a/ChapterO_OrganicCompounds/splib07a_trans-beta-Methylstyrene_85K_ASDHRa_AREF.gif,D:\usgs_splib07\../GIFplots/GIFplots_splib07a/plots_by_wavelength_region/range1_uv_to_visible/splib07a_trans-beta-Methylstyrene_85K_ASDHRa_AREF_range1_uv_to_vis.gif,D:\usgs_splib07\../GIFplots/GIFplots_splib07a/plots_by_wavelength_region/range2_visible_to_swir/splib07a_trans-beta-Methylstyrene_85K_ASDHRa_AREF_range2_vis_to_swir.gif,D:\usgs_splib07\../GIFplots/GIFplots_splib07a/plots_by_wavelength_region/range3_swir/splib07a_trans-beta-Methylstyrene_85K_ASDHRa_AREF_range3_swir.gif,,,D:\usgs_splib07\../GIFplots/GIFplots_splib07a/splib07a_Wavelengths_ASD_0.35-2.5_microns_2151_ch.gif,D:\usgs_splib07\../GIFplots/GIFplots_splib07a/splib07a_Bandpass_(FWHM)_ASDHR_High-Resolution.gif
trans-beta-Methylstyrene 85K NIC4aa RREF,D:\usgs_splib07\../HTMLmetadata/trans-beta-Methylstyrene_85K_NIC4aa_RREF.html,D:\usgs_splib07\../ASCIIdata/ASCIIdata_splib07a/ChapterO_OrganicCompounds/splib07a_trans-beta-Methylstyrene_85K_NIC4aa_RREF.txt,,D:\usgs_splib07\../ASCIIdata/ASCIIdata_splib07a/splib07a_Wavelengths_NIC4_Nicolet_1.12-216microns.txt,D:\usgs_splib07\../ASCIIdata/ASCIIdata_splib07a/splib07a_Bandpass_(FWHM)_NIC4_Nicolet_in_microns.txt,D:\usgs_splib07\../GIFplots/GIFplots_splib07a/ChapterO_OrganicCompounds/splib07a_trans-beta-Methylstyrene_85K_NIC4aa_RREF.gif,,D:\usgs_splib07\../GIFplots/GIFplots_splib07a/plots_by_wavelength_region/range2_visible_to_swir/splib07a_trans-beta-Methylstyrene_85K_NIC4aa_RREF_range2_vis_to_swir.gif,D:\usgs_splib07\../GIFplots/GIFplots_splib07a/plots_by_wavelength_region/range3_swir/splib07a_trans-beta-Methylstyrene_85K_NIC4aa_RREF_range3_swir.gif,D:\usgs_splib07\../GIFplots/GIFplots_splib07a/plots_by_wavelength_region/range4_swir_to_mir/splib07a_trans-beta-Methylstyrene_85K_NIC4aa_RREF_range4_swir_to_mir.gif,D:\usgs_splib07\../GIFplots/GIFplots_splib07a/plots_by_wavelength_region/range5_swir_to_fir_wavenumber/splib07a_trans-beta-Methylstyrene_85K_NIC4aa_RREF_range5_swir_to_fir_wavenumber.gif,D:\usgs_splib07\../GIFplots/GIFplots_splib07a/splib07a_Wavelengths_NIC4_Nicolet_1.12-216microns.gif,D:\usgs_splib07\../GIFplots/GIFplots_splib07a/splib07a_Bandpass_(FWHM)_NIC4_Nicolet_in_microns.gif
Naphthalene ENOZ             ASDHRa AREF,D:\usgs_splib07\../HTMLmetadata/Naphthalene_ENOZ_ASDHRa_AREF.html,D:\usgs_splib07\../ASCIIdata/ASCIIdata_splib07a/ChapterO_OrganicCompounds/splib07a_Naphthalene_ENOZ_ASDHRa_AREF.txt,,D:\usgs_splib07\../ASCIIdata/ASCIIdata_splib07a/splib07a_Wavelengths_ASD_0.35-2.5_microns_2151_ch.txt,D:\usgs_splib07\../ASCIIdata/ASCIIdata_splib07a/splib07a_Bandpass_(FWHM)_ASDHR_High-Resolution.txt,D:\usgs_splib07\../GIFplots/GIFplots_splib07a/ChapterO_OrganicCompounds/splib07a_Naphthalene_ENOZ_ASDHRa_AREF.gif,D:\usgs_splib07\../GIFplots/GIFplots_splib07a/plots_by_wavelength_region/range1_uv_to_visible/splib07a_Naphthalene_ENOZ_ASDHRa_AREF_range1_uv_to_vis.gif,D:\usgs_splib07\../GIFplots/GIFplots_splib07a/plots_by_wavelength_region/range2_visible_to_swir/splib07a_Naphthalene_ENOZ_ASDHRa_AREF_range2_vis_to_swir.gif,D:\usgs_splib07\../GIFplots/GIFplots_splib07a/plots_by_wavelength_region/range3_swir/splib07a_Naphthalene_ENOZ_ASDHRa_AREF_range3_swir.gif,,,D:\usgs_splib07\../GIFplots/GIFplots_splib07a/splib07a_Wavelengths_ASD_0.35-2.5_microns_2151_ch.gif,D:\usgs_splib07\../GIFplots/GIFplots_splib07a/splib07a_Bandpass_(FWHM)_ASDHR_High-Resolution.gif
Naphthalene ENOZ             NIC4aa RREF,D:\usgs_splib07\../HTMLmetadata/Naphthalene_ENOZ_NIC4aa_RREF.html,D:\usgs_splib07\../ASCIIdata/ASCIIdata_splib07a/ChapterO_OrganicCompounds/splib07a_Naphthalene_ENOZ_NIC4aa_RREF.txt,,D:\usgs_splib07\../ASCIIdata/ASCIIdata_splib07a/splib07a_Wavelengths_NIC4_Nicolet_1.12-216microns.txt,D:\usgs_splib07\../ASCIIdata/ASCIIdata_splib07a/splib07a_Bandpass_(FWHM)_NIC4_Nicolet_in_microns.txt,D:\usgs_splib07\../GIFplots/GIFplots_splib07a/ChapterO_OrganicCompounds/splib07a_Naphthalene_ENOZ_NIC4aa_RREF.gif,,D:\usgs_splib07\../GIFplots/GIFplots_splib07a/plots_by_wavelength_region/range2_visible_to_swir/splib07a_Naphthalene_ENOZ_NIC4aa_RREF_range2_vis_to_swir.gif,D:\usgs_splib07\../GIFplots/GIFplots_splib07a/plots_by_wavelength_region/range3_swir/splib07a_Naphthalene_ENOZ_NIC4aa_RREF_range3_swir.gif,D:\usgs_splib07\../GIFplots/GIFplots_splib07a/plots_by_wavelength_region/range4_swir_to_mir/splib07a_Naphthalene_ENOZ_NIC4aa_RREF_range4_swir_to_mir.gif,D:\usgs_splib07\../GIFplots/GIFplots_splib07a/plots_by_wavelength_region/range5_swir_to_fir_wavenumber/splib07a_Naphthalene_ENOZ_NIC4aa_RREF_range5_swir_to_fir_wavenumber.gif,D:\usgs_splib07\../GIFplots/GIFplots_splib07a/splib07a_Wavelengths_NIC4_Nicolet_1.12-216microns.gif,D:\usgs_splib07\../GIFplots/GIFplots_splib07a/splib07a_Bandpass_(FWHM)_NIC4_Nicolet_in_microns.gif
Naphthalene ENOZ cgr 89K     ASDFRa AREF,D:\usgs_splib07\../HTMLmetadata/Naphthalene_ENOZ_cgr_89K_ASDFRa_AREF.html,D:\usgs_splib07\../ASCIIdata/ASCIIdata_splib07a/ChapterO_OrganicCompounds/splib07a_Naphthalene_ENOZ_cgr_89K_ASDFRa_AREF.txt,D:\usgs_splib07\../ASCIIdata/ASCIIdata_splib07a/errorbars/errorbars_for_splib07a_Naphthalene_ENOZ_cgr_89K_ASDFRa_AREF.txt,D:\usgs_splib07\../ASCIIdata/ASCIIdata_splib07a/splib07a_Wavelengths_ASD_0.35-2.5_microns_2151_ch.txt,D:\usgs_splib07\../ASCIIdata/ASCIIdata_splib07a/splib07a_Bandpass_(FWHM)_ASDFR_StandardResolution.txt,D:\usgs_splib07\../GIFplots/GIFplots_splib07a/ChapterO_OrganicCompounds/splib07a_Naphthalene_ENOZ_cgr_89K_ASDFRa_AREF.gif,D:\usgs_splib07\../GIFplots/GIFplots_splib07a/plots_by_wavelength_region/range1_uv_to_visible/splib07a_Naphthalene_ENOZ_cgr_89K_ASDFRa_AREF_range1_uv_to_vis.gif,D:\usgs_splib07\../GIFplots/GIFplots_splib07a/plots_by_wavelength_region/range2_visible_to_swir/splib07a_Naphthalene_ENOZ_cgr_89K_ASDFRa_AREF_range2_vis_to_swir.gif,D:\usgs_splib07\../GIFplots/GIFplots_splib07a/plots_by_wavelength_region/range3_swir/splib07a_Naphthalene_ENOZ_cgr_89K_ASDFRa_AREF_range3_swir.gif,,,D:\usgs_splib07\../GIFplots/GIFplots_splib07a/splib07a_Wavelengths_ASD_0.35-2.5_microns_2151_ch.gif,D:\usgs_splib07\../GIFplots/GIFplots_splib07a/splib07a_Bandpass_(FWHM)_ASDFR_StandardResolution.gif
Naphthalene ENOZ 75K         ASDHRa AREF,D:\usgs_splib07\../HTMLmetadata/Naphthalene_ENOZ_75K_ASDHRa_AREF.html,D:\usgs_splib07\../ASCIIdata/ASCIIdata_splib07a/ChapterO_OrganicCompounds/splib07a_Naphthalene_ENOZ_75K_ASDHRa_AREF.txt,,D:\usgs_splib07\../ASCIIdata/ASCIIdata_splib07a/splib07a_Wavelengths_ASD_0.35-2.5_microns_2151_ch.txt,D:\usgs_splib07\../ASCIIdata/ASCIIdata_splib07a/splib07a_Bandpass_(FWHM)_ASDHR_High-Resolution.txt,D:\usgs_splib07\../GIFplots/GIFplots_splib07a/ChapterO_OrganicCompounds/splib07a_Naphthalene_ENOZ_75K_ASDHRa_AREF.gif,D:\usgs_splib07\../GIFplots/GIFplots_splib07a/plots_by_wavelength_region/range1_uv_to_visible/splib07a_Naphthalene_ENOZ_75K_ASDHRa_AREF_range1_uv_to_vis.gif,D:\usgs_splib07\../GIFplots/GIFplots_splib07a/plots_by_wavelength_region/range2_visible_to_swir/splib07a_Naphthalene_ENOZ_75K_ASDHRa_AREF_range2_vis_to_swir.gif,D:\usgs_splib07\../GIFplots/GIFplots_splib07a/plots_by_wavelength_region/range3_swir/splib07a_Naphthalene_ENOZ_75K_ASDHRa_AREF_range3_swir.gif,,,D:\usgs_splib07\../GIFplots/GIFplots_splib07a/splib07a_Wavelengths_ASD_0.35-2.5_microns_2151_ch.gif,D:\usgs_splib07\../GIFplots/GIFplots_splib07a/splib07a_Bandpass_(FWHM)_ASDHR_High-Resolution.gif
Naphthalene ENOZ 85K         NIC4aa RREF,D:\usgs_splib07\../HTMLmetadata/Naphthalene_ENOZ_85K_NIC4aa_RREF.html,D:\usgs_splib07\../ASCIIdata/ASCIIdata_splib07a/ChapterO_OrganicCompounds/splib07a_Naphthalene_ENOZ_85K_NIC4aa_RREF.txt,,D:\usgs_splib07\../ASCIIdata/ASCIIdata_splib07a/splib07a_Wavelengths_NIC4_Nicolet_1.12-216microns.txt,D:\usgs_splib07\../ASCIIdata/ASCIIdata_splib07a/splib07a_Bandpass_(FWHM)_NIC4_Nicolet_in_microns.txt,D:\usgs_splib07\../GIFplots/GIFplots_splib07a/ChapterO_OrganicCompounds/splib07a_Naphthalene_ENOZ_85K_NIC4aa_RREF.gif,,D:\usgs_splib07\../GIFplots/GIFplots_splib07a/plots_by_wavelength_region/range2_visible_to_swir/splib07a_Naphthalene_ENOZ_85K_NIC4aa_RREF_range2_vis_to_swir.gif,D:\usgs_splib07\../GIFplots/GIFplots_splib07a/plots_by_wavelength_region/range3_swir/splib07a_Naphthalene_ENOZ_85K_NIC4aa_RREF_range3_swir.gif,D:\usgs_splib07\../GIFplots/GIFplots_splib07a/plots_by_wavelength_region/range4_swir_to_mir/splib07a_Naphthalene_ENOZ_85K_NIC4aa_RREF_range4_swir_to_mir.gif,D:\usgs_splib07\../GIFplots/GIFplots_splib07a/plots_by_wavelength_region/range5_swir_to_fir_wavenumber/splib07a_Naphthalene_ENOZ_85K_NIC4aa_RREF_range5_swir_to_fir_wavenumber.gif,D:\usgs_splib07\../GIFplots/GIFplots_splib07a/splib07a_Wavelengths_NIC4_Nicolet_1.12-216microns.gif,D:\usgs_splib07\../GIFplots/GIFplots_splib07a/splib07a_Bandpass_(FWHM)_NIC4_Nicolet_in_microns.gif
Naringenin SA-N5893          ASDHRa AREF,D:\usgs_splib07\../HTMLmetadata/Naringenin_SA-N5893_ASDHRa_AREF.html,D:\usgs_splib07\../ASCIIdata/ASCIIdata_splib07a/ChapterO_OrganicCompounds/splib07a_Naringenin_SA-N5893_ASDHRa_AREF.txt,D:\usgs_splib07\../ASCIIdata/ASCIIdata_splib07a/errorbars/errorbars_for_splib07a_Naringenin_SA-N5893_ASDHRa_AREF.txt,D:\usgs_splib07\../ASCIIdata/ASCIIdata_splib07a/splib07a_Wavelengths_ASD_0.35-2.5_microns_2151_ch.txt,D:\usgs_splib07\../ASCIIdata/ASCIIdata_splib07a/splib07a_Bandpass_(FWHM)_ASDHR_High-Resolution.txt,D:\usgs_splib07\../GIFplots/GIFplots_splib07a/ChapterO_OrganicCompounds/splib07a_Naringenin_SA-N5893_ASDHRa_AREF.gif,D:\usgs_splib07\../GIFplots/GIFplots_splib07a/plots_by_wavelength_region/range1_uv_to_visible/splib07a_Naringenin_SA-N5893_ASDHRa_AREF_range1_uv_to_vis.gif,D:\usgs_splib07\../GIFplots/GIFplots_splib07a/plots_by_wavelength_region/range2_visible_to_swir/splib07a_Naringenin_SA-N5893_ASDHRa_AREF_range2_vis_to_swir.gif,D:\usgs_splib07\../GIFplots/GIFplots_splib07a/plots_by_wavelength_region/range3_swir/splib07a_Naringenin_SA-N5893_ASDHRa_AREF_range3_swir.gif,,,D:\usgs_splib07\../GIFplots/GIFplots_splib07a/splib07a_Wavelengths_ASD_0.35-2.5_microns_2151_ch.gif,D:\usgs_splib07\../GIFplots/GIFplots_splib07a/splib07a_Bandpass_(FWHM)_ASDHR_High-Resolution.gif
Nitrobenzene SA-72980 85K    NIC4aa RREF,D:\usgs_splib07\../HTMLmetadata/Nitrobenzene_SA-72980_85K_NIC4aa_RREF.html,D:\usgs_splib07\../ASCIIdata/ASCIIdata_splib07a/ChapterO_OrganicCompounds/splib07a_Nitrobenzene_SA-72980_85K_NIC4aa_RREF.txt,,D:\usgs_splib07\../ASCIIdata/ASCIIdata_splib07a/splib07a_Wavelengths_NIC4_Nicolet_1.12-216microns.txt,D:\usgs_splib07\../ASCIIdata/ASCIIdata_splib07a/splib07a_Bandpass_(FWHM)_NIC4_Nicolet_in_microns.txt,D:\usgs_splib07\../GIFplots/GIFplots_splib07a/ChapterO_OrganicCompounds/splib07a_Nitrobenzene_SA-72980_85K_NIC4aa_RREF.gif,,D:\usgs_splib07\../GIFplots/GIFplots_splib07a/plots_by_wavelength_region/range2_visible_to_swir/splib07a_Nitrobenzene_SA-72980_85K_NIC4aa_RREF_range2_vis_to_swir.gif,D:\usgs_splib07\../GIFplots/GIFplots_splib07a/plots_by_wavelength_region/range3_swir/splib07a_Nitrobenzene_SA-72980_85K_NIC4aa_RREF_range3_swir.gif,D:\usgs_splib07\../GIFplots/GIFplots_splib07a/plots_by_wavelength_region/range4_swir_to_mir/splib07a_Nitrobenzene_SA-72980_85K_NIC4aa_RREF_range4_swir_to_mir.gif,D:\usgs_splib07\../GIFplots/GIFplots_splib07a/plots_by_wavelength_region/range5_swir_to_fir_wavenumber/splib07a_Nitrobenzene_SA-72980_85K_NIC4aa_RREF_range5_swir_to_fir_wavenumber.gif,D:\usgs_splib07\../GIFplots/GIFplots_splib07a/splib07a_Wavelengths_NIC4_Nicolet_1.12-216microns.gif,D:\usgs_splib07\../GIFplots/GIFplots_splib07a/splib07a_Bandpass_(FWHM)_NIC4_Nicolet_in_microns.gif
Nonadecane SA-N28906         NIC4aa RREF,D:\usgs_splib07\../HTMLmetadata/Nonadecane_SA-N28906_NIC4aa_RREF.html,D:\usgs_splib07\../ASCIIdata/ASCIIdata_splib07a/ChapterO_OrganicCompounds/splib07a_Nonadecane_SA-N28906_NIC4aa_RREF.txt,,D:\usgs_splib07\../ASCIIdata/ASCIIdata_splib07a/splib07a_Wavelengths_NIC4_Nicolet_1.12-216microns.txt,D:\usgs_splib07\../ASCIIdata/ASCIIdata_splib07a/splib07a_Bandpass_(FWHM)_NIC4_Nicolet_in_microns.txt,D:\usgs_splib07\../GIFplots/GIFplots_splib07a/ChapterO_OrganicCompounds/splib07a_Nonadecane_SA-N28906_NIC4aa_RREF.gif,,D:\usgs_splib07\../GIFplots/GIFplots_splib07a/plots_by_wavelength_region/range2_visible_to_swir/splib07a_Nonadecane_SA-N28906_NIC4aa_RREF_range2_vis_to_swir.gif,D:\usgs_splib07\../GIFplots/GIFplots_splib07a/plots_by_wavelength_region/range3_swir/splib07a_Nonadecane_SA-N28906_NIC4aa_RREF_range3_swir.gif,D:\usgs_splib07\../GIFplots/GIFplots_splib07a/plots_by_wavelength_region/range4_swir_to_mir/splib07a_Nonadecane_SA-N28906_NIC4aa_RREF_range4_swir_to_mir.gif,D:\usgs_splib07\../GIFplots/GIFplots_splib07a/plots_by_wavelength_region/range5_swir_to_fir_wavenumber/splib07a_Nonadecane_SA-N28906_NIC4aa_RREF_range5_swir_to_fir_wavenumber.gif,D:\usgs_splib07\../GIFplots/GIFplots_splib07a/splib07a_Wavelengths_NIC4_Nicolet_1.12-216microns.gif,D:\usgs_splib07\../GIFplots/GIFplots_splib07a/splib07a_Bandpass_(FWHM)_NIC4_Nicolet_in_microns.gif
Nonane fine frost 84K        ASDFRa AREF,D:\usgs_splib07\../HTMLmetadata/Nonane_fine_frost_84K_ASDFRa_AREF.html,D:\usgs_splib07\../ASCIIdata/ASCIIdata_splib07a/ChapterO_OrganicCompounds/splib07a_Nonane_fine_frost_84K_ASDFRa_AREF.txt,D:\usgs_splib07\../ASCIIdata/ASCIIdata_splib07a/errorbars/errorbars_for_splib07a_Nonane_fine_frost_84K_ASDFRa_AREF.txt,D:\usgs_splib07\../ASCIIdata/ASCIIdata_splib07a/splib07a_Wavelengths_ASD_0.35-2.5_microns_2151_ch.txt,D:\usgs_splib07\../ASCIIdata/ASCIIdata_splib07a/splib07a_Bandpass_(FWHM)_ASDFR_StandardResolution.txt,D:\usgs_splib07\../GIFplots/GIFplots_splib07a/ChapterO_OrganicCompounds/splib07a_Nonane_fine_frost_84K_ASDFRa_AREF.gif,D:\usgs_splib07\../GIFplots/GIFplots_splib07a/plots_by_wavelength_region/range1_uv_to_visible/splib07a_Nonane_fine_frost_84K_ASDFRa_AREF_range1_uv_to_vis.gif,D:\usgs_splib07\../GIFplots/GIFplots_splib07a/plots_by_wavelength_region/range2_visible_to_swir/splib07a_Nonane_fine_frost_84K_ASDFRa_AREF_range2_vis_to_swir.gif,D:\usgs_splib07\../GIFplots/GIFplots_splib07a/plots_by_wavelength_region/range3_swir/splib07a_Nonane_fine_frost_84K_ASDFRa_AREF_range3_swir.gif,,,D:\usgs_splib07\../GIFplots/GIFplots_splib07a/splib07a_Wavelengths_ASD_0.35-2.5_microns_2151_ch.gif,D:\usgs_splib07\../GIFplots/GIFplots_splib07a/splib07a_Bandpass_(FWHM)_ASDFR_StandardResolution.gif
Nonane fine frost 84K        NIC4aa RREF,D:\usgs_splib07\../HTMLmetadata/Nonane_fine_frost_84K_NIC4aa_RREF.html,D:\usgs_splib07\../ASCIIdata/ASCIIdata_splib07a/ChapterO_OrganicCompounds/splib07a_Nonane_fine_frost_84K_NIC4aa_RREF.txt,,D:\usgs_splib07\../ASCIIdata/ASCIIdata_splib07a/splib07a_Wavelengths_NIC4_Nicolet_1.12-216microns.txt,D:\usgs_splib07\../ASCIIdata/ASCIIdata_splib07a/splib07a_Bandpass_(FWHM)_NIC4_Nicolet_in_microns.txt,D:\usgs_splib07\../GIFplots/GIFplots_splib07a/ChapterO_OrganicCompounds/splib07a_Nonane_fine_frost_84K_NIC4aa_RREF.gif,,D:\usgs_splib07\../GIFplots/GIFplots_splib07a/plots_by_wavelength_region/range2_visible_to_swir/splib07a_Nonane_fine_frost_84K_NIC4aa_RREF_range2_vis_to_swir.gif,D:\usgs_splib07\../GIFplots/GIFplots_splib07a/plots_by_wavelength_region/range3_swir/splib07a_Nonane_fine_frost_84K_NIC4aa_RREF_range3_swir.gif,D:\usgs_splib07\../GIFplots/GIFplots_splib07a/plots_by_wavelength_region/range4_swir_to_mir/splib07a_Nonane_fine_frost_84K_NIC4aa_RREF_range4_swir_to_mir.gif,D:\usgs_splib07\../GIFplots/GIFplots_splib07a/plots_by_wavelength_region/range5_swir_to_fir_wavenumber/splib07a_Nonane_fine_frost_84K_NIC4aa_RREF_range5_swir_to_fir_wavenumber.gif,D:\usgs_splib07\../GIFplots/GIFplots_splib07a/splib07a_Wavelengths_NIC4_Nicolet_1.12-216microns.gif,D:\usgs_splib07\../GIFplots/GIFplots_splib07a/splib07a_Bandpass_(FWHM)_NIC4_Nicolet_in_microns.gif
Octane SA-74822 medfrost 85K ASDFRa AREF,D:\usgs_splib07\../HTMLmetadata/Octane_SA-74822_medfrost_85K_ASDFRa_AREF.html,D:\usgs_splib07\../ASCIIdata/ASCIIdata_splib07a/ChapterO_OrganicCompounds/splib07a_Octane_SA-74822_medfrost_85K_ASDFRa_AREF.txt,D:\usgs_splib07\../ASCIIdata/ASCIIdata_splib07a/errorbars/errorbars_for_splib07a_Octane_SA-74822_medfrost_85K_ASDFRa_AREF.txt,D:\usgs_splib07\../ASCIIdata/ASCIIdata_splib07a/splib07a_Wavelengths_ASD_0.35-2.5_microns_2151_ch.txt,D:\usgs_splib07\../ASCIIdata/ASCIIdata_splib07a/splib07a_Bandpass_(FWHM)_ASDFR_StandardResolution.txt,D:\usgs_splib07\../GIFplots/GIFplots_splib07a/ChapterO_OrganicCompounds/splib07a_Octane_SA-74822_medfrost_85K_ASDFRa_AREF.gif,D:\usgs_splib07\../GIFplots/GIFplots_splib07a/plots_by_wavelength_region/range1_uv_to_visible/splib07a_Octane_SA-74822_medfrost_85K_ASDFRa_AREF_range1_uv_to_vis.gif,D:\usgs_splib07\../GIFplots/GIFplots_splib07a/plots_by_wavelength_region/range2_visible_to_swir/splib07a_Octane_SA-74822_medfrost_85K_ASDFRa_AREF_range2_vis_to_swir.gif,D:\usgs_splib07\../GIFplots/GIFplots_splib07a/plots_by_wavelength_region/range3_swir/splib07a_Octane_SA-74822_medfrost_85K_ASDFRa_AREF_range3_swir.gif,,,D:\usgs_splib07\../GIFplots/GIFplots_splib07a/splib07a_Wavelengths_ASD_0.35-2.5_microns_2151_ch.gif,D:\usgs_splib07\../GIFplots/GIFplots_splib07a/splib07a_Bandpass_(FWHM)_ASDFR_StandardResolution.gif
Octane SA-74822 medfrost 87K NIC4aa RREF,D:\usgs_splib07\../HTMLmetadata/Octane_SA-74822_medfrost_87K_NIC4aa_RREF.html,D:\usgs_splib07\../ASCIIdata/ASCIIdata_splib07a/ChapterO_OrganicCompounds/splib07a_Octane_SA-74822_medfrost_87K_NIC4aa_RREF.txt,,D:\usgs_splib07\../ASCIIdata/ASCIIdata_splib07a/splib07a_Wavelengths_NIC4_Nicolet_1.12-216microns.txt,D:\usgs_splib07\../ASCIIdata/ASCIIdata_splib07a/splib07a_Bandpass_(FWHM)_NIC4_Nicolet_in_microns.txt,D:\usgs_splib07\../GIFplots/GIFplots_splib07a/ChapterO_OrganicCompounds/splib07a_Octane_SA-74822_medfrost_87K_NIC4aa_RREF.gif,,D:\usgs_splib07\../GIFplots/GIFplots_splib07a/plots_by_wavelength_region/range2_visible_to_swir/splib07a_Octane_SA-74822_medfrost_87K_NIC4aa_RREF_range2_vis_to_swir.gif,D:\usgs_splib07\../GIFplots/GIFplots_splib07a/plots_by_wavelength_region/range3_swir/splib07a_Octane_SA-74822_medfrost_87K_NIC4aa_RREF_range3_swir.gif,D:\usgs_splib07\../GIFplots/GIFplots_splib07a/plots_by_wavelength_region/range4_swir_to_mir/splib07a_Octane_SA-74822_medfrost_87K_NIC4aa_RREF_range4_swir_to_mir.gif,D:\usgs_splib07\../GIFplots/GIFplots_splib07a/plots_by_wavelength_region/range5_swir_to_fir_wavenumber/splib07a_Octane_SA-74822_medfrost_87K_NIC4aa_RREF_range5_swir_to_fir_wavenumber.gif,D:\usgs_splib07\../GIFplots/GIFplots_splib07a/splib07a_Wavelengths_NIC4_Nicolet_1.12-216microns.gif,D:\usgs_splib07\../GIFplots/GIFplots_splib07a/splib07a_Bandpass_(FWHM)_NIC4_Nicolet_in_microns.gif
Paraffin gfwax 273K          NIC4aa RREF,D:\usgs_splib07\../HTMLmetadata/Paraffin_gfwax_273K_NIC4aa_RREF.html,D:\usgs_splib07\../ASCIIdata/ASCIIdata_splib07a/ChapterO_OrganicCompounds/splib07a_Paraffin_gfwax_273K_NIC4aa_RREF.txt,,D:\usgs_splib07\../ASCIIdata/ASCIIdata_splib07a/splib07a_Wavelengths_NIC4_Nicolet_1.12-216microns.txt,D:\usgs_splib07\../ASCIIdata/ASCIIdata_splib07a/splib07a_Bandpass_(FWHM)_NIC4_Nicolet_in_microns.txt,D:\usgs_splib07\../GIFplots/GIFplots_splib07a/ChapterO_OrganicCompounds/splib07a_Paraffin_gfwax_273K_NIC4aa_RREF.gif,,D:\usgs_splib07\../GIFplots/GIFplots_splib07a/plots_by_wavelength_region/range2_visible_to_swir/splib07a_Paraffin_gfwax_273K_NIC4aa_RREF_range2_vis_to_swir.gif,D:\usgs_splib07\../GIFplots/GIFplots_splib07a/plots_by_wavelength_region/range3_swir/splib07a_Paraffin_gfwax_273K_NIC4aa_RREF_range3_swir.gif,D:\usgs_splib07\../GIFplots/GIFplots_splib07a/plots_by_wavelength_region/range4_swir_to_mir/splib07a_Paraffin_gfwax_273K_NIC4aa_RREF_range4_swir_to_mir.gif,D:\usgs_splib07\../GIFplots/GIFplots_splib07a/plots_by_wavelength_region/range5_swir_to_fir_wavenumber/splib07a_Paraffin_gfwax_273K_NIC4aa_RREF_range5_swir_to_fir_wavenumber.gif,D:\usgs_splib07\../GIFplots/GIFplots_splib07a/splib07a_Wavelengths_NIC4_Nicolet_1.12-216microns.gif,D:\usgs_splib07\../GIFplots/GIFplots_splib07a/splib07a_Bandpass_(FWHM)_NIC4_Nicolet_in_microns.gif
Paraffin gfwax T~85K         ASDFRa AREF,D:\usgs_splib07\../HTMLmetadata/Paraffin_gfwax_T~85K_ASDFRa_AREF.html,D:\usgs_splib07\../ASCIIdata/ASCIIdata_splib07a/ChapterO_OrganicCompounds/splib07a_Paraffin_gfwax_T~85K_ASDFRa_AREF.txt,,D:\usgs_splib07\../ASCIIdata/ASCIIdata_splib07a/splib07a_Wavelengths_ASD_0.35-2.5_microns_2151_ch.txt,D:\usgs_splib07\../ASCIIdata/ASCIIdata_splib07a/splib07a_Bandpass_(FWHM)_ASDFR_StandardResolution.txt,D:\usgs_splib07\../GIFplots/GIFplots_splib07a/ChapterO_OrganicCompounds/splib07a_Paraffin_gfwax_T~85K_ASDFRa_AREF.gif,D:\usgs_splib07\../GIFplots/GIFplots_splib07a/plots_by_wavelength_region/range1_uv_to_visible/splib07a_Paraffin_gfwax_T~85K_ASDFRa_AREF_range1_uv_to_vis.gif,D:\usgs_splib07\../GIFplots/GIFplots_splib07a/plots_by_wavelength_region/range2_visible_to_swir/splib07a_Paraffin_gfwax_T~85K_ASDFRa_AREF_range2_vis_to_swir.gif,D:\usgs_splib07\../GIFplots/GIFplots_splib07a/plots_by_wavelength_region/range3_swir/splib07a_Paraffin_gfwax_T~85K_ASDFRa_AREF_range3_swir.gif,,,D:\usgs_splib07\../GIFplots/GIFplots_splib07a/splib07a_Wavelengths_ASD_0.35-2.5_microns_2151_ch.gif,D:\usgs_splib07\../GIFplots/GIFplots_splib07a/splib07a_Bandpass_(FWHM)_ASDFR_StandardResolution.gif
Pentacene SA-P1802           ASDHRa AREF,D:\usgs_splib07\../HTMLmetadata/Pentacene_SA-P1802_ASDHRa_AREF.html,D:\usgs_splib07\../ASCIIdata/ASCIIdata_splib07a/ChapterO_OrganicCompounds/splib07a_Pentacene_SA-P1802_ASDHRa_AREF.txt,,D:\usgs_splib07\../ASCIIdata/ASCIIdata_splib07a/splib07a_Wavelengths_ASD_0.35-2.5_microns_2151_ch.txt,D:\usgs_splib07\../ASCIIdata/ASCIIdata_splib07a/splib07a_Bandpass_(FWHM)_ASDHR_High-Resolution.txt,D:\usgs_splib07\../GIFplots/GIFplots_splib07a/ChapterO_OrganicCompounds/splib07a_Pentacene_SA-P1802_ASDHRa_AREF.gif,D:\usgs_splib07\../GIFplots/GIFplots_splib07a/plots_by_wavelength_region/range1_uv_to_visible/splib07a_Pentacene_SA-P1802_ASDHRa_AREF_range1_uv_to_vis.gif,D:\usgs_splib07\../GIFplots/GIFplots_splib07a/plots_by_wavelength_region/range2_visible_to_swir/splib07a_Pentacene_SA-P1802_ASDHRa_AREF_range2_vis_to_swir.gif,D:\usgs_splib07\../GIFplots/GIFplots_splib07a/plots_by_wavelength_region/range3_swir/splib07a_Pentacene_SA-P1802_ASDHRa_AREF_range3_swir.gif,,,D:\usgs_splib07\../GIFplots/GIFplots_splib07a/splib07a_Wavelengths_ASD_0.35-2.5_microns_2151_ch.gif,D:\usgs_splib07\../GIFplots/GIFplots_splib07a/splib07a_Bandpass_(FWHM)_ASDHR_High-Resolution.gif
Pentacene SA-P1802           NIC4aa RREF,D:\usgs_splib07\../HTMLmetadata/Pentacene_SA-P1802_NIC4aa_RREF.html,D:\usgs_splib07\../ASCIIdata/ASCIIdata_splib07a/ChapterO_OrganicCompounds/splib07a_Pentacene_SA-P1802_NIC4aa_RREF.txt,,D:\usgs_splib07\../ASCIIdata/ASCIIdata_splib07a/splib07a_Wavelengths_NIC4_Nicolet_1.12-216microns.txt,D:\usgs_splib07\../ASCIIdata/ASCIIdata_splib07a/splib07a_Bandpass_(FWHM)_NIC4_Nicolet_in_microns.txt,D:\usgs_splib07\../GIFplots/GIFplots_splib07a/ChapterO_OrganicCompounds/splib07a_Pentacene_SA-P1802_NIC4aa_RREF.gif,,D:\usgs_splib07\../GIFplots/GIFplots_splib07a/plots_by_wavelength_region/range2_visible_to_swir/splib07a_Pentacene_SA-P1802_NIC4aa_RREF_range2_vis_to_swir.gif,D:\usgs_splib07\../GIFplots/GIFplots_splib07a/plots_by_wavelength_region/range3_swir/splib07a_Pentacene_SA-P1802_NIC4aa_RREF_range3_swir.gif,D:\usgs_splib07\../GIFplots/GIFplots_splib07a/plots_by_wavelength_region/range4_swir_to_mir/splib07a_Pentacene_SA-P1802_NIC4aa_RREF_range4_swir_to_mir.gif,D:\usgs_splib07\../GIFplots/GIFplots_splib07a/plots_by_wavelength_region/range5_swir_to_fir_wavenumber/splib07a_Pentacene_SA-P1802_NIC4aa_RREF_range5_swir_to_fir_wavenumber.gif,D:\usgs_splib07\../GIFplots/GIFplots_splib07a/splib07a_Wavelengths_NIC4_Nicolet_1.12-216microns.gif,D:\usgs_splib07\../GIFplots/GIFplots_splib07a/splib07a_Bandpass_(FWHM)_NIC4_Nicolet_in_microns.gif
Pentacene SA-P1802 75K       ASDHRa AREF,D:\usgs_splib07\../HTMLmetadata/Pentacene_SA-P1802_75K_ASDHRa_AREF.html,D:\usgs_splib07\../ASCIIdata/ASCIIdata_splib07a/ChapterO_OrganicCompounds/splib07a_Pentacene_SA-P1802_75K_ASDHRa_AREF.txt,,D:\usgs_splib07\../ASCIIdata/ASCIIdata_splib07a/splib07a_Wavelengths_ASD_0.35-2.5_microns_2151_ch.txt,D:\usgs_splib07\../ASCIIdata/ASCIIdata_splib07a/splib07a_Bandpass_(FWHM)_ASDHR_High-Resolution.txt,D:\usgs_splib07\../GIFplots/GIFplots_splib07a/ChapterO_OrganicCompounds/splib07a_Pentacene_SA-P1802_75K_ASDHRa_AREF.gif,D:\usgs_splib07\../GIFplots/GIFplots_splib07a/plots_by_wavelength_region/range1_uv_to_visible/splib07a_Pentacene_SA-P1802_75K_ASDHRa_AREF_range1_uv_to_vis.gif,D:\usgs_splib07\../GIFplots/GIFplots_splib07a/plots_by_wavelength_region/range2_visible_to_swir/splib07a_Pentacene_SA-P1802_75K_ASDHRa_AREF_range2_vis_to_swir.gif,D:\usgs_splib07\../GIFplots/GIFplots_splib07a/plots_by_wavelength_region/range3_swir/splib07a_Pentacene_SA-P1802_75K_ASDHRa_AREF_range3_swir.gif,,,D:\usgs_splib07\../GIFplots/GIFplots_splib07a/splib07a_Wavelengths_ASD_0.35-2.5_microns_2151_ch.gif,D:\usgs_splib07\../GIFplots/GIFplots_splib07a/splib07a_Bandpass_(FWHM)_ASDHR_High-Resolution.gif
Pentacene SA-P1802 85K       NIC4aa RREF,D:\usgs_splib07\../HTMLmetadata/Pentacene_SA-P1802_85K_NIC4aa_RREF.html,D:\usgs_splib07\../ASCIIdata/ASCIIdata_splib07a/ChapterO_OrganicCompounds/splib07a_Pentacene_SA-P1802_85K_NIC4aa_RREF.txt,,D:\usgs_splib07\../ASCIIdata/ASCIIdata_splib07a/splib07a_Wavelengths_NIC4_Nicolet_1.12-216microns.txt,D:\usgs_splib07\../ASCIIdata/ASCIIdata_splib07a/splib07a_Bandpass_(FWHM)_NIC4_Nicolet_in_microns.txt,D:\usgs_splib07\../GIFplots/GIFplots_splib07a/ChapterO_OrganicCompounds/splib07a_Pentacene_SA-P1802_85K_NIC4aa_RREF.gif,,D:\usgs_splib07\../GIFplots/GIFplots_splib07a/plots_by_wavelength_region/range2_visible_to_swir/splib07a_Pentacene_SA-P1802_85K_NIC4aa_RREF_range2_vis_to_swir.gif,D:\usgs_splib07\../GIFplots/GIFplots_splib07a/plots_by_wavelength_region/range3_swir/splib07a_Pentacene_SA-P1802_85K_NIC4aa_RREF_range3_swir.gif,D:\usgs_splib07\../GIFplots/GIFplots_splib07a/plots_by_wavelength_region/range4_swir_to_mir/splib07a_Pentacene_SA-P1802_85K_NIC4aa_RREF_range4_swir_to_mir.gif,D:\usgs_splib07\../GIFplots/GIFplots_splib07a/plots_by_wavelength_region/range5_swir_to_fir_wavenumber/splib07a_Pentacene_SA-P1802_85K_NIC4aa_RREF_range5_swir_to_fir_wavenumber.gif,D:\usgs_splib07\../GIFplots/GIFplots_splib07a/splib07a_Wavelengths_NIC4_Nicolet_1.12-216microns.gif,D:\usgs_splib07\../GIFplots/GIFplots_splib07a/splib07a_Bandpass_(FWHM)_NIC4_Nicolet_in_microns.gif
Pentane SA-76878 fine gr 85K ASDFRa AREF,D:\usgs_splib07\../HTMLmetadata/Pentane_SA-76878_fine_gr_85K_ASDFRa_AREF.html,D:\usgs_splib07\../ASCIIdata/ASCIIdata_splib07a/ChapterO_OrganicCompounds/splib07a_Pentane_SA-76878_fine_gr_85K_ASDFRa_AREF.txt,D:\usgs_splib07\../ASCIIdata/ASCIIdata_splib07a/errorbars/errorbars_for_splib07a_Pentane_SA-76878_fine_gr_85K_ASDFRa_AREF.txt,D:\usgs_splib07\../ASCIIdata/ASCIIdata_splib07a/splib07a_Wavelengths_ASD_0.35-2.5_microns_2151_ch.txt,D:\usgs_splib07\../ASCIIdata/ASCIIdata_splib07a/splib07a_Bandpass_(FWHM)_ASDFR_StandardResolution.txt,D:\usgs_splib07\../GIFplots/GIFplots_splib07a/ChapterO_OrganicCompounds/splib07a_Pentane_SA-76878_fine_gr_85K_ASDFRa_AREF.gif,D:\usgs_splib07\../GIFplots/GIFplots_splib07a/plots_by_wavelength_region/range1_uv_to_visible/splib07a_Pentane_SA-76878_fine_gr_85K_ASDFRa_AREF_range1_uv_to_vis.gif,D:\usgs_splib07\../GIFplots/GIFplots_splib07a/plots_by_wavelength_region/range2_visible_to_swir/splib07a_Pentane_SA-76878_fine_gr_85K_ASDFRa_AREF_range2_vis_to_swir.gif,D:\usgs_splib07\../GIFplots/GIFplots_splib07a/plots_by_wavelength_region/range3_swir/splib07a_Pentane_SA-76878_fine_gr_85K_ASDFRa_AREF_range3_swir.gif,,,D:\usgs_splib07\../GIFplots/GIFplots_splib07a/splib07a_Wavelengths_ASD_0.35-2.5_microns_2151_ch.gif,D:\usgs_splib07\../GIFplots/GIFplots_splib07a/splib07a_Bandpass_(FWHM)_ASDFR_StandardResolution.gif
Pentane SA-76878 fine fr86K  NIC4aa RREF,D:\usgs_splib07\../HTMLmetadata/Pentane_SA-76878_fine_fr86K_NIC4aa_RREF.html,D:\usgs_splib07\../ASCIIdata/ASCIIdata_splib07a/ChapterO_OrganicCompounds/splib07a_Pentane_SA-76878_fine_fr86K_NIC4aa_RREF.txt,,D:\usgs_splib07\../ASCIIdata/ASCIIdata_splib07a/splib07a_Wavelengths_NIC4_Nicolet_1.12-216microns.txt,D:\usgs_splib07\../ASCIIdata/ASCIIdata_splib07a/splib07a_Bandpass_(FWHM)_NIC4_Nicolet_in_microns.txt,D:\usgs_splib07\../GIFplots/GIFplots_splib07a/ChapterO_OrganicCompounds/splib07a_Pentane_SA-76878_fine_fr86K_NIC4aa_RREF.gif,,D:\usgs_splib07\../GIFplots/GIFplots_splib07a/plots_by_wavelength_region/range2_visible_to_swir/splib07a_Pentane_SA-76878_fine_fr86K_NIC4aa_RREF_range2_vis_to_swir.gif,D:\usgs_splib07\../GIFplots/GIFplots_splib07a/plots_by_wavelength_region/range3_swir/splib07a_Pentane_SA-76878_fine_fr86K_NIC4aa_RREF_range3_swir.gif,D:\usgs_splib07\../GIFplots/GIFplots_splib07a/plots_by_wavelength_region/range4_swir_to_mir/splib07a_Pentane_SA-76878_fine_fr86K_NIC4aa_RREF_range4_swir_to_mir.gif,D:\usgs_splib07\../GIFplots/GIFplots_splib07a/plots_by_wavelength_region/range5_swir_to_fir_wavenumber/splib07a_Pentane_SA-76878_fine_fr86K_NIC4aa_RREF_range5_swir_to_fir_wavenumber.gif,D:\usgs_splib07\../GIFplots/GIFplots_splib07a/splib07a_Wavelengths_NIC4_Nicolet_1.12-216microns.gif,D:\usgs_splib07\../GIFplots/GIFplots_splib07a/splib07a_Bandpass_(FWHM)_NIC4_Nicolet_in_microns.gif
Peptidogylcan SA-69554       ASDFRa AREF,D:\usgs_splib07\../HTMLmetadata/Peptidogylcan_SA-69554_ASDFRa_AREF.html,D:\usgs_splib07\../ASCIIdata/ASCIIdata_splib07a/ChapterO_OrganicCompounds/splib07a_Peptidogylcan_SA-69554_ASDFRa_AREF.txt,,D:\usgs_splib07\../ASCIIdata/ASCIIdata_splib07a/splib07a_Wavelengths_ASD_0.35-2.5_microns_2151_ch.txt,D:\usgs_splib07\../ASCIIdata/ASCIIdata_splib07a/splib07a_Bandpass_(FWHM)_ASDFR_StandardResolution.txt,D:\usgs_splib07\../GIFplots/GIFplots_splib07a/ChapterO_OrganicCompounds/splib07a_Peptidogylcan_SA-69554_ASDFRa_AREF.gif,D:\usgs_splib07\../GIFplots/GIFplots_splib07a/plots_by_wavelength_region/range1_uv_to_visible/splib07a_Peptidogylcan_SA-69554_ASDFRa_AREF_range1_uv_to_vis.gif,D:\usgs_splib07\../GIFplots/GIFplots_splib07a/plots_by_wavelength_region/range2_visible_to_swir/splib07a_Peptidogylcan_SA-69554_ASDFRa_AREF_range2_vis_to_swir.gif,D:\usgs_splib07\../GIFplots/GIFplots_splib07a/plots_by_wavelength_region/range3_swir/splib07a_Peptidogylcan_SA-69554_ASDFRa_AREF_range3_swir.gif,,,D:\usgs_splib07\../GIFplots/GIFplots_splib07a/splib07a_Wavelengths_ASD_0.35-2.5_microns_2151_ch.gif,D:\usgs_splib07\../GIFplots/GIFplots_splib07a/splib07a_Bandpass_(FWHM)_ASDFR_StandardResolution.gif
Perylene SA-P11204           ASDHRa AREF,D:\usgs_splib07\../HTMLmetadata/Perylene_SA-P11204_ASDHRa_AREF.html,D:\usgs_splib07\../ASCIIdata/ASCIIdata_splib07a/ChapterO_OrganicCompounds/splib07a_Perylene_SA-P11204_ASDHRa_AREF.txt,,D:\usgs_splib07\../ASCIIdata/ASCIIdata_splib07a/splib07a_Wavelengths_ASD_0.35-2.5_microns_2151_ch.txt,D:\usgs_splib07\../ASCIIdata/ASCIIdata_splib07a/splib07a_Bandpass_(FWHM)_ASDHR_High-Resolution.txt,D:\usgs_splib07\../GIFplots/GIFplots_splib07a/ChapterO_OrganicCompounds/splib07a_Perylene_SA-P11204_ASDHRa_AREF.gif,D:\usgs_splib07\../GIFplots/GIFplots_splib07a/plots_by_wavelength_region/range1_uv_to_visible/splib07a_Perylene_SA-P11204_ASDHRa_AREF_range1_uv_to_vis.gif,D:\usgs_splib07\../GIFplots/GIFplots_splib07a/plots_by_wavelength_region/range2_visible_to_swir/splib07a_Perylene_SA-P11204_ASDHRa_AREF_range2_vis_to_swir.gif,D:\usgs_splib07\../GIFplots/GIFplots_splib07a/plots_by_wavelength_region/range3_swir/splib07a_Perylene_SA-P11204_ASDHRa_AREF_range3_swir.gif,,,D:\usgs_splib07\../GIFplots/GIFplots_splib07a/splib07a_Wavelengths_ASD_0.35-2.5_microns_2151_ch.gif,D:\usgs_splib07\../GIFplots/GIFplots_splib07a/splib07a_Bandpass_(FWHM)_ASDHR_High-Resolution.gif
Perylene SA-P11204           NIC4aa RREF,D:\usgs_splib07\../HTMLmetadata/Perylene_SA-P11204_NIC4aa_RREF.html,D:\usgs_splib07\../ASCIIdata/ASCIIdata_splib07a/ChapterO_OrganicCompounds/splib07a_Perylene_SA-P11204_NIC4aa_RREF.txt,,D:\usgs_splib07\../ASCIIdata/ASCIIdata_splib07a/splib07a_Wavelengths_NIC4_Nicolet_1.12-216microns.txt,D:\usgs_splib07\../ASCIIdata/ASCIIdata_splib07a/splib07a_Bandpass_(FWHM)_NIC4_Nicolet_in_microns.txt,D:\usgs_splib07\../GIFplots/GIFplots_splib07a/ChapterO_OrganicCompounds/splib07a_Perylene_SA-P11204_NIC4aa_RREF.gif,,D:\usgs_splib07\../GIFplots/GIFplots_splib07a/plots_by_wavelength_region/range2_visible_to_swir/splib07a_Perylene_SA-P11204_NIC4aa_RREF_range2_vis_to_swir.gif,D:\usgs_splib07\../GIFplots/GIFplots_splib07a/plots_by_wavelength_region/range3_swir/splib07a_Perylene_SA-P11204_NIC4aa_RREF_range3_swir.gif,D:\usgs_splib07\../GIFplots/GIFplots_splib07a/plots_by_wavelength_region/range4_swir_to_mir/splib07a_Perylene_SA-P11204_NIC4aa_RREF_range4_swir_to_mir.gif,D:\usgs_splib07\../GIFplots/GIFplots_splib07a/plots_by_wavelength_region/range5_swir_to_fir_wavenumber/splib07a_Perylene_SA-P11204_NIC4aa_RREF_range5_swir_to_fir_wavenumber.gif,D:\usgs_splib07\../GIFplots/GIFplots_splib07a/splib07a_Wavelengths_NIC4_Nicolet_1.12-216microns.gif,D:\usgs_splib07\../GIFplots/GIFplots_splib07a/splib07a_Bandpass_(FWHM)_NIC4_Nicolet_in_microns.gif
Perylene SA-P11204 75K       ASDHRa AREF,D:\usgs_splib07\../HTMLmetadata/Perylene_SA-P11204_75K_ASDHRa_AREF.html,D:\usgs_splib07\../ASCIIdata/ASCIIdata_splib07a/ChapterO_OrganicCompounds/splib07a_Perylene_SA-P11204_75K_ASDHRa_AREF.txt,,D:\usgs_splib07\../ASCIIdata/ASCIIdata_splib07a/splib07a_Wavelengths_ASD_0.35-2.5_microns_2151_ch.txt,D:\usgs_splib07\../ASCIIdata/ASCIIdata_splib07a/splib07a_Bandpass_(FWHM)_ASDHR_High-Resolution.txt,D:\usgs_splib07\../GIFplots/GIFplots_splib07a/ChapterO_OrganicCompounds/splib07a_Perylene_SA-P11204_75K_ASDHRa_AREF.gif,D:\usgs_splib07\../GIFplots/GIFplots_splib07a/plots_by_wavelength_region/range1_uv_to_visible/splib07a_Perylene_SA-P11204_75K_ASDHRa_AREF_range1_uv_to_vis.gif,D:\usgs_splib07\../GIFplots/GIFplots_splib07a/plots_by_wavelength_region/range2_visible_to_swir/splib07a_Perylene_SA-P11204_75K_ASDHRa_AREF_range2_vis_to_swir.gif,D:\usgs_splib07\../GIFplots/GIFplots_splib07a/plots_by_wavelength_region/range3_swir/splib07a_Perylene_SA-P11204_75K_ASDHRa_AREF_range3_swir.gif,,,D:\usgs_splib07\../GIFplots/GIFplots_splib07a/splib07a_Wavelengths_ASD_0.35-2.5_microns_2151_ch.gif,D:\usgs_splib07\../GIFplots/GIFplots_splib07a/splib07a_Bandpass_(FWHM)_ASDHR_High-Resolution.gif
Perylene SA-P11204 80K       NIC4aa RREF,D:\usgs_splib07\../HTMLmetadata/Perylene_SA-P11204_80K_NIC4aa_RREF.html,D:\usgs_splib07\../ASCIIdata/ASCIIdata_splib07a/ChapterO_OrganicCompounds/splib07a_Perylene_SA-P11204_80K_NIC4aa_RREF.txt,,D:\usgs_splib07\../ASCIIdata/ASCIIdata_splib07a/splib07a_Wavelengths_NIC4_Nicolet_1.12-216microns.txt,D:\usgs_splib07\../ASCIIdata/ASCIIdata_splib07a/splib07a_Bandpass_(FWHM)_NIC4_Nicolet_in_microns.txt,D:\usgs_splib07\../GIFplots/GIFplots_splib07a/ChapterO_OrganicCompounds/splib07a_Perylene_SA-P11204_80K_NIC4aa_RREF.gif,,D:\usgs_splib07\../GIFplots/GIFplots_splib07a/plots_by_wavelength_region/range2_visible_to_swir/splib07a_Perylene_SA-P11204_80K_NIC4aa_RREF_range2_vis_to_swir.gif,D:\usgs_splib07\../GIFplots/GIFplots_splib07a/plots_by_wavelength_region/range3_swir/splib07a_Perylene_SA-P11204_80K_NIC4aa_RREF_range3_swir.gif,D:\usgs_splib07\../GIFplots/GIFplots_splib07a/plots_by_wavelength_region/range4_swir_to_mir/splib07a_Perylene_SA-P11204_80K_NIC4aa_RREF_range4_swir_to_mir.gif,D:\usgs_splib07\../GIFplots/GIFplots_splib07a/plots_by_wavelength_region/range5_swir_to_fir_wavenumber/splib07a_Perylene_SA-P11204_80K_NIC4aa_RREF_range5_swir_to_fir_wavenumber.gif,D:\usgs_splib07\../GIFplots/GIFplots_splib07a/splib07a_Wavelengths_NIC4_Nicolet_1.12-216microns.gif,D:\usgs_splib07\../GIFplots/GIFplots_splib07a/splib07a_Bandpass_(FWHM)_NIC4_Nicolet_in_microns.gif
Phenanthraquinone SA-275034  ASDHRa AREF,D:\usgs_splib07\../HTMLmetadata/Phenanthraquinone_SA-275034_ASDHRa_AREF.html,D:\usgs_splib07\../ASCIIdata/ASCIIdata_splib07a/ChapterO_OrganicCompounds/splib07a_Phenanthraquinone_SA-275034_ASDHRa_AREF.txt,,D:\usgs_splib07\../ASCIIdata/ASCIIdata_splib07a/splib07a_Wavelengths_ASD_0.35-2.5_microns_2151_ch.txt,D:\usgs_splib07\../ASCIIdata/ASCIIdata_splib07a/splib07a_Bandpass_(FWHM)_ASDHR_High-Resolution.txt,D:\usgs_splib07\../GIFplots/GIFplots_splib07a/ChapterO_OrganicCompounds/splib07a_Phenanthraquinone_SA-275034_ASDHRa_AREF.gif,D:\usgs_splib07\../GIFplots/GIFplots_splib07a/plots_by_wavelength_region/range1_uv_to_visible/splib07a_Phenanthraquinone_SA-275034_ASDHRa_AREF_range1_uv_to_vis.gif,D:\usgs_splib07\../GIFplots/GIFplots_splib07a/plots_by_wavelength_region/range2_visible_to_swir/splib07a_Phenanthraquinone_SA-275034_ASDHRa_AREF_range2_vis_to_swir.gif,D:\usgs_splib07\../GIFplots/GIFplots_splib07a/plots_by_wavelength_region/range3_swir/splib07a_Phenanthraquinone_SA-275034_ASDHRa_AREF_range3_swir.gif,,,D:\usgs_splib07\../GIFplots/GIFplots_splib07a/splib07a_Wavelengths_ASD_0.35-2.5_microns_2151_ch.gif,D:\usgs_splib07\../GIFplots/GIFplots_splib07a/splib07a_Bandpass_(FWHM)_ASDHR_High-Resolution.gif
Phenanthraquinone SA-275034  NIC4aa RREF,D:\usgs_splib07\../HTMLmetadata/Phenanthraquinone_SA-275034_NIC4aa_RREF.html,D:\usgs_splib07\../ASCIIdata/ASCIIdata_splib07a/ChapterO_OrganicCompounds/splib07a_Phenanthraquinone_SA-275034_NIC4aa_RREF.txt,,D:\usgs_splib07\../ASCIIdata/ASCIIdata_splib07a/splib07a_Wavelengths_NIC4_Nicolet_1.12-216microns.txt,D:\usgs_splib07\../ASCIIdata/ASCIIdata_splib07a/splib07a_Bandpass_(FWHM)_NIC4_Nicolet_in_microns.txt,D:\usgs_splib07\../GIFplots/GIFplots_splib07a/ChapterO_OrganicCompounds/splib07a_Phenanthraquinone_SA-275034_NIC4aa_RREF.gif,,D:\usgs_splib07\../GIFplots/GIFplots_splib07a/plots_by_wavelength_region/range2_visible_to_swir/splib07a_Phenanthraquinone_SA-275034_NIC4aa_RREF_range2_vis_to_swir.gif,D:\usgs_splib07\../GIFplots/GIFplots_splib07a/plots_by_wavelength_region/range3_swir/splib07a_Phenanthraquinone_SA-275034_NIC4aa_RREF_range3_swir.gif,D:\usgs_splib07\../GIFplots/GIFplots_splib07a/plots_by_wavelength_region/range4_swir_to_mir/splib07a_Phenanthraquinone_SA-275034_NIC4aa_RREF_range4_swir_to_mir.gif,D:\usgs_splib07\../GIFplots/GIFplots_splib07a/plots_by_wavelength_region/range5_swir_to_fir_wavenumber/splib07a_Phenanthraquinone_SA-275034_NIC4aa_RREF_range5_swir_to_fir_wavenumber.gif,D:\usgs_splib07\../GIFplots/GIFplots_splib07a/splib07a_Wavelengths_NIC4_Nicolet_1.12-216microns.gif,D:\usgs_splib07\../GIFplots/GIFplots_splib07a/splib07a_Bandpass_(FWHM)_NIC4_Nicolet_in_microns.gif
Phenanthraquin SA-275034 75K ASDHRa AREF,D:\usgs_splib07\../HTMLmetadata/Phenanthraquin_SA-275034_75K_ASDHRa_AREF.html,D:\usgs_splib07\../ASCIIdata/ASCIIdata_splib07a/ChapterO_OrganicCompounds/splib07a_Phenanthraquin_SA-275034_75K_ASDHRa_AREF.txt,,D:\usgs_splib07\../ASCIIdata/ASCIIdata_splib07a/splib07a_Wavelengths_ASD_0.35-2.5_microns_2151_ch.txt,D:\usgs_splib07\../ASCIIdata/ASCIIdata_splib07a/splib07a_Bandpass_(FWHM)_ASDHR_High-Resolution.txt,D:\usgs_splib07\../GIFplots/GIFplots_splib07a/ChapterO_OrganicCompounds/splib07a_Phenanthraquin_SA-275034_75K_ASDHRa_AREF.gif,D:\usgs_splib07\../GIFplots/GIFplots_splib07a/plots_by_wavelength_region/range1_uv_to_visible/splib07a_Phenanthraquin_SA-275034_75K_ASDHRa_AREF_range1_uv_to_vis.gif,D:\usgs_splib07\../GIFplots/GIFplots_splib07a/plots_by_wavelength_region/range2_visible_to_swir/splib07a_Phenanthraquin_SA-275034_75K_ASDHRa_AREF_range2_vis_to_swir.gif,D:\usgs_splib07\../GIFplots/GIFplots_splib07a/plots_by_wavelength_region/range3_swir/splib07a_Phenanthraquin_SA-275034_75K_ASDHRa_AREF_range3_swir.gif,,,D:\usgs_splib07\../GIFplots/GIFplots_splib07a/splib07a_Wavelengths_ASD_0.35-2.5_microns_2151_ch.gif,D:\usgs_splib07\../GIFplots/GIFplots_splib07a/splib07a_Bandpass_(FWHM)_ASDHR_High-Resolution.gif
Phenanthraquin SA-275034 85K NIC4aa RREF,D:\usgs_splib07\../HTMLmetadata/Phenanthraquin_SA-275034_85K_NIC4aa_RREF.html,D:\usgs_splib07\../ASCIIdata/ASCIIdata_splib07a/ChapterO_OrganicCompounds/splib07a_Phenanthraquin_SA-275034_85K_NIC4aa_RREF.txt,,D:\usgs_splib07\../ASCIIdata/ASCIIdata_splib07a/splib07a_Wavelengths_NIC4_Nicolet_1.12-216microns.txt,D:\usgs_splib07\../ASCIIdata/ASCIIdata_splib07a/splib07a_Bandpass_(FWHM)_NIC4_Nicolet_in_microns.txt,D:\usgs_splib07\../GIFplots/GIFplots_splib07a/ChapterO_OrganicCompounds/splib07a_Phenanthraquin_SA-275034_85K_NIC4aa_RREF.gif,,D:\usgs_splib07\../GIFplots/GIFplots_splib07a/plots_by_wavelength_region/range2_visible_to_swir/splib07a_Phenanthraquin_SA-275034_85K_NIC4aa_RREF_range2_vis_to_swir.gif,D:\usgs_splib07\../GIFplots/GIFplots_splib07a/plots_by_wavelength_region/range3_swir/splib07a_Phenanthraquin_SA-275034_85K_NIC4aa_RREF_range3_swir.gif,D:\usgs_splib07\../GIFplots/GIFplots_splib07a/plots_by_wavelength_region/range4_swir_to_mir/splib07a_Phenanthraquin_SA-275034_85K_NIC4aa_RREF_range4_swir_to_mir.gif,D:\usgs_splib07\../GIFplots/GIFplots_splib07a/plots_by_wavelength_region/range5_swir_to_fir_wavenumber/splib07a_Phenanthraquin_SA-275034_85K_NIC4aa_RREF_range5_swir_to_fir_wavenumber.gif,D:\usgs_splib07\../GIFplots/GIFplots_splib07a/splib07a_Wavelengths_NIC4_Nicolet_1.12-216microns.gif,D:\usgs_splib07\../GIFplots/GIFplots_splib07a/splib07a_Bandpass_(FWHM)_NIC4_Nicolet_in_microns.gif
Phenanthrene SA-P11409       ASDHRa AREF,D:\usgs_splib07\../HTMLmetadata/Phenanthrene_SA-P11409_ASDHRa_AREF.html,D:\usgs_splib07\../ASCIIdata/ASCIIdata_splib07a/ChapterO_OrganicCompounds/splib07a_Phenanthrene_SA-P11409_ASDHRa_AREF.txt,,D:\usgs_splib07\../ASCIIdata/ASCIIdata_splib07a/splib07a_Wavelengths_ASD_0.35-2.5_microns_2151_ch.txt,D:\usgs_splib07\../ASCIIdata/ASCIIdata_splib07a/splib07a_Bandpass_(FWHM)_ASDHR_High-Resolution.txt,D:\usgs_splib07\../GIFplots/GIFplots_splib07a/ChapterO_OrganicCompounds/splib07a_Phenanthrene_SA-P11409_ASDHRa_AREF.gif,D:\usgs_splib07\../GIFplots/GIFplots_splib07a/plots_by_wavelength_region/range1_uv_to_visible/splib07a_Phenanthrene_SA-P11409_ASDHRa_AREF_range1_uv_to_vis.gif,D:\usgs_splib07\../GIFplots/GIFplots_splib07a/plots_by_wavelength_region/range2_visible_to_swir/splib07a_Phenanthrene_SA-P11409_ASDHRa_AREF_range2_vis_to_swir.gif,D:\usgs_splib07\../GIFplots/GIFplots_splib07a/plots_by_wavelength_region/range3_swir/splib07a_Phenanthrene_SA-P11409_ASDHRa_AREF_range3_swir.gif,,,D:\usgs_splib07\../GIFplots/GIFplots_splib07a/splib07a_Wavelengths_ASD_0.35-2.5_microns_2151_ch.gif,D:\usgs_splib07\../GIFplots/GIFplots_splib07a/splib07a_Bandpass_(FWHM)_ASDHR_High-Resolution.gif
Phenanthrene SA-P11409       NIC4aa RREF,D:\usgs_splib07\../HTMLmetadata/Phenanthrene_SA-P11409_NIC4aa_RREF.html,D:\usgs_splib07\../ASCIIdata/ASCIIdata_splib07a/ChapterO_OrganicCompounds/splib07a_Phenanthrene_SA-P11409_NIC4aa_RREF.txt,,D:\usgs_splib07\../ASCIIdata/ASCIIdata_splib07a/splib07a_Wavelengths_NIC4_Nicolet_1.12-216microns.txt,D:\usgs_splib07\../ASCIIdata/ASCIIdata_splib07a/splib07a_Bandpass_(FWHM)_NIC4_Nicolet_in_microns.txt,D:\usgs_splib07\../GIFplots/GIFplots_splib07a/ChapterO_OrganicCompounds/splib07a_Phenanthrene_SA-P11409_NIC4aa_RREF.gif,,D:\usgs_splib07\../GIFplots/GIFplots_splib07a/plots_by_wavelength_region/range2_visible_to_swir/splib07a_Phenanthrene_SA-P11409_NIC4aa_RREF_range2_vis_to_swir.gif,D:\usgs_splib07\../GIFplots/GIFplots_splib07a/plots_by_wavelength_region/range3_swir/splib07a_Phenanthrene_SA-P11409_NIC4aa_RREF_range3_swir.gif,D:\usgs_splib07\../GIFplots/GIFplots_splib07a/plots_by_wavelength_region/range4_swir_to_mir/splib07a_Phenanthrene_SA-P11409_NIC4aa_RREF_range4_swir_to_mir.gif,D:\usgs_splib07\../GIFplots/GIFplots_splib07a/plots_by_wavelength_region/range5_swir_to_fir_wavenumber/splib07a_Phenanthrene_SA-P11409_NIC4aa_RREF_range5_swir_to_fir_wavenumber.gif,D:\usgs_splib07\../GIFplots/GIFplots_splib07a/splib07a_Wavelengths_NIC4_Nicolet_1.12-216microns.gif,D:\usgs_splib07\../GIFplots/GIFplots_splib07a/splib07a_Bandpass_(FWHM)_NIC4_Nicolet_in_microns.gif
Phenanthrene SA-P11409 75K   ASDHRa AREF,D:\usgs_splib07\../HTMLmetadata/Phenanthrene_SA-P11409_75K_ASDHRa_AREF.html,D:\usgs_splib07\../ASCIIdata/ASCIIdata_splib07a/ChapterO_OrganicCompounds/splib07a_Phenanthrene_SA-P11409_75K_ASDHRa_AREF.txt,,D:\usgs_splib07\../ASCIIdata/ASCIIdata_splib07a/splib07a_Wavelengths_ASD_0.35-2.5_microns_2151_ch.txt,D:\usgs_splib07\../ASCIIdata/ASCIIdata_splib07a/splib07a_Bandpass_(FWHM)_ASDHR_High-Resolution.txt,D:\usgs_splib07\../GIFplots/GIFplots_splib07a/ChapterO_OrganicCompounds/splib07a_Phenanthrene_SA-P11409_75K_ASDHRa_AREF.gif,D:\usgs_splib07\../GIFplots/GIFplots_splib07a/plots_by_wavelength_region/range1_uv_to_visible/splib07a_Phenanthrene_SA-P11409_75K_ASDHRa_AREF_range1_uv_to_vis.gif,D:\usgs_splib07\../GIFplots/GIFplots_splib07a/plots_by_wavelength_region/range2_visible_to_swir/splib07a_Phenanthrene_SA-P11409_75K_ASDHRa_AREF_range2_vis_to_swir.gif,D:\usgs_splib07\../GIFplots/GIFplots_splib07a/plots_by_wavelength_region/range3_swir/splib07a_Phenanthrene_SA-P11409_75K_ASDHRa_AREF_range3_swir.gif,,,D:\usgs_splib07\../GIFplots/GIFplots_splib07a/splib07a_Wavelengths_ASD_0.35-2.5_microns_2151_ch.gif,D:\usgs_splib07\../GIFplots/GIFplots_splib07a/splib07a_Bandpass_(FWHM)_ASDHR_High-Resolution.gif
Phenanthrene SA-P11409 85K   NIC4aa RREF,D:\usgs_splib07\../HTMLmetadata/Phenanthrene_SA-P11409_85K_NIC4aa_RREF.html,D:\usgs_splib07\../ASCIIdata/ASCIIdata_splib07a/ChapterO_OrganicCompounds/splib07a_Phenanthrene_SA-P11409_85K_NIC4aa_RREF.txt,,D:\usgs_splib07\../ASCIIdata/ASCIIdata_splib07a/splib07a_Wavelengths_NIC4_Nicolet_1.12-216microns.txt,D:\usgs_splib07\../ASCIIdata/ASCIIdata_splib07a/splib07a_Bandpass_(FWHM)_NIC4_Nicolet_in_microns.txt,D:\usgs_splib07\../GIFplots/GIFplots_splib07a/ChapterO_OrganicCompounds/splib07a_Phenanthrene_SA-P11409_85K_NIC4aa_RREF.gif,,D:\usgs_splib07\../GIFplots/GIFplots_splib07a/plots_by_wavelength_region/range2_visible_to_swir/splib07a_Phenanthrene_SA-P11409_85K_NIC4aa_RREF_range2_vis_to_swir.gif,D:\usgs_splib07\../GIFplots/GIFplots_splib07a/plots_by_wavelength_region/range3_swir/splib07a_Phenanthrene_SA-P11409_85K_NIC4aa_RREF_range3_swir.gif,D:\usgs_splib07\../GIFplots/GIFplots_splib07a/plots_by_wavelength_region/range4_swir_to_mir/splib07a_Phenanthrene_SA-P11409_85K_NIC4aa_RREF_range4_swir_to_mir.gif,D:\usgs_splib07\../GIFplots/GIFplots_splib07a/plots_by_wavelength_region/range5_swir_to_fir_wavenumber/splib07a_Phenanthrene_SA-P11409_85K_NIC4aa_RREF_range5_swir_to_fir_wavenumber.gif,D:\usgs_splib07\../GIFplots/GIFplots_splib07a/splib07a_Wavelengths_NIC4_Nicolet_1.12-216microns.gif,D:\usgs_splib07\../GIFplots/GIFplots_splib07a/splib07a_Bandpass_(FWHM)_NIC4_Nicolet_in_microns.gif
Phenazine SA-P13207          ASDHRa AREF,D:\usgs_splib07\../HTMLmetadata/Phenazine_SA-P13207_ASDHRa_AREF.html,D:\usgs_splib07\../ASCIIdata/ASCIIdata_splib07a/ChapterO_OrganicCompounds/splib07a_Phenazine_SA-P13207_ASDHRa_AREF.txt,,D:\usgs_splib07\../ASCIIdata/ASCIIdata_splib07a/splib07a_Wavelengths_ASD_0.35-2.5_microns_2151_ch.txt,D:\usgs_splib07\../ASCIIdata/ASCIIdata_splib07a/splib07a_Bandpass_(FWHM)_ASDHR_High-Resolution.txt,D:\usgs_splib07\../GIFplots/GIFplots_splib07a/ChapterO_OrganicCompounds/splib07a_Phenazine_SA-P13207_ASDHRa_AREF.gif,D:\usgs_splib07\../GIFplots/GIFplots_splib07a/plots_by_wavelength_region/range1_uv_to_visible/splib07a_Phenazine_SA-P13207_ASDHRa_AREF_range1_uv_to_vis.gif,D:\usgs_splib07\../GIFplots/GIFplots_splib07a/plots_by_wavelength_region/range2_visible_to_swir/splib07a_Phenazine_SA-P13207_ASDHRa_AREF_range2_vis_to_swir.gif,D:\usgs_splib07\../GIFplots/GIFplots_splib07a/plots_by_wavelength_region/range3_swir/splib07a_Phenazine_SA-P13207_ASDHRa_AREF_range3_swir.gif,,,D:\usgs_splib07\../GIFplots/GIFplots_splib07a/splib07a_Wavelengths_ASD_0.35-2.5_microns_2151_ch.gif,D:\usgs_splib07\../GIFplots/GIFplots_splib07a/splib07a_Bandpass_(FWHM)_ASDHR_High-Resolution.gif
Phenazine SA-P13207          NIC4aa RREF,D:\usgs_splib07\../HTMLmetadata/Phenazine_SA-P13207_NIC4aa_RREF.html,D:\usgs_splib07\../ASCIIdata/ASCIIdata_splib07a/ChapterO_OrganicCompounds/splib07a_Phenazine_SA-P13207_NIC4aa_RREF.txt,,D:\usgs_splib07\../ASCIIdata/ASCIIdata_splib07a/splib07a_Wavelengths_NIC4_Nicolet_1.12-216microns.txt,D:\usgs_splib07\../ASCIIdata/ASCIIdata_splib07a/splib07a_Bandpass_(FWHM)_NIC4_Nicolet_in_microns.txt,D:\usgs_splib07\../GIFplots/GIFplots_splib07a/ChapterO_OrganicCompounds/splib07a_Phenazine_SA-P13207_NIC4aa_RREF.gif,,D:\usgs_splib07\../GIFplots/GIFplots_splib07a/plots_by_wavelength_region/range2_visible_to_swir/splib07a_Phenazine_SA-P13207_NIC4aa_RREF_range2_vis_to_swir.gif,D:\usgs_splib07\../GIFplots/GIFplots_splib07a/plots_by_wavelength_region/range3_swir/splib07a_Phenazine_SA-P13207_NIC4aa_RREF_range3_swir.gif,D:\usgs_splib07\../GIFplots/GIFplots_splib07a/plots_by_wavelength_region/range4_swir_to_mir/splib07a_Phenazine_SA-P13207_NIC4aa_RREF_range4_swir_to_mir.gif,D:\usgs_splib07\../GIFplots/GIFplots_splib07a/plots_by_wavelength_region/range5_swir_to_fir_wavenumber/splib07a_Phenazine_SA-P13207_NIC4aa_RREF_range5_swir_to_fir_wavenumber.gif,D:\usgs_splib07\../GIFplots/GIFplots_splib07a/splib07a_Wavelengths_NIC4_Nicolet_1.12-216microns.gif,D:\usgs_splib07\../GIFplots/GIFplots_splib07a/splib07a_Bandpass_(FWHM)_NIC4_Nicolet_in_microns.gif
Phenazine SA-P13207 85K      NIC4aa RREF,D:\usgs_splib07\../HTMLmetadata/Phenazine_SA-P13207_85K_NIC4aa_RREF.html,D:\usgs_splib07\../ASCIIdata/ASCIIdata_splib07a/ChapterO_OrganicCompounds/splib07a_Phenazine_SA-P13207_85K_NIC4aa_RREF.txt,,D:\usgs_splib07\../ASCIIdata/ASCIIdata_splib07a/splib07a_Wavelengths_NIC4_Nicolet_1.12-216microns.txt,D:\usgs_splib07\../ASCIIdata/ASCIIdata_splib07a/splib07a_Bandpass_(FWHM)_NIC4_Nicolet_in_microns.txt,D:\usgs_splib07\../GIFplots/GIFplots_splib07a/ChapterO_OrganicCompounds/splib07a_Phenazine_SA-P13207_85K_NIC4aa_RREF.gif,,D:\usgs_splib07\../GIFplots/GIFplots_splib07a/plots_by_wavelength_region/range2_visible_to_swir/splib07a_Phenazine_SA-P13207_85K_NIC4aa_RREF_range2_vis_to_swir.gif,D:\usgs_splib07\../GIFplots/GIFplots_splib07a/plots_by_wavelength_region/range3_swir/splib07a_Phenazine_SA-P13207_85K_NIC4aa_RREF_range3_swir.gif,D:\usgs_splib07\../GIFplots/GIFplots_splib07a/plots_by_wavelength_region/range4_swir_to_mir/splib07a_Phenazine_SA-P13207_85K_NIC4aa_RREF_range4_swir_to_mir.gif,D:\usgs_splib07\../GIFplots/GIFplots_splib07a/plots_by_wavelength_region/range5_swir_to_fir_wavenumber/splib07a_Phenazine_SA-P13207_85K_NIC4aa_RREF_range5_swir_to_fir_wavenumber.gif,D:\usgs_splib07\../GIFplots/GIFplots_splib07a/splib07a_Wavelengths_NIC4_Nicolet_1.12-216microns.gif,D:\usgs_splib07\../GIFplots/GIFplots_splib07a/splib07a_Bandpass_(FWHM)_NIC4_Nicolet_in_microns.gif
Phenol SA-P5566              ASDHRa AREF,D:\usgs_splib07\../HTMLmetadata/Phenol_SA-P5566_ASDHRa_AREF.html,D:\usgs_splib07\../ASCIIdata/ASCIIdata_splib07a/ChapterO_OrganicCompounds/splib07a_Phenol_SA-P5566_ASDHRa_AREF.txt,D:\usgs_splib07\../ASCIIdata/ASCIIdata_splib07a/errorbars/errorbars_for_splib07a_Phenol_SA-P5566_ASDHRa_AREF.txt,D:\usgs_splib07\../ASCIIdata/ASCIIdata_splib07a/splib07a_Wavelengths_ASD_0.35-2.5_microns_2151_ch.txt,D:\usgs_splib07\../ASCIIdata/ASCIIdata_splib07a/splib07a_Bandpass_(FWHM)_ASDHR_High-Resolution.txt,D:\usgs_splib07\../GIFplots/GIFplots_splib07a/ChapterO_OrganicCompounds/splib07a_Phenol_SA-P5566_ASDHRa_AREF.gif,D:\usgs_splib07\../GIFplots/GIFplots_splib07a/plots_by_wavelength_region/range1_uv_to_visible/splib07a_Phenol_SA-P5566_ASDHRa_AREF_range1_uv_to_vis.gif,D:\usgs_splib07\../GIFplots/GIFplots_splib07a/plots_by_wavelength_region/range2_visible_to_swir/splib07a_Phenol_SA-P5566_ASDHRa_AREF_range2_vis_to_swir.gif,D:\usgs_splib07\../GIFplots/GIFplots_splib07a/plots_by_wavelength_region/range3_swir/splib07a_Phenol_SA-P5566_ASDHRa_AREF_range3_swir.gif,,,D:\usgs_splib07\../GIFplots/GIFplots_splib07a/splib07a_Wavelengths_ASD_0.35-2.5_microns_2151_ch.gif,D:\usgs_splib07\../GIFplots/GIFplots_splib07a/splib07a_Bandpass_(FWHM)_ASDHR_High-Resolution.gif
Phenylacetylen SA117706 85K  NIC4aa RREF,D:\usgs_splib07\../HTMLmetadata/Phenylacetylen_SA117706_85K_NIC4aa_RREF.html,D:\usgs_splib07\../ASCIIdata/ASCIIdata_splib07a/ChapterO_OrganicCompounds/splib07a_Phenylacetylen_SA117706_85K_NIC4aa_RREF.txt,,D:\usgs_splib07\../ASCIIdata/ASCIIdata_splib07a/splib07a_Wavelengths_NIC4_Nicolet_1.12-216microns.txt,D:\usgs_splib07\../ASCIIdata/ASCIIdata_splib07a/splib07a_Bandpass_(FWHM)_NIC4_Nicolet_in_microns.txt,D:\usgs_splib07\../GIFplots/GIFplots_splib07a/ChapterO_OrganicCompounds/splib07a_Phenylacetylen_SA117706_85K_NIC4aa_RREF.gif,,D:\usgs_splib07\../GIFplots/GIFplots_splib07a/plots_by_wavelength_region/range2_visible_to_swir/splib07a_Phenylacetylen_SA117706_85K_NIC4aa_RREF_range2_vis_to_swir.gif,D:\usgs_splib07\../GIFplots/GIFplots_splib07a/plots_by_wavelength_region/range3_swir/splib07a_Phenylacetylen_SA117706_85K_NIC4aa_RREF_range3_swir.gif,D:\usgs_splib07\../GIFplots/GIFplots_splib07a/plots_by_wavelength_region/range4_swir_to_mir/splib07a_Phenylacetylen_SA117706_85K_NIC4aa_RREF_range4_swir_to_mir.gif,D:\usgs_splib07\../GIFplots/GIFplots_splib07a/plots_by_wavelength_region/range5_swir_to_fir_wavenumber/splib07a_Phenylacetylen_SA117706_85K_NIC4aa_RREF_range5_swir_to_fir_wavenumber.gif,D:\usgs_splib07\../GIFplots/GIFplots_splib07a/splib07a_Wavelengths_NIC4_Nicolet_1.12-216microns.gif,D:\usgs_splib07\../GIFplots/GIFplots_splib07a/splib07a_Bandpass_(FWHM)_NIC4_Nicolet_in_microns.gif
5-Phenyl-1H-Tetrazole 347744 ASDHRa AREF,D:\usgs_splib07\../HTMLmetadata/5-Phenyl-1H-Tetrazole_347744_ASDHRa_AREF.html,D:\usgs_splib07\../ASCIIdata/ASCIIdata_splib07a/ChapterO_OrganicCompounds/splib07a_5-Phenyl-1H-Tetrazole_347744_ASDHRa_AREF.txt,,D:\usgs_splib07\../ASCIIdata/ASCIIdata_splib07a/splib07a_Wavelengths_ASD_0.35-2.5_microns_2151_ch.txt,D:\usgs_splib07\../ASCIIdata/ASCIIdata_splib07a/splib07a_Bandpass_(FWHM)_ASDHR_High-Resolution.txt,D:\usgs_splib07\../GIFplots/GIFplots_splib07a/ChapterO_OrganicCompounds/splib07a_5-Phenyl-1H-Tetrazole_347744_ASDHRa_AREF.gif,D:\usgs_splib07\../GIFplots/GIFplots_splib07a/plots_by_wavelength_region/range1_uv_to_visible/splib07a_5-Phenyl-1H-Tetrazole_347744_ASDHRa_AREF_range1_uv_to_vis.gif,D:\usgs_splib07\../GIFplots/GIFplots_splib07a/plots_by_wavelength_region/range2_visible_to_swir/splib07a_5-Phenyl-1H-Tetrazole_347744_ASDHRa_AREF_range2_vis_to_swir.gif,D:\usgs_splib07\../GIFplots/GIFplots_splib07a/plots_by_wavelength_region/range3_swir/splib07a_5-Phenyl-1H-Tetrazole_347744_ASDHRa_AREF_range3_swir.gif,,,D:\usgs_splib07\../GIFplots/GIFplots_splib07a/splib07a_Wavelengths_ASD_0.35-2.5_microns_2151_ch.gif,D:\usgs_splib07\../GIFplots/GIFplots_splib07a/splib07a_Bandpass_(FWHM)_ASDHR_High-Resolution.gif
5-Phenyl-1H-Tetrazol 347744  NIC4aa RREF,D:\usgs_splib07\../HTMLmetadata/5-Phenyl-1H-Tetrazol_347744_NIC4aa_RREF.html,D:\usgs_splib07\../ASCIIdata/ASCIIdata_splib07a/ChapterO_OrganicCompounds/splib07a_5-Phenyl-1H-Tetrazol_347744_NIC4aa_RREF.txt,,D:\usgs_splib07\../ASCIIdata/ASCIIdata_splib07a/splib07a_Wavelengths_NIC4_Nicolet_1.12-216microns.txt,D:\usgs_splib07\../ASCIIdata/ASCIIdata_splib07a/splib07a_Bandpass_(FWHM)_NIC4_Nicolet_in_microns.txt,D:\usgs_splib07\../GIFplots/GIFplots_splib07a/ChapterO_OrganicCompounds/splib07a_5-Phenyl-1H-Tetrazol_347744_NIC4aa_RREF.gif,,D:\usgs_splib07\../GIFplots/GIFplots_splib07a/plots_by_wavelength_region/range2_visible_to_swir/splib07a_5-Phenyl-1H-Tetrazol_347744_NIC4aa_RREF_range2_vis_to_swir.gif,D:\usgs_splib07\../GIFplots/GIFplots_splib07a/plots_by_wavelength_region/range3_swir/splib07a_5-Phenyl-1H-Tetrazol_347744_NIC4aa_RREF_range3_swir.gif,D:\usgs_splib07\../GIFplots/GIFplots_splib07a/plots_by_wavelength_region/range4_swir_to_mir/splib07a_5-Phenyl-1H-Tetrazol_347744_NIC4aa_RREF_range4_swir_to_mir.gif,D:\usgs_splib07\../GIFplots/GIFplots_splib07a/plots_by_wavelength_region/range5_swir_to_fir_wavenumber/splib07a_5-Phenyl-1H-Tetrazol_347744_NIC4aa_RREF_range5_swir_to_fir_wavenumber.gif,D:\usgs_splib07\../GIFplots/GIFplots_splib07a/splib07a_Wavelengths_NIC4_Nicolet_1.12-216microns.gif,D:\usgs_splib07\../GIFplots/GIFplots_splib07a/splib07a_Bandpass_(FWHM)_NIC4_Nicolet_in_microns.gif
5-Phenyl-1H-Tetrz 347744 85K ASDHRa AREF,D:\usgs_splib07\../HTMLmetadata/5-Phenyl-1H-Tetrz_347744_85K_ASDHRa_AREF.html,D:\usgs_splib07\../ASCIIdata/ASCIIdata_splib07a/ChapterO_OrganicCompounds/splib07a_5-Phenyl-1H-Tetrz_347744_85K_ASDHRa_AREF.txt,,D:\usgs_splib07\../ASCIIdata/ASCIIdata_splib07a/splib07a_Wavelengths_ASD_0.35-2.5_microns_2151_ch.txt,D:\usgs_splib07\../ASCIIdata/ASCIIdata_splib07a/splib07a_Bandpass_(FWHM)_ASDHR_High-Resolution.txt,D:\usgs_splib07\../GIFplots/GIFplots_splib07a/ChapterO_OrganicCompounds/splib07a_5-Phenyl-1H-Tetrz_347744_85K_ASDHRa_AREF.gif,D:\usgs_splib07\../GIFplots/GIFplots_splib07a/plots_by_wavelength_region/range1_uv_to_visible/splib07a_5-Phenyl-1H-Tetrz_347744_85K_ASDHRa_AREF_range1_uv_to_vis.gif,D:\usgs_splib07\../GIFplots/GIFplots_splib07a/plots_by_wavelength_region/range2_visible_to_swir/splib07a_5-Phenyl-1H-Tetrz_347744_85K_ASDHRa_AREF_range2_vis_to_swir.gif,D:\usgs_splib07\../GIFplots/GIFplots_splib07a/plots_by_wavelength_region/range3_swir/splib07a_5-Phenyl-1H-Tetrz_347744_85K_ASDHRa_AREF_range3_swir.gif,,,D:\usgs_splib07\../GIFplots/GIFplots_splib07a/splib07a_Wavelengths_ASD_0.35-2.5_microns_2151_ch.gif,D:\usgs_splib07\../GIFplots/GIFplots_splib07a/splib07a_Bandpass_(FWHM)_ASDHR_High-Resolution.gif
5-Phenyl-1H-Tetrz 347744 82K NIC4aa RREF,D:\usgs_splib07\../HTMLmetadata/5-Phenyl-1H-Tetrz_347744_82K_NIC4aa_RREF.html,D:\usgs_splib07\../ASCIIdata/ASCIIdata_splib07a/ChapterO_OrganicCompounds/splib07a_5-Phenyl-1H-Tetrz_347744_82K_NIC4aa_RREF.txt,,D:\usgs_splib07\../ASCIIdata/ASCIIdata_splib07a/splib07a_Wavelengths_NIC4_Nicolet_1.12-216microns.txt,D:\usgs_splib07\../ASCIIdata/ASCIIdata_splib07a/splib07a_Bandpass_(FWHM)_NIC4_Nicolet_in_microns.txt,D:\usgs_splib07\../GIFplots/GIFplots_splib07a/ChapterO_OrganicCompounds/splib07a_5-Phenyl-1H-Tetrz_347744_82K_NIC4aa_RREF.gif,,D:\usgs_splib07\../GIFplots/GIFplots_splib07a/plots_by_wavelength_region/range2_visible_to_swir/splib07a_5-Phenyl-1H-Tetrz_347744_82K_NIC4aa_RREF_range2_vis_to_swir.gif,D:\usgs_splib07\../GIFplots/GIFplots_splib07a/plots_by_wavelength_region/range3_swir/splib07a_5-Phenyl-1H-Tetrz_347744_82K_NIC4aa_RREF_range3_swir.gif,D:\usgs_splib07\../GIFplots/GIFplots_splib07a/plots_by_wavelength_region/range4_swir_to_mir/splib07a_5-Phenyl-1H-Tetrz_347744_82K_NIC4aa_RREF_range4_swir_to_mir.gif,D:\usgs_splib07\../GIFplots/GIFplots_splib07a/plots_by_wavelength_region/range5_swir_to_fir_wavenumber/splib07a_5-Phenyl-1H-Tetrz_347744_82K_NIC4aa_RREF_range5_swir_to_fir_wavenumber.gif,D:\usgs_splib07\../GIFplots/GIFplots_splib07a/splib07a_Wavelengths_NIC4_Nicolet_1.12-216microns.gif,D:\usgs_splib07\../GIFplots/GIFplots_splib07a/splib07a_Bandpass_(FWHM)_NIC4_Nicolet_in_microns.gif
L-Proline SA-P0380           ASDHRa AREF,D:\usgs_splib07\../HTMLmetadata/L-Proline_SA-P0380_ASDHRa_AREF.html,D:\usgs_splib07\../ASCIIdata/ASCIIdata_splib07a/ChapterO_OrganicCompounds/splib07a_L-Proline_SA-P0380_ASDHRa_AREF.txt,,D:\usgs_splib07\../ASCIIdata/ASCIIdata_splib07a/splib07a_Wavelengths_ASD_0.35-2.5_microns_2151_ch.txt,D:\usgs_splib07\../ASCIIdata/ASCIIdata_splib07a/splib07a_Bandpass_(FWHM)_ASDHR_High-Resolution.txt,D:\usgs_splib07\../GIFplots/GIFplots_splib07a/ChapterO_OrganicCompounds/splib07a_L-Proline_SA-P0380_ASDHRa_AREF.gif,D:\usgs_splib07\../GIFplots/GIFplots_splib07a/plots_by_wavelength_region/range1_uv_to_visible/splib07a_L-Proline_SA-P0380_ASDHRa_AREF_range1_uv_to_vis.gif,D:\usgs_splib07\../GIFplots/GIFplots_splib07a/plots_by_wavelength_region/range2_visible_to_swir/splib07a_L-Proline_SA-P0380_ASDHRa_AREF_range2_vis_to_swir.gif,D:\usgs_splib07\../GIFplots/GIFplots_splib07a/plots_by_wavelength_region/range3_swir/splib07a_L-Proline_SA-P0380_ASDHRa_AREF_range3_swir.gif,,,D:\usgs_splib07\../GIFplots/GIFplots_splib07a/splib07a_Wavelengths_ASD_0.35-2.5_microns_2151_ch.gif,D:\usgs_splib07\../GIFplots/GIFplots_splib07a/splib07a_Bandpass_(FWHM)_ASDHR_High-Resolution.gif
L-Proline SA-P0380           NIC4aa RREF,D:\usgs_splib07\../HTMLmetadata/L-Proline_SA-P0380_NIC4aa_RREF.html,D:\usgs_splib07\../ASCIIdata/ASCIIdata_splib07a/ChapterO_OrganicCompounds/splib07a_L-Proline_SA-P0380_NIC4aa_RREF.txt,,D:\usgs_splib07\../ASCIIdata/ASCIIdata_splib07a/splib07a_Wavelengths_NIC4_Nicolet_1.12-216microns.txt,D:\usgs_splib07\../ASCIIdata/ASCIIdata_splib07a/splib07a_Bandpass_(FWHM)_NIC4_Nicolet_in_microns.txt,D:\usgs_splib07\../GIFplots/GIFplots_splib07a/ChapterO_OrganicCompounds/splib07a_L-Proline_SA-P0380_NIC4aa_RREF.gif,,D:\usgs_splib07\../GIFplots/GIFplots_splib07a/plots_by_wavelength_region/range2_visible_to_swir/splib07a_L-Proline_SA-P0380_NIC4aa_RREF_range2_vis_to_swir.gif,D:\usgs_splib07\../GIFplots/GIFplots_splib07a/plots_by_wavelength_region/range3_swir/splib07a_L-Proline_SA-P0380_NIC4aa_RREF_range3_swir.gif,D:\usgs_splib07\../GIFplots/GIFplots_splib07a/plots_by_wavelength_region/range4_swir_to_mir/splib07a_L-Proline_SA-P0380_NIC4aa_RREF_range4_swir_to_mir.gif,D:\usgs_splib07\../GIFplots/GIFplots_splib07a/plots_by_wavelength_region/range5_swir_to_fir_wavenumber/splib07a_L-Proline_SA-P0380_NIC4aa_RREF_range5_swir_to_fir_wavenumber.gif,D:\usgs_splib07\../GIFplots/GIFplots_splib07a/splib07a_Wavelengths_NIC4_Nicolet_1.12-216microns.gif,D:\usgs_splib07\../GIFplots/GIFplots_splib07a/splib07a_Bandpass_(FWHM)_NIC4_Nicolet_in_microns.gif
L-Proline SA-P0380 85K       ASDHRa AREF,D:\usgs_splib07\../HTMLmetadata/L-Proline_SA-P0380_85K_ASDHRa_AREF.html,D:\usgs_splib07\../ASCIIdata/ASCIIdata_splib07a/ChapterO_OrganicCompounds/splib07a_L-Proline_SA-P0380_85K_ASDHRa_AREF.txt,,D:\usgs_splib07\../ASCIIdata/ASCIIdata_splib07a/splib07a_Wavelengths_ASD_0.35-2.5_microns_2151_ch.txt,D:\usgs_splib07\../ASCIIdata/ASCIIdata_splib07a/splib07a_Bandpass_(FWHM)_ASDHR_High-Resolution.txt,D:\usgs_splib07\../GIFplots/GIFplots_splib07a/ChapterO_OrganicCompounds/splib07a_L-Proline_SA-P0380_85K_ASDHRa_AREF.gif,D:\usgs_splib07\../GIFplots/GIFplots_splib07a/plots_by_wavelength_region/range1_uv_to_visible/splib07a_L-Proline_SA-P0380_85K_ASDHRa_AREF_range1_uv_to_vis.gif,D:\usgs_splib07\../GIFplots/GIFplots_splib07a/plots_by_wavelength_region/range2_visible_to_swir/splib07a_L-Proline_SA-P0380_85K_ASDHRa_AREF_range2_vis_to_swir.gif,D:\usgs_splib07\../GIFplots/GIFplots_splib07a/plots_by_wavelength_region/range3_swir/splib07a_L-Proline_SA-P0380_85K_ASDHRa_AREF_range3_swir.gif,,,D:\usgs_splib07\../GIFplots/GIFplots_splib07a/splib07a_Wavelengths_ASD_0.35-2.5_microns_2151_ch.gif,D:\usgs_splib07\../GIFplots/GIFplots_splib07a/splib07a_Bandpass_(FWHM)_ASDHR_High-Resolution.gif
L-Proline SA-P0380 82K       NIC4aa RREF,D:\usgs_splib07\../HTMLmetadata/L-Proline_SA-P0380_82K_NIC4aa_RREF.html,D:\usgs_splib07\../ASCIIdata/ASCIIdata_splib07a/ChapterO_OrganicCompounds/splib07a_L-Proline_SA-P0380_82K_NIC4aa_RREF.txt,,D:\usgs_splib07\../ASCIIdata/ASCIIdata_splib07a/splib07a_Wavelengths_NIC4_Nicolet_1.12-216microns.txt,D:\usgs_splib07\../ASCIIdata/ASCIIdata_splib07a/splib07a_Bandpass_(FWHM)_NIC4_Nicolet_in_microns.txt,D:\usgs_splib07\../GIFplots/GIFplots_splib07a/ChapterO_OrganicCompounds/splib07a_L-Proline_SA-P0380_82K_NIC4aa_RREF.gif,,D:\usgs_splib07\../GIFplots/GIFplots_splib07a/plots_by_wavelength_region/range2_visible_to_swir/splib07a_L-Proline_SA-P0380_82K_NIC4aa_RREF_range2_vis_to_swir.gif,D:\usgs_splib07\../GIFplots/GIFplots_splib07a/plots_by_wavelength_region/range3_swir/splib07a_L-Proline_SA-P0380_82K_NIC4aa_RREF_range3_swir.gif,D:\usgs_splib07\../GIFplots/GIFplots_splib07a/plots_by_wavelength_region/range4_swir_to_mir/splib07a_L-Proline_SA-P0380_82K_NIC4aa_RREF_range4_swir_to_mir.gif,D:\usgs_splib07\../GIFplots/GIFplots_splib07a/plots_by_wavelength_region/range5_swir_to_fir_wavenumber/splib07a_L-Proline_SA-P0380_82K_NIC4aa_RREF_range5_swir_to_fir_wavenumber.gif,D:\usgs_splib07\../GIFplots/GIFplots_splib07a/splib07a_Wavelengths_NIC4_Nicolet_1.12-216microns.gif,D:\usgs_splib07\../GIFplots/GIFplots_splib07a/splib07a_Bandpass_(FWHM)_NIC4_Nicolet_in_microns.gif
Propane SA-536172 78K ground ASDFRa AREF,D:\usgs_splib07\../HTMLmetadata/Propane_SA-536172_78K_ground_ASDFRa_AREF.html,D:\usgs_splib07\../ASCIIdata/ASCIIdata_splib07a/ChapterO_OrganicCompounds/splib07a_Propane_SA-536172_78K_ground_ASDFRa_AREF.txt,,D:\usgs_splib07\../ASCIIdata/ASCIIdata_splib07a/splib07a_Wavelengths_ASD_0.35-2.5_microns_2151_ch.txt,D:\usgs_splib07\../ASCIIdata/ASCIIdata_splib07a/splib07a_Bandpass_(FWHM)_ASDFR_StandardResolution.txt,D:\usgs_splib07\../GIFplots/GIFplots_splib07a/ChapterO_OrganicCompounds/splib07a_Propane_SA-536172_78K_ground_ASDFRa_AREF.gif,D:\usgs_splib07\../GIFplots/GIFplots_splib07a/plots_by_wavelength_region/range1_uv_to_visible/splib07a_Propane_SA-536172_78K_ground_ASDFRa_AREF_range1_uv_to_vis.gif,D:\usgs_splib07\../GIFplots/GIFplots_splib07a/plots_by_wavelength_region/range2_visible_to_swir/splib07a_Propane_SA-536172_78K_ground_ASDFRa_AREF_range2_vis_to_swir.gif,D:\usgs_splib07\../GIFplots/GIFplots_splib07a/plots_by_wavelength_region/range3_swir/splib07a_Propane_SA-536172_78K_ground_ASDFRa_AREF_range3_swir.gif,,,D:\usgs_splib07\../GIFplots/GIFplots_splib07a/splib07a_Wavelengths_ASD_0.35-2.5_microns_2151_ch.gif,D:\usgs_splib07\../GIFplots/GIFplots_splib07a/splib07a_Bandpass_(FWHM)_ASDFR_StandardResolution.gif
Propene SA-295663 ice 77K    ASDFRa AREF,D:\usgs_splib07\../HTMLmetadata/Propene_SA-295663_ice_77K_ASDFRa_AREF.html,D:\usgs_splib07\../ASCIIdata/ASCIIdata_splib07a/ChapterO_OrganicCompounds/splib07a_Propene_SA-295663_ice_77K_ASDFRa_AREF.txt,D:\usgs_splib07\../ASCIIdata/ASCIIdata_splib07a/errorbars/errorbars_for_splib07a_Propene_SA-295663_ice_77K_ASDFRa_AREF.txt,D:\usgs_splib07\../ASCIIdata/ASCIIdata_splib07a/splib07a_Wavelengths_ASD_0.35-2.5_microns_2151_ch.txt,D:\usgs_splib07\../ASCIIdata/ASCIIdata_splib07a/splib07a_Bandpass_(FWHM)_ASDFR_StandardResolution.txt,D:\usgs_splib07\../GIFplots/GIFplots_splib07a/ChapterO_OrganicCompounds/splib07a_Propene_SA-295663_ice_77K_ASDFRa_AREF.gif,D:\usgs_splib07\../GIFplots/GIFplots_splib07a/plots_by_wavelength_region/range1_uv_to_visible/splib07a_Propene_SA-295663_ice_77K_ASDFRa_AREF_range1_uv_to_vis.gif,D:\usgs_splib07\../GIFplots/GIFplots_splib07a/plots_by_wavelength_region/range2_visible_to_swir/splib07a_Propene_SA-295663_ice_77K_ASDFRa_AREF_range2_vis_to_swir.gif,D:\usgs_splib07\../GIFplots/GIFplots_splib07a/plots_by_wavelength_region/range3_swir/splib07a_Propene_SA-295663_ice_77K_ASDFRa_AREF_range3_swir.gif,,,D:\usgs_splib07\../GIFplots/GIFplots_splib07a/splib07a_Wavelengths_ASD_0.35-2.5_microns_2151_ch.gif,D:\usgs_splib07\../GIFplots/GIFplots_splib07a/splib07a_Bandpass_(FWHM)_ASDFR_StandardResolution.gif
Propyne SA-295493 Frost 80K  ASDFRa AREF,D:\usgs_splib07\../HTMLmetadata/Propyne_SA-295493_Frost_80K_ASDFRa_AREF.html,D:\usgs_splib07\../ASCIIdata/ASCIIdata_splib07a/ChapterO_OrganicCompounds/splib07a_Propyne_SA-295493_Frost_80K_ASDFRa_AREF.txt,D:\usgs_splib07\../ASCIIdata/ASCIIdata_splib07a/errorbars/errorbars_for_splib07a_Propyne_SA-295493_Frost_80K_ASDFRa_AREF.txt,D:\usgs_splib07\../ASCIIdata/ASCIIdata_splib07a/splib07a_Wavelengths_ASD_0.35-2.5_microns_2151_ch.txt,D:\usgs_splib07\../ASCIIdata/ASCIIdata_splib07a/splib07a_Bandpass_(FWHM)_ASDFR_StandardResolution.txt,D:\usgs_splib07\../GIFplots/GIFplots_splib07a/ChapterO_OrganicCompounds/splib07a_Propyne_SA-295493_Frost_80K_ASDFRa_AREF.gif,D:\usgs_splib07\../GIFplots/GIFplots_splib07a/plots_by_wavelength_region/range1_uv_to_visible/splib07a_Propyne_SA-295493_Frost_80K_ASDFRa_AREF_range1_uv_to_vis.gif,D:\usgs_splib07\../GIFplots/GIFplots_splib07a/plots_by_wavelength_region/range2_visible_to_swir/splib07a_Propyne_SA-295493_Frost_80K_ASDFRa_AREF_range2_vis_to_swir.gif,D:\usgs_splib07\../GIFplots/GIFplots_splib07a/plots_by_wavelength_region/range3_swir/splib07a_Propyne_SA-295493_Frost_80K_ASDFRa_AREF_range3_swir.gif,,,D:\usgs_splib07\../GIFplots/GIFplots_splib07a/splib07a_Wavelengths_ASD_0.35-2.5_microns_2151_ch.gif,D:\usgs_splib07\../GIFplots/GIFplots_splib07a/splib07a_Bandpass_(FWHM)_ASDFR_StandardResolution.gif
Protein soy_powder NC2       ASDHRa AREF,D:\usgs_splib07\../HTMLmetadata/Protein_soy_powder_NC2_ASDHRa_AREF.html,D:\usgs_splib07\../ASCIIdata/ASCIIdata_splib07a/ChapterO_OrganicCompounds/splib07a_Protein_soy_powder_NC2_ASDHRa_AREF.txt,D:\usgs_splib07\../ASCIIdata/ASCIIdata_splib07a/errorbars/errorbars_for_splib07a_Protein_soy_powder_NC2_ASDHRa_AREF.txt,D:\usgs_splib07\../ASCIIdata/ASCIIdata_splib07a/splib07a_Wavelengths_ASD_0.35-2.5_microns_2151_ch.txt,D:\usgs_splib07\../ASCIIdata/ASCIIdata_splib07a/splib07a_Bandpass_(FWHM)_ASDHR_High-Resolution.txt,D:\usgs_splib07\../GIFplots/GIFplots_splib07a/ChapterO_OrganicCompounds/splib07a_Protein_soy_powder_NC2_ASDHRa_AREF.gif,D:\usgs_splib07\../GIFplots/GIFplots_splib07a/plots_by_wavelength_region/range1_uv_to_visible/splib07a_Protein_soy_powder_NC2_ASDHRa_AREF_range1_uv_to_vis.gif,D:\usgs_splib07\../GIFplots/GIFplots_splib07a/plots_by_wavelength_region/range2_visible_to_swir/splib07a_Protein_soy_powder_NC2_ASDHRa_AREF_range2_vis_to_swir.gif,D:\usgs_splib07\../GIFplots/GIFplots_splib07a/plots_by_wavelength_region/range3_swir/splib07a_Protein_soy_powder_NC2_ASDHRa_AREF_range3_swir.gif,,,D:\usgs_splib07\../GIFplots/GIFplots_splib07a/splib07a_Wavelengths_ASD_0.35-2.5_microns_2151_ch.gif,D:\usgs_splib07\../GIFplots/GIFplots_splib07a/splib07a_Bandpass_(FWHM)_ASDHR_High-Resolution.gif
Protein veg_powder NC1       ASDHRa AREF,D:\usgs_splib07\../HTMLmetadata/Protein_veg_powder_NC1_ASDHRa_AREF.html,D:\usgs_splib07\../ASCIIdata/ASCIIdata_splib07a/ChapterO_OrganicCompounds/splib07a_Protein_veg_powder_NC1_ASDHRa_AREF.txt,D:\usgs_splib07\../ASCIIdata/ASCIIdata_splib07a/errorbars/errorbars_for_splib07a_Protein_veg_powder_NC1_ASDHRa_AREF.txt,D:\usgs_splib07\../ASCIIdata/ASCIIdata_splib07a/splib07a_Wavelengths_ASD_0.35-2.5_microns_2151_ch.txt,D:\usgs_splib07\../ASCIIdata/ASCIIdata_splib07a/splib07a_Bandpass_(FWHM)_ASDHR_High-Resolution.txt,D:\usgs_splib07\../GIFplots/GIFplots_splib07a/ChapterO_OrganicCompounds/splib07a_Protein_veg_powder_NC1_ASDHRa_AREF.gif,D:\usgs_splib07\../GIFplots/GIFplots_splib07a/plots_by_wavelength_region/range1_uv_to_visible/splib07a_Protein_veg_powder_NC1_ASDHRa_AREF_range1_uv_to_vis.gif,D:\usgs_splib07\../GIFplots/GIFplots_splib07a/plots_by_wavelength_region/range2_visible_to_swir/splib07a_Protein_veg_powder_NC1_ASDHRa_AREF_range2_vis_to_swir.gif,D:\usgs_splib07\../GIFplots/GIFplots_splib07a/plots_by_wavelength_region/range3_swir/splib07a_Protein_veg_powder_NC1_ASDHRa_AREF_range3_swir.gif,,,D:\usgs_splib07\../GIFplots/GIFplots_splib07a/splib07a_Wavelengths_ASD_0.35-2.5_microns_2151_ch.gif,D:\usgs_splib07\../GIFplots/GIFplots_splib07a/splib07a_Bandpass_(FWHM)_ASDHR_High-Resolution.gif
Purine SA-P55805             ASDHRa AREF,D:\usgs_splib07\../HTMLmetadata/Purine_SA-P55805_ASDHRa_AREF.html,D:\usgs_splib07\../ASCIIdata/ASCIIdata_splib07a/ChapterO_OrganicCompounds/splib07a_Purine_SA-P55805_ASDHRa_AREF.txt,,D:\usgs_splib07\../ASCIIdata/ASCIIdata_splib07a/splib07a_Wavelengths_ASD_0.35-2.5_microns_2151_ch.txt,D:\usgs_splib07\../ASCIIdata/ASCIIdata_splib07a/splib07a_Bandpass_(FWHM)_ASDHR_High-Resolution.txt,D:\usgs_splib07\../GIFplots/GIFplots_splib07a/ChapterO_OrganicCompounds/splib07a_Purine_SA-P55805_ASDHRa_AREF.gif,D:\usgs_splib07\../GIFplots/GIFplots_splib07a/plots_by_wavelength_region/range1_uv_to_visible/splib07a_Purine_SA-P55805_ASDHRa_AREF_range1_uv_to_vis.gif,D:\usgs_splib07\../GIFplots/GIFplots_splib07a/plots_by_wavelength_region/range2_visible_to_swir/splib07a_Purine_SA-P55805_ASDHRa_AREF_range2_vis_to_swir.gif,D:\usgs_splib07\../GIFplots/GIFplots_splib07a/plots_by_wavelength_region/range3_swir/splib07a_Purine_SA-P55805_ASDHRa_AREF_range3_swir.gif,,,D:\usgs_splib07\../GIFplots/GIFplots_splib07a/splib07a_Wavelengths_ASD_0.35-2.5_microns_2151_ch.gif,D:\usgs_splib07\../GIFplots/GIFplots_splib07a/splib07a_Bandpass_(FWHM)_ASDHR_High-Resolution.gif
Purine SA-P55805             NIC4aa RREF,D:\usgs_splib07\../HTMLmetadata/Purine_SA-P55805_NIC4aa_RREF.html,D:\usgs_splib07\../ASCIIdata/ASCIIdata_splib07a/ChapterO_OrganicCompounds/splib07a_Purine_SA-P55805_NIC4aa_RREF.txt,,D:\usgs_splib07\../ASCIIdata/ASCIIdata_splib07a/splib07a_Wavelengths_NIC4_Nicolet_1.12-216microns.txt,D:\usgs_splib07\../ASCIIdata/ASCIIdata_splib07a/splib07a_Bandpass_(FWHM)_NIC4_Nicolet_in_microns.txt,D:\usgs_splib07\../GIFplots/GIFplots_splib07a/ChapterO_OrganicCompounds/splib07a_Purine_SA-P55805_NIC4aa_RREF.gif,,D:\usgs_splib07\../GIFplots/GIFplots_splib07a/plots_by_wavelength_region/range2_visible_to_swir/splib07a_Purine_SA-P55805_NIC4aa_RREF_range2_vis_to_swir.gif,D:\usgs_splib07\../GIFplots/GIFplots_splib07a/plots_by_wavelength_region/range3_swir/splib07a_Purine_SA-P55805_NIC4aa_RREF_range3_swir.gif,D:\usgs_splib07\../GIFplots/GIFplots_splib07a/plots_by_wavelength_region/range4_swir_to_mir/splib07a_Purine_SA-P55805_NIC4aa_RREF_range4_swir_to_mir.gif,D:\usgs_splib07\../GIFplots/GIFplots_splib07a/plots_by_wavelength_region/range5_swir_to_fir_wavenumber/splib07a_Purine_SA-P55805_NIC4aa_RREF_range5_swir_to_fir_wavenumber.gif,D:\usgs_splib07\../GIFplots/GIFplots_splib07a/splib07a_Wavelengths_NIC4_Nicolet_1.12-216microns.gif,D:\usgs_splib07\../GIFplots/GIFplots_splib07a/splib07a_Bandpass_(FWHM)_NIC4_Nicolet_in_microns.gif
Purine SA-P55805 85K         ASDHRa AREF,D:\usgs_splib07\../HTMLmetadata/Purine_SA-P55805_85K_ASDHRa_AREF.html,D:\usgs_splib07\../ASCIIdata/ASCIIdata_splib07a/ChapterO_OrganicCompounds/splib07a_Purine_SA-P55805_85K_ASDHRa_AREF.txt,,D:\usgs_splib07\../ASCIIdata/ASCIIdata_splib07a/splib07a_Wavelengths_ASD_0.35-2.5_microns_2151_ch.txt,D:\usgs_splib07\../ASCIIdata/ASCIIdata_splib07a/splib07a_Bandpass_(FWHM)_ASDHR_High-Resolution.txt,D:\usgs_splib07\../GIFplots/GIFplots_splib07a/ChapterO_OrganicCompounds/splib07a_Purine_SA-P55805_85K_ASDHRa_AREF.gif,D:\usgs_splib07\../GIFplots/GIFplots_splib07a/plots_by_wavelength_region/range1_uv_to_visible/splib07a_Purine_SA-P55805_85K_ASDHRa_AREF_range1_uv_to_vis.gif,D:\usgs_splib07\../GIFplots/GIFplots_splib07a/plots_by_wavelength_region/range2_visible_to_swir/splib07a_Purine_SA-P55805_85K_ASDHRa_AREF_range2_vis_to_swir.gif,D:\usgs_splib07\../GIFplots/GIFplots_splib07a/plots_by_wavelength_region/range3_swir/splib07a_Purine_SA-P55805_85K_ASDHRa_AREF_range3_swir.gif,,,D:\usgs_splib07\../GIFplots/GIFplots_splib07a/splib07a_Wavelengths_ASD_0.35-2.5_microns_2151_ch.gif,D:\usgs_splib07\../GIFplots/GIFplots_splib07a/splib07a_Bandpass_(FWHM)_ASDHR_High-Resolution.gif
Purine SA-P55805 90K         NIC4aa RREF,D:\usgs_splib07\../HTMLmetadata/Purine_SA-P55805_90K_NIC4aa_RREF.html,D:\usgs_splib07\../ASCIIdata/ASCIIdata_splib07a/ChapterO_OrganicCompounds/splib07a_Purine_SA-P55805_90K_NIC4aa_RREF.txt,,D:\usgs_splib07\../ASCIIdata/ASCIIdata_splib07a/splib07a_Wavelengths_NIC4_Nicolet_1.12-216microns.txt,D:\usgs_splib07\../ASCIIdata/ASCIIdata_splib07a/splib07a_Bandpass_(FWHM)_NIC4_Nicolet_in_microns.txt,D:\usgs_splib07\../GIFplots/GIFplots_splib07a/ChapterO_OrganicCompounds/splib07a_Purine_SA-P55805_90K_NIC4aa_RREF.gif,,D:\usgs_splib07\../GIFplots/GIFplots_splib07a/plots_by_wavelength_region/range2_visible_to_swir/splib07a_Purine_SA-P55805_90K_NIC4aa_RREF_range2_vis_to_swir.gif,D:\usgs_splib07\../GIFplots/GIFplots_splib07a/plots_by_wavelength_region/range3_swir/splib07a_Purine_SA-P55805_90K_NIC4aa_RREF_range3_swir.gif,D:\usgs_splib07\../GIFplots/GIFplots_splib07a/plots_by_wavelength_region/range4_swir_to_mir/splib07a_Purine_SA-P55805_90K_NIC4aa_RREF_range4_swir_to_mir.gif,D:\usgs_splib07\../GIFplots/GIFplots_splib07a/plots_by_wavelength_region/range5_swir_to_fir_wavenumber/splib07a_Purine_SA-P55805_90K_NIC4aa_RREF_range5_swir_to_fir_wavenumber.gif,D:\usgs_splib07\../GIFplots/GIFplots_splib07a/splib07a_Wavelengths_NIC4_Nicolet_1.12-216microns.gif,D:\usgs_splib07\../GIFplots/GIFplots_splib07a/splib07a_Bandpass_(FWHM)_NIC4_Nicolet_in_microns.gif
Pyrazine SA-W401501          ASDHRa AREF,D:\usgs_splib07\../HTMLmetadata/Pyrazine_SA-W401501_ASDHRa_AREF.html,D:\usgs_splib07\../ASCIIdata/ASCIIdata_splib07a/ChapterO_OrganicCompounds/splib07a_Pyrazine_SA-W401501_ASDHRa_AREF.txt,,D:\usgs_splib07\../ASCIIdata/ASCIIdata_splib07a/splib07a_Wavelengths_ASD_0.35-2.5_microns_2151_ch.txt,D:\usgs_splib07\../ASCIIdata/ASCIIdata_splib07a/splib07a_Bandpass_(FWHM)_ASDHR_High-Resolution.txt,D:\usgs_splib07\../GIFplots/GIFplots_splib07a/ChapterO_OrganicCompounds/splib07a_Pyrazine_SA-W401501_ASDHRa_AREF.gif,D:\usgs_splib07\../GIFplots/GIFplots_splib07a/plots_by_wavelength_region/range1_uv_to_visible/splib07a_Pyrazine_SA-W401501_ASDHRa_AREF_range1_uv_to_vis.gif,D:\usgs_splib07\../GIFplots/GIFplots_splib07a/plots_by_wavelength_region/range2_visible_to_swir/splib07a_Pyrazine_SA-W401501_ASDHRa_AREF_range2_vis_to_swir.gif,D:\usgs_splib07\../GIFplots/GIFplots_splib07a/plots_by_wavelength_region/range3_swir/splib07a_Pyrazine_SA-W401501_ASDHRa_AREF_range3_swir.gif,,,D:\usgs_splib07\../GIFplots/GIFplots_splib07a/splib07a_Wavelengths_ASD_0.35-2.5_microns_2151_ch.gif,D:\usgs_splib07\../GIFplots/GIFplots_splib07a/splib07a_Bandpass_(FWHM)_ASDHR_High-Resolution.gif
Pyrazine SA-W401501          NIC4aa RREF,D:\usgs_splib07\../HTMLmetadata/Pyrazine_SA-W401501_NIC4aa_RREF.html,D:\usgs_splib07\../ASCIIdata/ASCIIdata_splib07a/ChapterO_OrganicCompounds/splib07a_Pyrazine_SA-W401501_NIC4aa_RREF.txt,,D:\usgs_splib07\../ASCIIdata/ASCIIdata_splib07a/splib07a_Wavelengths_NIC4_Nicolet_1.12-216microns.txt,D:\usgs_splib07\../ASCIIdata/ASCIIdata_splib07a/splib07a_Bandpass_(FWHM)_NIC4_Nicolet_in_microns.txt,D:\usgs_splib07\../GIFplots/GIFplots_splib07a/ChapterO_OrganicCompounds/splib07a_Pyrazine_SA-W401501_NIC4aa_RREF.gif,,D:\usgs_splib07\../GIFplots/GIFplots_splib07a/plots_by_wavelength_region/range2_visible_to_swir/splib07a_Pyrazine_SA-W401501_NIC4aa_RREF_range2_vis_to_swir.gif,D:\usgs_splib07\../GIFplots/GIFplots_splib07a/plots_by_wavelength_region/range3_swir/splib07a_Pyrazine_SA-W401501_NIC4aa_RREF_range3_swir.gif,D:\usgs_splib07\../GIFplots/GIFplots_splib07a/plots_by_wavelength_region/range4_swir_to_mir/splib07a_Pyrazine_SA-W401501_NIC4aa_RREF_range4_swir_to_mir.gif,D:\usgs_splib07\../GIFplots/GIFplots_splib07a/plots_by_wavelength_region/range5_swir_to_fir_wavenumber/splib07a_Pyrazine_SA-W401501_NIC4aa_RREF_range5_swir_to_fir_wavenumber.gif,D:\usgs_splib07\../GIFplots/GIFplots_splib07a/splib07a_Wavelengths_NIC4_Nicolet_1.12-216microns.gif,D:\usgs_splib07\../GIFplots/GIFplots_splib07a/splib07a_Bandpass_(FWHM)_NIC4_Nicolet_in_microns.gif
Pyrazine SA-W401501 82K      NIC4aa RREF,D:\usgs_splib07\../HTMLmetadata/Pyrazine_SA-W401501_82K_NIC4aa_RREF.html,D:\usgs_splib07\../ASCIIdata/ASCIIdata_splib07a/ChapterO_OrganicCompounds/splib07a_Pyrazine_SA-W401501_82K_NIC4aa_RREF.txt,,D:\usgs_splib07\../ASCIIdata/ASCIIdata_splib07a/splib07a_Wavelengths_NIC4_Nicolet_1.12-216microns.txt,D:\usgs_splib07\../ASCIIdata/ASCIIdata_splib07a/splib07a_Bandpass_(FWHM)_NIC4_Nicolet_in_microns.txt,D:\usgs_splib07\../GIFplots/GIFplots_splib07a/ChapterO_OrganicCompounds/splib07a_Pyrazine_SA-W401501_82K_NIC4aa_RREF.gif,,D:\usgs_splib07\../GIFplots/GIFplots_splib07a/plots_by_wavelength_region/range2_visible_to_swir/splib07a_Pyrazine_SA-W401501_82K_NIC4aa_RREF_range2_vis_to_swir.gif,D:\usgs_splib07\../GIFplots/GIFplots_splib07a/plots_by_wavelength_region/range3_swir/splib07a_Pyrazine_SA-W401501_82K_NIC4aa_RREF_range3_swir.gif,D:\usgs_splib07\../GIFplots/GIFplots_splib07a/plots_by_wavelength_region/range4_swir_to_mir/splib07a_Pyrazine_SA-W401501_82K_NIC4aa_RREF_range4_swir_to_mir.gif,D:\usgs_splib07\../GIFplots/GIFplots_splib07a/plots_by_wavelength_region/range5_swir_to_fir_wavenumber/splib07a_Pyrazine_SA-W401501_82K_NIC4aa_RREF_range5_swir_to_fir_wavenumber.gif,D:\usgs_splib07\../GIFplots/GIFplots_splib07a/splib07a_Wavelengths_NIC4_Nicolet_1.12-216microns.gif,D:\usgs_splib07\../GIFplots/GIFplots_splib07a/splib07a_Bandpass_(FWHM)_NIC4_Nicolet_in_microns.gif
Pyrene AA-L08162             ASDHRa AREF,D:\usgs_splib07\../HTMLmetadata/Pyrene_AA-L08162_ASDHRa_AREF.html,D:\usgs_splib07\../ASCIIdata/ASCIIdata_splib07a/ChapterO_OrganicCompounds/splib07a_Pyrene_AA-L08162_ASDHRa_AREF.txt,,D:\usgs_splib07\../ASCIIdata/ASCIIdata_splib07a/splib07a_Wavelengths_ASD_0.35-2.5_microns_2151_ch.txt,D:\usgs_splib07\../ASCIIdata/ASCIIdata_splib07a/splib07a_Bandpass_(FWHM)_ASDHR_High-Resolution.txt,D:\usgs_splib07\../GIFplots/GIFplots_splib07a/ChapterO_OrganicCompounds/splib07a_Pyrene_AA-L08162_ASDHRa_AREF.gif,D:\usgs_splib07\../GIFplots/GIFplots_splib07a/plots_by_wavelength_region/range1_uv_to_visible/splib07a_Pyrene_AA-L08162_ASDHRa_AREF_range1_uv_to_vis.gif,D:\usgs_splib07\../GIFplots/GIFplots_splib07a/plots_by_wavelength_region/range2_visible_to_swir/splib07a_Pyrene_AA-L08162_ASDHRa_AREF_range2_vis_to_swir.gif,D:\usgs_splib07\../GIFplots/GIFplots_splib07a/plots_by_wavelength_region/range3_swir/splib07a_Pyrene_AA-L08162_ASDHRa_AREF_range3_swir.gif,,,D:\usgs_splib07\../GIFplots/GIFplots_splib07a/splib07a_Wavelengths_ASD_0.35-2.5_microns_2151_ch.gif,D:\usgs_splib07\../GIFplots/GIFplots_splib07a/splib07a_Bandpass_(FWHM)_ASDHR_High-Resolution.gif
Pyrene AA-L08162             NIC4aa RREF,D:\usgs_splib07\../HTMLmetadata/Pyrene_AA-L08162_NIC4aa_RREF.html,D:\usgs_splib07\../ASCIIdata/ASCIIdata_splib07a/ChapterO_OrganicCompounds/splib07a_Pyrene_AA-L08162_NIC4aa_RREF.txt,,D:\usgs_splib07\../ASCIIdata/ASCIIdata_splib07a/splib07a_Wavelengths_NIC4_Nicolet_1.12-216microns.txt,D:\usgs_splib07\../ASCIIdata/ASCIIdata_splib07a/splib07a_Bandpass_(FWHM)_NIC4_Nicolet_in_microns.txt,D:\usgs_splib07\../GIFplots/GIFplots_splib07a/ChapterO_OrganicCompounds/splib07a_Pyrene_AA-L08162_NIC4aa_RREF.gif,,D:\usgs_splib07\../GIFplots/GIFplots_splib07a/plots_by_wavelength_region/range2_visible_to_swir/splib07a_Pyrene_AA-L08162_NIC4aa_RREF_range2_vis_to_swir.gif,D:\usgs_splib07\../GIFplots/GIFplots_splib07a/plots_by_wavelength_region/range3_swir/splib07a_Pyrene_AA-L08162_NIC4aa_RREF_range3_swir.gif,D:\usgs_splib07\../GIFplots/GIFplots_splib07a/plots_by_wavelength_region/range4_swir_to_mir/splib07a_Pyrene_AA-L08162_NIC4aa_RREF_range4_swir_to_mir.gif,D:\usgs_splib07\../GIFplots/GIFplots_splib07a/plots_by_wavelength_region/range5_swir_to_fir_wavenumber/splib07a_Pyrene_AA-L08162_NIC4aa_RREF_range5_swir_to_fir_wavenumber.gif,D:\usgs_splib07\../GIFplots/GIFplots_splib07a/splib07a_Wavelengths_NIC4_Nicolet_1.12-216microns.gif,D:\usgs_splib07\../GIFplots/GIFplots_splib07a/splib07a_Bandpass_(FWHM)_NIC4_Nicolet_in_microns.gif
Pyrene AA-L08162 75K         ASDHRa AREF,D:\usgs_splib07\../HTMLmetadata/Pyrene_AA-L08162_75K_ASDHRa_AREF.html,D:\usgs_splib07\../ASCIIdata/ASCIIdata_splib07a/ChapterO_OrganicCompounds/splib07a_Pyrene_AA-L08162_75K_ASDHRa_AREF.txt,,D:\usgs_splib07\../ASCIIdata/ASCIIdata_splib07a/splib07a_Wavelengths_ASD_0.35-2.5_microns_2151_ch.txt,D:\usgs_splib07\../ASCIIdata/ASCIIdata_splib07a/splib07a_Bandpass_(FWHM)_ASDHR_High-Resolution.txt,D:\usgs_splib07\../GIFplots/GIFplots_splib07a/ChapterO_OrganicCompounds/splib07a_Pyrene_AA-L08162_75K_ASDHRa_AREF.gif,D:\usgs_splib07\../GIFplots/GIFplots_splib07a/plots_by_wavelength_region/range1_uv_to_visible/splib07a_Pyrene_AA-L08162_75K_ASDHRa_AREF_range1_uv_to_vis.gif,D:\usgs_splib07\../GIFplots/GIFplots_splib07a/plots_by_wavelength_region/range2_visible_to_swir/splib07a_Pyrene_AA-L08162_75K_ASDHRa_AREF_range2_vis_to_swir.gif,D:\usgs_splib07\../GIFplots/GIFplots_splib07a/plots_by_wavelength_region/range3_swir/splib07a_Pyrene_AA-L08162_75K_ASDHRa_AREF_range3_swir.gif,,,D:\usgs_splib07\../GIFplots/GIFplots_splib07a/splib07a_Wavelengths_ASD_0.35-2.5_microns_2151_ch.gif,D:\usgs_splib07\../GIFplots/GIFplots_splib07a/splib07a_Bandpass_(FWHM)_ASDHR_High-Resolution.gif
Pyrene AA-L08162 85K         NIC4aa RREF,D:\usgs_splib07\../HTMLmetadata/Pyrene_AA-L08162_85K_NIC4aa_RREF.html,D:\usgs_splib07\../ASCIIdata/ASCIIdata_splib07a/ChapterO_OrganicCompounds/splib07a_Pyrene_AA-L08162_85K_NIC4aa_RREF.txt,,D:\usgs_splib07\../ASCIIdata/ASCIIdata_splib07a/splib07a_Wavelengths_NIC4_Nicolet_1.12-216microns.txt,D:\usgs_splib07\../ASCIIdata/ASCIIdata_splib07a/splib07a_Bandpass_(FWHM)_NIC4_Nicolet_in_microns.txt,D:\usgs_splib07\../GIFplots/GIFplots_splib07a/ChapterO_OrganicCompounds/splib07a_Pyrene_AA-L08162_85K_NIC4aa_RREF.gif,,D:\usgs_splib07\../GIFplots/GIFplots_splib07a/plots_by_wavelength_region/range2_visible_to_swir/splib07a_Pyrene_AA-L08162_85K_NIC4aa_RREF_range2_vis_to_swir.gif,D:\usgs_splib07\../GIFplots/GIFplots_splib07a/plots_by_wavelength_region/range3_swir/splib07a_Pyrene_AA-L08162_85K_NIC4aa_RREF_range3_swir.gif,D:\usgs_splib07\../GIFplots/GIFplots_splib07a/plots_by_wavelength_region/range4_swir_to_mir/splib07a_Pyrene_AA-L08162_85K_NIC4aa_RREF_range4_swir_to_mir.gif,D:\usgs_splib07\../GIFplots/GIFplots_splib07a/plots_by_wavelength_region/range5_swir_to_fir_wavenumber/splib07a_Pyrene_AA-L08162_85K_NIC4aa_RREF_range5_swir_to_fir_wavenumber.gif,D:\usgs_splib07\../GIFplots/GIFplots_splib07a/splib07a_Wavelengths_NIC4_Nicolet_1.12-216microns.gif,D:\usgs_splib07\../GIFplots/GIFplots_splib07a/splib07a_Bandpass_(FWHM)_NIC4_Nicolet_in_microns.gif
Pyridazine SA-P57204 82K     NIC4aa RREF,D:\usgs_splib07\../HTMLmetadata/Pyridazine_SA-P57204_82K_NIC4aa_RREF.html,D:\usgs_splib07\../ASCIIdata/ASCIIdata_splib07a/ChapterO_OrganicCompounds/splib07a_Pyridazine_SA-P57204_82K_NIC4aa_RREF.txt,,D:\usgs_splib07\../ASCIIdata/ASCIIdata_splib07a/splib07a_Wavelengths_NIC4_Nicolet_1.12-216microns.txt,D:\usgs_splib07\../ASCIIdata/ASCIIdata_splib07a/splib07a_Bandpass_(FWHM)_NIC4_Nicolet_in_microns.txt,D:\usgs_splib07\../GIFplots/GIFplots_splib07a/ChapterO_OrganicCompounds/splib07a_Pyridazine_SA-P57204_82K_NIC4aa_RREF.gif,,D:\usgs_splib07\../GIFplots/GIFplots_splib07a/plots_by_wavelength_region/range2_visible_to_swir/splib07a_Pyridazine_SA-P57204_82K_NIC4aa_RREF_range2_vis_to_swir.gif,D:\usgs_splib07\../GIFplots/GIFplots_splib07a/plots_by_wavelength_region/range3_swir/splib07a_Pyridazine_SA-P57204_82K_NIC4aa_RREF_range3_swir.gif,D:\usgs_splib07\../GIFplots/GIFplots_splib07a/plots_by_wavelength_region/range4_swir_to_mir/splib07a_Pyridazine_SA-P57204_82K_NIC4aa_RREF_range4_swir_to_mir.gif,D:\usgs_splib07\../GIFplots/GIFplots_splib07a/plots_by_wavelength_region/range5_swir_to_fir_wavenumber/splib07a_Pyridazine_SA-P57204_82K_NIC4aa_RREF_range5_swir_to_fir_wavenumber.gif,D:\usgs_splib07\../GIFplots/GIFplots_splib07a/splib07a_Wavelengths_NIC4_Nicolet_1.12-216microns.gif,D:\usgs_splib07\../GIFplots/GIFplots_splib07a/splib07a_Bandpass_(FWHM)_NIC4_Nicolet_in_microns.gif
Pyridine SA-494410 85K       NIC4aa RREF,D:\usgs_splib07\../HTMLmetadata/Pyridine_SA-494410_85K_NIC4aa_RREF.html,D:\usgs_splib07\../ASCIIdata/ASCIIdata_splib07a/ChapterO_OrganicCompounds/splib07a_Pyridine_SA-494410_85K_NIC4aa_RREF.txt,,D:\usgs_splib07\../ASCIIdata/ASCIIdata_splib07a/splib07a_Wavelengths_NIC4_Nicolet_1.12-216microns.txt,D:\usgs_splib07\../ASCIIdata/ASCIIdata_splib07a/splib07a_Bandpass_(FWHM)_NIC4_Nicolet_in_microns.txt,D:\usgs_splib07\../GIFplots/GIFplots_splib07a/ChapterO_OrganicCompounds/splib07a_Pyridine_SA-494410_85K_NIC4aa_RREF.gif,,D:\usgs_splib07\../GIFplots/GIFplots_splib07a/plots_by_wavelength_region/range2_visible_to_swir/splib07a_Pyridine_SA-494410_85K_NIC4aa_RREF_range2_vis_to_swir.gif,D:\usgs_splib07\../GIFplots/GIFplots_splib07a/plots_by_wavelength_region/range3_swir/splib07a_Pyridine_SA-494410_85K_NIC4aa_RREF_range3_swir.gif,D:\usgs_splib07\../GIFplots/GIFplots_splib07a/plots_by_wavelength_region/range4_swir_to_mir/splib07a_Pyridine_SA-494410_85K_NIC4aa_RREF_range4_swir_to_mir.gif,D:\usgs_splib07\../GIFplots/GIFplots_splib07a/plots_by_wavelength_region/range5_swir_to_fir_wavenumber/splib07a_Pyridine_SA-494410_85K_NIC4aa_RREF_range5_swir_to_fir_wavenumber.gif,D:\usgs_splib07\../GIFplots/GIFplots_splib07a/splib07a_Wavelengths_NIC4_Nicolet_1.12-216microns.gif,D:\usgs_splib07\../GIFplots/GIFplots_splib07a/splib07a_Bandpass_(FWHM)_NIC4_Nicolet_in_microns.gif
Pyrimidine SA-131695         ASDHRa AREF,D:\usgs_splib07\../HTMLmetadata/Pyrimidine_SA-131695_ASDHRa_AREF.html,D:\usgs_splib07\../ASCIIdata/ASCIIdata_splib07a/ChapterO_OrganicCompounds/splib07a_Pyrimidine_SA-131695_ASDHRa_AREF.txt,,D:\usgs_splib07\../ASCIIdata/ASCIIdata_splib07a/splib07a_Wavelengths_ASD_0.35-2.5_microns_2151_ch.txt,D:\usgs_splib07\../ASCIIdata/ASCIIdata_splib07a/splib07a_Bandpass_(FWHM)_ASDHR_High-Resolution.txt,D:\usgs_splib07\../GIFplots/GIFplots_splib07a/ChapterO_OrganicCompounds/splib07a_Pyrimidine_SA-131695_ASDHRa_AREF.gif,D:\usgs_splib07\../GIFplots/GIFplots_splib07a/plots_by_wavelength_region/range1_uv_to_visible/splib07a_Pyrimidine_SA-131695_ASDHRa_AREF_range1_uv_to_vis.gif,D:\usgs_splib07\../GIFplots/GIFplots_splib07a/plots_by_wavelength_region/range2_visible_to_swir/splib07a_Pyrimidine_SA-131695_ASDHRa_AREF_range2_vis_to_swir.gif,D:\usgs_splib07\../GIFplots/GIFplots_splib07a/plots_by_wavelength_region/range3_swir/splib07a_Pyrimidine_SA-131695_ASDHRa_AREF_range3_swir.gif,,,D:\usgs_splib07\../GIFplots/GIFplots_splib07a/splib07a_Wavelengths_ASD_0.35-2.5_microns_2151_ch.gif,D:\usgs_splib07\../GIFplots/GIFplots_splib07a/splib07a_Bandpass_(FWHM)_ASDHR_High-Resolution.gif
Pyrimidine SA-131695         NIC4aa RREF,D:\usgs_splib07\../HTMLmetadata/Pyrimidine_SA-131695_NIC4aa_RREF.html,D:\usgs_splib07\../ASCIIdata/ASCIIdata_splib07a/ChapterO_OrganicCompounds/splib07a_Pyrimidine_SA-131695_NIC4aa_RREF.txt,,D:\usgs_splib07\../ASCIIdata/ASCIIdata_splib07a/splib07a_Wavelengths_NIC4_Nicolet_1.12-216microns.txt,D:\usgs_splib07\../ASCIIdata/ASCIIdata_splib07a/splib07a_Bandpass_(FWHM)_NIC4_Nicolet_in_microns.txt,D:\usgs_splib07\../GIFplots/GIFplots_splib07a/ChapterO_OrganicCompounds/splib07a_Pyrimidine_SA-131695_NIC4aa_RREF.gif,,D:\usgs_splib07\../GIFplots/GIFplots_splib07a/plots_by_wavelength_region/range2_visible_to_swir/splib07a_Pyrimidine_SA-131695_NIC4aa_RREF_range2_vis_to_swir.gif,D:\usgs_splib07\../GIFplots/GIFplots_splib07a/plots_by_wavelength_region/range3_swir/splib07a_Pyrimidine_SA-131695_NIC4aa_RREF_range3_swir.gif,D:\usgs_splib07\../GIFplots/GIFplots_splib07a/plots_by_wavelength_region/range4_swir_to_mir/splib07a_Pyrimidine_SA-131695_NIC4aa_RREF_range4_swir_to_mir.gif,D:\usgs_splib07\../GIFplots/GIFplots_splib07a/plots_by_wavelength_region/range5_swir_to_fir_wavenumber/splib07a_Pyrimidine_SA-131695_NIC4aa_RREF_range5_swir_to_fir_wavenumber.gif,D:\usgs_splib07\../GIFplots/GIFplots_splib07a/splib07a_Wavelengths_NIC4_Nicolet_1.12-216microns.gif,D:\usgs_splib07\../GIFplots/GIFplots_splib07a/splib07a_Bandpass_(FWHM)_NIC4_Nicolet_in_microns.gif
Pyrimidine SA-131695 85K     ASDHRa AREF,D:\usgs_splib07\../HTMLmetadata/Pyrimidine_SA-131695_85K_ASDHRa_AREF.html,D:\usgs_splib07\../ASCIIdata/ASCIIdata_splib07a/ChapterO_OrganicCompounds/splib07a_Pyrimidine_SA-131695_85K_ASDHRa_AREF.txt,,D:\usgs_splib07\../ASCIIdata/ASCIIdata_splib07a/splib07a_Wavelengths_ASD_0.35-2.5_microns_2151_ch.txt,D:\usgs_splib07\../ASCIIdata/ASCIIdata_splib07a/splib07a_Bandpass_(FWHM)_ASDHR_High-Resolution.txt,D:\usgs_splib07\../GIFplots/GIFplots_splib07a/ChapterO_OrganicCompounds/splib07a_Pyrimidine_SA-131695_85K_ASDHRa_AREF.gif,D:\usgs_splib07\../GIFplots/GIFplots_splib07a/plots_by_wavelength_region/range1_uv_to_visible/splib07a_Pyrimidine_SA-131695_85K_ASDHRa_AREF_range1_uv_to_vis.gif,D:\usgs_splib07\../GIFplots/GIFplots_splib07a/plots_by_wavelength_region/range2_visible_to_swir/splib07a_Pyrimidine_SA-131695_85K_ASDHRa_AREF_range2_vis_to_swir.gif,D:\usgs_splib07\../GIFplots/GIFplots_splib07a/plots_by_wavelength_region/range3_swir/splib07a_Pyrimidine_SA-131695_85K_ASDHRa_AREF_range3_swir.gif,,,D:\usgs_splib07\../GIFplots/GIFplots_splib07a/splib07a_Wavelengths_ASD_0.35-2.5_microns_2151_ch.gif,D:\usgs_splib07\../GIFplots/GIFplots_splib07a/splib07a_Bandpass_(FWHM)_ASDHR_High-Resolution.gif
Pyrimidine SA-131695 82K     NIC4aa RREF,D:\usgs_splib07\../HTMLmetadata/Pyrimidine_SA-131695_82K_NIC4aa_RREF.html,D:\usgs_splib07\../ASCIIdata/ASCIIdata_splib07a/ChapterO_OrganicCompounds/splib07a_Pyrimidine_SA-131695_82K_NIC4aa_RREF.txt,,D:\usgs_splib07\../ASCIIdata/ASCIIdata_splib07a/splib07a_Wavelengths_NIC4_Nicolet_1.12-216microns.txt,D:\usgs_splib07\../ASCIIdata/ASCIIdata_splib07a/splib07a_Bandpass_(FWHM)_NIC4_Nicolet_in_microns.txt,D:\usgs_splib07\../GIFplots/GIFplots_splib07a/ChapterO_OrganicCompounds/splib07a_Pyrimidine_SA-131695_82K_NIC4aa_RREF.gif,,D:\usgs_splib07\../GIFplots/GIFplots_splib07a/plots_by_wavelength_region/range2_visible_to_swir/splib07a_Pyrimidine_SA-131695_82K_NIC4aa_RREF_range2_vis_to_swir.gif,D:\usgs_splib07\../GIFplots/GIFplots_splib07a/plots_by_wavelength_region/range3_swir/splib07a_Pyrimidine_SA-131695_82K_NIC4aa_RREF_range3_swir.gif,D:\usgs_splib07\../GIFplots/GIFplots_splib07a/plots_by_wavelength_region/range4_swir_to_mir/splib07a_Pyrimidine_SA-131695_82K_NIC4aa_RREF_range4_swir_to_mir.gif,D:\usgs_splib07\../GIFplots/GIFplots_splib07a/plots_by_wavelength_region/range5_swir_to_fir_wavenumber/splib07a_Pyrimidine_SA-131695_82K_NIC4aa_RREF_range5_swir_to_fir_wavenumber.gif,D:\usgs_splib07\../GIFplots/GIFplots_splib07a/splib07a_Wavelengths_NIC4_Nicolet_1.12-216microns.gif,D:\usgs_splib07\../GIFplots/GIFplots_splib07a/splib07a_Bandpass_(FWHM)_NIC4_Nicolet_in_microns.gif
4-3H-Pyrimidinone SA-858064  ASDHRa AREF,D:\usgs_splib07\../HTMLmetadata/4-3H-Pyrimidinone_SA-858064_ASDHRa_AREF.html,D:\usgs_splib07\../ASCIIdata/ASCIIdata_splib07a/ChapterO_OrganicCompounds/splib07a_4-3H-Pyrimidinone_SA-858064_ASDHRa_AREF.txt,,D:\usgs_splib07\../ASCIIdata/ASCIIdata_splib07a/splib07a_Wavelengths_ASD_0.35-2.5_microns_2151_ch.txt,D:\usgs_splib07\../ASCIIdata/ASCIIdata_splib07a/splib07a_Bandpass_(FWHM)_ASDHR_High-Resolution.txt,D:\usgs_splib07\../GIFplots/GIFplots_splib07a/ChapterO_OrganicCompounds/splib07a_4-3H-Pyrimidinone_SA-858064_ASDHRa_AREF.gif,D:\usgs_splib07\../GIFplots/GIFplots_splib07a/plots_by_wavelength_region/range1_uv_to_visible/splib07a_4-3H-Pyrimidinone_SA-858064_ASDHRa_AREF_range1_uv_to_vis.gif,D:\usgs_splib07\../GIFplots/GIFplots_splib07a/plots_by_wavelength_region/range2_visible_to_swir/splib07a_4-3H-Pyrimidinone_SA-858064_ASDHRa_AREF_range2_vis_to_swir.gif,D:\usgs_splib07\../GIFplots/GIFplots_splib07a/plots_by_wavelength_region/range3_swir/splib07a_4-3H-Pyrimidinone_SA-858064_ASDHRa_AREF_range3_swir.gif,,,D:\usgs_splib07\../GIFplots/GIFplots_splib07a/splib07a_Wavelengths_ASD_0.35-2.5_microns_2151_ch.gif,D:\usgs_splib07\../GIFplots/GIFplots_splib07a/splib07a_Bandpass_(FWHM)_ASDHR_High-Resolution.gif
4-3H-Pyrimidinone SA-858064  NIC4aa RREF,D:\usgs_splib07\../HTMLmetadata/4-3H-Pyrimidinone_SA-858064_NIC4aa_RREF.html,D:\usgs_splib07\../ASCIIdata/ASCIIdata_splib07a/ChapterO_OrganicCompounds/splib07a_4-3H-Pyrimidinone_SA-858064_NIC4aa_RREF.txt,,D:\usgs_splib07\../ASCIIdata/ASCIIdata_splib07a/splib07a_Wavelengths_NIC4_Nicolet_1.12-216microns.txt,D:\usgs_splib07\../ASCIIdata/ASCIIdata_splib07a/splib07a_Bandpass_(FWHM)_NIC4_Nicolet_in_microns.txt,D:\usgs_splib07\../GIFplots/GIFplots_splib07a/ChapterO_OrganicCompounds/splib07a_4-3H-Pyrimidinone_SA-858064_NIC4aa_RREF.gif,,D:\usgs_splib07\../GIFplots/GIFplots_splib07a/plots_by_wavelength_region/range2_visible_to_swir/splib07a_4-3H-Pyrimidinone_SA-858064_NIC4aa_RREF_range2_vis_to_swir.gif,D:\usgs_splib07\../GIFplots/GIFplots_splib07a/plots_by_wavelength_region/range3_swir/splib07a_4-3H-Pyrimidinone_SA-858064_NIC4aa_RREF_range3_swir.gif,D:\usgs_splib07\../GIFplots/GIFplots_splib07a/plots_by_wavelength_region/range4_swir_to_mir/splib07a_4-3H-Pyrimidinone_SA-858064_NIC4aa_RREF_range4_swir_to_mir.gif,D:\usgs_splib07\../GIFplots/GIFplots_splib07a/plots_by_wavelength_region/range5_swir_to_fir_wavenumber/splib07a_4-3H-Pyrimidinone_SA-858064_NIC4aa_RREF_range5_swir_to_fir_wavenumber.gif,D:\usgs_splib07\../GIFplots/GIFplots_splib07a/splib07a_Wavelengths_NIC4_Nicolet_1.12-216microns.gif,D:\usgs_splib07\../GIFplots/GIFplots_splib07a/splib07a_Bandpass_(FWHM)_NIC4_Nicolet_in_microns.gif
4-3H-Pyrimidin SA-858064 85K ASDHRa AREF,D:\usgs_splib07\../HTMLmetadata/4-3H-Pyrimidin_SA-858064_85K_ASDHRa_AREF.html,D:\usgs_splib07\../ASCIIdata/ASCIIdata_splib07a/ChapterO_OrganicCompounds/splib07a_4-3H-Pyrimidin_SA-858064_85K_ASDHRa_AREF.txt,,D:\usgs_splib07\../ASCIIdata/ASCIIdata_splib07a/splib07a_Wavelengths_ASD_0.35-2.5_microns_2151_ch.txt,D:\usgs_splib07\../ASCIIdata/ASCIIdata_splib07a/splib07a_Bandpass_(FWHM)_ASDHR_High-Resolution.txt,D:\usgs_splib07\../GIFplots/GIFplots_splib07a/ChapterO_OrganicCompounds/splib07a_4-3H-Pyrimidin_SA-858064_85K_ASDHRa_AREF.gif,D:\usgs_splib07\../GIFplots/GIFplots_splib07a/plots_by_wavelength_region/range1_uv_to_visible/splib07a_4-3H-Pyrimidin_SA-858064_85K_ASDHRa_AREF_range1_uv_to_vis.gif,D:\usgs_splib07\../GIFplots/GIFplots_splib07a/plots_by_wavelength_region/range2_visible_to_swir/splib07a_4-3H-Pyrimidin_SA-858064_85K_ASDHRa_AREF_range2_vis_to_swir.gif,D:\usgs_splib07\../GIFplots/GIFplots_splib07a/plots_by_wavelength_region/range3_swir/splib07a_4-3H-Pyrimidin_SA-858064_85K_ASDHRa_AREF_range3_swir.gif,,,D:\usgs_splib07\../GIFplots/GIFplots_splib07a/splib07a_Wavelengths_ASD_0.35-2.5_microns_2151_ch.gif,D:\usgs_splib07\../GIFplots/GIFplots_splib07a/splib07a_Bandpass_(FWHM)_ASDHR_High-Resolution.gif
4-3H-Pyrimidi SA-858064 90K  NIC4aa RREF,D:\usgs_splib07\../HTMLmetadata/4-3H-Pyrimidi_SA-858064_90K_NIC4aa_RREF.html,D:\usgs_splib07\../ASCIIdata/ASCIIdata_splib07a/ChapterO_OrganicCompounds/splib07a_4-3H-Pyrimidi_SA-858064_90K_NIC4aa_RREF.txt,,D:\usgs_splib07\../ASCIIdata/ASCIIdata_splib07a/splib07a_Wavelengths_NIC4_Nicolet_1.12-216microns.txt,D:\usgs_splib07\../ASCIIdata/ASCIIdata_splib07a/splib07a_Bandpass_(FWHM)_NIC4_Nicolet_in_microns.txt,D:\usgs_splib07\../GIFplots/GIFplots_splib07a/ChapterO_OrganicCompounds/splib07a_4-3H-Pyrimidi_SA-858064_90K_NIC4aa_RREF.gif,,D:\usgs_splib07\../GIFplots/GIFplots_splib07a/plots_by_wavelength_region/range2_visible_to_swir/splib07a_4-3H-Pyrimidi_SA-858064_90K_NIC4aa_RREF_range2_vis_to_swir.gif,D:\usgs_splib07\../GIFplots/GIFplots_splib07a/plots_by_wavelength_region/range3_swir/splib07a_4-3H-Pyrimidi_SA-858064_90K_NIC4aa_RREF_range3_swir.gif,D:\usgs_splib07\../GIFplots/GIFplots_splib07a/plots_by_wavelength_region/range4_swir_to_mir/splib07a_4-3H-Pyrimidi_SA-858064_90K_NIC4aa_RREF_range4_swir_to_mir.gif,D:\usgs_splib07\../GIFplots/GIFplots_splib07a/plots_by_wavelength_region/range5_swir_to_fir_wavenumber/splib07a_4-3H-Pyrimidi_SA-858064_90K_NIC4aa_RREF_range5_swir_to_fir_wavenumber.gif,D:\usgs_splib07\../GIFplots/GIFplots_splib07a/splib07a_Wavelengths_NIC4_Nicolet_1.12-216microns.gif,D:\usgs_splib07\../GIFplots/GIFplots_splib07a/splib07a_Bandpass_(FWHM)_NIC4_Nicolet_in_microns.gif
Pyrogallol SA-16040          ASDHRa AREF,D:\usgs_splib07\../HTMLmetadata/Pyrogallol_SA-16040_ASDHRa_AREF.html,D:\usgs_splib07\../ASCIIdata/ASCIIdata_splib07a/ChapterO_OrganicCompounds/splib07a_Pyrogallol_SA-16040_ASDHRa_AREF.txt,D:\usgs_splib07\../ASCIIdata/ASCIIdata_splib07a/errorbars/errorbars_for_splib07a_Pyrogallol_SA-16040_ASDHRa_AREF.txt,D:\usgs_splib07\../ASCIIdata/ASCIIdata_splib07a/splib07a_Wavelengths_ASD_0.35-2.5_microns_2151_ch.txt,D:\usgs_splib07\../ASCIIdata/ASCIIdata_splib07a/splib07a_Bandpass_(FWHM)_ASDHR_High-Resolution.txt,D:\usgs_splib07\../GIFplots/GIFplots_splib07a/ChapterO_OrganicCompounds/splib07a_Pyrogallol_SA-16040_ASDHRa_AREF.gif,D:\usgs_splib07\../GIFplots/GIFplots_splib07a/plots_by_wavelength_region/range1_uv_to_visible/splib07a_Pyrogallol_SA-16040_ASDHRa_AREF_range1_uv_to_vis.gif,D:\usgs_splib07\../GIFplots/GIFplots_splib07a/plots_by_wavelength_region/range2_visible_to_swir/splib07a_Pyrogallol_SA-16040_ASDHRa_AREF_range2_vis_to_swir.gif,D:\usgs_splib07\../GIFplots/GIFplots_splib07a/plots_by_wavelength_region/range3_swir/splib07a_Pyrogallol_SA-16040_ASDHRa_AREF_range3_swir.gif,,,D:\usgs_splib07\../GIFplots/GIFplots_splib07a/splib07a_Wavelengths_ASD_0.35-2.5_microns_2151_ch.gif,D:\usgs_splib07\../GIFplots/GIFplots_splib07a/splib07a_Bandpass_(FWHM)_ASDHR_High-Resolution.gif
Quercetin SA-Q4951           ASDHRa AREF,D:\usgs_splib07\../HTMLmetadata/Quercetin_SA-Q4951_ASDHRa_AREF.html,D:\usgs_splib07\../ASCIIdata/ASCIIdata_splib07a/ChapterO_OrganicCompounds/splib07a_Quercetin_SA-Q4951_ASDHRa_AREF.txt,D:\usgs_splib07\../ASCIIdata/ASCIIdata_splib07a/errorbars/errorbars_for_splib07a_Quercetin_SA-Q4951_ASDHRa_AREF.txt,D:\usgs_splib07\../ASCIIdata/ASCIIdata_splib07a/splib07a_Wavelengths_ASD_0.35-2.5_microns_2151_ch.txt,D:\usgs_splib07\../ASCIIdata/ASCIIdata_splib07a/splib07a_Bandpass_(FWHM)_ASDHR_High-Resolution.txt,D:\usgs_splib07\../GIFplots/GIFplots_splib07a/ChapterO_OrganicCompounds/splib07a_Quercetin_SA-Q4951_ASDHRa_AREF.gif,D:\usgs_splib07\../GIFplots/GIFplots_splib07a/plots_by_wavelength_region/range1_uv_to_visible/splib07a_Quercetin_SA-Q4951_ASDHRa_AREF_range1_uv_to_vis.gif,D:\usgs_splib07\../GIFplots/GIFplots_splib07a/plots_by_wavelength_region/range2_visible_to_swir/splib07a_Quercetin_SA-Q4951_ASDHRa_AREF_range2_vis_to_swir.gif,D:\usgs_splib07\../GIFplots/GIFplots_splib07a/plots_by_wavelength_region/range3_swir/splib07a_Quercetin_SA-Q4951_ASDHRa_AREF_range3_swir.gif,,,D:\usgs_splib07\../GIFplots/GIFplots_splib07a/splib07a_Wavelengths_ASD_0.35-2.5_microns_2151_ch.gif,D:\usgs_splib07\../GIFplots/GIFplots_splib07a/splib07a_Bandpass_(FWHM)_ASDHR_High-Resolution.gif
Starch_corn_Argo GDS549      ASDHRa AREF,D:\usgs_splib07\../HTMLmetadata/Starch_corn_Argo_GDS549_ASDHRa_AREF.html,D:\usgs_splib07\../ASCIIdata/ASCIIdata_splib07a/ChapterO_OrganicCompounds/splib07a_Starch_corn_Argo_GDS549_ASDHRa_AREF.txt,D:\usgs_splib07\../ASCIIdata/ASCIIdata_splib07a/errorbars/errorbars_for_splib07a_Starch_corn_Argo_GDS549_ASDHRa_AREF.txt,D:\usgs_splib07\../ASCIIdata/ASCIIdata_splib07a/splib07a_Wavelengths_ASD_0.35-2.5_microns_2151_ch.txt,D:\usgs_splib07\../ASCIIdata/ASCIIdata_splib07a/splib07a_Bandpass_(FWHM)_ASDHR_High-Resolution.txt,D:\usgs_splib07\../GIFplots/GIFplots_splib07a/ChapterO_OrganicCompounds/splib07a_Starch_corn_Argo_GDS549_ASDHRa_AREF.gif,D:\usgs_splib07\../GIFplots/GIFplots_splib07a/plots_by_wavelength_region/range1_uv_to_visible/splib07a_Starch_corn_Argo_GDS549_ASDHRa_AREF_range1_uv_to_vis.gif,D:\usgs_splib07\../GIFplots/GIFplots_splib07a/plots_by_wavelength_region/range2_visible_to_swir/splib07a_Starch_corn_Argo_GDS549_ASDHRa_AREF_range2_vis_to_swir.gif,D:\usgs_splib07\../GIFplots/GIFplots_splib07a/plots_by_wavelength_region/range3_swir/splib07a_Starch_corn_Argo_GDS549_ASDHRa_AREF_range3_swir.gif,,,D:\usgs_splib07\../GIFplots/GIFplots_splib07a/splib07a_Wavelengths_ASD_0.35-2.5_microns_2151_ch.gif,D:\usgs_splib07\../GIFplots/GIFplots_splib07a/splib07a_Bandpass_(FWHM)_ASDHR_High-Resolution.gif
Starch_potato SA-33615       ASDHRa AREF,D:\usgs_splib07\../HTMLmetadata/Starch_potato_SA-33615_ASDHRa_AREF.html,D:\usgs_splib07\../ASCIIdata/ASCIIdata_splib07a/ChapterO_OrganicCompounds/splib07a_Starch_potato_SA-33615_ASDHRa_AREF.txt,D:\usgs_splib07\../ASCIIdata/ASCIIdata_splib07a/errorbars/errorbars_for_splib07a_Starch_potato_SA-33615_ASDHRa_AREF.txt,D:\usgs_splib07\../ASCIIdata/ASCIIdata_splib07a/splib07a_Wavelengths_ASD_0.35-2.5_microns_2151_ch.txt,D:\usgs_splib07\../ASCIIdata/ASCIIdata_splib07a/splib07a_Bandpass_(FWHM)_ASDHR_High-Resolution.txt,D:\usgs_splib07\../GIFplots/GIFplots_splib07a/ChapterO_OrganicCompounds/splib07a_Starch_potato_SA-33615_ASDHRa_AREF.gif,D:\usgs_splib07\../GIFplots/GIFplots_splib07a/plots_by_wavelength_region/range1_uv_to_visible/splib07a_Starch_potato_SA-33615_ASDHRa_AREF_range1_uv_to_vis.gif,D:\usgs_splib07\../GIFplots/GIFplots_splib07a/plots_by_wavelength_region/range2_visible_to_swir/splib07a_Starch_potato_SA-33615_ASDHRa_AREF_range2_vis_to_swir.gif,D:\usgs_splib07\../GIFplots/GIFplots_splib07a/plots_by_wavelength_region/range3_swir/splib07a_Starch_potato_SA-33615_ASDHRa_AREF_range3_swir.gif,,,D:\usgs_splib07\../GIFplots/GIFplots_splib07a/splib07a_Wavelengths_ASD_0.35-2.5_microns_2151_ch.gif,D:\usgs_splib07\../GIFplots/GIFplots_splib07a/splib07a_Bandpass_(FWHM)_ASDHR_High-Resolution.gif
cis-Stilbene SA-S4808 75K    ASDHRa AREF,D:\usgs_splib07\../HTMLmetadata/cis-Stilbene_SA-S4808_75K_ASDHRa_AREF.html,D:\usgs_splib07\../ASCIIdata/ASCIIdata_splib07a/ChapterO_OrganicCompounds/splib07a_cis-Stilbene_SA-S4808_75K_ASDHRa_AREF.txt,,D:\usgs_splib07\../ASCIIdata/ASCIIdata_splib07a/splib07a_Wavelengths_ASD_0.35-2.5_microns_2151_ch.txt,D:\usgs_splib07\../ASCIIdata/ASCIIdata_splib07a/splib07a_Bandpass_(FWHM)_ASDHR_High-Resolution.txt,D:\usgs_splib07\../GIFplots/GIFplots_splib07a/ChapterO_OrganicCompounds/splib07a_cis-Stilbene_SA-S4808_75K_ASDHRa_AREF.gif,D:\usgs_splib07\../GIFplots/GIFplots_splib07a/plots_by_wavelength_region/range1_uv_to_visible/splib07a_cis-Stilbene_SA-S4808_75K_ASDHRa_AREF_range1_uv_to_vis.gif,D:\usgs_splib07\../GIFplots/GIFplots_splib07a/plots_by_wavelength_region/range2_visible_to_swir/splib07a_cis-Stilbene_SA-S4808_75K_ASDHRa_AREF_range2_vis_to_swir.gif,D:\usgs_splib07\../GIFplots/GIFplots_splib07a/plots_by_wavelength_region/range3_swir/splib07a_cis-Stilbene_SA-S4808_75K_ASDHRa_AREF_range3_swir.gif,,,D:\usgs_splib07\../GIFplots/GIFplots_splib07a/splib07a_Wavelengths_ASD_0.35-2.5_microns_2151_ch.gif,D:\usgs_splib07\../GIFplots/GIFplots_splib07a/splib07a_Bandpass_(FWHM)_ASDHR_High-Resolution.gif
cis-Stilbene SA-S4808 85K    NIC4aa RREF,D:\usgs_splib07\../HTMLmetadata/cis-Stilbene_SA-S4808_85K_NIC4aa_RREF.html,D:\usgs_splib07\../ASCIIdata/ASCIIdata_splib07a/ChapterO_OrganicCompounds/splib07a_cis-Stilbene_SA-S4808_85K_NIC4aa_RREF.txt,,D:\usgs_splib07\../ASCIIdata/ASCIIdata_splib07a/splib07a_Wavelengths_NIC4_Nicolet_1.12-216microns.txt,D:\usgs_splib07\../ASCIIdata/ASCIIdata_splib07a/splib07a_Bandpass_(FWHM)_NIC4_Nicolet_in_microns.txt,D:\usgs_splib07\../GIFplots/GIFplots_splib07a/ChapterO_OrganicCompounds/splib07a_cis-Stilbene_SA-S4808_85K_NIC4aa_RREF.gif,,D:\usgs_splib07\../GIFplots/GIFplots_splib07a/plots_by_wavelength_region/range2_visible_to_swir/splib07a_cis-Stilbene_SA-S4808_85K_NIC4aa_RREF_range2_vis_to_swir.gif,D:\usgs_splib07\../GIFplots/GIFplots_splib07a/plots_by_wavelength_region/range3_swir/splib07a_cis-Stilbene_SA-S4808_85K_NIC4aa_RREF_range3_swir.gif,D:\usgs_splib07\../GIFplots/GIFplots_splib07a/plots_by_wavelength_region/range4_swir_to_mir/splib07a_cis-Stilbene_SA-S4808_85K_NIC4aa_RREF_range4_swir_to_mir.gif,D:\usgs_splib07\../GIFplots/GIFplots_splib07a/plots_by_wavelength_region/range5_swir_to_fir_wavenumber/splib07a_cis-Stilbene_SA-S4808_85K_NIC4aa_RREF_range5_swir_to_fir_wavenumber.gif,D:\usgs_splib07\../GIFplots/GIFplots_splib07a/splib07a_Wavelengths_NIC4_Nicolet_1.12-216microns.gif,D:\usgs_splib07\../GIFplots/GIFplots_splib07a/splib07a_Bandpass_(FWHM)_NIC4_Nicolet_in_microns.gif
Styrene SA-S4972 85K         NIC4aa RREF,D:\usgs_splib07\../HTMLmetadata/Styrene_SA-S4972_85K_NIC4aa_RREF.html,D:\usgs_splib07\../ASCIIdata/ASCIIdata_splib07a/ChapterO_OrganicCompounds/splib07a_Styrene_SA-S4972_85K_NIC4aa_RREF.txt,,D:\usgs_splib07\../ASCIIdata/ASCIIdata_splib07a/splib07a_Wavelengths_NIC4_Nicolet_1.12-216microns.txt,D:\usgs_splib07\../ASCIIdata/ASCIIdata_splib07a/splib07a_Bandpass_(FWHM)_NIC4_Nicolet_in_microns.txt,D:\usgs_splib07\../GIFplots/GIFplots_splib07a/ChapterO_OrganicCompounds/splib07a_Styrene_SA-S4972_85K_NIC4aa_RREF.gif,,D:\usgs_splib07\../GIFplots/GIFplots_splib07a/plots_by_wavelength_region/range2_visible_to_swir/splib07a_Styrene_SA-S4972_85K_NIC4aa_RREF_range2_vis_to_swir.gif,D:\usgs_splib07\../GIFplots/GIFplots_splib07a/plots_by_wavelength_region/range3_swir/splib07a_Styrene_SA-S4972_85K_NIC4aa_RREF_range3_swir.gif,D:\usgs_splib07\../GIFplots/GIFplots_splib07a/plots_by_wavelength_region/range4_swir_to_mir/splib07a_Styrene_SA-S4972_85K_NIC4aa_RREF_range4_swir_to_mir.gif,D:\usgs_splib07\../GIFplots/GIFplots_splib07a/plots_by_wavelength_region/range5_swir_to_fir_wavenumber/splib07a_Styrene_SA-S4972_85K_NIC4aa_RREF_range5_swir_to_fir_wavenumber.gif,D:\usgs_splib07\../GIFplots/GIFplots_splib07a/splib07a_Wavelengths_NIC4_Nicolet_1.12-216microns.gif,D:\usgs_splib07\../GIFplots/GIFplots_splib07a/splib07a_Bandpass_(FWHM)_NIC4_Nicolet_in_microns.gif
Tannic_Acid SA-403040        ASDHRa AREF,D:\usgs_splib07\../HTMLmetadata/Tannic_Acid_SA-403040_ASDHRa_AREF.html,D:\usgs_splib07\../ASCIIdata/ASCIIdata_splib07a/ChapterO_OrganicCompounds/splib07a_Tannic_Acid_SA-403040_ASDHRa_AREF.txt,D:\usgs_splib07\../ASCIIdata/ASCIIdata_splib07a/errorbars/errorbars_for_splib07a_Tannic_Acid_SA-403040_ASDHRa_AREF.txt,D:\usgs_splib07\../ASCIIdata/ASCIIdata_splib07a/splib07a_Wavelengths_ASD_0.35-2.5_microns_2151_ch.txt,D:\usgs_splib07\../ASCIIdata/ASCIIdata_splib07a/splib07a_Bandpass_(FWHM)_ASDHR_High-Resolution.txt,D:\usgs_splib07\../GIFplots/GIFplots_splib07a/ChapterO_OrganicCompounds/splib07a_Tannic_Acid_SA-403040_ASDHRa_AREF.gif,D:\usgs_splib07\../GIFplots/GIFplots_splib07a/plots_by_wavelength_region/range1_uv_to_visible/splib07a_Tannic_Acid_SA-403040_ASDHRa_AREF_range1_uv_to_vis.gif,D:\usgs_splib07\../GIFplots/GIFplots_splib07a/plots_by_wavelength_region/range2_visible_to_swir/splib07a_Tannic_Acid_SA-403040_ASDHRa_AREF_range2_vis_to_swir.gif,D:\usgs_splib07\../GIFplots/GIFplots_splib07a/plots_by_wavelength_region/range3_swir/splib07a_Tannic_Acid_SA-403040_ASDHRa_AREF_range3_swir.gif,,,D:\usgs_splib07\../GIFplots/GIFplots_splib07a/splib07a_Wavelengths_ASD_0.35-2.5_microns_2151_ch.gif,D:\usgs_splib07\../GIFplots/GIFplots_splib07a/splib07a_Bandpass_(FWHM)_ASDHR_High-Resolution.gif
Taurine NF                   ASDHRa AREF,D:\usgs_splib07\../HTMLmetadata/Taurine_NF_ASDHRa_AREF.html,D:\usgs_splib07\../ASCIIdata/ASCIIdata_splib07a/ChapterO_OrganicCompounds/splib07a_Taurine_NF_ASDHRa_AREF.txt,,D:\usgs_splib07\../ASCIIdata/ASCIIdata_splib07a/splib07a_Wavelengths_ASD_0.35-2.5_microns_2151_ch.txt,D:\usgs_splib07\../ASCIIdata/ASCIIdata_splib07a/splib07a_Bandpass_(FWHM)_ASDHR_High-Resolution.txt,D:\usgs_splib07\../GIFplots/GIFplots_splib07a/ChapterO_OrganicCompounds/splib07a_Taurine_NF_ASDHRa_AREF.gif,D:\usgs_splib07\../GIFplots/GIFplots_splib07a/plots_by_wavelength_region/range1_uv_to_visible/splib07a_Taurine_NF_ASDHRa_AREF_range1_uv_to_vis.gif,D:\usgs_splib07\../GIFplots/GIFplots_splib07a/plots_by_wavelength_region/range2_visible_to_swir/splib07a_Taurine_NF_ASDHRa_AREF_range2_vis_to_swir.gif,D:\usgs_splib07\../GIFplots/GIFplots_splib07a/plots_by_wavelength_region/range3_swir/splib07a_Taurine_NF_ASDHRa_AREF_range3_swir.gif,,,D:\usgs_splib07\../GIFplots/GIFplots_splib07a/splib07a_Wavelengths_ASD_0.35-2.5_microns_2151_ch.gif,D:\usgs_splib07\../GIFplots/GIFplots_splib07a/splib07a_Bandpass_(FWHM)_ASDHR_High-Resolution.gif
Taurine NF                   NIC4aa RREF,D:\usgs_splib07\../HTMLmetadata/Taurine_NF_NIC4aa_RREF.html,D:\usgs_splib07\../ASCIIdata/ASCIIdata_splib07a/ChapterO_OrganicCompounds/splib07a_Taurine_NF_NIC4aa_RREF.txt,,D:\usgs_splib07\../ASCIIdata/ASCIIdata_splib07a/splib07a_Wavelengths_NIC4_Nicolet_1.12-216microns.txt,D:\usgs_splib07\../ASCIIdata/ASCIIdata_splib07a/splib07a_Bandpass_(FWHM)_NIC4_Nicolet_in_microns.txt,D:\usgs_splib07\../GIFplots/GIFplots_splib07a/ChapterO_OrganicCompounds/splib07a_Taurine_NF_NIC4aa_RREF.gif,,D:\usgs_splib07\../GIFplots/GIFplots_splib07a/plots_by_wavelength_region/range2_visible_to_swir/splib07a_Taurine_NF_NIC4aa_RREF_range2_vis_to_swir.gif,D:\usgs_splib07\../GIFplots/GIFplots_splib07a/plots_by_wavelength_region/range3_swir/splib07a_Taurine_NF_NIC4aa_RREF_range3_swir.gif,D:\usgs_splib07\../GIFplots/GIFplots_splib07a/plots_by_wavelength_region/range4_swir_to_mir/splib07a_Taurine_NF_NIC4aa_RREF_range4_swir_to_mir.gif,D:\usgs_splib07\../GIFplots/GIFplots_splib07a/plots_by_wavelength_region/range5_swir_to_fir_wavenumber/splib07a_Taurine_NF_NIC4aa_RREF_range5_swir_to_fir_wavenumber.gif,D:\usgs_splib07\../GIFplots/GIFplots_splib07a/splib07a_Wavelengths_NIC4_Nicolet_1.12-216microns.gif,D:\usgs_splib07\../GIFplots/GIFplots_splib07a/splib07a_Bandpass_(FWHM)_NIC4_Nicolet_in_microns.gif
Taurine NF 85K               NIC4aa RREF,D:\usgs_splib07\../HTMLmetadata/Taurine_NF_85K_NIC4aa_RREF.html,D:\usgs_splib07\../ASCIIdata/ASCIIdata_splib07a/ChapterO_OrganicCompounds/splib07a_Taurine_NF_85K_NIC4aa_RREF.txt,,D:\usgs_splib07\../ASCIIdata/ASCIIdata_splib07a/splib07a_Wavelengths_NIC4_Nicolet_1.12-216microns.txt,D:\usgs_splib07\../ASCIIdata/ASCIIdata_splib07a/splib07a_Bandpass_(FWHM)_NIC4_Nicolet_in_microns.txt,D:\usgs_splib07\../GIFplots/GIFplots_splib07a/ChapterO_OrganicCompounds/splib07a_Taurine_NF_85K_NIC4aa_RREF.gif,,D:\usgs_splib07\../GIFplots/GIFplots_splib07a/plots_by_wavelength_region/range2_visible_to_swir/splib07a_Taurine_NF_85K_NIC4aa_RREF_range2_vis_to_swir.gif,D:\usgs_splib07\../GIFplots/GIFplots_splib07a/plots_by_wavelength_region/range3_swir/splib07a_Taurine_NF_85K_NIC4aa_RREF_range3_swir.gif,D:\usgs_splib07\../GIFplots/GIFplots_splib07a/plots_by_wavelength_region/range4_swir_to_mir/splib07a_Taurine_NF_85K_NIC4aa_RREF_range4_swir_to_mir.gif,D:\usgs_splib07\../GIFplots/GIFplots_splib07a/plots_by_wavelength_region/range5_swir_to_fir_wavenumber/splib07a_Taurine_NF_85K_NIC4aa_RREF_range5_swir_to_fir_wavenumber.gif,D:\usgs_splib07\../GIFplots/GIFplots_splib07a/splib07a_Wavelengths_NIC4_Nicolet_1.12-216microns.gif,D:\usgs_splib07\../GIFplots/GIFplots_splib07a/splib07a_Bandpass_(FWHM)_NIC4_Nicolet_in_microns.gif
o-Terphenyl SA-T2800         ASDHRa AREF,D:\usgs_splib07\../HTMLmetadata/o-Terphenyl_SA-T2800_ASDHRa_AREF.html,D:\usgs_splib07\../ASCIIdata/ASCIIdata_splib07a/ChapterO_OrganicCompounds/splib07a_o-Terphenyl_SA-T2800_ASDHRa_AREF.txt,,D:\usgs_splib07\../ASCIIdata/ASCIIdata_splib07a/splib07a_Wavelengths_ASD_0.35-2.5_microns_2151_ch.txt,D:\usgs_splib07\../ASCIIdata/ASCIIdata_splib07a/splib07a_Bandpass_(FWHM)_ASDHR_High-Resolution.txt,D:\usgs_splib07\../GIFplots/GIFplots_splib07a/ChapterO_OrganicCompounds/splib07a_o-Terphenyl_SA-T2800_ASDHRa_AREF.gif,D:\usgs_splib07\../GIFplots/GIFplots_splib07a/plots_by_wavelength_region/range1_uv_to_visible/splib07a_o-Terphenyl_SA-T2800_ASDHRa_AREF_range1_uv_to_vis.gif,D:\usgs_splib07\../GIFplots/GIFplots_splib07a/plots_by_wavelength_region/range2_visible_to_swir/splib07a_o-Terphenyl_SA-T2800_ASDHRa_AREF_range2_vis_to_swir.gif,D:\usgs_splib07\../GIFplots/GIFplots_splib07a/plots_by_wavelength_region/range3_swir/splib07a_o-Terphenyl_SA-T2800_ASDHRa_AREF_range3_swir.gif,,,D:\usgs_splib07\../GIFplots/GIFplots_splib07a/splib07a_Wavelengths_ASD_0.35-2.5_microns_2151_ch.gif,D:\usgs_splib07\../GIFplots/GIFplots_splib07a/splib07a_Bandpass_(FWHM)_ASDHR_High-Resolution.gif
o-Terphenyl SA-T2800         NIC4aa RREF,D:\usgs_splib07\../HTMLmetadata/o-Terphenyl_SA-T2800_NIC4aa_RREF.html,D:\usgs_splib07\../ASCIIdata/ASCIIdata_splib07a/ChapterO_OrganicCompounds/splib07a_o-Terphenyl_SA-T2800_NIC4aa_RREF.txt,,D:\usgs_splib07\../ASCIIdata/ASCIIdata_splib07a/splib07a_Wavelengths_NIC4_Nicolet_1.12-216microns.txt,D:\usgs_splib07\../ASCIIdata/ASCIIdata_splib07a/splib07a_Bandpass_(FWHM)_NIC4_Nicolet_in_microns.txt,D:\usgs_splib07\../GIFplots/GIFplots_splib07a/ChapterO_OrganicCompounds/splib07a_o-Terphenyl_SA-T2800_NIC4aa_RREF.gif,,D:\usgs_splib07\../GIFplots/GIFplots_splib07a/plots_by_wavelength_region/range2_visible_to_swir/splib07a_o-Terphenyl_SA-T2800_NIC4aa_RREF_range2_vis_to_swir.gif,D:\usgs_splib07\../GIFplots/GIFplots_splib07a/plots_by_wavelength_region/range3_swir/splib07a_o-Terphenyl_SA-T2800_NIC4aa_RREF_range3_swir.gif,D:\usgs_splib07\../GIFplots/GIFplots_splib07a/plots_by_wavelength_region/range4_swir_to_mir/splib07a_o-Terphenyl_SA-T2800_NIC4aa_RREF_range4_swir_to_mir.gif,D:\usgs_splib07\../GIFplots/GIFplots_splib07a/plots_by_wavelength_region/range5_swir_to_fir_wavenumber/splib07a_o-Terphenyl_SA-T2800_NIC4aa_RREF_range5_swir_to_fir_wavenumber.gif,D:\usgs_splib07\../GIFplots/GIFplots_splib07a/splib07a_Wavelengths_NIC4_Nicolet_1.12-216microns.gif,D:\usgs_splib07\../GIFplots/GIFplots_splib07a/splib07a_Bandpass_(FWHM)_NIC4_Nicolet_in_microns.gif
o-Terphenyl SA-T2800 75K     ASDHRa AREF,D:\usgs_splib07\../HTMLmetadata/o-Terphenyl_SA-T2800_75K_ASDHRa_AREF.html,D:\usgs_splib07\../ASCIIdata/ASCIIdata_splib07a/ChapterO_OrganicCompounds/splib07a_o-Terphenyl_SA-T2800_75K_ASDHRa_AREF.txt,,D:\usgs_splib07\../ASCIIdata/ASCIIdata_splib07a/splib07a_Wavelengths_ASD_0.35-2.5_microns_2151_ch.txt,D:\usgs_splib07\../ASCIIdata/ASCIIdata_splib07a/splib07a_Bandpass_(FWHM)_ASDHR_High-Resolution.txt,D:\usgs_splib07\../GIFplots/GIFplots_splib07a/ChapterO_OrganicCompounds/splib07a_o-Terphenyl_SA-T2800_75K_ASDHRa_AREF.gif,D:\usgs_splib07\../GIFplots/GIFplots_splib07a/plots_by_wavelength_region/range1_uv_to_visible/splib07a_o-Terphenyl_SA-T2800_75K_ASDHRa_AREF_range1_uv_to_vis.gif,D:\usgs_splib07\../GIFplots/GIFplots_splib07a/plots_by_wavelength_region/range2_visible_to_swir/splib07a_o-Terphenyl_SA-T2800_75K_ASDHRa_AREF_range2_vis_to_swir.gif,D:\usgs_splib07\../GIFplots/GIFplots_splib07a/plots_by_wavelength_region/range3_swir/splib07a_o-Terphenyl_SA-T2800_75K_ASDHRa_AREF_range3_swir.gif,,,D:\usgs_splib07\../GIFplots/GIFplots_splib07a/splib07a_Wavelengths_ASD_0.35-2.5_microns_2151_ch.gif,D:\usgs_splib07\../GIFplots/GIFplots_splib07a/splib07a_Bandpass_(FWHM)_ASDHR_High-Resolution.gif
o-Terphenyl SA-T2800 85K     NIC4aa RREF,D:\usgs_splib07\../HTMLmetadata/o-Terphenyl_SA-T2800_85K_NIC4aa_RREF.html,D:\usgs_splib07\../ASCIIdata/ASCIIdata_splib07a/ChapterO_OrganicCompounds/splib07a_o-Terphenyl_SA-T2800_85K_NIC4aa_RREF.txt,,D:\usgs_splib07\../ASCIIdata/ASCIIdata_splib07a/splib07a_Wavelengths_NIC4_Nicolet_1.12-216microns.txt,D:\usgs_splib07\../ASCIIdata/ASCIIdata_splib07a/splib07a_Bandpass_(FWHM)_NIC4_Nicolet_in_microns.txt,D:\usgs_splib07\../GIFplots/GIFplots_splib07a/ChapterO_OrganicCompounds/splib07a_o-Terphenyl_SA-T2800_85K_NIC4aa_RREF.gif,,D:\usgs_splib07\../GIFplots/GIFplots_splib07a/plots_by_wavelength_region/range2_visible_to_swir/splib07a_o-Terphenyl_SA-T2800_85K_NIC4aa_RREF_range2_vis_to_swir.gif,D:\usgs_splib07\../GIFplots/GIFplots_splib07a/plots_by_wavelength_region/range3_swir/splib07a_o-Terphenyl_SA-T2800_85K_NIC4aa_RREF_range3_swir.gif,D:\usgs_splib07\../GIFplots/GIFplots_splib07a/plots_by_wavelength_region/range4_swir_to_mir/splib07a_o-Terphenyl_SA-T2800_85K_NIC4aa_RREF_range4_swir_to_mir.gif,D:\usgs_splib07\../GIFplots/GIFplots_splib07a/plots_by_wavelength_region/range5_swir_to_fir_wavenumber/splib07a_o-Terphenyl_SA-T2800_85K_NIC4aa_RREF_range5_swir_to_fir_wavenumber.gif,D:\usgs_splib07\../GIFplots/GIFplots_splib07a/splib07a_Wavelengths_NIC4_Nicolet_1.12-216microns.gif,D:\usgs_splib07\../GIFplots/GIFplots_splib07a/splib07a_Bandpass_(FWHM)_NIC4_Nicolet_in_microns.gif
Tetracene SA-B2403           ASDHRa AREF,D:\usgs_splib07\../HTMLmetadata/Tetracene_SA-B2403_ASDHRa_AREF.html,D:\usgs_splib07\../ASCIIdata/ASCIIdata_splib07a/ChapterO_OrganicCompounds/splib07a_Tetracene_SA-B2403_ASDHRa_AREF.txt,,D:\usgs_splib07\../ASCIIdata/ASCIIdata_splib07a/splib07a_Wavelengths_ASD_0.35-2.5_microns_2151_ch.txt,D:\usgs_splib07\../ASCIIdata/ASCIIdata_splib07a/splib07a_Bandpass_(FWHM)_ASDHR_High-Resolution.txt,D:\usgs_splib07\../GIFplots/GIFplots_splib07a/ChapterO_OrganicCompounds/splib07a_Tetracene_SA-B2403_ASDHRa_AREF.gif,D:\usgs_splib07\../GIFplots/GIFplots_splib07a/plots_by_wavelength_region/range1_uv_to_visible/splib07a_Tetracene_SA-B2403_ASDHRa_AREF_range1_uv_to_vis.gif,D:\usgs_splib07\../GIFplots/GIFplots_splib07a/plots_by_wavelength_region/range2_visible_to_swir/splib07a_Tetracene_SA-B2403_ASDHRa_AREF_range2_vis_to_swir.gif,D:\usgs_splib07\../GIFplots/GIFplots_splib07a/plots_by_wavelength_region/range3_swir/splib07a_Tetracene_SA-B2403_ASDHRa_AREF_range3_swir.gif,,,D:\usgs_splib07\../GIFplots/GIFplots_splib07a/splib07a_Wavelengths_ASD_0.35-2.5_microns_2151_ch.gif,D:\usgs_splib07\../GIFplots/GIFplots_splib07a/splib07a_Bandpass_(FWHM)_ASDHR_High-Resolution.gif
Tetracene SA-B2403           NIC4aa RREF,D:\usgs_splib07\../HTMLmetadata/Tetracene_SA-B2403_NIC4aa_RREF.html,D:\usgs_splib07\../ASCIIdata/ASCIIdata_splib07a/ChapterO_OrganicCompounds/splib07a_Tetracene_SA-B2403_NIC4aa_RREF.txt,,D:\usgs_splib07\../ASCIIdata/ASCIIdata_splib07a/splib07a_Wavelengths_NIC4_Nicolet_1.12-216microns.txt,D:\usgs_splib07\../ASCIIdata/ASCIIdata_splib07a/splib07a_Bandpass_(FWHM)_NIC4_Nicolet_in_microns.txt,D:\usgs_splib07\../GIFplots/GIFplots_splib07a/ChapterO_OrganicCompounds/splib07a_Tetracene_SA-B2403_NIC4aa_RREF.gif,,D:\usgs_splib07\../GIFplots/GIFplots_splib07a/plots_by_wavelength_region/range2_visible_to_swir/splib07a_Tetracene_SA-B2403_NIC4aa_RREF_range2_vis_to_swir.gif,D:\usgs_splib07\../GIFplots/GIFplots_splib07a/plots_by_wavelength_region/range3_swir/splib07a_Tetracene_SA-B2403_NIC4aa_RREF_range3_swir.gif,D:\usgs_splib07\../GIFplots/GIFplots_splib07a/plots_by_wavelength_region/range4_swir_to_mir/splib07a_Tetracene_SA-B2403_NIC4aa_RREF_range4_swir_to_mir.gif,D:\usgs_splib07\../GIFplots/GIFplots_splib07a/plots_by_wavelength_region/range5_swir_to_fir_wavenumber/splib07a_Tetracene_SA-B2403_NIC4aa_RREF_range5_swir_to_fir_wavenumber.gif,D:\usgs_splib07\../GIFplots/GIFplots_splib07a/splib07a_Wavelengths_NIC4_Nicolet_1.12-216microns.gif,D:\usgs_splib07\../GIFplots/GIFplots_splib07a/splib07a_Bandpass_(FWHM)_NIC4_Nicolet_in_microns.gif
Tetracene SA-B2403 75K       ASDHRa AREF,D:\usgs_splib07\../HTMLmetadata/Tetracene_SA-B2403_75K_ASDHRa_AREF.html,D:\usgs_splib07\../ASCIIdata/ASCIIdata_splib07a/ChapterO_OrganicCompounds/splib07a_Tetracene_SA-B2403_75K_ASDHRa_AREF.txt,,D:\usgs_splib07\../ASCIIdata/ASCIIdata_splib07a/splib07a_Wavelengths_ASD_0.35-2.5_microns_2151_ch.txt,D:\usgs_splib07\../ASCIIdata/ASCIIdata_splib07a/splib07a_Bandpass_(FWHM)_ASDHR_High-Resolution.txt,D:\usgs_splib07\../GIFplots/GIFplots_splib07a/ChapterO_OrganicCompounds/splib07a_Tetracene_SA-B2403_75K_ASDHRa_AREF.gif,D:\usgs_splib07\../GIFplots/GIFplots_splib07a/plots_by_wavelength_region/range1_uv_to_visible/splib07a_Tetracene_SA-B2403_75K_ASDHRa_AREF_range1_uv_to_vis.gif,D:\usgs_splib07\../GIFplots/GIFplots_splib07a/plots_by_wavelength_region/range2_visible_to_swir/splib07a_Tetracene_SA-B2403_75K_ASDHRa_AREF_range2_vis_to_swir.gif,D:\usgs_splib07\../GIFplots/GIFplots_splib07a/plots_by_wavelength_region/range3_swir/splib07a_Tetracene_SA-B2403_75K_ASDHRa_AREF_range3_swir.gif,,,D:\usgs_splib07\../GIFplots/GIFplots_splib07a/splib07a_Wavelengths_ASD_0.35-2.5_microns_2151_ch.gif,D:\usgs_splib07\../GIFplots/GIFplots_splib07a/splib07a_Bandpass_(FWHM)_ASDHR_High-Resolution.gif
Tetracene SA-B2403 85K       NIC4aa RREF,D:\usgs_splib07\../HTMLmetadata/Tetracene_SA-B2403_85K_NIC4aa_RREF.html,D:\usgs_splib07\../ASCIIdata/ASCIIdata_splib07a/ChapterO_OrganicCompounds/splib07a_Tetracene_SA-B2403_85K_NIC4aa_RREF.txt,,D:\usgs_splib07\../ASCIIdata/ASCIIdata_splib07a/splib07a_Wavelengths_NIC4_Nicolet_1.12-216microns.txt,D:\usgs_splib07\../ASCIIdata/ASCIIdata_splib07a/splib07a_Bandpass_(FWHM)_NIC4_Nicolet_in_microns.txt,D:\usgs_splib07\../GIFplots/GIFplots_splib07a/ChapterO_OrganicCompounds/splib07a_Tetracene_SA-B2403_85K_NIC4aa_RREF.gif,,D:\usgs_splib07\../GIFplots/GIFplots_splib07a/plots_by_wavelength_region/range2_visible_to_swir/splib07a_Tetracene_SA-B2403_85K_NIC4aa_RREF_range2_vis_to_swir.gif,D:\usgs_splib07\../GIFplots/GIFplots_splib07a/plots_by_wavelength_region/range3_swir/splib07a_Tetracene_SA-B2403_85K_NIC4aa_RREF_range3_swir.gif,D:\usgs_splib07\../GIFplots/GIFplots_splib07a/plots_by_wavelength_region/range4_swir_to_mir/splib07a_Tetracene_SA-B2403_85K_NIC4aa_RREF_range4_swir_to_mir.gif,D:\usgs_splib07\../GIFplots/GIFplots_splib07a/plots_by_wavelength_region/range5_swir_to_fir_wavenumber/splib07a_Tetracene_SA-B2403_85K_NIC4aa_RREF_range5_swir_to_fir_wavenumber.gif,D:\usgs_splib07\../GIFplots/GIFplots_splib07a/splib07a_Wavelengths_NIC4_Nicolet_1.12-216microns.gif,D:\usgs_splib07\../GIFplots/GIFplots_splib07a/splib07a_Bandpass_(FWHM)_NIC4_Nicolet_in_microns.gif
Tetracosane SA-T8752         NIC4aa RREF,D:\usgs_splib07\../HTMLmetadata/Tetracosane_SA-T8752_NIC4aa_RREF.html,D:\usgs_splib07\../ASCIIdata/ASCIIdata_splib07a/ChapterO_OrganicCompounds/splib07a_Tetracosane_SA-T8752_NIC4aa_RREF.txt,,D:\usgs_splib07\../ASCIIdata/ASCIIdata_splib07a/splib07a_Wavelengths_NIC4_Nicolet_1.12-216microns.txt,D:\usgs_splib07\../ASCIIdata/ASCIIdata_splib07a/splib07a_Bandpass_(FWHM)_NIC4_Nicolet_in_microns.txt,D:\usgs_splib07\../GIFplots/GIFplots_splib07a/ChapterO_OrganicCompounds/splib07a_Tetracosane_SA-T8752_NIC4aa_RREF.gif,,D:\usgs_splib07\../GIFplots/GIFplots_splib07a/plots_by_wavelength_region/range2_visible_to_swir/splib07a_Tetracosane_SA-T8752_NIC4aa_RREF_range2_vis_to_swir.gif,D:\usgs_splib07\../GIFplots/GIFplots_splib07a/plots_by_wavelength_region/range3_swir/splib07a_Tetracosane_SA-T8752_NIC4aa_RREF_range3_swir.gif,D:\usgs_splib07\../GIFplots/GIFplots_splib07a/plots_by_wavelength_region/range4_swir_to_mir/splib07a_Tetracosane_SA-T8752_NIC4aa_RREF_range4_swir_to_mir.gif,D:\usgs_splib07\../GIFplots/GIFplots_splib07a/plots_by_wavelength_region/range5_swir_to_fir_wavenumber/splib07a_Tetracosane_SA-T8752_NIC4aa_RREF_range5_swir_to_fir_wavenumber.gif,D:\usgs_splib07\../GIFplots/GIFplots_splib07a/splib07a_Wavelengths_NIC4_Nicolet_1.12-216microns.gif,D:\usgs_splib07\../GIFplots/GIFplots_splib07a/splib07a_Bandpass_(FWHM)_NIC4_Nicolet_in_microns.gif
Theobromine SA-T4500         ASDHRa AREF,D:\usgs_splib07\../HTMLmetadata/Theobromine_SA-T4500_ASDHRa_AREF.html,D:\usgs_splib07\../ASCIIdata/ASCIIdata_splib07a/ChapterO_OrganicCompounds/splib07a_Theobromine_SA-T4500_ASDHRa_AREF.txt,,D:\usgs_splib07\../ASCIIdata/ASCIIdata_splib07a/splib07a_Wavelengths_ASD_0.35-2.5_microns_2151_ch.txt,D:\usgs_splib07\../ASCIIdata/ASCIIdata_splib07a/splib07a_Bandpass_(FWHM)_ASDHR_High-Resolution.txt,D:\usgs_splib07\../GIFplots/GIFplots_splib07a/ChapterO_OrganicCompounds/splib07a_Theobromine_SA-T4500_ASDHRa_AREF.gif,D:\usgs_splib07\../GIFplots/GIFplots_splib07a/plots_by_wavelength_region/range1_uv_to_visible/splib07a_Theobromine_SA-T4500_ASDHRa_AREF_range1_uv_to_vis.gif,D:\usgs_splib07\../GIFplots/GIFplots_splib07a/plots_by_wavelength_region/range2_visible_to_swir/splib07a_Theobromine_SA-T4500_ASDHRa_AREF_range2_vis_to_swir.gif,D:\usgs_splib07\../GIFplots/GIFplots_splib07a/plots_by_wavelength_region/range3_swir/splib07a_Theobromine_SA-T4500_ASDHRa_AREF_range3_swir.gif,,,D:\usgs_splib07\../GIFplots/GIFplots_splib07a/splib07a_Wavelengths_ASD_0.35-2.5_microns_2151_ch.gif,D:\usgs_splib07\../GIFplots/GIFplots_splib07a/splib07a_Bandpass_(FWHM)_ASDHR_High-Resolution.gif
Theobromine SA-T4500         NIC4aa RREF,D:\usgs_splib07\../HTMLmetadata/Theobromine_SA-T4500_NIC4aa_RREF.html,D:\usgs_splib07\../ASCIIdata/ASCIIdata_splib07a/ChapterO_OrganicCompounds/splib07a_Theobromine_SA-T4500_NIC4aa_RREF.txt,,D:\usgs_splib07\../ASCIIdata/ASCIIdata_splib07a/splib07a_Wavelengths_NIC4_Nicolet_1.12-216microns.txt,D:\usgs_splib07\../ASCIIdata/ASCIIdata_splib07a/splib07a_Bandpass_(FWHM)_NIC4_Nicolet_in_microns.txt,D:\usgs_splib07\../GIFplots/GIFplots_splib07a/ChapterO_OrganicCompounds/splib07a_Theobromine_SA-T4500_NIC4aa_RREF.gif,,D:\usgs_splib07\../GIFplots/GIFplots_splib07a/plots_by_wavelength_region/range2_visible_to_swir/splib07a_Theobromine_SA-T4500_NIC4aa_RREF_range2_vis_to_swir.gif,D:\usgs_splib07\../GIFplots/GIFplots_splib07a/plots_by_wavelength_region/range3_swir/splib07a_Theobromine_SA-T4500_NIC4aa_RREF_range3_swir.gif,D:\usgs_splib07\../GIFplots/GIFplots_splib07a/plots_by_wavelength_region/range4_swir_to_mir/splib07a_Theobromine_SA-T4500_NIC4aa_RREF_range4_swir_to_mir.gif,D:\usgs_splib07\../GIFplots/GIFplots_splib07a/plots_by_wavelength_region/range5_swir_to_fir_wavenumber/splib07a_Theobromine_SA-T4500_NIC4aa_RREF_range5_swir_to_fir_wavenumber.gif,D:\usgs_splib07\../GIFplots/GIFplots_splib07a/splib07a_Wavelengths_NIC4_Nicolet_1.12-216microns.gif,D:\usgs_splib07\../GIFplots/GIFplots_splib07a/splib07a_Bandpass_(FWHM)_NIC4_Nicolet_in_microns.gif
Theobromine SA-T4500 85K     ASDHRa AREF,D:\usgs_splib07\../HTMLmetadata/Theobromine_SA-T4500_85K_ASDHRa_AREF.html,D:\usgs_splib07\../ASCIIdata/ASCIIdata_splib07a/ChapterO_OrganicCompounds/splib07a_Theobromine_SA-T4500_85K_ASDHRa_AREF.txt,,D:\usgs_splib07\../ASCIIdata/ASCIIdata_splib07a/splib07a_Wavelengths_ASD_0.35-2.5_microns_2151_ch.txt,D:\usgs_splib07\../ASCIIdata/ASCIIdata_splib07a/splib07a_Bandpass_(FWHM)_ASDHR_High-Resolution.txt,D:\usgs_splib07\../GIFplots/GIFplots_splib07a/ChapterO_OrganicCompounds/splib07a_Theobromine_SA-T4500_85K_ASDHRa_AREF.gif,D:\usgs_splib07\../GIFplots/GIFplots_splib07a/plots_by_wavelength_region/range1_uv_to_visible/splib07a_Theobromine_SA-T4500_85K_ASDHRa_AREF_range1_uv_to_vis.gif,D:\usgs_splib07\../GIFplots/GIFplots_splib07a/plots_by_wavelength_region/range2_visible_to_swir/splib07a_Theobromine_SA-T4500_85K_ASDHRa_AREF_range2_vis_to_swir.gif,D:\usgs_splib07\../GIFplots/GIFplots_splib07a/plots_by_wavelength_region/range3_swir/splib07a_Theobromine_SA-T4500_85K_ASDHRa_AREF_range3_swir.gif,,,D:\usgs_splib07\../GIFplots/GIFplots_splib07a/splib07a_Wavelengths_ASD_0.35-2.5_microns_2151_ch.gif,D:\usgs_splib07\../GIFplots/GIFplots_splib07a/splib07a_Bandpass_(FWHM)_ASDHR_High-Resolution.gif
Theobromine SA-T4500 85K     NIC4aa RREF,D:\usgs_splib07\../HTMLmetadata/Theobromine_SA-T4500_85K_NIC4aa_RREF.html,D:\usgs_splib07\../ASCIIdata/ASCIIdata_splib07a/ChapterO_OrganicCompounds/splib07a_Theobromine_SA-T4500_85K_NIC4aa_RREF.txt,,D:\usgs_splib07\../ASCIIdata/ASCIIdata_splib07a/splib07a_Wavelengths_NIC4_Nicolet_1.12-216microns.txt,D:\usgs_splib07\../ASCIIdata/ASCIIdata_splib07a/splib07a_Bandpass_(FWHM)_NIC4_Nicolet_in_microns.txt,D:\usgs_splib07\../GIFplots/GIFplots_splib07a/ChapterO_OrganicCompounds/splib07a_Theobromine_SA-T4500_85K_NIC4aa_RREF.gif,,D:\usgs_splib07\../GIFplots/GIFplots_splib07a/plots_by_wavelength_region/range2_visible_to_swir/splib07a_Theobromine_SA-T4500_85K_NIC4aa_RREF_range2_vis_to_swir.gif,D:\usgs_splib07\../GIFplots/GIFplots_splib07a/plots_by_wavelength_region/range3_swir/splib07a_Theobromine_SA-T4500_85K_NIC4aa_RREF_range3_swir.gif,D:\usgs_splib07\../GIFplots/GIFplots_splib07a/plots_by_wavelength_region/range4_swir_to_mir/splib07a_Theobromine_SA-T4500_85K_NIC4aa_RREF_range4_swir_to_mir.gif,D:\usgs_splib07\../GIFplots/GIFplots_splib07a/plots_by_wavelength_region/range5_swir_to_fir_wavenumber/splib07a_Theobromine_SA-T4500_85K_NIC4aa_RREF_range5_swir_to_fir_wavenumber.gif,D:\usgs_splib07\../GIFplots/GIFplots_splib07a/splib07a_Wavelengths_NIC4_Nicolet_1.12-216microns.gif,D:\usgs_splib07\../GIFplots/GIFplots_splib07a/splib07a_Bandpass_(FWHM)_NIC4_Nicolet_in_microns.gif
Thymine SA-T0376             ASDHRa AREF,D:\usgs_splib07\../HTMLmetadata/Thymine_SA-T0376_ASDHRa_AREF.html,D:\usgs_splib07\../ASCIIdata/ASCIIdata_splib07a/ChapterO_OrganicCompounds/splib07a_Thymine_SA-T0376_ASDHRa_AREF.txt,,D:\usgs_splib07\../ASCIIdata/ASCIIdata_splib07a/splib07a_Wavelengths_ASD_0.35-2.5_microns_2151_ch.txt,D:\usgs_splib07\../ASCIIdata/ASCIIdata_splib07a/splib07a_Bandpass_(FWHM)_ASDHR_High-Resolution.txt,D:\usgs_splib07\../GIFplots/GIFplots_splib07a/ChapterO_OrganicCompounds/splib07a_Thymine_SA-T0376_ASDHRa_AREF.gif,D:\usgs_splib07\../GIFplots/GIFplots_splib07a/plots_by_wavelength_region/range1_uv_to_visible/splib07a_Thymine_SA-T0376_ASDHRa_AREF_range1_uv_to_vis.gif,D:\usgs_splib07\../GIFplots/GIFplots_splib07a/plots_by_wavelength_region/range2_visible_to_swir/splib07a_Thymine_SA-T0376_ASDHRa_AREF_range2_vis_to_swir.gif,D:\usgs_splib07\../GIFplots/GIFplots_splib07a/plots_by_wavelength_region/range3_swir/splib07a_Thymine_SA-T0376_ASDHRa_AREF_range3_swir.gif,,,D:\usgs_splib07\../GIFplots/GIFplots_splib07a/splib07a_Wavelengths_ASD_0.35-2.5_microns_2151_ch.gif,D:\usgs_splib07\../GIFplots/GIFplots_splib07a/splib07a_Bandpass_(FWHM)_ASDHR_High-Resolution.gif
Thymine SA-T0376             NIC4aa RREF,D:\usgs_splib07\../HTMLmetadata/Thymine_SA-T0376_NIC4aa_RREF.html,D:\usgs_splib07\../ASCIIdata/ASCIIdata_splib07a/ChapterO_OrganicCompounds/splib07a_Thymine_SA-T0376_NIC4aa_RREF.txt,,D:\usgs_splib07\../ASCIIdata/ASCIIdata_splib07a/splib07a_Wavelengths_NIC4_Nicolet_1.12-216microns.txt,D:\usgs_splib07\../ASCIIdata/ASCIIdata_splib07a/splib07a_Bandpass_(FWHM)_NIC4_Nicolet_in_microns.txt,D:\usgs_splib07\../GIFplots/GIFplots_splib07a/ChapterO_OrganicCompounds/splib07a_Thymine_SA-T0376_NIC4aa_RREF.gif,,D:\usgs_splib07\../GIFplots/GIFplots_splib07a/plots_by_wavelength_region/range2_visible_to_swir/splib07a_Thymine_SA-T0376_NIC4aa_RREF_range2_vis_to_swir.gif,D:\usgs_splib07\../GIFplots/GIFplots_splib07a/plots_by_wavelength_region/range3_swir/splib07a_Thymine_SA-T0376_NIC4aa_RREF_range3_swir.gif,D:\usgs_splib07\../GIFplots/GIFplots_splib07a/plots_by_wavelength_region/range4_swir_to_mir/splib07a_Thymine_SA-T0376_NIC4aa_RREF_range4_swir_to_mir.gif,D:\usgs_splib07\../GIFplots/GIFplots_splib07a/plots_by_wavelength_region/range5_swir_to_fir_wavenumber/splib07a_Thymine_SA-T0376_NIC4aa_RREF_range5_swir_to_fir_wavenumber.gif,D:\usgs_splib07\../GIFplots/GIFplots_splib07a/splib07a_Wavelengths_NIC4_Nicolet_1.12-216microns.gif,D:\usgs_splib07\../GIFplots/GIFplots_splib07a/splib07a_Bandpass_(FWHM)_NIC4_Nicolet_in_microns.gif
Thymine SA-T0376 85K         NIC4aa RREF,D:\usgs_splib07\../HTMLmetadata/Thymine_SA-T0376_85K_NIC4aa_RREF.html,D:\usgs_splib07\../ASCIIdata/ASCIIdata_splib07a/ChapterO_OrganicCompounds/splib07a_Thymine_SA-T0376_85K_NIC4aa_RREF.txt,,D:\usgs_splib07\../ASCIIdata/ASCIIdata_splib07a/splib07a_Wavelengths_NIC4_Nicolet_1.12-216microns.txt,D:\usgs_splib07\../ASCIIdata/ASCIIdata_splib07a/splib07a_Bandpass_(FWHM)_NIC4_Nicolet_in_microns.txt,D:\usgs_splib07\../GIFplots/GIFplots_splib07a/ChapterO_OrganicCompounds/splib07a_Thymine_SA-T0376_85K_NIC4aa_RREF.gif,,D:\usgs_splib07\../GIFplots/GIFplots_splib07a/plots_by_wavelength_region/range2_visible_to_swir/splib07a_Thymine_SA-T0376_85K_NIC4aa_RREF_range2_vis_to_swir.gif,D:\usgs_splib07\../GIFplots/GIFplots_splib07a/plots_by_wavelength_region/range3_swir/splib07a_Thymine_SA-T0376_85K_NIC4aa_RREF_range3_swir.gif,D:\usgs_splib07\../GIFplots/GIFplots_splib07a/plots_by_wavelength_region/range4_swir_to_mir/splib07a_Thymine_SA-T0376_85K_NIC4aa_RREF_range4_swir_to_mir.gif,D:\usgs_splib07\../GIFplots/GIFplots_splib07a/plots_by_wavelength_region/range5_swir_to_fir_wavenumber/splib07a_Thymine_SA-T0376_85K_NIC4aa_RREF_range5_swir_to_fir_wavenumber.gif,D:\usgs_splib07\../GIFplots/GIFplots_splib07a/splib07a_Wavelengths_NIC4_Nicolet_1.12-216microns.gif,D:\usgs_splib07\../GIFplots/GIFplots_splib07a/splib07a_Bandpass_(FWHM)_NIC4_Nicolet_in_microns.gif
Toluene SA-244511 frost 84K  ASDFRa AREF,D:\usgs_splib07\../HTMLmetadata/Toluene_SA-244511_frost_84K_ASDFRa_AREF.html,D:\usgs_splib07\../ASCIIdata/ASCIIdata_splib07a/ChapterO_OrganicCompounds/splib07a_Toluene_SA-244511_frost_84K_ASDFRa_AREF.txt,D:\usgs_splib07\../ASCIIdata/ASCIIdata_splib07a/errorbars/errorbars_for_splib07a_Toluene_SA-244511_frost_84K_ASDFRa_AREF.txt,D:\usgs_splib07\../ASCIIdata/ASCIIdata_splib07a/splib07a_Wavelengths_ASD_0.35-2.5_microns_2151_ch.txt,D:\usgs_splib07\../ASCIIdata/ASCIIdata_splib07a/splib07a_Bandpass_(FWHM)_ASDFR_StandardResolution.txt,D:\usgs_splib07\../GIFplots/GIFplots_splib07a/ChapterO_OrganicCompounds/splib07a_Toluene_SA-244511_frost_84K_ASDFRa_AREF.gif,D:\usgs_splib07\../GIFplots/GIFplots_splib07a/plots_by_wavelength_region/range1_uv_to_visible/splib07a_Toluene_SA-244511_frost_84K_ASDFRa_AREF_range1_uv_to_vis.gif,D:\usgs_splib07\../GIFplots/GIFplots_splib07a/plots_by_wavelength_region/range2_visible_to_swir/splib07a_Toluene_SA-244511_frost_84K_ASDFRa_AREF_range2_vis_to_swir.gif,D:\usgs_splib07\../GIFplots/GIFplots_splib07a/plots_by_wavelength_region/range3_swir/splib07a_Toluene_SA-244511_frost_84K_ASDFRa_AREF_range3_swir.gif,,,D:\usgs_splib07\../GIFplots/GIFplots_splib07a/splib07a_Wavelengths_ASD_0.35-2.5_microns_2151_ch.gif,D:\usgs_splib07\../GIFplots/GIFplots_splib07a/splib07a_Bandpass_(FWHM)_ASDFR_StandardResolution.gif
1-2-3-Trimethylbenzene 85K   ASDHRb AREF,D:\usgs_splib07\../HTMLmetadata/1-2-3-Trimethylbenzene_85K_ASDHRb_AREF.html,D:\usgs_splib07\../ASCIIdata/ASCIIdata_splib07a/ChapterO_OrganicCompounds/splib07a_1-2-3-Trimethylbenzene_85K_ASDHRb_AREF.txt,,D:\usgs_splib07\../ASCIIdata/ASCIIdata_splib07a/splib07a_Wavelengths_ASD_0.35-2.5_microns_2151_ch.txt,D:\usgs_splib07\../ASCIIdata/ASCIIdata_splib07a/splib07a_Bandpass_(FWHM)_ASDHR_High-Resolution.txt,D:\usgs_splib07\../GIFplots/GIFplots_splib07a/ChapterO_OrganicCompounds/splib07a_1-2-3-Trimethylbenzene_85K_ASDHRb_AREF.gif,D:\usgs_splib07\../GIFplots/GIFplots_splib07a/plots_by_wavelength_region/range1_uv_to_visible/splib07a_1-2-3-Trimethylbenzene_85K_ASDHRb_AREF_range1_uv_to_vis.gif,D:\usgs_splib07\../GIFplots/GIFplots_splib07a/plots_by_wavelength_region/range2_visible_to_swir/splib07a_1-2-3-Trimethylbenzene_85K_ASDHRb_AREF_range2_vis_to_swir.gif,D:\usgs_splib07\../GIFplots/GIFplots_splib07a/plots_by_wavelength_region/range3_swir/splib07a_1-2-3-Trimethylbenzene_85K_ASDHRb_AREF_range3_swir.gif,,,D:\usgs_splib07\../GIFplots/GIFplots_splib07a/splib07a_Wavelengths_ASD_0.35-2.5_microns_2151_ch.gif,D:\usgs_splib07\../GIFplots/GIFplots_splib07a/splib07a_Bandpass_(FWHM)_ASDHR_High-Resolution.gif
1-2-3-Trimethylbenzene 85K   NIC4bb RREF,D:\usgs_splib07\../HTMLmetadata/1-2-3-Trimethylbenzene_85K_NIC4bb_RREF.html,D:\usgs_splib07\../ASCIIdata/ASCIIdata_splib07a/ChapterO_OrganicCompounds/splib07a_1-2-3-Trimethylbenzene_85K_NIC4bb_RREF.txt,,D:\usgs_splib07\../ASCIIdata/ASCIIdata_splib07a/splib07a_Wavelengths_NIC4_Nicolet_1.12-216microns.txt,D:\usgs_splib07\../ASCIIdata/ASCIIdata_splib07a/splib07a_Bandpass_(FWHM)_NIC4_Nicolet_in_microns.txt,D:\usgs_splib07\../GIFplots/GIFplots_splib07a/ChapterO_OrganicCompounds/splib07a_1-2-3-Trimethylbenzene_85K_NIC4bb_RREF.gif,,D:\usgs_splib07\../GIFplots/GIFplots_splib07a/plots_by_wavelength_region/range2_visible_to_swir/splib07a_1-2-3-Trimethylbenzene_85K_NIC4bb_RREF_range2_vis_to_swir.gif,D:\usgs_splib07\../GIFplots/GIFplots_splib07a/plots_by_wavelength_region/range3_swir/splib07a_1-2-3-Trimethylbenzene_85K_NIC4bb_RREF_range3_swir.gif,D:\usgs_splib07\../GIFplots/GIFplots_splib07a/plots_by_wavelength_region/range4_swir_to_mir/splib07a_1-2-3-Trimethylbenzene_85K_NIC4bb_RREF_range4_swir_to_mir.gif,D:\usgs_splib07\../GIFplots/GIFplots_splib07a/plots_by_wavelength_region/range5_swir_to_fir_wavenumber/splib07a_1-2-3-Trimethylbenzene_85K_NIC4bb_RREF_range5_swir_to_fir_wavenumber.gif,D:\usgs_splib07\../GIFplots/GIFplots_splib07a/splib07a_Wavelengths_NIC4_Nicolet_1.12-216microns.gif,D:\usgs_splib07\../GIFplots/GIFplots_splib07a/splib07a_Bandpass_(FWHM)_NIC4_Nicolet_in_microns.gif
Triphenylene SA-T82600       ASDHRa AREF,D:\usgs_splib07\../HTMLmetadata/Triphenylene_SA-T82600_ASDHRa_AREF.html,D:\usgs_splib07\../ASCIIdata/ASCIIdata_splib07a/ChapterO_OrganicCompounds/splib07a_Triphenylene_SA-T82600_ASDHRa_AREF.txt,,D:\usgs_splib07\../ASCIIdata/ASCIIdata_splib07a/splib07a_Wavelengths_ASD_0.35-2.5_microns_2151_ch.txt,D:\usgs_splib07\../ASCIIdata/ASCIIdata_splib07a/splib07a_Bandpass_(FWHM)_ASDHR_High-Resolution.txt,D:\usgs_splib07\../GIFplots/GIFplots_splib07a/ChapterO_OrganicCompounds/splib07a_Triphenylene_SA-T82600_ASDHRa_AREF.gif,D:\usgs_splib07\../GIFplots/GIFplots_splib07a/plots_by_wavelength_region/range1_uv_to_visible/splib07a_Triphenylene_SA-T82600_ASDHRa_AREF_range1_uv_to_vis.gif,D:\usgs_splib07\../GIFplots/GIFplots_splib07a/plots_by_wavelength_region/range2_visible_to_swir/splib07a_Triphenylene_SA-T82600_ASDHRa_AREF_range2_vis_to_swir.gif,D:\usgs_splib07\../GIFplots/GIFplots_splib07a/plots_by_wavelength_region/range3_swir/splib07a_Triphenylene_SA-T82600_ASDHRa_AREF_range3_swir.gif,,,D:\usgs_splib07\../GIFplots/GIFplots_splib07a/splib07a_Wavelengths_ASD_0.35-2.5_microns_2151_ch.gif,D:\usgs_splib07\../GIFplots/GIFplots_splib07a/splib07a_Bandpass_(FWHM)_ASDHR_High-Resolution.gif
Triphenylene SA-T82600       NIC4aa RREF,D:\usgs_splib07\../HTMLmetadata/Triphenylene_SA-T82600_NIC4aa_RREF.html,D:\usgs_splib07\../ASCIIdata/ASCIIdata_splib07a/ChapterO_OrganicCompounds/splib07a_Triphenylene_SA-T82600_NIC4aa_RREF.txt,,D:\usgs_splib07\../ASCIIdata/ASCIIdata_splib07a/splib07a_Wavelengths_NIC4_Nicolet_1.12-216microns.txt,D:\usgs_splib07\../ASCIIdata/ASCIIdata_splib07a/splib07a_Bandpass_(FWHM)_NIC4_Nicolet_in_microns.txt,D:\usgs_splib07\../GIFplots/GIFplots_splib07a/ChapterO_OrganicCompounds/splib07a_Triphenylene_SA-T82600_NIC4aa_RREF.gif,,D:\usgs_splib07\../GIFplots/GIFplots_splib07a/plots_by_wavelength_region/range2_visible_to_swir/splib07a_Triphenylene_SA-T82600_NIC4aa_RREF_range2_vis_to_swir.gif,D:\usgs_splib07\../GIFplots/GIFplots_splib07a/plots_by_wavelength_region/range3_swir/splib07a_Triphenylene_SA-T82600_NIC4aa_RREF_range3_swir.gif,D:\usgs_splib07\../GIFplots/GIFplots_splib07a/plots_by_wavelength_region/range4_swir_to_mir/splib07a_Triphenylene_SA-T82600_NIC4aa_RREF_range4_swir_to_mir.gif,D:\usgs_splib07\../GIFplots/GIFplots_splib07a/plots_by_wavelength_region/range5_swir_to_fir_wavenumber/splib07a_Triphenylene_SA-T82600_NIC4aa_RREF_range5_swir_to_fir_wavenumber.gif,D:\usgs_splib07\../GIFplots/GIFplots_splib07a/splib07a_Wavelengths_NIC4_Nicolet_1.12-216microns.gif,D:\usgs_splib07\../GIFplots/GIFplots_splib07a/splib07a_Bandpass_(FWHM)_NIC4_Nicolet_in_microns.gif
Triphenylene SA-T82600 85K   NIC4aa RREF,D:\usgs_splib07\../HTMLmetadata/Triphenylene_SA-T82600_85K_NIC4aa_RREF.html,D:\usgs_splib07\../ASCIIdata/ASCIIdata_splib07a/ChapterO_OrganicCompounds/splib07a_Triphenylene_SA-T82600_85K_NIC4aa_RREF.txt,,D:\usgs_splib07\../ASCIIdata/ASCIIdata_splib07a/splib07a_Wavelengths_NIC4_Nicolet_1.12-216microns.txt,D:\usgs_splib07\../ASCIIdata/ASCIIdata_splib07a/splib07a_Bandpass_(FWHM)_NIC4_Nicolet_in_microns.txt,D:\usgs_splib07\../GIFplots/GIFplots_splib07a/ChapterO_OrganicCompounds/splib07a_Triphenylene_SA-T82600_85K_NIC4aa_RREF.gif,,D:\usgs_splib07\../GIFplots/GIFplots_splib07a/plots_by_wavelength_region/range2_visible_to_swir/splib07a_Triphenylene_SA-T82600_85K_NIC4aa_RREF_range2_vis_to_swir.gif,D:\usgs_splib07\../GIFplots/GIFplots_splib07a/plots_by_wavelength_region/range3_swir/splib07a_Triphenylene_SA-T82600_85K_NIC4aa_RREF_range3_swir.gif,D:\usgs_splib07\../GIFplots/GIFplots_splib07a/plots_by_wavelength_region/range4_swir_to_mir/splib07a_Triphenylene_SA-T82600_85K_NIC4aa_RREF_range4_swir_to_mir.gif,D:\usgs_splib07\../GIFplots/GIFplots_splib07a/plots_by_wavelength_region/range5_swir_to_fir_wavenumber/splib07a_Triphenylene_SA-T82600_85K_NIC4aa_RREF_range5_swir_to_fir_wavenumber.gif,D:\usgs_splib07\../GIFplots/GIFplots_splib07a/splib07a_Wavelengths_NIC4_Nicolet_1.12-216microns.gif,D:\usgs_splib07\../GIFplots/GIFplots_splib07a/splib07a_Bandpass_(FWHM)_NIC4_Nicolet_in_microns.gif
L-Tyrosine NF                ASDHRb AREF,D:\usgs_splib07\../HTMLmetadata/L-Tyrosine_NF_ASDHRb_AREF.html,D:\usgs_splib07\../ASCIIdata/ASCIIdata_splib07a/ChapterO_OrganicCompounds/splib07a_L-Tyrosine_NF_ASDHRb_AREF.txt,,D:\usgs_splib07\../ASCIIdata/ASCIIdata_splib07a/splib07a_Wavelengths_ASD_0.35-2.5_microns_2151_ch.txt,D:\usgs_splib07\../ASCIIdata/ASCIIdata_splib07a/splib07a_Bandpass_(FWHM)_ASDHR_High-Resolution.txt,D:\usgs_splib07\../GIFplots/GIFplots_splib07a/ChapterO_OrganicCompounds/splib07a_L-Tyrosine_NF_ASDHRb_AREF.gif,D:\usgs_splib07\../GIFplots/GIFplots_splib07a/plots_by_wavelength_region/range1_uv_to_visible/splib07a_L-Tyrosine_NF_ASDHRb_AREF_range1_uv_to_vis.gif,D:\usgs_splib07\../GIFplots/GIFplots_splib07a/plots_by_wavelength_region/range2_visible_to_swir/splib07a_L-Tyrosine_NF_ASDHRb_AREF_range2_vis_to_swir.gif,D:\usgs_splib07\../GIFplots/GIFplots_splib07a/plots_by_wavelength_region/range3_swir/splib07a_L-Tyrosine_NF_ASDHRb_AREF_range3_swir.gif,,,D:\usgs_splib07\../GIFplots/GIFplots_splib07a/splib07a_Wavelengths_ASD_0.35-2.5_microns_2151_ch.gif,D:\usgs_splib07\../GIFplots/GIFplots_splib07a/splib07a_Bandpass_(FWHM)_ASDHR_High-Resolution.gif
L-Tyrosine NF                NIC4bb RREF,D:\usgs_splib07\../HTMLmetadata/L-Tyrosine_NF_NIC4bb_RREF.html,D:\usgs_splib07\../ASCIIdata/ASCIIdata_splib07a/ChapterO_OrganicCompounds/splib07a_L-Tyrosine_NF_NIC4bb_RREF.txt,,D:\usgs_splib07\../ASCIIdata/ASCIIdata_splib07a/splib07a_Wavelengths_NIC4_Nicolet_1.12-216microns.txt,D:\usgs_splib07\../ASCIIdata/ASCIIdata_splib07a/splib07a_Bandpass_(FWHM)_NIC4_Nicolet_in_microns.txt,D:\usgs_splib07\../GIFplots/GIFplots_splib07a/ChapterO_OrganicCompounds/splib07a_L-Tyrosine_NF_NIC4bb_RREF.gif,,D:\usgs_splib07\../GIFplots/GIFplots_splib07a/plots_by_wavelength_region/range2_visible_to_swir/splib07a_L-Tyrosine_NF_NIC4bb_RREF_range2_vis_to_swir.gif,D:\usgs_splib07\../GIFplots/GIFplots_splib07a/plots_by_wavelength_region/range3_swir/splib07a_L-Tyrosine_NF_NIC4bb_RREF_range3_swir.gif,D:\usgs_splib07\../GIFplots/GIFplots_splib07a/plots_by_wavelength_region/range4_swir_to_mir/splib07a_L-Tyrosine_NF_NIC4bb_RREF_range4_swir_to_mir.gif,D:\usgs_splib07\../GIFplots/GIFplots_splib07a/plots_by_wavelength_region/range5_swir_to_fir_wavenumber/splib07a_L-Tyrosine_NF_NIC4bb_RREF_range5_swir_to_fir_wavenumber.gif,D:\usgs_splib07\../GIFplots/GIFplots_splib07a/splib07a_Wavelengths_NIC4_Nicolet_1.12-216microns.gif,D:\usgs_splib07\../GIFplots/GIFplots_splib07a/splib07a_Bandpass_(FWHM)_NIC4_Nicolet_in_microns.gif
L-Tyrosine NF 85K            NIC4bb RREF,D:\usgs_splib07\../HTMLmetadata/L-Tyrosine_NF_85K_NIC4bb_RREF.html,D:\usgs_splib07\../ASCIIdata/ASCIIdata_splib07a/ChapterO_OrganicCompounds/splib07a_L-Tyrosine_NF_85K_NIC4bb_RREF.txt,,D:\usgs_splib07\../ASCIIdata/ASCIIdata_splib07a/splib07a_Wavelengths_NIC4_Nicolet_1.12-216microns.txt,D:\usgs_splib07\../ASCIIdata/ASCIIdata_splib07a/splib07a_Bandpass_(FWHM)_NIC4_Nicolet_in_microns.txt,D:\usgs_splib07\../GIFplots/GIFplots_splib07a/ChapterO_OrganicCompounds/splib07a_L-Tyrosine_NF_85K_NIC4bb_RREF.gif,,D:\usgs_splib07\../GIFplots/GIFplots_splib07a/plots_by_wavelength_region/range2_visible_to_swir/splib07a_L-Tyrosine_NF_85K_NIC4bb_RREF_range2_vis_to_swir.gif,D:\usgs_splib07\../GIFplots/GIFplots_splib07a/plots_by_wavelength_region/range3_swir/splib07a_L-Tyrosine_NF_85K_NIC4bb_RREF_range3_swir.gif,D:\usgs_splib07\../GIFplots/GIFplots_splib07a/plots_by_wavelength_region/range4_swir_to_mir/splib07a_L-Tyrosine_NF_85K_NIC4bb_RREF_range4_swir_to_mir.gif,D:\usgs_splib07\../GIFplots/GIFplots_splib07a/plots_by_wavelength_region/range5_swir_to_fir_wavenumber/splib07a_L-Tyrosine_NF_85K_NIC4bb_RREF_range5_swir_to_fir_wavenumber.gif,D:\usgs_splib07\../GIFplots/GIFplots_splib07a/splib07a_Wavelengths_NIC4_Nicolet_1.12-216microns.gif,D:\usgs_splib07\../GIFplots/GIFplots_splib07a/splib07a_Bandpass_(FWHM)_NIC4_Nicolet_in_microns.gif
Uracil SA-U0750              ASDHRa AREF,D:\usgs_splib07\../HTMLmetadata/Uracil_SA-U0750_ASDHRa_AREF.html,D:\usgs_splib07\../ASCIIdata/ASCIIdata_splib07a/ChapterO_OrganicCompounds/splib07a_Uracil_SA-U0750_ASDHRa_AREF.txt,,D:\usgs_splib07\../ASCIIdata/ASCIIdata_splib07a/splib07a_Wavelengths_ASD_0.35-2.5_microns_2151_ch.txt,D:\usgs_splib07\../ASCIIdata/ASCIIdata_splib07a/splib07a_Bandpass_(FWHM)_ASDHR_High-Resolution.txt,D:\usgs_splib07\../GIFplots/GIFplots_splib07a/ChapterO_OrganicCompounds/splib07a_Uracil_SA-U0750_ASDHRa_AREF.gif,D:\usgs_splib07\../GIFplots/GIFplots_splib07a/plots_by_wavelength_region/range1_uv_to_visible/splib07a_Uracil_SA-U0750_ASDHRa_AREF_range1_uv_to_vis.gif,D:\usgs_splib07\../GIFplots/GIFplots_splib07a/plots_by_wavelength_region/range2_visible_to_swir/splib07a_Uracil_SA-U0750_ASDHRa_AREF_range2_vis_to_swir.gif,D:\usgs_splib07\../GIFplots/GIFplots_splib07a/plots_by_wavelength_region/range3_swir/splib07a_Uracil_SA-U0750_ASDHRa_AREF_range3_swir.gif,,,D:\usgs_splib07\../GIFplots/GIFplots_splib07a/splib07a_Wavelengths_ASD_0.35-2.5_microns_2151_ch.gif,D:\usgs_splib07\../GIFplots/GIFplots_splib07a/splib07a_Bandpass_(FWHM)_ASDHR_High-Resolution.gif
Uracil SA-U0750              NIC4aa RREF,D:\usgs_splib07\../HTMLmetadata/Uracil_SA-U0750_NIC4aa_RREF.html,D:\usgs_splib07\../ASCIIdata/ASCIIdata_splib07a/ChapterO_OrganicCompounds/splib07a_Uracil_SA-U0750_NIC4aa_RREF.txt,,D:\usgs_splib07\../ASCIIdata/ASCIIdata_splib07a/splib07a_Wavelengths_NIC4_Nicolet_1.12-216microns.txt,D:\usgs_splib07\../ASCIIdata/ASCIIdata_splib07a/splib07a_Bandpass_(FWHM)_NIC4_Nicolet_in_microns.txt,D:\usgs_splib07\../GIFplots/GIFplots_splib07a/ChapterO_OrganicCompounds/splib07a_Uracil_SA-U0750_NIC4aa_RREF.gif,,D:\usgs_splib07\../GIFplots/GIFplots_splib07a/plots_by_wavelength_region/range2_visible_to_swir/splib07a_Uracil_SA-U0750_NIC4aa_RREF_range2_vis_to_swir.gif,D:\usgs_splib07\../GIFplots/GIFplots_splib07a/plots_by_wavelength_region/range3_swir/splib07a_Uracil_SA-U0750_NIC4aa_RREF_range3_swir.gif,D:\usgs_splib07\../GIFplots/GIFplots_splib07a/plots_by_wavelength_region/range4_swir_to_mir/splib07a_Uracil_SA-U0750_NIC4aa_RREF_range4_swir_to_mir.gif,D:\usgs_splib07\../GIFplots/GIFplots_splib07a/plots_by_wavelength_region/range5_swir_to_fir_wavenumber/splib07a_Uracil_SA-U0750_NIC4aa_RREF_range5_swir_to_fir_wavenumber.gif,D:\usgs_splib07\../GIFplots/GIFplots_splib07a/splib07a_Wavelengths_NIC4_Nicolet_1.12-216microns.gif,D:\usgs_splib07\../GIFplots/GIFplots_splib07a/splib07a_Bandpass_(FWHM)_NIC4_Nicolet_in_microns.gif
Uracil SA-U0750 75K          ASDHRa AREF,D:\usgs_splib07\../HTMLmetadata/Uracil_SA-U0750_75K_ASDHRa_AREF.html,D:\usgs_splib07\../ASCIIdata/ASCIIdata_splib07a/ChapterO_OrganicCompounds/splib07a_Uracil_SA-U0750_75K_ASDHRa_AREF.txt,,D:\usgs_splib07\../ASCIIdata/ASCIIdata_splib07a/splib07a_Wavelengths_ASD_0.35-2.5_microns_2151_ch.txt,D:\usgs_splib07\../ASCIIdata/ASCIIdata_splib07a/splib07a_Bandpass_(FWHM)_ASDHR_High-Resolution.txt,D:\usgs_splib07\../GIFplots/GIFplots_splib07a/ChapterO_OrganicCompounds/splib07a_Uracil_SA-U0750_75K_ASDHRa_AREF.gif,D:\usgs_splib07\../GIFplots/GIFplots_splib07a/plots_by_wavelength_region/range1_uv_to_visible/splib07a_Uracil_SA-U0750_75K_ASDHRa_AREF_range1_uv_to_vis.gif,D:\usgs_splib07\../GIFplots/GIFplots_splib07a/plots_by_wavelength_region/range2_visible_to_swir/splib07a_Uracil_SA-U0750_75K_ASDHRa_AREF_range2_vis_to_swir.gif,D:\usgs_splib07\../GIFplots/GIFplots_splib07a/plots_by_wavelength_region/range3_swir/splib07a_Uracil_SA-U0750_75K_ASDHRa_AREF_range3_swir.gif,,,D:\usgs_splib07\../GIFplots/GIFplots_splib07a/splib07a_Wavelengths_ASD_0.35-2.5_microns_2151_ch.gif,D:\usgs_splib07\../GIFplots/GIFplots_splib07a/splib07a_Bandpass_(FWHM)_ASDHR_High-Resolution.gif
Uracil SA-U0750 85K          NIC4aa RREF,D:\usgs_splib07\../HTMLmetadata/Uracil_SA-U0750_85K_NIC4aa_RREF.html,D:\usgs_splib07\../ASCIIdata/ASCIIdata_splib07a/ChapterO_OrganicCompounds/splib07a_Uracil_SA-U0750_85K_NIC4aa_RREF.txt,,D:\usgs_splib07\../ASCIIdata/ASCIIdata_splib07a/splib07a_Wavelengths_NIC4_Nicolet_1.12-216microns.txt,D:\usgs_splib07\../ASCIIdata/ASCIIdata_splib07a/splib07a_Bandpass_(FWHM)_NIC4_Nicolet_in_microns.txt,D:\usgs_splib07\../GIFplots/GIFplots_splib07a/ChapterO_OrganicCompounds/splib07a_Uracil_SA-U0750_85K_NIC4aa_RREF.gif,,D:\usgs_splib07\../GIFplots/GIFplots_splib07a/plots_by_wavelength_region/range2_visible_to_swir/splib07a_Uracil_SA-U0750_85K_NIC4aa_RREF_range2_vis_to_swir.gif,D:\usgs_splib07\../GIFplots/GIFplots_splib07a/plots_by_wavelength_region/range3_swir/splib07a_Uracil_SA-U0750_85K_NIC4aa_RREF_range3_swir.gif,D:\usgs_splib07\../GIFplots/GIFplots_splib07a/plots_by_wavelength_region/range4_swir_to_mir/splib07a_Uracil_SA-U0750_85K_NIC4aa_RREF_range4_swir_to_mir.gif,D:\usgs_splib07\../GIFplots/GIFplots_splib07a/plots_by_wavelength_region/range5_swir_to_fir_wavenumber/splib07a_Uracil_SA-U0750_85K_NIC4aa_RREF_range5_swir_to_fir_wavenumber.gif,D:\usgs_splib07\../GIFplots/GIFplots_splib07a/splib07a_Wavelengths_NIC4_Nicolet_1.12-216microns.gif,D:\usgs_splib07\../GIFplots/GIFplots_splib07a/splib07a_Bandpass_(FWHM)_NIC4_Nicolet_in_microns.gif
Violanthrone79 SA-641790     ASDHRa AREF,D:\usgs_splib07\../HTMLmetadata/Violanthrone79_SA-641790_ASDHRa_AREF.html,D:\usgs_splib07\../ASCIIdata/ASCIIdata_splib07a/ChapterO_OrganicCompounds/splib07a_Violanthrone79_SA-641790_ASDHRa_AREF.txt,,D:\usgs_splib07\../ASCIIdata/ASCIIdata_splib07a/splib07a_Wavelengths_ASD_0.35-2.5_microns_2151_ch.txt,D:\usgs_splib07\../ASCIIdata/ASCIIdata_splib07a/splib07a_Bandpass_(FWHM)_ASDHR_High-Resolution.txt,D:\usgs_splib07\../GIFplots/GIFplots_splib07a/ChapterO_OrganicCompounds/splib07a_Violanthrone79_SA-641790_ASDHRa_AREF.gif,D:\usgs_splib07\../GIFplots/GIFplots_splib07a/plots_by_wavelength_region/range1_uv_to_visible/splib07a_Violanthrone79_SA-641790_ASDHRa_AREF_range1_uv_to_vis.gif,D:\usgs_splib07\../GIFplots/GIFplots_splib07a/plots_by_wavelength_region/range2_visible_to_swir/splib07a_Violanthrone79_SA-641790_ASDHRa_AREF_range2_vis_to_swir.gif,D:\usgs_splib07\../GIFplots/GIFplots_splib07a/plots_by_wavelength_region/range3_swir/splib07a_Violanthrone79_SA-641790_ASDHRa_AREF_range3_swir.gif,,,D:\usgs_splib07\../GIFplots/GIFplots_splib07a/splib07a_Wavelengths_ASD_0.35-2.5_microns_2151_ch.gif,D:\usgs_splib07\../GIFplots/GIFplots_splib07a/splib07a_Bandpass_(FWHM)_ASDHR_High-Resolution.gif
Violanthrone79 SA-641790     NIC4aa RREF,D:\usgs_splib07\../HTMLmetadata/Violanthrone79_SA-641790_NIC4aa_RREF.html,D:\usgs_splib07\../ASCIIdata/ASCIIdata_splib07a/ChapterO_OrganicCompounds/splib07a_Violanthrone79_SA-641790_NIC4aa_RREF.txt,,D:\usgs_splib07\../ASCIIdata/ASCIIdata_splib07a/splib07a_Wavelengths_NIC4_Nicolet_1.12-216microns.txt,D:\usgs_splib07\../ASCIIdata/ASCIIdata_splib07a/splib07a_Bandpass_(FWHM)_NIC4_Nicolet_in_microns.txt,D:\usgs_splib07\../GIFplots/GIFplots_splib07a/ChapterO_OrganicCompounds/splib07a_Violanthrone79_SA-641790_NIC4aa_RREF.gif,,D:\usgs_splib07\../GIFplots/GIFplots_splib07a/plots_by_wavelength_region/range2_visible_to_swir/splib07a_Violanthrone79_SA-641790_NIC4aa_RREF_range2_vis_to_swir.gif,D:\usgs_splib07\../GIFplots/GIFplots_splib07a/plots_by_wavelength_region/range3_swir/splib07a_Violanthrone79_SA-641790_NIC4aa_RREF_range3_swir.gif,D:\usgs_splib07\../GIFplots/GIFplots_splib07a/plots_by_wavelength_region/range4_swir_to_mir/splib07a_Violanthrone79_SA-641790_NIC4aa_RREF_range4_swir_to_mir.gif,D:\usgs_splib07\../GIFplots/GIFplots_splib07a/plots_by_wavelength_region/range5_swir_to_fir_wavenumber/splib07a_Violanthrone79_SA-641790_NIC4aa_RREF_range5_swir_to_fir_wavenumber.gif,D:\usgs_splib07\../GIFplots/GIFplots_splib07a/splib07a_Wavelengths_NIC4_Nicolet_1.12-216microns.gif,D:\usgs_splib07\../GIFplots/GIFplots_splib07a/splib07a_Bandpass_(FWHM)_NIC4_Nicolet_in_microns.gif
Violanthrone79 SA-641790 75K ASDHRa AREF,D:\usgs_splib07\../HTMLmetadata/Violanthrone79_SA-641790_75K_ASDHRa_AREF.html,D:\usgs_splib07\../ASCIIdata/ASCIIdata_splib07a/ChapterO_OrganicCompounds/splib07a_Violanthrone79_SA-641790_75K_ASDHRa_AREF.txt,,D:\usgs_splib07\../ASCIIdata/ASCIIdata_splib07a/splib07a_Wavelengths_ASD_0.35-2.5_microns_2151_ch.txt,D:\usgs_splib07\../ASCIIdata/ASCIIdata_splib07a/splib07a_Bandpass_(FWHM)_ASDHR_High-Resolution.txt,D:\usgs_splib07\../GIFplots/GIFplots_splib07a/ChapterO_OrganicCompounds/splib07a_Violanthrone79_SA-641790_75K_ASDHRa_AREF.gif,D:\usgs_splib07\../GIFplots/GIFplots_splib07a/plots_by_wavelength_region/range1_uv_to_visible/splib07a_Violanthrone79_SA-641790_75K_ASDHRa_AREF_range1_uv_to_vis.gif,D:\usgs_splib07\../GIFplots/GIFplots_splib07a/plots_by_wavelength_region/range2_visible_to_swir/splib07a_Violanthrone79_SA-641790_75K_ASDHRa_AREF_range2_vis_to_swir.gif,D:\usgs_splib07\../GIFplots/GIFplots_splib07a/plots_by_wavelength_region/range3_swir/splib07a_Violanthrone79_SA-641790_75K_ASDHRa_AREF_range3_swir.gif,,,D:\usgs_splib07\../GIFplots/GIFplots_splib07a/splib07a_Wavelengths_ASD_0.35-2.5_microns_2151_ch.gif,D:\usgs_splib07\../GIFplots/GIFplots_splib07a/splib07a_Bandpass_(FWHM)_ASDHR_High-Resolution.gif
Violanthrone79 SA-641790 85K NIC4aa RREF,D:\usgs_splib07\../HTMLmetadata/Violanthrone79_SA-641790_85K_NIC4aa_RREF.html,D:\usgs_splib07\../ASCIIdata/ASCIIdata_splib07a/ChapterO_OrganicCompounds/splib07a_Violanthrone79_SA-641790_85K_NIC4aa_RREF.txt,,D:\usgs_splib07\../ASCIIdata/ASCIIdata_splib07a/splib07a_Wavelengths_NIC4_Nicolet_1.12-216microns.txt,D:\usgs_splib07\../ASCIIdata/ASCIIdata_splib07a/splib07a_Bandpass_(FWHM)_NIC4_Nicolet_in_microns.txt,D:\usgs_splib07\../GIFplots/GIFplots_splib07a/ChapterO_OrganicCompounds/splib07a_Violanthrone79_SA-641790_85K_NIC4aa_RREF.gif,,D:\usgs_splib07\../GIFplots/GIFplots_splib07a/plots_by_wavelength_region/range2_visible_to_swir/splib07a_Violanthrone79_SA-641790_85K_NIC4aa_RREF_range2_vis_to_swir.gif,D:\usgs_splib07\../GIFplots/GIFplots_splib07a/plots_by_wavelength_region/range3_swir/splib07a_Violanthrone79_SA-641790_85K_NIC4aa_RREF_range3_swir.gif,D:\usgs_splib07\../GIFplots/GIFplots_splib07a/plots_by_wavelength_region/range4_swir_to_mir/splib07a_Violanthrone79_SA-641790_85K_NIC4aa_RREF_range4_swir_to_mir.gif,D:\usgs_splib07\../GIFplots/GIFplots_splib07a/plots_by_wavelength_region/range5_swir_to_fir_wavenumber/splib07a_Violanthrone79_SA-641790_85K_NIC4aa_RREF_range5_swir_to_fir_wavenumber.gif,D:\usgs_splib07\../GIFplots/GIFplots_splib07a/splib07a_Wavelengths_NIC4_Nicolet_1.12-216microns.gif,D:\usgs_splib07\../GIFplots/GIFplots_splib07a/splib07a_Bandpass_(FWHM)_NIC4_Nicolet_in_microns.gif
Xanthine SA-X0626            ASDHRa AREF,D:\usgs_splib07\../HTMLmetadata/Xanthine_SA-X0626_ASDHRa_AREF.html,D:\usgs_splib07\../ASCIIdata/ASCIIdata_splib07a/ChapterO_OrganicCompounds/splib07a_Xanthine_SA-X0626_ASDHRa_AREF.txt,,D:\usgs_splib07\../ASCIIdata/ASCIIdata_splib07a/splib07a_Wavelengths_ASD_0.35-2.5_microns_2151_ch.txt,D:\usgs_splib07\../ASCIIdata/ASCIIdata_splib07a/splib07a_Bandpass_(FWHM)_ASDHR_High-Resolution.txt,D:\usgs_splib07\../GIFplots/GIFplots_splib07a/ChapterO_OrganicCompounds/splib07a_Xanthine_SA-X0626_ASDHRa_AREF.gif,D:\usgs_splib07\../GIFplots/GIFplots_splib07a/plots_by_wavelength_region/range1_uv_to_visible/splib07a_Xanthine_SA-X0626_ASDHRa_AREF_range1_uv_to_vis.gif,D:\usgs_splib07\../GIFplots/GIFplots_splib07a/plots_by_wavelength_region/range2_visible_to_swir/splib07a_Xanthine_SA-X0626_ASDHRa_AREF_range2_vis_to_swir.gif,D:\usgs_splib07\../GIFplots/GIFplots_splib07a/plots_by_wavelength_region/range3_swir/splib07a_Xanthine_SA-X0626_ASDHRa_AREF_range3_swir.gif,,,D:\usgs_splib07\../GIFplots/GIFplots_splib07a/splib07a_Wavelengths_ASD_0.35-2.5_microns_2151_ch.gif,D:\usgs_splib07\../GIFplots/GIFplots_splib07a/splib07a_Bandpass_(FWHM)_ASDHR_High-Resolution.gif
Xanthine SA-X0626            NIC4aa RREF,D:\usgs_splib07\../HTMLmetadata/Xanthine_SA-X0626_NIC4aa_RREF.html,D:\usgs_splib07\../ASCIIdata/ASCIIdata_splib07a/ChapterO_OrganicCompounds/splib07a_Xanthine_SA-X0626_NIC4aa_RREF.txt,,D:\usgs_splib07\../ASCIIdata/ASCIIdata_splib07a/splib07a_Wavelengths_NIC4_Nicolet_1.12-216microns.txt,D:\usgs_splib07\../ASCIIdata/ASCIIdata_splib07a/splib07a_Bandpass_(FWHM)_NIC4_Nicolet_in_microns.txt,D:\usgs_splib07\../GIFplots/GIFplots_splib07a/ChapterO_OrganicCompounds/splib07a_Xanthine_SA-X0626_NIC4aa_RREF.gif,,D:\usgs_splib07\../GIFplots/GIFplots_splib07a/plots_by_wavelength_region/range2_visible_to_swir/splib07a_Xanthine_SA-X0626_NIC4aa_RREF_range2_vis_to_swir.gif,D:\usgs_splib07\../GIFplots/GIFplots_splib07a/plots_by_wavelength_region/range3_swir/splib07a_Xanthine_SA-X0626_NIC4aa_RREF_range3_swir.gif,D:\usgs_splib07\../GIFplots/GIFplots_splib07a/plots_by_wavelength_region/range4_swir_to_mir/splib07a_Xanthine_SA-X0626_NIC4aa_RREF_range4_swir_to_mir.gif,D:\usgs_splib07\../GIFplots/GIFplots_splib07a/plots_by_wavelength_region/range5_swir_to_fir_wavenumber/splib07a_Xanthine_SA-X0626_NIC4aa_RREF_range5_swir_to_fir_wavenumber.gif,D:\usgs_splib07\../GIFplots/GIFplots_splib07a/splib07a_Wavelengths_NIC4_Nicolet_1.12-216microns.gif,D:\usgs_splib07\../GIFplots/GIFplots_splib07a/splib07a_Bandpass_(FWHM)_NIC4_Nicolet_in_microns.gif
Xanthine SA-X0626 85K        ASDHRa AREF,D:\usgs_splib07\../HTMLmetadata/Xanthine_SA-X0626_85K_ASDHRa_AREF.html,D:\usgs_splib07\../ASCIIdata/ASCIIdata_splib07a/ChapterO_OrganicCompounds/splib07a_Xanthine_SA-X0626_85K_ASDHRa_AREF.txt,,D:\usgs_splib07\../ASCIIdata/ASCIIdata_splib07a/splib07a_Wavelengths_ASD_0.35-2.5_microns_2151_ch.txt,D:\usgs_splib07\../ASCIIdata/ASCIIdata_splib07a/splib07a_Bandpass_(FWHM)_ASDHR_High-Resolution.txt,D:\usgs_splib07\../GIFplots/GIFplots_splib07a/ChapterO_OrganicCompounds/splib07a_Xanthine_SA-X0626_85K_ASDHRa_AREF.gif,D:\usgs_splib07\../GIFplots/GIFplots_splib07a/plots_by_wavelength_region/range1_uv_to_visible/splib07a_Xanthine_SA-X0626_85K_ASDHRa_AREF_range1_uv_to_vis.gif,D:\usgs_splib07\../GIFplots/GIFplots_splib07a/plots_by_wavelength_region/range2_visible_to_swir/splib07a_Xanthine_SA-X0626_85K_ASDHRa_AREF_range2_vis_to_swir.gif,D:\usgs_splib07\../GIFplots/GIFplots_splib07a/plots_by_wavelength_region/range3_swir/splib07a_Xanthine_SA-X0626_85K_ASDHRa_AREF_range3_swir.gif,,,D:\usgs_splib07\../GIFplots/GIFplots_splib07a/splib07a_Wavelengths_ASD_0.35-2.5_microns_2151_ch.gif,D:\usgs_splib07\../GIFplots/GIFplots_splib07a/splib07a_Bandpass_(FWHM)_ASDHR_High-Resolution.gif
Xanthine SA-X0626 90K        NIC4aa RREF,D:\usgs_splib07\../HTMLmetadata/Xanthine_SA-X0626_90K_NIC4aa_RREF.html,D:\usgs_splib07\../ASCIIdata/ASCIIdata_splib07a/ChapterO_OrganicCompounds/splib07a_Xanthine_SA-X0626_90K_NIC4aa_RREF.txt,,D:\usgs_splib07\../ASCIIdata/ASCIIdata_splib07a/splib07a_Wavelengths_NIC4_Nicolet_1.12-216microns.txt,D:\usgs_splib07\../ASCIIdata/ASCIIdata_splib07a/splib07a_Bandpass_(FWHM)_NIC4_Nicolet_in_microns.txt,D:\usgs_splib07\../GIFplots/GIFplots_splib07a/ChapterO_OrganicCompounds/splib07a_Xanthine_SA-X0626_90K_NIC4aa_RREF.gif,,D:\usgs_splib07\../GIFplots/GIFplots_splib07a/plots_by_wavelength_region/range2_visible_to_swir/splib07a_Xanthine_SA-X0626_90K_NIC4aa_RREF_range2_vis_to_swir.gif,D:\usgs_splib07\../GIFplots/GIFplots_splib07a/plots_by_wavelength_region/range3_swir/splib07a_Xanthine_SA-X0626_90K_NIC4aa_RREF_range3_swir.gif,D:\usgs_splib07\../GIFplots/GIFplots_splib07a/plots_by_wavelength_region/range4_swir_to_mir/splib07a_Xanthine_SA-X0626_90K_NIC4aa_RREF_range4_swir_to_mir.gif,D:\usgs_splib07\../GIFplots/GIFplots_splib07a/plots_by_wavelength_region/range5_swir_to_fir_wavenumber/splib07a_Xanthine_SA-X0626_90K_NIC4aa_RREF_range5_swir_to_fir_wavenumber.gif,D:\usgs_splib07\../GIFplots/GIFplots_splib07a/splib07a_Wavelengths_NIC4_Nicolet_1.12-216microns.gif,D:\usgs_splib07\../GIFplots/GIFplots_splib07a/splib07a_Bandpass_(FWHM)_NIC4_Nicolet_in_microns.gif
Xylene(s) ice 77K            ASDFRa AREF,D:\usgs_splib07\../HTMLmetadata/Xylene(s)_ice_77K_ASDFRa_AREF.html,D:\usgs_splib07\../ASCIIdata/ASCIIdata_splib07a/ChapterO_OrganicCompounds/splib07a_Xylene(s)_ice_77K_ASDFRa_AREF.txt,D:\usgs_splib07\../ASCIIdata/ASCIIdata_splib07a/errorbars/errorbars_for_splib07a_Xylene(s)_ice_77K_ASDFRa_AREF.txt,D:\usgs_splib07\../ASCIIdata/ASCIIdata_splib07a/splib07a_Wavelengths_ASD_0.35-2.5_microns_2151_ch.txt,D:\usgs_splib07\../ASCIIdata/ASCIIdata_splib07a/splib07a_Bandpass_(FWHM)_ASDFR_StandardResolution.txt,D:\usgs_splib07\../GIFplots/GIFplots_splib07a/ChapterO_OrganicCompounds/splib07a_Xylene(s)_ice_77K_ASDFRa_AREF.gif,D:\usgs_splib07\../GIFplots/GIFplots_splib07a/plots_by_wavelength_region/range1_uv_to_visible/splib07a_Xylene(s)_ice_77K_ASDFRa_AREF_range1_uv_to_vis.gif,D:\usgs_splib07\../GIFplots/GIFplots_splib07a/plots_by_wavelength_region/range2_visible_to_swir/splib07a_Xylene(s)_ice_77K_ASDFRa_AREF_range2_vis_to_swir.gif,D:\usgs_splib07\../GIFplots/GIFplots_splib07a/plots_by_wavelength_region/range3_swir/splib07a_Xylene(s)_ice_77K_ASDFRa_AREF_range3_swir.gif,,,D:\usgs_splib07\../GIFplots/GIFplots_splib07a/splib07a_Wavelengths_ASD_0.35-2.5_microns_2151_ch.gif,D:\usgs_splib07\../GIFplots/GIFplots_splib07a/splib07a_Bandpass_(FWHM)_ASDFR_StandardResolution.gif
Basalt BHVO-2F 100%          NIC4aa RREF,D:\usgs_splib07\../HTMLmetadata/Basalt_BHVO-2F_100%_NIC4aa_RREF.html,D:\usgs_splib07\../ASCIIdata/ASCIIdata_splib07a/ChapterO_OrganicCompounds/splib07a_Basalt_BHVO-2F_100%_NIC4aa_RREF.txt,,D:\usgs_splib07\../ASCIIdata/ASCIIdata_splib07a/splib07a_Wavelengths_NIC4_Nicolet_1.12-216microns.txt,D:\usgs_splib07\../ASCIIdata/ASCIIdata_splib07a/splib07a_Bandpass_(FWHM)_NIC4_Nicolet_in_microns.txt,D:\usgs_splib07\../GIFplots/GIFplots_splib07a/ChapterO_OrganicCompounds/splib07a_Basalt_BHVO-2F_100%_NIC4aa_RREF.gif,,D:\usgs_splib07\../GIFplots/GIFplots_splib07a/plots_by_wavelength_region/range2_visible_to_swir/splib07a_Basalt_BHVO-2F_100%_NIC4aa_RREF_range2_vis_to_swir.gif,D:\usgs_splib07\../GIFplots/GIFplots_splib07a/plots_by_wavelength_region/range3_swir/splib07a_Basalt_BHVO-2F_100%_NIC4aa_RREF_range3_swir.gif,D:\usgs_splib07\../GIFplots/GIFplots_splib07a/plots_by_wavelength_region/range4_swir_to_mir/splib07a_Basalt_BHVO-2F_100%_NIC4aa_RREF_range4_swir_to_mir.gif,D:\usgs_splib07\../GIFplots/GIFplots_splib07a/plots_by_wavelength_region/range5_swir_to_fir_wavenumber/splib07a_Basalt_BHVO-2F_100%_NIC4aa_RREF_range5_swir_to_fir_wavenumber.gif,D:\usgs_splib07\../GIFplots/GIFplots_splib07a/splib07a_Wavelengths_NIC4_Nicolet_1.12-216microns.gif,D:\usgs_splib07\../GIFplots/GIFplots_splib07a/splib07a_Bandpass_(FWHM)_NIC4_Nicolet_in_microns.gif
Basalt BHVO-2F Htd16hr 480K  NIC4aa RREF,D:\usgs_splib07\../HTMLmetadata/Basalt_BHVO-2F_Htd16hr_480K_NIC4aa_RREF.html,D:\usgs_splib07\../ASCIIdata/ASCIIdata_splib07a/ChapterO_OrganicCompounds/splib07a_Basalt_BHVO-2F_Htd16hr_480K_NIC4aa_RREF.txt,,D:\usgs_splib07\../ASCIIdata/ASCIIdata_splib07a/splib07a_Wavelengths_NIC4_Nicolet_1.12-216microns.txt,D:\usgs_splib07\../ASCIIdata/ASCIIdata_splib07a/splib07a_Bandpass_(FWHM)_NIC4_Nicolet_in_microns.txt,D:\usgs_splib07\../GIFplots/GIFplots_splib07a/ChapterO_OrganicCompounds/splib07a_Basalt_BHVO-2F_Htd16hr_480K_NIC4aa_RREF.gif,,D:\usgs_splib07\../GIFplots/GIFplots_splib07a/plots_by_wavelength_region/range2_visible_to_swir/splib07a_Basalt_BHVO-2F_Htd16hr_480K_NIC4aa_RREF_range2_vis_to_swir.gif,D:\usgs_splib07\../GIFplots/GIFplots_splib07a/plots_by_wavelength_region/range3_swir/splib07a_Basalt_BHVO-2F_Htd16hr_480K_NIC4aa_RREF_range3_swir.gif,D:\usgs_splib07\../GIFplots/GIFplots_splib07a/plots_by_wavelength_region/range4_swir_to_mir/splib07a_Basalt_BHVO-2F_Htd16hr_480K_NIC4aa_RREF_range4_swir_to_mir.gif,D:\usgs_splib07\../GIFplots/GIFplots_splib07a/plots_by_wavelength_region/range5_swir_to_fir_wavenumber/splib07a_Basalt_BHVO-2F_Htd16hr_480K_NIC4aa_RREF_range5_swir_to_fir_wavenumber.gif,D:\usgs_splib07\../GIFplots/GIFplots_splib07a/splib07a_Wavelengths_NIC4_Nicolet_1.12-216microns.gif,D:\usgs_splib07\../GIFplots/GIFplots_splib07a/splib07a_Bandpass_(FWHM)_NIC4_Nicolet_in_microns.gif
Basalt BHVO-2F Htd86hr 480K  NIC4aa RREF,D:\usgs_splib07\../HTMLmetadata/Basalt_BHVO-2F_Htd86hr_480K_NIC4aa_RREF.html,D:\usgs_splib07\../ASCIIdata/ASCIIdata_splib07a/ChapterO_OrganicCompounds/splib07a_Basalt_BHVO-2F_Htd86hr_480K_NIC4aa_RREF.txt,,D:\usgs_splib07\../ASCIIdata/ASCIIdata_splib07a/splib07a_Wavelengths_NIC4_Nicolet_1.12-216microns.txt,D:\usgs_splib07\../ASCIIdata/ASCIIdata_splib07a/splib07a_Bandpass_(FWHM)_NIC4_Nicolet_in_microns.txt,D:\usgs_splib07\../GIFplots/GIFplots_splib07a/ChapterO_OrganicCompounds/splib07a_Basalt_BHVO-2F_Htd86hr_480K_NIC4aa_RREF.gif,,D:\usgs_splib07\../GIFplots/GIFplots_splib07a/plots_by_wavelength_region/range2_visible_to_swir/splib07a_Basalt_BHVO-2F_Htd86hr_480K_NIC4aa_RREF_range2_vis_to_swir.gif,D:\usgs_splib07\../GIFplots/GIFplots_splib07a/plots_by_wavelength_region/range3_swir/splib07a_Basalt_BHVO-2F_Htd86hr_480K_NIC4aa_RREF_range3_swir.gif,D:\usgs_splib07\../GIFplots/GIFplots_splib07a/plots_by_wavelength_region/range4_swir_to_mir/splib07a_Basalt_BHVO-2F_Htd86hr_480K_NIC4aa_RREF_range4_swir_to_mir.gif,D:\usgs_splib07\../GIFplots/GIFplots_splib07a/plots_by_wavelength_region/range5_swir_to_fir_wavenumber/splib07a_Basalt_BHVO-2F_Htd86hr_480K_NIC4aa_RREF_range5_swir_to_fir_wavenumber.gif,D:\usgs_splib07\../GIFplots/GIFplots_splib07a/splib07a_Wavelengths_NIC4_Nicolet_1.12-216microns.gif,D:\usgs_splib07\../GIFplots/GIFplots_splib07a/splib07a_Bandpass_(FWHM)_NIC4_Nicolet_in_microns.gif
BHVO-2F+4%_Acetone 85K       NIC4aa RREF,D:\usgs_splib07\../HTMLmetadata/BHVO-2F+4%_Acetone_85K_NIC4aa_RREF.html,D:\usgs_splib07\../ASCIIdata/ASCIIdata_splib07a/ChapterO_OrganicCompounds/splib07a_BHVO-2F+4%_Acetone_85K_NIC4aa_RREF.txt,,D:\usgs_splib07\../ASCIIdata/ASCIIdata_splib07a/splib07a_Wavelengths_NIC4_Nicolet_1.12-216microns.txt,D:\usgs_splib07\../ASCIIdata/ASCIIdata_splib07a/splib07a_Bandpass_(FWHM)_NIC4_Nicolet_in_microns.txt,D:\usgs_splib07\../GIFplots/GIFplots_splib07a/ChapterO_OrganicCompounds/splib07a_BHVO-2F+4%_Acetone_85K_NIC4aa_RREF.gif,,D:\usgs_splib07\../GIFplots/GIFplots_splib07a/plots_by_wavelength_region/range2_visible_to_swir/splib07a_BHVO-2F+4%_Acetone_85K_NIC4aa_RREF_range2_vis_to_swir.gif,D:\usgs_splib07\../GIFplots/GIFplots_splib07a/plots_by_wavelength_region/range3_swir/splib07a_BHVO-2F+4%_Acetone_85K_NIC4aa_RREF_range3_swir.gif,D:\usgs_splib07\../GIFplots/GIFplots_splib07a/plots_by_wavelength_region/range4_swir_to_mir/splib07a_BHVO-2F+4%_Acetone_85K_NIC4aa_RREF_range4_swir_to_mir.gif,D:\usgs_splib07\../GIFplots/GIFplots_splib07a/plots_by_wavelength_region/range5_swir_to_fir_wavenumber/splib07a_BHVO-2F+4%_Acetone_85K_NIC4aa_RREF_range5_swir_to_fir_wavenumber.gif,D:\usgs_splib07\../GIFplots/GIFplots_splib07a/splib07a_Wavelengths_NIC4_Nicolet_1.12-216microns.gif,D:\usgs_splib07\../GIFplots/GIFplots_splib07a/splib07a_Bandpass_(FWHM)_NIC4_Nicolet_in_microns.gif
BHVO-2F+4%_Acetonitrile      NIC4aa RREF,D:\usgs_splib07\../HTMLmetadata/BHVO-2F+4%_Acetonitrile_NIC4aa_RREF.html,D:\usgs_splib07\../ASCIIdata/ASCIIdata_splib07a/ChapterO_OrganicCompounds/splib07a_BHVO-2F+4%_Acetonitrile_NIC4aa_RREF.txt,,D:\usgs_splib07\../ASCIIdata/ASCIIdata_splib07a/splib07a_Wavelengths_NIC4_Nicolet_1.12-216microns.txt,D:\usgs_splib07\../ASCIIdata/ASCIIdata_splib07a/splib07a_Bandpass_(FWHM)_NIC4_Nicolet_in_microns.txt,D:\usgs_splib07\../GIFplots/GIFplots_splib07a/ChapterO_OrganicCompounds/splib07a_BHVO-2F+4%_Acetonitrile_NIC4aa_RREF.gif,,D:\usgs_splib07\../GIFplots/GIFplots_splib07a/plots_by_wavelength_region/range2_visible_to_swir/splib07a_BHVO-2F+4%_Acetonitrile_NIC4aa_RREF_range2_vis_to_swir.gif,D:\usgs_splib07\../GIFplots/GIFplots_splib07a/plots_by_wavelength_region/range3_swir/splib07a_BHVO-2F+4%_Acetonitrile_NIC4aa_RREF_range3_swir.gif,D:\usgs_splib07\../GIFplots/GIFplots_splib07a/plots_by_wavelength_region/range4_swir_to_mir/splib07a_BHVO-2F+4%_Acetonitrile_NIC4aa_RREF_range4_swir_to_mir.gif,D:\usgs_splib07\../GIFplots/GIFplots_splib07a/plots_by_wavelength_region/range5_swir_to_fir_wavenumber/splib07a_BHVO-2F+4%_Acetonitrile_NIC4aa_RREF_range5_swir_to_fir_wavenumber.gif,D:\usgs_splib07\../GIFplots/GIFplots_splib07a/splib07a_Wavelengths_NIC4_Nicolet_1.12-216microns.gif,D:\usgs_splib07\../GIFplots/GIFplots_splib07a/splib07a_Bandpass_(FWHM)_NIC4_Nicolet_in_microns.gif
BHVO-2F+4%_Acetonitrile 85K  NIC4aa RREF,D:\usgs_splib07\../HTMLmetadata/BHVO-2F+4%_Acetonitrile_85K_NIC4aa_RREF.html,D:\usgs_splib07\../ASCIIdata/ASCIIdata_splib07a/ChapterO_OrganicCompounds/splib07a_BHVO-2F+4%_Acetonitrile_85K_NIC4aa_RREF.txt,,D:\usgs_splib07\../ASCIIdata/ASCIIdata_splib07a/splib07a_Wavelengths_NIC4_Nicolet_1.12-216microns.txt,D:\usgs_splib07\../ASCIIdata/ASCIIdata_splib07a/splib07a_Bandpass_(FWHM)_NIC4_Nicolet_in_microns.txt,D:\usgs_splib07\../GIFplots/GIFplots_splib07a/ChapterO_OrganicCompounds/splib07a_BHVO-2F+4%_Acetonitrile_85K_NIC4aa_RREF.gif,,D:\usgs_splib07\../GIFplots/GIFplots_splib07a/plots_by_wavelength_region/range2_visible_to_swir/splib07a_BHVO-2F+4%_Acetonitrile_85K_NIC4aa_RREF_range2_vis_to_swir.gif,D:\usgs_splib07\../GIFplots/GIFplots_splib07a/plots_by_wavelength_region/range3_swir/splib07a_BHVO-2F+4%_Acetonitrile_85K_NIC4aa_RREF_range3_swir.gif,D:\usgs_splib07\../GIFplots/GIFplots_splib07a/plots_by_wavelength_region/range4_swir_to_mir/splib07a_BHVO-2F+4%_Acetonitrile_85K_NIC4aa_RREF_range4_swir_to_mir.gif,D:\usgs_splib07\../GIFplots/GIFplots_splib07a/plots_by_wavelength_region/range5_swir_to_fir_wavenumber/splib07a_BHVO-2F+4%_Acetonitrile_85K_NIC4aa_RREF_range5_swir_to_fir_wavenumber.gif,D:\usgs_splib07\../GIFplots/GIFplots_splib07a/splib07a_Wavelengths_NIC4_Nicolet_1.12-216microns.gif,D:\usgs_splib07\../GIFplots/GIFplots_splib07a/splib07a_Bandpass_(FWHM)_NIC4_Nicolet_in_microns.gif
BHVO-2F+4%_Acrylonitrile     NIC4aa RREF,D:\usgs_splib07\../HTMLmetadata/BHVO-2F+4%_Acrylonitrile_NIC4aa_RREF.html,D:\usgs_splib07\../ASCIIdata/ASCIIdata_splib07a/ChapterO_OrganicCompounds/splib07a_BHVO-2F+4%_Acrylonitrile_NIC4aa_RREF.txt,,D:\usgs_splib07\../ASCIIdata/ASCIIdata_splib07a/splib07a_Wavelengths_NIC4_Nicolet_1.12-216microns.txt,D:\usgs_splib07\../ASCIIdata/ASCIIdata_splib07a/splib07a_Bandpass_(FWHM)_NIC4_Nicolet_in_microns.txt,D:\usgs_splib07\../GIFplots/GIFplots_splib07a/ChapterO_OrganicCompounds/splib07a_BHVO-2F+4%_Acrylonitrile_NIC4aa_RREF.gif,,D:\usgs_splib07\../GIFplots/GIFplots_splib07a/plots_by_wavelength_region/range2_visible_to_swir/splib07a_BHVO-2F+4%_Acrylonitrile_NIC4aa_RREF_range2_vis_to_swir.gif,D:\usgs_splib07\../GIFplots/GIFplots_splib07a/plots_by_wavelength_region/range3_swir/splib07a_BHVO-2F+4%_Acrylonitrile_NIC4aa_RREF_range3_swir.gif,D:\usgs_splib07\../GIFplots/GIFplots_splib07a/plots_by_wavelength_region/range4_swir_to_mir/splib07a_BHVO-2F+4%_Acrylonitrile_NIC4aa_RREF_range4_swir_to_mir.gif,D:\usgs_splib07\../GIFplots/GIFplots_splib07a/plots_by_wavelength_region/range5_swir_to_fir_wavenumber/splib07a_BHVO-2F+4%_Acrylonitrile_NIC4aa_RREF_range5_swir_to_fir_wavenumber.gif,D:\usgs_splib07\../GIFplots/GIFplots_splib07a/splib07a_Wavelengths_NIC4_Nicolet_1.12-216microns.gif,D:\usgs_splib07\../GIFplots/GIFplots_splib07a/splib07a_Bandpass_(FWHM)_NIC4_Nicolet_in_microns.gif
BHVO-2F+4%_Acrylonitril 84K  NIC4aa RREF,D:\usgs_splib07\../HTMLmetadata/BHVO-2F+4%_Acrylonitril_84K_NIC4aa_RREF.html,D:\usgs_splib07\../ASCIIdata/ASCIIdata_splib07a/ChapterO_OrganicCompounds/splib07a_BHVO-2F+4%_Acrylonitril_84K_NIC4aa_RREF.txt,,D:\usgs_splib07\../ASCIIdata/ASCIIdata_splib07a/splib07a_Wavelengths_NIC4_Nicolet_1.12-216microns.txt,D:\usgs_splib07\../ASCIIdata/ASCIIdata_splib07a/splib07a_Bandpass_(FWHM)_NIC4_Nicolet_in_microns.txt,D:\usgs_splib07\../GIFplots/GIFplots_splib07a/ChapterO_OrganicCompounds/splib07a_BHVO-2F+4%_Acrylonitril_84K_NIC4aa_RREF.gif,,D:\usgs_splib07\../GIFplots/GIFplots_splib07a/plots_by_wavelength_region/range2_visible_to_swir/splib07a_BHVO-2F+4%_Acrylonitril_84K_NIC4aa_RREF_range2_vis_to_swir.gif,D:\usgs_splib07\../GIFplots/GIFplots_splib07a/plots_by_wavelength_region/range3_swir/splib07a_BHVO-2F+4%_Acrylonitril_84K_NIC4aa_RREF_range3_swir.gif,D:\usgs_splib07\../GIFplots/GIFplots_splib07a/plots_by_wavelength_region/range4_swir_to_mir/splib07a_BHVO-2F+4%_Acrylonitril_84K_NIC4aa_RREF_range4_swir_to_mir.gif,D:\usgs_splib07\../GIFplots/GIFplots_splib07a/plots_by_wavelength_region/range5_swir_to_fir_wavenumber/splib07a_BHVO-2F+4%_Acrylonitril_84K_NIC4aa_RREF_range5_swir_to_fir_wavenumber.gif,D:\usgs_splib07\../GIFplots/GIFplots_splib07a/splib07a_Wavelengths_NIC4_Nicolet_1.12-216microns.gif,D:\usgs_splib07\../GIFplots/GIFplots_splib07a/splib07a_Bandpass_(FWHM)_NIC4_Nicolet_in_microns.gif
BHVO-2F+4%_Ammonia           NIC4aa RREF,D:\usgs_splib07\../HTMLmetadata/BHVO-2F+4%_Ammonia_NIC4aa_RREF.html,D:\usgs_splib07\../ASCIIdata/ASCIIdata_splib07a/ChapterO_OrganicCompounds/splib07a_BHVO-2F+4%_Ammonia_NIC4aa_RREF.txt,,D:\usgs_splib07\../ASCIIdata/ASCIIdata_splib07a/splib07a_Wavelengths_NIC4_Nicolet_1.12-216microns.txt,D:\usgs_splib07\../ASCIIdata/ASCIIdata_splib07a/splib07a_Bandpass_(FWHM)_NIC4_Nicolet_in_microns.txt,D:\usgs_splib07\../GIFplots/GIFplots_splib07a/ChapterO_OrganicCompounds/splib07a_BHVO-2F+4%_Ammonia_NIC4aa_RREF.gif,,D:\usgs_splib07\../GIFplots/GIFplots_splib07a/plots_by_wavelength_region/range2_visible_to_swir/splib07a_BHVO-2F+4%_Ammonia_NIC4aa_RREF_range2_vis_to_swir.gif,D:\usgs_splib07\../GIFplots/GIFplots_splib07a/plots_by_wavelength_region/range3_swir/splib07a_BHVO-2F+4%_Ammonia_NIC4aa_RREF_range3_swir.gif,D:\usgs_splib07\../GIFplots/GIFplots_splib07a/plots_by_wavelength_region/range4_swir_to_mir/splib07a_BHVO-2F+4%_Ammonia_NIC4aa_RREF_range4_swir_to_mir.gif,D:\usgs_splib07\../GIFplots/GIFplots_splib07a/plots_by_wavelength_region/range5_swir_to_fir_wavenumber/splib07a_BHVO-2F+4%_Ammonia_NIC4aa_RREF_range5_swir_to_fir_wavenumber.gif,D:\usgs_splib07\../GIFplots/GIFplots_splib07a/splib07a_Wavelengths_NIC4_Nicolet_1.12-216microns.gif,D:\usgs_splib07\../GIFplots/GIFplots_splib07a/splib07a_Bandpass_(FWHM)_NIC4_Nicolet_in_microns.gif
BHVO-2F+4%_Ammonia 86K       NIC4aa RREF,D:\usgs_splib07\../HTMLmetadata/BHVO-2F+4%_Ammonia_86K_NIC4aa_RREF.html,D:\usgs_splib07\../ASCIIdata/ASCIIdata_splib07a/ChapterO_OrganicCompounds/splib07a_BHVO-2F+4%_Ammonia_86K_NIC4aa_RREF.txt,,D:\usgs_splib07\../ASCIIdata/ASCIIdata_splib07a/splib07a_Wavelengths_NIC4_Nicolet_1.12-216microns.txt,D:\usgs_splib07\../ASCIIdata/ASCIIdata_splib07a/splib07a_Bandpass_(FWHM)_NIC4_Nicolet_in_microns.txt,D:\usgs_splib07\../GIFplots/GIFplots_splib07a/ChapterO_OrganicCompounds/splib07a_BHVO-2F+4%_Ammonia_86K_NIC4aa_RREF.gif,,D:\usgs_splib07\../GIFplots/GIFplots_splib07a/plots_by_wavelength_region/range2_visible_to_swir/splib07a_BHVO-2F+4%_Ammonia_86K_NIC4aa_RREF_range2_vis_to_swir.gif,D:\usgs_splib07\../GIFplots/GIFplots_splib07a/plots_by_wavelength_region/range3_swir/splib07a_BHVO-2F+4%_Ammonia_86K_NIC4aa_RREF_range3_swir.gif,D:\usgs_splib07\../GIFplots/GIFplots_splib07a/plots_by_wavelength_region/range4_swir_to_mir/splib07a_BHVO-2F+4%_Ammonia_86K_NIC4aa_RREF_range4_swir_to_mir.gif,D:\usgs_splib07\../GIFplots/GIFplots_splib07a/plots_by_wavelength_region/range5_swir_to_fir_wavenumber/splib07a_BHVO-2F+4%_Ammonia_86K_NIC4aa_RREF_range5_swir_to_fir_wavenumber.gif,D:\usgs_splib07\../GIFplots/GIFplots_splib07a/splib07a_Wavelengths_NIC4_Nicolet_1.12-216microns.gif,D:\usgs_splib07\../GIFplots/GIFplots_splib07a/splib07a_Bandpass_(FWHM)_NIC4_Nicolet_in_microns.gif
BHVO-2F+4%_Benzene 84K       NIC4aa RREF,D:\usgs_splib07\../HTMLmetadata/BHVO-2F+4%_Benzene_84K_NIC4aa_RREF.html,D:\usgs_splib07\../ASCIIdata/ASCIIdata_splib07a/ChapterO_OrganicCompounds/splib07a_BHVO-2F+4%_Benzene_84K_NIC4aa_RREF.txt,,D:\usgs_splib07\../ASCIIdata/ASCIIdata_splib07a/splib07a_Wavelengths_NIC4_Nicolet_1.12-216microns.txt,D:\usgs_splib07\../ASCIIdata/ASCIIdata_splib07a/splib07a_Bandpass_(FWHM)_NIC4_Nicolet_in_microns.txt,D:\usgs_splib07\../GIFplots/GIFplots_splib07a/ChapterO_OrganicCompounds/splib07a_BHVO-2F+4%_Benzene_84K_NIC4aa_RREF.gif,,D:\usgs_splib07\../GIFplots/GIFplots_splib07a/plots_by_wavelength_region/range2_visible_to_swir/splib07a_BHVO-2F+4%_Benzene_84K_NIC4aa_RREF_range2_vis_to_swir.gif,D:\usgs_splib07\../GIFplots/GIFplots_splib07a/plots_by_wavelength_region/range3_swir/splib07a_BHVO-2F+4%_Benzene_84K_NIC4aa_RREF_range3_swir.gif,D:\usgs_splib07\../GIFplots/GIFplots_splib07a/plots_by_wavelength_region/range4_swir_to_mir/splib07a_BHVO-2F+4%_Benzene_84K_NIC4aa_RREF_range4_swir_to_mir.gif,D:\usgs_splib07\../GIFplots/GIFplots_splib07a/plots_by_wavelength_region/range5_swir_to_fir_wavenumber/splib07a_BHVO-2F+4%_Benzene_84K_NIC4aa_RREF_range5_swir_to_fir_wavenumber.gif,D:\usgs_splib07\../GIFplots/GIFplots_splib07a/splib07a_Wavelengths_NIC4_Nicolet_1.12-216microns.gif,D:\usgs_splib07\../GIFplots/GIFplots_splib07a/splib07a_Bandpass_(FWHM)_NIC4_Nicolet_in_microns.gif
BHVO-2F+4%_BenzylAlcohol     NIC4aa RREF,D:\usgs_splib07\../HTMLmetadata/BHVO-2F+4%_BenzylAlcohol_NIC4aa_RREF.html,D:\usgs_splib07\../ASCIIdata/ASCIIdata_splib07a/ChapterO_OrganicCompounds/splib07a_BHVO-2F+4%_BenzylAlcohol_NIC4aa_RREF.txt,,D:\usgs_splib07\../ASCIIdata/ASCIIdata_splib07a/splib07a_Wavelengths_NIC4_Nicolet_1.12-216microns.txt,D:\usgs_splib07\../ASCIIdata/ASCIIdata_splib07a/splib07a_Bandpass_(FWHM)_NIC4_Nicolet_in_microns.txt,D:\usgs_splib07\../GIFplots/GIFplots_splib07a/ChapterO_OrganicCompounds/splib07a_BHVO-2F+4%_BenzylAlcohol_NIC4aa_RREF.gif,,D:\usgs_splib07\../GIFplots/GIFplots_splib07a/plots_by_wavelength_region/range2_visible_to_swir/splib07a_BHVO-2F+4%_BenzylAlcohol_NIC4aa_RREF_range2_vis_to_swir.gif,D:\usgs_splib07\../GIFplots/GIFplots_splib07a/plots_by_wavelength_region/range3_swir/splib07a_BHVO-2F+4%_BenzylAlcohol_NIC4aa_RREF_range3_swir.gif,D:\usgs_splib07\../GIFplots/GIFplots_splib07a/plots_by_wavelength_region/range4_swir_to_mir/splib07a_BHVO-2F+4%_BenzylAlcohol_NIC4aa_RREF_range4_swir_to_mir.gif,D:\usgs_splib07\../GIFplots/GIFplots_splib07a/plots_by_wavelength_region/range5_swir_to_fir_wavenumber/splib07a_BHVO-2F+4%_BenzylAlcohol_NIC4aa_RREF_range5_swir_to_fir_wavenumber.gif,D:\usgs_splib07\../GIFplots/GIFplots_splib07a/splib07a_Wavelengths_NIC4_Nicolet_1.12-216microns.gif,D:\usgs_splib07\../GIFplots/GIFplots_splib07a/splib07a_Bandpass_(FWHM)_NIC4_Nicolet_in_microns.gif
BHVO-2F+4%_BenzylAlcohol 83K NIC4aa RREF,D:\usgs_splib07\../HTMLmetadata/BHVO-2F+4%_BenzylAlcohol_83K_NIC4aa_RREF.html,D:\usgs_splib07\../ASCIIdata/ASCIIdata_splib07a/ChapterO_OrganicCompounds/splib07a_BHVO-2F+4%_BenzylAlcohol_83K_NIC4aa_RREF.txt,,D:\usgs_splib07\../ASCIIdata/ASCIIdata_splib07a/splib07a_Wavelengths_NIC4_Nicolet_1.12-216microns.txt,D:\usgs_splib07\../ASCIIdata/ASCIIdata_splib07a/splib07a_Bandpass_(FWHM)_NIC4_Nicolet_in_microns.txt,D:\usgs_splib07\../GIFplots/GIFplots_splib07a/ChapterO_OrganicCompounds/splib07a_BHVO-2F+4%_BenzylAlcohol_83K_NIC4aa_RREF.gif,,D:\usgs_splib07\../GIFplots/GIFplots_splib07a/plots_by_wavelength_region/range2_visible_to_swir/splib07a_BHVO-2F+4%_BenzylAlcohol_83K_NIC4aa_RREF_range2_vis_to_swir.gif,D:\usgs_splib07\../GIFplots/GIFplots_splib07a/plots_by_wavelength_region/range3_swir/splib07a_BHVO-2F+4%_BenzylAlcohol_83K_NIC4aa_RREF_range3_swir.gif,D:\usgs_splib07\../GIFplots/GIFplots_splib07a/plots_by_wavelength_region/range4_swir_to_mir/splib07a_BHVO-2F+4%_BenzylAlcohol_83K_NIC4aa_RREF_range4_swir_to_mir.gif,D:\usgs_splib07\../GIFplots/GIFplots_splib07a/plots_by_wavelength_region/range5_swir_to_fir_wavenumber/splib07a_BHVO-2F+4%_BenzylAlcohol_83K_NIC4aa_RREF_range5_swir_to_fir_wavenumber.gif,D:\usgs_splib07\../GIFplots/GIFplots_splib07a/splib07a_Wavelengths_NIC4_Nicolet_1.12-216microns.gif,D:\usgs_splib07\../GIFplots/GIFplots_splib07a/splib07a_Bandpass_(FWHM)_NIC4_Nicolet_in_microns.gif
BHVO-2F+4%_Benzylamine       NIC4aa RREF,D:\usgs_splib07\../HTMLmetadata/BHVO-2F+4%_Benzylamine_NIC4aa_RREF.html,D:\usgs_splib07\../ASCIIdata/ASCIIdata_splib07a/ChapterO_OrganicCompounds/splib07a_BHVO-2F+4%_Benzylamine_NIC4aa_RREF.txt,,D:\usgs_splib07\../ASCIIdata/ASCIIdata_splib07a/splib07a_Wavelengths_NIC4_Nicolet_1.12-216microns.txt,D:\usgs_splib07\../ASCIIdata/ASCIIdata_splib07a/splib07a_Bandpass_(FWHM)_NIC4_Nicolet_in_microns.txt,D:\usgs_splib07\../GIFplots/GIFplots_splib07a/ChapterO_OrganicCompounds/splib07a_BHVO-2F+4%_Benzylamine_NIC4aa_RREF.gif,,D:\usgs_splib07\../GIFplots/GIFplots_splib07a/plots_by_wavelength_region/range2_visible_to_swir/splib07a_BHVO-2F+4%_Benzylamine_NIC4aa_RREF_range2_vis_to_swir.gif,D:\usgs_splib07\../GIFplots/GIFplots_splib07a/plots_by_wavelength_region/range3_swir/splib07a_BHVO-2F+4%_Benzylamine_NIC4aa_RREF_range3_swir.gif,D:\usgs_splib07\../GIFplots/GIFplots_splib07a/plots_by_wavelength_region/range4_swir_to_mir/splib07a_BHVO-2F+4%_Benzylamine_NIC4aa_RREF_range4_swir_to_mir.gif,D:\usgs_splib07\../GIFplots/GIFplots_splib07a/plots_by_wavelength_region/range5_swir_to_fir_wavenumber/splib07a_BHVO-2F+4%_Benzylamine_NIC4aa_RREF_range5_swir_to_fir_wavenumber.gif,D:\usgs_splib07\../GIFplots/GIFplots_splib07a/splib07a_Wavelengths_NIC4_Nicolet_1.12-216microns.gif,D:\usgs_splib07\../GIFplots/GIFplots_splib07a/splib07a_Bandpass_(FWHM)_NIC4_Nicolet_in_microns.gif
BHVO-2F+4%_Benzylamine 86K   NIC4aa RREF,D:\usgs_splib07\../HTMLmetadata/BHVO-2F+4%_Benzylamine_86K_NIC4aa_RREF.html,D:\usgs_splib07\../ASCIIdata/ASCIIdata_splib07a/ChapterO_OrganicCompounds/splib07a_BHVO-2F+4%_Benzylamine_86K_NIC4aa_RREF.txt,,D:\usgs_splib07\../ASCIIdata/ASCIIdata_splib07a/splib07a_Wavelengths_NIC4_Nicolet_1.12-216microns.txt,D:\usgs_splib07\../ASCIIdata/ASCIIdata_splib07a/splib07a_Bandpass_(FWHM)_NIC4_Nicolet_in_microns.txt,D:\usgs_splib07\../GIFplots/GIFplots_splib07a/ChapterO_OrganicCompounds/splib07a_BHVO-2F+4%_Benzylamine_86K_NIC4aa_RREF.gif,,D:\usgs_splib07\../GIFplots/GIFplots_splib07a/plots_by_wavelength_region/range2_visible_to_swir/splib07a_BHVO-2F+4%_Benzylamine_86K_NIC4aa_RREF_range2_vis_to_swir.gif,D:\usgs_splib07\../GIFplots/GIFplots_splib07a/plots_by_wavelength_region/range3_swir/splib07a_BHVO-2F+4%_Benzylamine_86K_NIC4aa_RREF_range3_swir.gif,D:\usgs_splib07\../GIFplots/GIFplots_splib07a/plots_by_wavelength_region/range4_swir_to_mir/splib07a_BHVO-2F+4%_Benzylamine_86K_NIC4aa_RREF_range4_swir_to_mir.gif,D:\usgs_splib07\../GIFplots/GIFplots_splib07a/plots_by_wavelength_region/range5_swir_to_fir_wavenumber/splib07a_BHVO-2F+4%_Benzylamine_86K_NIC4aa_RREF_range5_swir_to_fir_wavenumber.gif,D:\usgs_splib07\../GIFplots/GIFplots_splib07a/splib07a_Wavelengths_NIC4_Nicolet_1.12-216microns.gif,D:\usgs_splib07\../GIFplots/GIFplots_splib07a/splib07a_Bandpass_(FWHM)_NIC4_Nicolet_in_microns.gif
BHVO-2F+4%_1-CNbnzcyclobute  NIC4aa RREF,D:\usgs_splib07\../HTMLmetadata/BHVO-2F+4%_1-CNbnzcyclobute_NIC4aa_RREF.html,D:\usgs_splib07\../ASCIIdata/ASCIIdata_splib07a/ChapterO_OrganicCompounds/splib07a_BHVO-2F+4%_1-CNbnzcyclobute_NIC4aa_RREF.txt,,D:\usgs_splib07\../ASCIIdata/ASCIIdata_splib07a/splib07a_Wavelengths_NIC4_Nicolet_1.12-216microns.txt,D:\usgs_splib07\../ASCIIdata/ASCIIdata_splib07a/splib07a_Bandpass_(FWHM)_NIC4_Nicolet_in_microns.txt,D:\usgs_splib07\../GIFplots/GIFplots_splib07a/ChapterO_OrganicCompounds/splib07a_BHVO-2F+4%_1-CNbnzcyclobute_NIC4aa_RREF.gif,,D:\usgs_splib07\../GIFplots/GIFplots_splib07a/plots_by_wavelength_region/range2_visible_to_swir/splib07a_BHVO-2F+4%_1-CNbnzcyclobute_NIC4aa_RREF_range2_vis_to_swir.gif,D:\usgs_splib07\../GIFplots/GIFplots_splib07a/plots_by_wavelength_region/range3_swir/splib07a_BHVO-2F+4%_1-CNbnzcyclobute_NIC4aa_RREF_range3_swir.gif,D:\usgs_splib07\../GIFplots/GIFplots_splib07a/plots_by_wavelength_region/range4_swir_to_mir/splib07a_BHVO-2F+4%_1-CNbnzcyclobute_NIC4aa_RREF_range4_swir_to_mir.gif,D:\usgs_splib07\../GIFplots/GIFplots_splib07a/plots_by_wavelength_region/range5_swir_to_fir_wavenumber/splib07a_BHVO-2F+4%_1-CNbnzcyclobute_NIC4aa_RREF_range5_swir_to_fir_wavenumber.gif,D:\usgs_splib07\../GIFplots/GIFplots_splib07a/splib07a_Wavelengths_NIC4_Nicolet_1.12-216microns.gif,D:\usgs_splib07\../GIFplots/GIFplots_splib07a/splib07a_Bandpass_(FWHM)_NIC4_Nicolet_in_microns.gif
BHVO-2F+4%_1-CNbnzcyclo 85K  NIC4aa RREF,D:\usgs_splib07\../HTMLmetadata/BHVO-2F+4%_1-CNbnzcyclo_85K_NIC4aa_RREF.html,D:\usgs_splib07\../ASCIIdata/ASCIIdata_splib07a/ChapterO_OrganicCompounds/splib07a_BHVO-2F+4%_1-CNbnzcyclo_85K_NIC4aa_RREF.txt,,D:\usgs_splib07\../ASCIIdata/ASCIIdata_splib07a/splib07a_Wavelengths_NIC4_Nicolet_1.12-216microns.txt,D:\usgs_splib07\../ASCIIdata/ASCIIdata_splib07a/splib07a_Bandpass_(FWHM)_NIC4_Nicolet_in_microns.txt,D:\usgs_splib07\../GIFplots/GIFplots_splib07a/ChapterO_OrganicCompounds/splib07a_BHVO-2F+4%_1-CNbnzcyclo_85K_NIC4aa_RREF.gif,,D:\usgs_splib07\../GIFplots/GIFplots_splib07a/plots_by_wavelength_region/range2_visible_to_swir/splib07a_BHVO-2F+4%_1-CNbnzcyclo_85K_NIC4aa_RREF_range2_vis_to_swir.gif,D:\usgs_splib07\../GIFplots/GIFplots_splib07a/plots_by_wavelength_region/range3_swir/splib07a_BHVO-2F+4%_1-CNbnzcyclo_85K_NIC4aa_RREF_range3_swir.gif,D:\usgs_splib07\../GIFplots/GIFplots_splib07a/plots_by_wavelength_region/range4_swir_to_mir/splib07a_BHVO-2F+4%_1-CNbnzcyclo_85K_NIC4aa_RREF_range4_swir_to_mir.gif,D:\usgs_splib07\../GIFplots/GIFplots_splib07a/plots_by_wavelength_region/range5_swir_to_fir_wavenumber/splib07a_BHVO-2F+4%_1-CNbnzcyclo_85K_NIC4aa_RREF_range5_swir_to_fir_wavenumber.gif,D:\usgs_splib07\../GIFplots/GIFplots_splib07a/splib07a_Wavelengths_NIC4_Nicolet_1.12-216microns.gif,D:\usgs_splib07\../GIFplots/GIFplots_splib07a/splib07a_Bandpass_(FWHM)_NIC4_Nicolet_in_microns.gif
BHVO-2F+4%_Chloroform        NIC4aa RREF,D:\usgs_splib07\../HTMLmetadata/BHVO-2F+4%_Chloroform_NIC4aa_RREF.html,D:\usgs_splib07\../ASCIIdata/ASCIIdata_splib07a/ChapterO_OrganicCompounds/splib07a_BHVO-2F+4%_Chloroform_NIC4aa_RREF.txt,,D:\usgs_splib07\../ASCIIdata/ASCIIdata_splib07a/splib07a_Wavelengths_NIC4_Nicolet_1.12-216microns.txt,D:\usgs_splib07\../ASCIIdata/ASCIIdata_splib07a/splib07a_Bandpass_(FWHM)_NIC4_Nicolet_in_microns.txt,D:\usgs_splib07\../GIFplots/GIFplots_splib07a/ChapterO_OrganicCompounds/splib07a_BHVO-2F+4%_Chloroform_NIC4aa_RREF.gif,,D:\usgs_splib07\../GIFplots/GIFplots_splib07a/plots_by_wavelength_region/range2_visible_to_swir/splib07a_BHVO-2F+4%_Chloroform_NIC4aa_RREF_range2_vis_to_swir.gif,D:\usgs_splib07\../GIFplots/GIFplots_splib07a/plots_by_wavelength_region/range3_swir/splib07a_BHVO-2F+4%_Chloroform_NIC4aa_RREF_range3_swir.gif,D:\usgs_splib07\../GIFplots/GIFplots_splib07a/plots_by_wavelength_region/range4_swir_to_mir/splib07a_BHVO-2F+4%_Chloroform_NIC4aa_RREF_range4_swir_to_mir.gif,D:\usgs_splib07\../GIFplots/GIFplots_splib07a/plots_by_wavelength_region/range5_swir_to_fir_wavenumber/splib07a_BHVO-2F+4%_Chloroform_NIC4aa_RREF_range5_swir_to_fir_wavenumber.gif,D:\usgs_splib07\../GIFplots/GIFplots_splib07a/splib07a_Wavelengths_NIC4_Nicolet_1.12-216microns.gif,D:\usgs_splib07\../GIFplots/GIFplots_splib07a/splib07a_Bandpass_(FWHM)_NIC4_Nicolet_in_microns.gif
BHVO-2F+4%_Chloroform 85K    NIC4aa RREF,D:\usgs_splib07\../HTMLmetadata/BHVO-2F+4%_Chloroform_85K_NIC4aa_RREF.html,D:\usgs_splib07\../ASCIIdata/ASCIIdata_splib07a/ChapterO_OrganicCompounds/splib07a_BHVO-2F+4%_Chloroform_85K_NIC4aa_RREF.txt,,D:\usgs_splib07\../ASCIIdata/ASCIIdata_splib07a/splib07a_Wavelengths_NIC4_Nicolet_1.12-216microns.txt,D:\usgs_splib07\../ASCIIdata/ASCIIdata_splib07a/splib07a_Bandpass_(FWHM)_NIC4_Nicolet_in_microns.txt,D:\usgs_splib07\../GIFplots/GIFplots_splib07a/ChapterO_OrganicCompounds/splib07a_BHVO-2F+4%_Chloroform_85K_NIC4aa_RREF.gif,,D:\usgs_splib07\../GIFplots/GIFplots_splib07a/plots_by_wavelength_region/range2_visible_to_swir/splib07a_BHVO-2F+4%_Chloroform_85K_NIC4aa_RREF_range2_vis_to_swir.gif,D:\usgs_splib07\../GIFplots/GIFplots_splib07a/plots_by_wavelength_region/range3_swir/splib07a_BHVO-2F+4%_Chloroform_85K_NIC4aa_RREF_range3_swir.gif,D:\usgs_splib07\../GIFplots/GIFplots_splib07a/plots_by_wavelength_region/range4_swir_to_mir/splib07a_BHVO-2F+4%_Chloroform_85K_NIC4aa_RREF_range4_swir_to_mir.gif,D:\usgs_splib07\../GIFplots/GIFplots_splib07a/plots_by_wavelength_region/range5_swir_to_fir_wavenumber/splib07a_BHVO-2F+4%_Chloroform_85K_NIC4aa_RREF_range5_swir_to_fir_wavenumber.gif,D:\usgs_splib07\../GIFplots/GIFplots_splib07a/splib07a_Wavelengths_NIC4_Nicolet_1.12-216microns.gif,D:\usgs_splib07\../GIFplots/GIFplots_splib07a/splib07a_Bandpass_(FWHM)_NIC4_Nicolet_in_microns.gif
BHVO-2F+4%_Cyclohexane       NIC4aa RREF,D:\usgs_splib07\../HTMLmetadata/BHVO-2F+4%_Cyclohexane_NIC4aa_RREF.html,D:\usgs_splib07\../ASCIIdata/ASCIIdata_splib07a/ChapterO_OrganicCompounds/splib07a_BHVO-2F+4%_Cyclohexane_NIC4aa_RREF.txt,,D:\usgs_splib07\../ASCIIdata/ASCIIdata_splib07a/splib07a_Wavelengths_NIC4_Nicolet_1.12-216microns.txt,D:\usgs_splib07\../ASCIIdata/ASCIIdata_splib07a/splib07a_Bandpass_(FWHM)_NIC4_Nicolet_in_microns.txt,D:\usgs_splib07\../GIFplots/GIFplots_splib07a/ChapterO_OrganicCompounds/splib07a_BHVO-2F+4%_Cyclohexane_NIC4aa_RREF.gif,,D:\usgs_splib07\../GIFplots/GIFplots_splib07a/plots_by_wavelength_region/range2_visible_to_swir/splib07a_BHVO-2F+4%_Cyclohexane_NIC4aa_RREF_range2_vis_to_swir.gif,D:\usgs_splib07\../GIFplots/GIFplots_splib07a/plots_by_wavelength_region/range3_swir/splib07a_BHVO-2F+4%_Cyclohexane_NIC4aa_RREF_range3_swir.gif,D:\usgs_splib07\../GIFplots/GIFplots_splib07a/plots_by_wavelength_region/range4_swir_to_mir/splib07a_BHVO-2F+4%_Cyclohexane_NIC4aa_RREF_range4_swir_to_mir.gif,D:\usgs_splib07\../GIFplots/GIFplots_splib07a/plots_by_wavelength_region/range5_swir_to_fir_wavenumber/splib07a_BHVO-2F+4%_Cyclohexane_NIC4aa_RREF_range5_swir_to_fir_wavenumber.gif,D:\usgs_splib07\../GIFplots/GIFplots_splib07a/splib07a_Wavelengths_NIC4_Nicolet_1.12-216microns.gif,D:\usgs_splib07\../GIFplots/GIFplots_splib07a/splib07a_Bandpass_(FWHM)_NIC4_Nicolet_in_microns.gif
BHVO-2F+4%_Cyclohexane 85K   NIC4aa RREF,D:\usgs_splib07\../HTMLmetadata/BHVO-2F+4%_Cyclohexane_85K_NIC4aa_RREF.html,D:\usgs_splib07\../ASCIIdata/ASCIIdata_splib07a/ChapterO_OrganicCompounds/splib07a_BHVO-2F+4%_Cyclohexane_85K_NIC4aa_RREF.txt,,D:\usgs_splib07\../ASCIIdata/ASCIIdata_splib07a/splib07a_Wavelengths_NIC4_Nicolet_1.12-216microns.txt,D:\usgs_splib07\../ASCIIdata/ASCIIdata_splib07a/splib07a_Bandpass_(FWHM)_NIC4_Nicolet_in_microns.txt,D:\usgs_splib07\../GIFplots/GIFplots_splib07a/ChapterO_OrganicCompounds/splib07a_BHVO-2F+4%_Cyclohexane_85K_NIC4aa_RREF.gif,,D:\usgs_splib07\../GIFplots/GIFplots_splib07a/plots_by_wavelength_region/range2_visible_to_swir/splib07a_BHVO-2F+4%_Cyclohexane_85K_NIC4aa_RREF_range2_vis_to_swir.gif,D:\usgs_splib07\../GIFplots/GIFplots_splib07a/plots_by_wavelength_region/range3_swir/splib07a_BHVO-2F+4%_Cyclohexane_85K_NIC4aa_RREF_range3_swir.gif,D:\usgs_splib07\../GIFplots/GIFplots_splib07a/plots_by_wavelength_region/range4_swir_to_mir/splib07a_BHVO-2F+4%_Cyclohexane_85K_NIC4aa_RREF_range4_swir_to_mir.gif,D:\usgs_splib07\../GIFplots/GIFplots_splib07a/plots_by_wavelength_region/range5_swir_to_fir_wavenumber/splib07a_BHVO-2F+4%_Cyclohexane_85K_NIC4aa_RREF_range5_swir_to_fir_wavenumber.gif,D:\usgs_splib07\../GIFplots/GIFplots_splib07a/splib07a_Wavelengths_NIC4_Nicolet_1.12-216microns.gif,D:\usgs_splib07\../GIFplots/GIFplots_splib07a/splib07a_Bandpass_(FWHM)_NIC4_Nicolet_in_microns.gif
BHVO-2F+4%_Cyclopentane      NIC4aa RREF,D:\usgs_splib07\../HTMLmetadata/BHVO-2F+4%_Cyclopentane_NIC4aa_RREF.html,D:\usgs_splib07\../ASCIIdata/ASCIIdata_splib07a/ChapterO_OrganicCompounds/splib07a_BHVO-2F+4%_Cyclopentane_NIC4aa_RREF.txt,,D:\usgs_splib07\../ASCIIdata/ASCIIdata_splib07a/splib07a_Wavelengths_NIC4_Nicolet_1.12-216microns.txt,D:\usgs_splib07\../ASCIIdata/ASCIIdata_splib07a/splib07a_Bandpass_(FWHM)_NIC4_Nicolet_in_microns.txt,D:\usgs_splib07\../GIFplots/GIFplots_splib07a/ChapterO_OrganicCompounds/splib07a_BHVO-2F+4%_Cyclopentane_NIC4aa_RREF.gif,,D:\usgs_splib07\../GIFplots/GIFplots_splib07a/plots_by_wavelength_region/range2_visible_to_swir/splib07a_BHVO-2F+4%_Cyclopentane_NIC4aa_RREF_range2_vis_to_swir.gif,D:\usgs_splib07\../GIFplots/GIFplots_splib07a/plots_by_wavelength_region/range3_swir/splib07a_BHVO-2F+4%_Cyclopentane_NIC4aa_RREF_range3_swir.gif,D:\usgs_splib07\../GIFplots/GIFplots_splib07a/plots_by_wavelength_region/range4_swir_to_mir/splib07a_BHVO-2F+4%_Cyclopentane_NIC4aa_RREF_range4_swir_to_mir.gif,D:\usgs_splib07\../GIFplots/GIFplots_splib07a/plots_by_wavelength_region/range5_swir_to_fir_wavenumber/splib07a_BHVO-2F+4%_Cyclopentane_NIC4aa_RREF_range5_swir_to_fir_wavenumber.gif,D:\usgs_splib07\../GIFplots/GIFplots_splib07a/splib07a_Wavelengths_NIC4_Nicolet_1.12-216microns.gif,D:\usgs_splib07\../GIFplots/GIFplots_splib07a/splib07a_Bandpass_(FWHM)_NIC4_Nicolet_in_microns.gif
BHVO-2F+4%_Cyclopentane 85K  NIC4aa RREF,D:\usgs_splib07\../HTMLmetadata/BHVO-2F+4%_Cyclopentane_85K_NIC4aa_RREF.html,D:\usgs_splib07\../ASCIIdata/ASCIIdata_splib07a/ChapterO_OrganicCompounds/splib07a_BHVO-2F+4%_Cyclopentane_85K_NIC4aa_RREF.txt,,D:\usgs_splib07\../ASCIIdata/ASCIIdata_splib07a/splib07a_Wavelengths_NIC4_Nicolet_1.12-216microns.txt,D:\usgs_splib07\../ASCIIdata/ASCIIdata_splib07a/splib07a_Bandpass_(FWHM)_NIC4_Nicolet_in_microns.txt,D:\usgs_splib07\../GIFplots/GIFplots_splib07a/ChapterO_OrganicCompounds/splib07a_BHVO-2F+4%_Cyclopentane_85K_NIC4aa_RREF.gif,,D:\usgs_splib07\../GIFplots/GIFplots_splib07a/plots_by_wavelength_region/range2_visible_to_swir/splib07a_BHVO-2F+4%_Cyclopentane_85K_NIC4aa_RREF_range2_vis_to_swir.gif,D:\usgs_splib07\../GIFplots/GIFplots_splib07a/plots_by_wavelength_region/range3_swir/splib07a_BHVO-2F+4%_Cyclopentane_85K_NIC4aa_RREF_range3_swir.gif,D:\usgs_splib07\../GIFplots/GIFplots_splib07a/plots_by_wavelength_region/range4_swir_to_mir/splib07a_BHVO-2F+4%_Cyclopentane_85K_NIC4aa_RREF_range4_swir_to_mir.gif,D:\usgs_splib07\../GIFplots/GIFplots_splib07a/plots_by_wavelength_region/range5_swir_to_fir_wavenumber/splib07a_BHVO-2F+4%_Cyclopentane_85K_NIC4aa_RREF_range5_swir_to_fir_wavenumber.gif,D:\usgs_splib07\../GIFplots/GIFplots_splib07a/splib07a_Wavelengths_NIC4_Nicolet_1.12-216microns.gif,D:\usgs_splib07\../GIFplots/GIFplots_splib07a/splib07a_Bandpass_(FWHM)_NIC4_Nicolet_in_microns.gif
BHVO-2F+4%_Decalin           NIC4aa RREF,D:\usgs_splib07\../HTMLmetadata/BHVO-2F+4%_Decalin_NIC4aa_RREF.html,D:\usgs_splib07\../ASCIIdata/ASCIIdata_splib07a/ChapterO_OrganicCompounds/splib07a_BHVO-2F+4%_Decalin_NIC4aa_RREF.txt,,D:\usgs_splib07\../ASCIIdata/ASCIIdata_splib07a/splib07a_Wavelengths_NIC4_Nicolet_1.12-216microns.txt,D:\usgs_splib07\../ASCIIdata/ASCIIdata_splib07a/splib07a_Bandpass_(FWHM)_NIC4_Nicolet_in_microns.txt,D:\usgs_splib07\../GIFplots/GIFplots_splib07a/ChapterO_OrganicCompounds/splib07a_BHVO-2F+4%_Decalin_NIC4aa_RREF.gif,,D:\usgs_splib07\../GIFplots/GIFplots_splib07a/plots_by_wavelength_region/range2_visible_to_swir/splib07a_BHVO-2F+4%_Decalin_NIC4aa_RREF_range2_vis_to_swir.gif,D:\usgs_splib07\../GIFplots/GIFplots_splib07a/plots_by_wavelength_region/range3_swir/splib07a_BHVO-2F+4%_Decalin_NIC4aa_RREF_range3_swir.gif,D:\usgs_splib07\../GIFplots/GIFplots_splib07a/plots_by_wavelength_region/range4_swir_to_mir/splib07a_BHVO-2F+4%_Decalin_NIC4aa_RREF_range4_swir_to_mir.gif,D:\usgs_splib07\../GIFplots/GIFplots_splib07a/plots_by_wavelength_region/range5_swir_to_fir_wavenumber/splib07a_BHVO-2F+4%_Decalin_NIC4aa_RREF_range5_swir_to_fir_wavenumber.gif,D:\usgs_splib07\../GIFplots/GIFplots_splib07a/splib07a_Wavelengths_NIC4_Nicolet_1.12-216microns.gif,D:\usgs_splib07\../GIFplots/GIFplots_splib07a/splib07a_Bandpass_(FWHM)_NIC4_Nicolet_in_microns.gif
BHVO-2F+7% Decane            NIC4aa RREF,D:\usgs_splib07\../HTMLmetadata/BHVO-2F+7%_Decane_NIC4aa_RREF.html,D:\usgs_splib07\../ASCIIdata/ASCIIdata_splib07a/ChapterO_OrganicCompounds/splib07a_BHVO-2F+7%_Decane_NIC4aa_RREF.txt,,D:\usgs_splib07\../ASCIIdata/ASCIIdata_splib07a/splib07a_Wavelengths_NIC4_Nicolet_1.12-216microns.txt,D:\usgs_splib07\../ASCIIdata/ASCIIdata_splib07a/splib07a_Bandpass_(FWHM)_NIC4_Nicolet_in_microns.txt,D:\usgs_splib07\../GIFplots/GIFplots_splib07a/ChapterO_OrganicCompounds/splib07a_BHVO-2F+7%_Decane_NIC4aa_RREF.gif,,D:\usgs_splib07\../GIFplots/GIFplots_splib07a/plots_by_wavelength_region/range2_visible_to_swir/splib07a_BHVO-2F+7%_Decane_NIC4aa_RREF_range2_vis_to_swir.gif,D:\usgs_splib07\../GIFplots/GIFplots_splib07a/plots_by_wavelength_region/range3_swir/splib07a_BHVO-2F+7%_Decane_NIC4aa_RREF_range3_swir.gif,D:\usgs_splib07\../GIFplots/GIFplots_splib07a/plots_by_wavelength_region/range4_swir_to_mir/splib07a_BHVO-2F+7%_Decane_NIC4aa_RREF_range4_swir_to_mir.gif,D:\usgs_splib07\../GIFplots/GIFplots_splib07a/plots_by_wavelength_region/range5_swir_to_fir_wavenumber/splib07a_BHVO-2F+7%_Decane_NIC4aa_RREF_range5_swir_to_fir_wavenumber.gif,D:\usgs_splib07\../GIFplots/GIFplots_splib07a/splib07a_Wavelengths_NIC4_Nicolet_1.12-216microns.gif,D:\usgs_splib07\../GIFplots/GIFplots_splib07a/splib07a_Bandpass_(FWHM)_NIC4_Nicolet_in_microns.gif
BHVO-2F+4%_Decane 85K        NIC4aa RREF,D:\usgs_splib07\../HTMLmetadata/BHVO-2F+4%_Decane_85K_NIC4aa_RREF.html,D:\usgs_splib07\../ASCIIdata/ASCIIdata_splib07a/ChapterO_OrganicCompounds/splib07a_BHVO-2F+4%_Decane_85K_NIC4aa_RREF.txt,,D:\usgs_splib07\../ASCIIdata/ASCIIdata_splib07a/splib07a_Wavelengths_NIC4_Nicolet_1.12-216microns.txt,D:\usgs_splib07\../ASCIIdata/ASCIIdata_splib07a/splib07a_Bandpass_(FWHM)_NIC4_Nicolet_in_microns.txt,D:\usgs_splib07\../GIFplots/GIFplots_splib07a/ChapterO_OrganicCompounds/splib07a_BHVO-2F+4%_Decane_85K_NIC4aa_RREF.gif,,D:\usgs_splib07\../GIFplots/GIFplots_splib07a/plots_by_wavelength_region/range2_visible_to_swir/splib07a_BHVO-2F+4%_Decane_85K_NIC4aa_RREF_range2_vis_to_swir.gif,D:\usgs_splib07\../GIFplots/GIFplots_splib07a/plots_by_wavelength_region/range3_swir/splib07a_BHVO-2F+4%_Decane_85K_NIC4aa_RREF_range3_swir.gif,D:\usgs_splib07\../GIFplots/GIFplots_splib07a/plots_by_wavelength_region/range4_swir_to_mir/splib07a_BHVO-2F+4%_Decane_85K_NIC4aa_RREF_range4_swir_to_mir.gif,D:\usgs_splib07\../GIFplots/GIFplots_splib07a/plots_by_wavelength_region/range5_swir_to_fir_wavenumber/splib07a_BHVO-2F+4%_Decane_85K_NIC4aa_RREF_range5_swir_to_fir_wavenumber.gif,D:\usgs_splib07\../GIFplots/GIFplots_splib07a/splib07a_Wavelengths_NIC4_Nicolet_1.12-216microns.gif,D:\usgs_splib07\../GIFplots/GIFplots_splib07a/splib07a_Bandpass_(FWHM)_NIC4_Nicolet_in_microns.gif
BHVO-2F+4%_1-Decene          NIC4aa RREF,D:\usgs_splib07\../HTMLmetadata/BHVO-2F+4%_1-Decene_NIC4aa_RREF.html,D:\usgs_splib07\../ASCIIdata/ASCIIdata_splib07a/ChapterO_OrganicCompounds/splib07a_BHVO-2F+4%_1-Decene_NIC4aa_RREF.txt,,D:\usgs_splib07\../ASCIIdata/ASCIIdata_splib07a/splib07a_Wavelengths_NIC4_Nicolet_1.12-216microns.txt,D:\usgs_splib07\../ASCIIdata/ASCIIdata_splib07a/splib07a_Bandpass_(FWHM)_NIC4_Nicolet_in_microns.txt,D:\usgs_splib07\../GIFplots/GIFplots_splib07a/ChapterO_OrganicCompounds/splib07a_BHVO-2F+4%_1-Decene_NIC4aa_RREF.gif,,D:\usgs_splib07\../GIFplots/GIFplots_splib07a/plots_by_wavelength_region/range2_visible_to_swir/splib07a_BHVO-2F+4%_1-Decene_NIC4aa_RREF_range2_vis_to_swir.gif,D:\usgs_splib07\../GIFplots/GIFplots_splib07a/plots_by_wavelength_region/range3_swir/splib07a_BHVO-2F+4%_1-Decene_NIC4aa_RREF_range3_swir.gif,D:\usgs_splib07\../GIFplots/GIFplots_splib07a/plots_by_wavelength_region/range4_swir_to_mir/splib07a_BHVO-2F+4%_1-Decene_NIC4aa_RREF_range4_swir_to_mir.gif,D:\usgs_splib07\../GIFplots/GIFplots_splib07a/plots_by_wavelength_region/range5_swir_to_fir_wavenumber/splib07a_BHVO-2F+4%_1-Decene_NIC4aa_RREF_range5_swir_to_fir_wavenumber.gif,D:\usgs_splib07\../GIFplots/GIFplots_splib07a/splib07a_Wavelengths_NIC4_Nicolet_1.12-216microns.gif,D:\usgs_splib07\../GIFplots/GIFplots_splib07a/splib07a_Bandpass_(FWHM)_NIC4_Nicolet_in_microns.gif
BHVO-2F+4% 1-Decene 87K      NIC4AA RREF,D:\usgs_splib07\../HTMLmetadata/BHVO-2F+4%_1-Decene_87K_NIC4AA_RREF.html,D:\usgs_splib07\../ASCIIdata/ASCIIdata_splib07a/ChapterO_OrganicCompounds/splib07a_BHVO-2F+4%_1-Decene_87K_NIC4AA_RREF.txt,,D:\usgs_splib07\../ASCIIdata/ASCIIdata_splib07a/splib07a_Wavelengths_NIC4_Nicolet_1.12-216microns.txt,D:\usgs_splib07\../ASCIIdata/ASCIIdata_splib07a/splib07a_Bandpass_(FWHM)_NIC4_Nicolet_in_microns.txt,D:\usgs_splib07\../GIFplots/GIFplots_splib07a/ChapterO_OrganicCompounds/splib07a_BHVO-2F+4%_1-Decene_87K_NIC4AA_RREF.gif,,D:\usgs_splib07\../GIFplots/GIFplots_splib07a/plots_by_wavelength_region/range2_visible_to_swir/splib07a_BHVO-2F+4%_1-Decene_87K_NIC4AA_RREF_range2_vis_to_swir.gif,D:\usgs_splib07\../GIFplots/GIFplots_splib07a/plots_by_wavelength_region/range3_swir/splib07a_BHVO-2F+4%_1-Decene_87K_NIC4AA_RREF_range3_swir.gif,D:\usgs_splib07\../GIFplots/GIFplots_splib07a/plots_by_wavelength_region/range4_swir_to_mir/splib07a_BHVO-2F+4%_1-Decene_87K_NIC4AA_RREF_range4_swir_to_mir.gif,D:\usgs_splib07\../GIFplots/GIFplots_splib07a/plots_by_wavelength_region/range5_swir_to_fir_wavenumber/splib07a_BHVO-2F+4%_1-Decene_87K_NIC4AA_RREF_range5_swir_to_fir_wavenumber.gif,D:\usgs_splib07\../GIFplots/GIFplots_splib07a/splib07a_Wavelengths_NIC4_Nicolet_1.12-216microns.gif,D:\usgs_splib07\../GIFplots/GIFplots_splib07a/splib07a_Bandpass_(FWHM)_NIC4_Nicolet_in_microns.gif
BHVO-2F+4%_trans-5-Decene    NIC4aa RREF,D:\usgs_splib07\../HTMLmetadata/BHVO-2F+4%_trans-5-Decene_NIC4aa_RREF.html,D:\usgs_splib07\../ASCIIdata/ASCIIdata_splib07a/ChapterO_OrganicCompounds/splib07a_BHVO-2F+4%_trans-5-Decene_NIC4aa_RREF.txt,,D:\usgs_splib07\../ASCIIdata/ASCIIdata_splib07a/splib07a_Wavelengths_NIC4_Nicolet_1.12-216microns.txt,D:\usgs_splib07\../ASCIIdata/ASCIIdata_splib07a/splib07a_Bandpass_(FWHM)_NIC4_Nicolet_in_microns.txt,D:\usgs_splib07\../GIFplots/GIFplots_splib07a/ChapterO_OrganicCompounds/splib07a_BHVO-2F+4%_trans-5-Decene_NIC4aa_RREF.gif,,D:\usgs_splib07\../GIFplots/GIFplots_splib07a/plots_by_wavelength_region/range2_visible_to_swir/splib07a_BHVO-2F+4%_trans-5-Decene_NIC4aa_RREF_range2_vis_to_swir.gif,D:\usgs_splib07\../GIFplots/GIFplots_splib07a/plots_by_wavelength_region/range3_swir/splib07a_BHVO-2F+4%_trans-5-Decene_NIC4aa_RREF_range3_swir.gif,D:\usgs_splib07\../GIFplots/GIFplots_splib07a/plots_by_wavelength_region/range4_swir_to_mir/splib07a_BHVO-2F+4%_trans-5-Decene_NIC4aa_RREF_range4_swir_to_mir.gif,D:\usgs_splib07\../GIFplots/GIFplots_splib07a/plots_by_wavelength_region/range5_swir_to_fir_wavenumber/splib07a_BHVO-2F+4%_trans-5-Decene_NIC4aa_RREF_range5_swir_to_fir_wavenumber.gif,D:\usgs_splib07\../GIFplots/GIFplots_splib07a/splib07a_Wavelengths_NIC4_Nicolet_1.12-216microns.gif,D:\usgs_splib07\../GIFplots/GIFplots_splib07a/splib07a_Bandpass_(FWHM)_NIC4_Nicolet_in_microns.gif
BHVO-2F+4%_trn-5-Decene 85K  NIC4aa RREF,D:\usgs_splib07\../HTMLmetadata/BHVO-2F+4%_trn-5-Decene_85K_NIC4aa_RREF.html,D:\usgs_splib07\../ASCIIdata/ASCIIdata_splib07a/ChapterO_OrganicCompounds/splib07a_BHVO-2F+4%_trn-5-Decene_85K_NIC4aa_RREF.txt,,D:\usgs_splib07\../ASCIIdata/ASCIIdata_splib07a/splib07a_Wavelengths_NIC4_Nicolet_1.12-216microns.txt,D:\usgs_splib07\../ASCIIdata/ASCIIdata_splib07a/splib07a_Bandpass_(FWHM)_NIC4_Nicolet_in_microns.txt,D:\usgs_splib07\../GIFplots/GIFplots_splib07a/ChapterO_OrganicCompounds/splib07a_BHVO-2F+4%_trn-5-Decene_85K_NIC4aa_RREF.gif,,D:\usgs_splib07\../GIFplots/GIFplots_splib07a/plots_by_wavelength_region/range2_visible_to_swir/splib07a_BHVO-2F+4%_trn-5-Decene_85K_NIC4aa_RREF_range2_vis_to_swir.gif,D:\usgs_splib07\../GIFplots/GIFplots_splib07a/plots_by_wavelength_region/range3_swir/splib07a_BHVO-2F+4%_trn-5-Decene_85K_NIC4aa_RREF_range3_swir.gif,D:\usgs_splib07\../GIFplots/GIFplots_splib07a/plots_by_wavelength_region/range4_swir_to_mir/splib07a_BHVO-2F+4%_trn-5-Decene_85K_NIC4aa_RREF_range4_swir_to_mir.gif,D:\usgs_splib07\../GIFplots/GIFplots_splib07a/plots_by_wavelength_region/range5_swir_to_fir_wavenumber/splib07a_BHVO-2F+4%_trn-5-Decene_85K_NIC4aa_RREF_range5_swir_to_fir_wavenumber.gif,D:\usgs_splib07\../GIFplots/GIFplots_splib07a/splib07a_Wavelengths_NIC4_Nicolet_1.12-216microns.gif,D:\usgs_splib07\../GIFplots/GIFplots_splib07a/splib07a_Bandpass_(FWHM)_NIC4_Nicolet_in_microns.gif
BHVO-2F+4%_1-Decyne          NIC4aa RREF,D:\usgs_splib07\../HTMLmetadata/BHVO-2F+4%_1-Decyne_NIC4aa_RREF.html,D:\usgs_splib07\../ASCIIdata/ASCIIdata_splib07a/ChapterO_OrganicCompounds/splib07a_BHVO-2F+4%_1-Decyne_NIC4aa_RREF.txt,,D:\usgs_splib07\../ASCIIdata/ASCIIdata_splib07a/splib07a_Wavelengths_NIC4_Nicolet_1.12-216microns.txt,D:\usgs_splib07\../ASCIIdata/ASCIIdata_splib07a/splib07a_Bandpass_(FWHM)_NIC4_Nicolet_in_microns.txt,D:\usgs_splib07\../GIFplots/GIFplots_splib07a/ChapterO_OrganicCompounds/splib07a_BHVO-2F+4%_1-Decyne_NIC4aa_RREF.gif,,D:\usgs_splib07\../GIFplots/GIFplots_splib07a/plots_by_wavelength_region/range2_visible_to_swir/splib07a_BHVO-2F+4%_1-Decyne_NIC4aa_RREF_range2_vis_to_swir.gif,D:\usgs_splib07\../GIFplots/GIFplots_splib07a/plots_by_wavelength_region/range3_swir/splib07a_BHVO-2F+4%_1-Decyne_NIC4aa_RREF_range3_swir.gif,D:\usgs_splib07\../GIFplots/GIFplots_splib07a/plots_by_wavelength_region/range4_swir_to_mir/splib07a_BHVO-2F+4%_1-Decyne_NIC4aa_RREF_range4_swir_to_mir.gif,D:\usgs_splib07\../GIFplots/GIFplots_splib07a/plots_by_wavelength_region/range5_swir_to_fir_wavenumber/splib07a_BHVO-2F+4%_1-Decyne_NIC4aa_RREF_range5_swir_to_fir_wavenumber.gif,D:\usgs_splib07\../GIFplots/GIFplots_splib07a/splib07a_Wavelengths_NIC4_Nicolet_1.12-216microns.gif,D:\usgs_splib07\../GIFplots/GIFplots_splib07a/splib07a_Bandpass_(FWHM)_NIC4_Nicolet_in_microns.gif
BHVO-2F+4%_1-Decyne 86K      NIC4aa RREF,D:\usgs_splib07\../HTMLmetadata/BHVO-2F+4%_1-Decyne_86K_NIC4aa_RREF.html,D:\usgs_splib07\../ASCIIdata/ASCIIdata_splib07a/ChapterO_OrganicCompounds/splib07a_BHVO-2F+4%_1-Decyne_86K_NIC4aa_RREF.txt,,D:\usgs_splib07\../ASCIIdata/ASCIIdata_splib07a/splib07a_Wavelengths_NIC4_Nicolet_1.12-216microns.txt,D:\usgs_splib07\../ASCIIdata/ASCIIdata_splib07a/splib07a_Bandpass_(FWHM)_NIC4_Nicolet_in_microns.txt,D:\usgs_splib07\../GIFplots/GIFplots_splib07a/ChapterO_OrganicCompounds/splib07a_BHVO-2F+4%_1-Decyne_86K_NIC4aa_RREF.gif,,D:\usgs_splib07\../GIFplots/GIFplots_splib07a/plots_by_wavelength_region/range2_visible_to_swir/splib07a_BHVO-2F+4%_1-Decyne_86K_NIC4aa_RREF_range2_vis_to_swir.gif,D:\usgs_splib07\../GIFplots/GIFplots_splib07a/plots_by_wavelength_region/range3_swir/splib07a_BHVO-2F+4%_1-Decyne_86K_NIC4aa_RREF_range3_swir.gif,D:\usgs_splib07\../GIFplots/GIFplots_splib07a/plots_by_wavelength_region/range4_swir_to_mir/splib07a_BHVO-2F+4%_1-Decyne_86K_NIC4aa_RREF_range4_swir_to_mir.gif,D:\usgs_splib07\../GIFplots/GIFplots_splib07a/plots_by_wavelength_region/range5_swir_to_fir_wavenumber/splib07a_BHVO-2F+4%_1-Decyne_86K_NIC4aa_RREF_range5_swir_to_fir_wavenumber.gif,D:\usgs_splib07\../GIFplots/GIFplots_splib07a/splib07a_Wavelengths_NIC4_Nicolet_1.12-216microns.gif,D:\usgs_splib07\../GIFplots/GIFplots_splib07a/splib07a_Bandpass_(FWHM)_NIC4_Nicolet_in_microns.gif
BHVO-2F+4%_5-Decyne          NIC4aa RREF,D:\usgs_splib07\../HTMLmetadata/BHVO-2F+4%_5-Decyne_NIC4aa_RREF.html,D:\usgs_splib07\../ASCIIdata/ASCIIdata_splib07a/ChapterO_OrganicCompounds/splib07a_BHVO-2F+4%_5-Decyne_NIC4aa_RREF.txt,,D:\usgs_splib07\../ASCIIdata/ASCIIdata_splib07a/splib07a_Wavelengths_NIC4_Nicolet_1.12-216microns.txt,D:\usgs_splib07\../ASCIIdata/ASCIIdata_splib07a/splib07a_Bandpass_(FWHM)_NIC4_Nicolet_in_microns.txt,D:\usgs_splib07\../GIFplots/GIFplots_splib07a/ChapterO_OrganicCompounds/splib07a_BHVO-2F+4%_5-Decyne_NIC4aa_RREF.gif,,D:\usgs_splib07\../GIFplots/GIFplots_splib07a/plots_by_wavelength_region/range2_visible_to_swir/splib07a_BHVO-2F+4%_5-Decyne_NIC4aa_RREF_range2_vis_to_swir.gif,D:\usgs_splib07\../GIFplots/GIFplots_splib07a/plots_by_wavelength_region/range3_swir/splib07a_BHVO-2F+4%_5-Decyne_NIC4aa_RREF_range3_swir.gif,D:\usgs_splib07\../GIFplots/GIFplots_splib07a/plots_by_wavelength_region/range4_swir_to_mir/splib07a_BHVO-2F+4%_5-Decyne_NIC4aa_RREF_range4_swir_to_mir.gif,D:\usgs_splib07\../GIFplots/GIFplots_splib07a/plots_by_wavelength_region/range5_swir_to_fir_wavenumber/splib07a_BHVO-2F+4%_5-Decyne_NIC4aa_RREF_range5_swir_to_fir_wavenumber.gif,D:\usgs_splib07\../GIFplots/GIFplots_splib07a/splib07a_Wavelengths_NIC4_Nicolet_1.12-216microns.gif,D:\usgs_splib07\../GIFplots/GIFplots_splib07a/splib07a_Bandpass_(FWHM)_NIC4_Nicolet_in_microns.gif
BHVO-2F+4%_5-Decyne 87K      NIC4aa RREF,D:\usgs_splib07\../HTMLmetadata/BHVO-2F+4%_5-Decyne_87K_NIC4aa_RREF.html,D:\usgs_splib07\../ASCIIdata/ASCIIdata_splib07a/ChapterO_OrganicCompounds/splib07a_BHVO-2F+4%_5-Decyne_87K_NIC4aa_RREF.txt,,D:\usgs_splib07\../ASCIIdata/ASCIIdata_splib07a/splib07a_Wavelengths_NIC4_Nicolet_1.12-216microns.txt,D:\usgs_splib07\../ASCIIdata/ASCIIdata_splib07a/splib07a_Bandpass_(FWHM)_NIC4_Nicolet_in_microns.txt,D:\usgs_splib07\../GIFplots/GIFplots_splib07a/ChapterO_OrganicCompounds/splib07a_BHVO-2F+4%_5-Decyne_87K_NIC4aa_RREF.gif,,D:\usgs_splib07\../GIFplots/GIFplots_splib07a/plots_by_wavelength_region/range2_visible_to_swir/splib07a_BHVO-2F+4%_5-Decyne_87K_NIC4aa_RREF_range2_vis_to_swir.gif,D:\usgs_splib07\../GIFplots/GIFplots_splib07a/plots_by_wavelength_region/range3_swir/splib07a_BHVO-2F+4%_5-Decyne_87K_NIC4aa_RREF_range3_swir.gif,D:\usgs_splib07\../GIFplots/GIFplots_splib07a/plots_by_wavelength_region/range4_swir_to_mir/splib07a_BHVO-2F+4%_5-Decyne_87K_NIC4aa_RREF_range4_swir_to_mir.gif,D:\usgs_splib07\../GIFplots/GIFplots_splib07a/plots_by_wavelength_region/range5_swir_to_fir_wavenumber/splib07a_BHVO-2F+4%_5-Decyne_87K_NIC4aa_RREF_range5_swir_to_fir_wavenumber.gif,D:\usgs_splib07\../GIFplots/GIFplots_splib07a/splib07a_Wavelengths_NIC4_Nicolet_1.12-216microns.gif,D:\usgs_splib07\../GIFplots/GIFplots_splib07a/splib07a_Bandpass_(FWHM)_NIC4_Nicolet_in_microns.gif
BHVO-2F+4%Dimethylformamide  NIC4aa RREF,D:\usgs_splib07\../HTMLmetadata/BHVO-2F+4%Dimethylformamide_NIC4aa_RREF.html,D:\usgs_splib07\../ASCIIdata/ASCIIdata_splib07a/ChapterO_OrganicCompounds/splib07a_BHVO-2F+4%Dimethylformamide_NIC4aa_RREF.txt,,D:\usgs_splib07\../ASCIIdata/ASCIIdata_splib07a/splib07a_Wavelengths_NIC4_Nicolet_1.12-216microns.txt,D:\usgs_splib07\../ASCIIdata/ASCIIdata_splib07a/splib07a_Bandpass_(FWHM)_NIC4_Nicolet_in_microns.txt,D:\usgs_splib07\../GIFplots/GIFplots_splib07a/ChapterO_OrganicCompounds/splib07a_BHVO-2F+4%Dimethylformamide_NIC4aa_RREF.gif,,D:\usgs_splib07\../GIFplots/GIFplots_splib07a/plots_by_wavelength_region/range2_visible_to_swir/splib07a_BHVO-2F+4%Dimethylformamide_NIC4aa_RREF_range2_vis_to_swir.gif,D:\usgs_splib07\../GIFplots/GIFplots_splib07a/plots_by_wavelength_region/range3_swir/splib07a_BHVO-2F+4%Dimethylformamide_NIC4aa_RREF_range3_swir.gif,D:\usgs_splib07\../GIFplots/GIFplots_splib07a/plots_by_wavelength_region/range4_swir_to_mir/splib07a_BHVO-2F+4%Dimethylformamide_NIC4aa_RREF_range4_swir_to_mir.gif,D:\usgs_splib07\../GIFplots/GIFplots_splib07a/plots_by_wavelength_region/range5_swir_to_fir_wavenumber/splib07a_BHVO-2F+4%Dimethylformamide_NIC4aa_RREF_range5_swir_to_fir_wavenumber.gif,D:\usgs_splib07\../GIFplots/GIFplots_splib07a/splib07a_Wavelengths_NIC4_Nicolet_1.12-216microns.gif,D:\usgs_splib07\../GIFplots/GIFplots_splib07a/splib07a_Bandpass_(FWHM)_NIC4_Nicolet_in_microns.gif
BHVO-2F+4%_Ethanol           NIC4aa RREF,D:\usgs_splib07\../HTMLmetadata/BHVO-2F+4%_Ethanol_NIC4aa_RREF.html,D:\usgs_splib07\../ASCIIdata/ASCIIdata_splib07a/ChapterO_OrganicCompounds/splib07a_BHVO-2F+4%_Ethanol_NIC4aa_RREF.txt,,D:\usgs_splib07\../ASCIIdata/ASCIIdata_splib07a/splib07a_Wavelengths_NIC4_Nicolet_1.12-216microns.txt,D:\usgs_splib07\../ASCIIdata/ASCIIdata_splib07a/splib07a_Bandpass_(FWHM)_NIC4_Nicolet_in_microns.txt,D:\usgs_splib07\../GIFplots/GIFplots_splib07a/ChapterO_OrganicCompounds/splib07a_BHVO-2F+4%_Ethanol_NIC4aa_RREF.gif,,D:\usgs_splib07\../GIFplots/GIFplots_splib07a/plots_by_wavelength_region/range2_visible_to_swir/splib07a_BHVO-2F+4%_Ethanol_NIC4aa_RREF_range2_vis_to_swir.gif,D:\usgs_splib07\../GIFplots/GIFplots_splib07a/plots_by_wavelength_region/range3_swir/splib07a_BHVO-2F+4%_Ethanol_NIC4aa_RREF_range3_swir.gif,D:\usgs_splib07\../GIFplots/GIFplots_splib07a/plots_by_wavelength_region/range4_swir_to_mir/splib07a_BHVO-2F+4%_Ethanol_NIC4aa_RREF_range4_swir_to_mir.gif,D:\usgs_splib07\../GIFplots/GIFplots_splib07a/plots_by_wavelength_region/range5_swir_to_fir_wavenumber/splib07a_BHVO-2F+4%_Ethanol_NIC4aa_RREF_range5_swir_to_fir_wavenumber.gif,D:\usgs_splib07\../GIFplots/GIFplots_splib07a/splib07a_Wavelengths_NIC4_Nicolet_1.12-216microns.gif,D:\usgs_splib07\../GIFplots/GIFplots_splib07a/splib07a_Bandpass_(FWHM)_NIC4_Nicolet_in_microns.gif
BHVO-2F+4%_Ethanol 85K       NIC4aa RREF,D:\usgs_splib07\../HTMLmetadata/BHVO-2F+4%_Ethanol_85K_NIC4aa_RREF.html,D:\usgs_splib07\../ASCIIdata/ASCIIdata_splib07a/ChapterO_OrganicCompounds/splib07a_BHVO-2F+4%_Ethanol_85K_NIC4aa_RREF.txt,,D:\usgs_splib07\../ASCIIdata/ASCIIdata_splib07a/splib07a_Wavelengths_NIC4_Nicolet_1.12-216microns.txt,D:\usgs_splib07\../ASCIIdata/ASCIIdata_splib07a/splib07a_Bandpass_(FWHM)_NIC4_Nicolet_in_microns.txt,D:\usgs_splib07\../GIFplots/GIFplots_splib07a/ChapterO_OrganicCompounds/splib07a_BHVO-2F+4%_Ethanol_85K_NIC4aa_RREF.gif,,D:\usgs_splib07\../GIFplots/GIFplots_splib07a/plots_by_wavelength_region/range2_visible_to_swir/splib07a_BHVO-2F+4%_Ethanol_85K_NIC4aa_RREF_range2_vis_to_swir.gif,D:\usgs_splib07\../GIFplots/GIFplots_splib07a/plots_by_wavelength_region/range3_swir/splib07a_BHVO-2F+4%_Ethanol_85K_NIC4aa_RREF_range3_swir.gif,D:\usgs_splib07\../GIFplots/GIFplots_splib07a/plots_by_wavelength_region/range4_swir_to_mir/splib07a_BHVO-2F+4%_Ethanol_85K_NIC4aa_RREF_range4_swir_to_mir.gif,D:\usgs_splib07\../GIFplots/GIFplots_splib07a/plots_by_wavelength_region/range5_swir_to_fir_wavenumber/splib07a_BHVO-2F+4%_Ethanol_85K_NIC4aa_RREF_range5_swir_to_fir_wavenumber.gif,D:\usgs_splib07\../GIFplots/GIFplots_splib07a/splib07a_Wavelengths_NIC4_Nicolet_1.12-216microns.gif,D:\usgs_splib07\../GIFplots/GIFplots_splib07a/splib07a_Bandpass_(FWHM)_NIC4_Nicolet_in_microns.gif
BHVO-2F+4%_Formaldehyde      NIC4bb RREF,D:\usgs_splib07\../HTMLmetadata/BHVO-2F+4%_Formaldehyde_NIC4bb_RREF.html,D:\usgs_splib07\../ASCIIdata/ASCIIdata_splib07a/ChapterO_OrganicCompounds/splib07a_BHVO-2F+4%_Formaldehyde_NIC4bb_RREF.txt,,D:\usgs_splib07\../ASCIIdata/ASCIIdata_splib07a/splib07a_Wavelengths_NIC4_Nicolet_1.12-216microns.txt,D:\usgs_splib07\../ASCIIdata/ASCIIdata_splib07a/splib07a_Bandpass_(FWHM)_NIC4_Nicolet_in_microns.txt,D:\usgs_splib07\../GIFplots/GIFplots_splib07a/ChapterO_OrganicCompounds/splib07a_BHVO-2F+4%_Formaldehyde_NIC4bb_RREF.gif,,D:\usgs_splib07\../GIFplots/GIFplots_splib07a/plots_by_wavelength_region/range2_visible_to_swir/splib07a_BHVO-2F+4%_Formaldehyde_NIC4bb_RREF_range2_vis_to_swir.gif,D:\usgs_splib07\../GIFplots/GIFplots_splib07a/plots_by_wavelength_region/range3_swir/splib07a_BHVO-2F+4%_Formaldehyde_NIC4bb_RREF_range3_swir.gif,D:\usgs_splib07\../GIFplots/GIFplots_splib07a/plots_by_wavelength_region/range4_swir_to_mir/splib07a_BHVO-2F+4%_Formaldehyde_NIC4bb_RREF_range4_swir_to_mir.gif,D:\usgs_splib07\../GIFplots/GIFplots_splib07a/plots_by_wavelength_region/range5_swir_to_fir_wavenumber/splib07a_BHVO-2F+4%_Formaldehyde_NIC4bb_RREF_range5_swir_to_fir_wavenumber.gif,D:\usgs_splib07\../GIFplots/GIFplots_splib07a/splib07a_Wavelengths_NIC4_Nicolet_1.12-216microns.gif,D:\usgs_splib07\../GIFplots/GIFplots_splib07a/splib07a_Bandpass_(FWHM)_NIC4_Nicolet_in_microns.gif
BHVO-2F+4%_Heptane           NIC4aa RREF,D:\usgs_splib07\../HTMLmetadata/BHVO-2F+4%_Heptane_NIC4aa_RREF.html,D:\usgs_splib07\../ASCIIdata/ASCIIdata_splib07a/ChapterO_OrganicCompounds/splib07a_BHVO-2F+4%_Heptane_NIC4aa_RREF.txt,D:\usgs_splib07\../ASCIIdata/ASCIIdata_splib07a/errorbars/errorbars_for_splib07a_BHVO-2F+4%_Heptane_NIC4aa_RREF.txt,D:\usgs_splib07\../ASCIIdata/ASCIIdata_splib07a/splib07a_Wavelengths_NIC4_Nicolet_1.12-216microns.txt,D:\usgs_splib07\../ASCIIdata/ASCIIdata_splib07a/splib07a_Bandpass_(FWHM)_NIC4_Nicolet_in_microns.txt,D:\usgs_splib07\../GIFplots/GIFplots_splib07a/ChapterO_OrganicCompounds/splib07a_BHVO-2F+4%_Heptane_NIC4aa_RREF.gif,,D:\usgs_splib07\../GIFplots/GIFplots_splib07a/plots_by_wavelength_region/range2_visible_to_swir/splib07a_BHVO-2F+4%_Heptane_NIC4aa_RREF_range2_vis_to_swir.gif,D:\usgs_splib07\../GIFplots/GIFplots_splib07a/plots_by_wavelength_region/range3_swir/splib07a_BHVO-2F+4%_Heptane_NIC4aa_RREF_range3_swir.gif,D:\usgs_splib07\../GIFplots/GIFplots_splib07a/plots_by_wavelength_region/range4_swir_to_mir/splib07a_BHVO-2F+4%_Heptane_NIC4aa_RREF_range4_swir_to_mir.gif,D:\usgs_splib07\../GIFplots/GIFplots_splib07a/plots_by_wavelength_region/range5_swir_to_fir_wavenumber/splib07a_BHVO-2F+4%_Heptane_NIC4aa_RREF_range5_swir_to_fir_wavenumber.gif,D:\usgs_splib07\../GIFplots/GIFplots_splib07a/splib07a_Wavelengths_NIC4_Nicolet_1.12-216microns.gif,D:\usgs_splib07\../GIFplots/GIFplots_splib07a/splib07a_Bandpass_(FWHM)_NIC4_Nicolet_in_microns.gif
BHVO-2F+4%_Heptane 85K       NIC4aa RREF,D:\usgs_splib07\../HTMLmetadata/BHVO-2F+4%_Heptane_85K_NIC4aa_RREF.html,D:\usgs_splib07\../ASCIIdata/ASCIIdata_splib07a/ChapterO_OrganicCompounds/splib07a_BHVO-2F+4%_Heptane_85K_NIC4aa_RREF.txt,,D:\usgs_splib07\../ASCIIdata/ASCIIdata_splib07a/splib07a_Wavelengths_NIC4_Nicolet_1.12-216microns.txt,D:\usgs_splib07\../ASCIIdata/ASCIIdata_splib07a/splib07a_Bandpass_(FWHM)_NIC4_Nicolet_in_microns.txt,D:\usgs_splib07\../GIFplots/GIFplots_splib07a/ChapterO_OrganicCompounds/splib07a_BHVO-2F+4%_Heptane_85K_NIC4aa_RREF.gif,,D:\usgs_splib07\../GIFplots/GIFplots_splib07a/plots_by_wavelength_region/range2_visible_to_swir/splib07a_BHVO-2F+4%_Heptane_85K_NIC4aa_RREF_range2_vis_to_swir.gif,D:\usgs_splib07\../GIFplots/GIFplots_splib07a/plots_by_wavelength_region/range3_swir/splib07a_BHVO-2F+4%_Heptane_85K_NIC4aa_RREF_range3_swir.gif,D:\usgs_splib07\../GIFplots/GIFplots_splib07a/plots_by_wavelength_region/range4_swir_to_mir/splib07a_BHVO-2F+4%_Heptane_85K_NIC4aa_RREF_range4_swir_to_mir.gif,D:\usgs_splib07\../GIFplots/GIFplots_splib07a/plots_by_wavelength_region/range5_swir_to_fir_wavenumber/splib07a_BHVO-2F+4%_Heptane_85K_NIC4aa_RREF_range5_swir_to_fir_wavenumber.gif,D:\usgs_splib07\../GIFplots/GIFplots_splib07a/splib07a_Wavelengths_NIC4_Nicolet_1.12-216microns.gif,D:\usgs_splib07\../GIFplots/GIFplots_splib07a/splib07a_Bandpass_(FWHM)_NIC4_Nicolet_in_microns.gif
BHVO-2F+4%_1-Heptene         NIC4aa RREF,D:\usgs_splib07\../HTMLmetadata/BHVO-2F+4%_1-Heptene_NIC4aa_RREF.html,D:\usgs_splib07\../ASCIIdata/ASCIIdata_splib07a/ChapterO_OrganicCompounds/splib07a_BHVO-2F+4%_1-Heptene_NIC4aa_RREF.txt,,D:\usgs_splib07\../ASCIIdata/ASCIIdata_splib07a/splib07a_Wavelengths_NIC4_Nicolet_1.12-216microns.txt,D:\usgs_splib07\../ASCIIdata/ASCIIdata_splib07a/splib07a_Bandpass_(FWHM)_NIC4_Nicolet_in_microns.txt,D:\usgs_splib07\../GIFplots/GIFplots_splib07a/ChapterO_OrganicCompounds/splib07a_BHVO-2F+4%_1-Heptene_NIC4aa_RREF.gif,,D:\usgs_splib07\../GIFplots/GIFplots_splib07a/plots_by_wavelength_region/range2_visible_to_swir/splib07a_BHVO-2F+4%_1-Heptene_NIC4aa_RREF_range2_vis_to_swir.gif,D:\usgs_splib07\../GIFplots/GIFplots_splib07a/plots_by_wavelength_region/range3_swir/splib07a_BHVO-2F+4%_1-Heptene_NIC4aa_RREF_range3_swir.gif,D:\usgs_splib07\../GIFplots/GIFplots_splib07a/plots_by_wavelength_region/range4_swir_to_mir/splib07a_BHVO-2F+4%_1-Heptene_NIC4aa_RREF_range4_swir_to_mir.gif,D:\usgs_splib07\../GIFplots/GIFplots_splib07a/plots_by_wavelength_region/range5_swir_to_fir_wavenumber/splib07a_BHVO-2F+4%_1-Heptene_NIC4aa_RREF_range5_swir_to_fir_wavenumber.gif,D:\usgs_splib07\../GIFplots/GIFplots_splib07a/splib07a_Wavelengths_NIC4_Nicolet_1.12-216microns.gif,D:\usgs_splib07\../GIFplots/GIFplots_splib07a/splib07a_Bandpass_(FWHM)_NIC4_Nicolet_in_microns.gif
BHVO-2F+4%_1-Heptene 85K     NIC4aa RREF,D:\usgs_splib07\../HTMLmetadata/BHVO-2F+4%_1-Heptene_85K_NIC4aa_RREF.html,D:\usgs_splib07\../ASCIIdata/ASCIIdata_splib07a/ChapterO_OrganicCompounds/splib07a_BHVO-2F+4%_1-Heptene_85K_NIC4aa_RREF.txt,,D:\usgs_splib07\../ASCIIdata/ASCIIdata_splib07a/splib07a_Wavelengths_NIC4_Nicolet_1.12-216microns.txt,D:\usgs_splib07\../ASCIIdata/ASCIIdata_splib07a/splib07a_Bandpass_(FWHM)_NIC4_Nicolet_in_microns.txt,D:\usgs_splib07\../GIFplots/GIFplots_splib07a/ChapterO_OrganicCompounds/splib07a_BHVO-2F+4%_1-Heptene_85K_NIC4aa_RREF.gif,,D:\usgs_splib07\../GIFplots/GIFplots_splib07a/plots_by_wavelength_region/range2_visible_to_swir/splib07a_BHVO-2F+4%_1-Heptene_85K_NIC4aa_RREF_range2_vis_to_swir.gif,D:\usgs_splib07\../GIFplots/GIFplots_splib07a/plots_by_wavelength_region/range3_swir/splib07a_BHVO-2F+4%_1-Heptene_85K_NIC4aa_RREF_range3_swir.gif,D:\usgs_splib07\../GIFplots/GIFplots_splib07a/plots_by_wavelength_region/range4_swir_to_mir/splib07a_BHVO-2F+4%_1-Heptene_85K_NIC4aa_RREF_range4_swir_to_mir.gif,D:\usgs_splib07\../GIFplots/GIFplots_splib07a/plots_by_wavelength_region/range5_swir_to_fir_wavenumber/splib07a_BHVO-2F+4%_1-Heptene_85K_NIC4aa_RREF_range5_swir_to_fir_wavenumber.gif,D:\usgs_splib07\../GIFplots/GIFplots_splib07a/splib07a_Wavelengths_NIC4_Nicolet_1.12-216microns.gif,D:\usgs_splib07\../GIFplots/GIFplots_splib07a/splib07a_Bandpass_(FWHM)_NIC4_Nicolet_in_microns.gif
BHVO-2F+4%_cis-2-Heptene     NIC4aa RREF,D:\usgs_splib07\../HTMLmetadata/BHVO-2F+4%_cis-2-Heptene_NIC4aa_RREF.html,D:\usgs_splib07\../ASCIIdata/ASCIIdata_splib07a/ChapterO_OrganicCompounds/splib07a_BHVO-2F+4%_cis-2-Heptene_NIC4aa_RREF.txt,,D:\usgs_splib07\../ASCIIdata/ASCIIdata_splib07a/splib07a_Wavelengths_NIC4_Nicolet_1.12-216microns.txt,D:\usgs_splib07\../ASCIIdata/ASCIIdata_splib07a/splib07a_Bandpass_(FWHM)_NIC4_Nicolet_in_microns.txt,D:\usgs_splib07\../GIFplots/GIFplots_splib07a/ChapterO_OrganicCompounds/splib07a_BHVO-2F+4%_cis-2-Heptene_NIC4aa_RREF.gif,,D:\usgs_splib07\../GIFplots/GIFplots_splib07a/plots_by_wavelength_region/range2_visible_to_swir/splib07a_BHVO-2F+4%_cis-2-Heptene_NIC4aa_RREF_range2_vis_to_swir.gif,D:\usgs_splib07\../GIFplots/GIFplots_splib07a/plots_by_wavelength_region/range3_swir/splib07a_BHVO-2F+4%_cis-2-Heptene_NIC4aa_RREF_range3_swir.gif,D:\usgs_splib07\../GIFplots/GIFplots_splib07a/plots_by_wavelength_region/range4_swir_to_mir/splib07a_BHVO-2F+4%_cis-2-Heptene_NIC4aa_RREF_range4_swir_to_mir.gif,D:\usgs_splib07\../GIFplots/GIFplots_splib07a/plots_by_wavelength_region/range5_swir_to_fir_wavenumber/splib07a_BHVO-2F+4%_cis-2-Heptene_NIC4aa_RREF_range5_swir_to_fir_wavenumber.gif,D:\usgs_splib07\../GIFplots/GIFplots_splib07a/splib07a_Wavelengths_NIC4_Nicolet_1.12-216microns.gif,D:\usgs_splib07\../GIFplots/GIFplots_splib07a/splib07a_Bandpass_(FWHM)_NIC4_Nicolet_in_microns.gif
BHVO-2F+4%_cis-2-Heptene 85K NIC4aa RREF,D:\usgs_splib07\../HTMLmetadata/BHVO-2F+4%_cis-2-Heptene_85K_NIC4aa_RREF.html,D:\usgs_splib07\../ASCIIdata/ASCIIdata_splib07a/ChapterO_OrganicCompounds/splib07a_BHVO-2F+4%_cis-2-Heptene_85K_NIC4aa_RREF.txt,,D:\usgs_splib07\../ASCIIdata/ASCIIdata_splib07a/splib07a_Wavelengths_NIC4_Nicolet_1.12-216microns.txt,D:\usgs_splib07\../ASCIIdata/ASCIIdata_splib07a/splib07a_Bandpass_(FWHM)_NIC4_Nicolet_in_microns.txt,D:\usgs_splib07\../GIFplots/GIFplots_splib07a/ChapterO_OrganicCompounds/splib07a_BHVO-2F+4%_cis-2-Heptene_85K_NIC4aa_RREF.gif,,D:\usgs_splib07\../GIFplots/GIFplots_splib07a/plots_by_wavelength_region/range2_visible_to_swir/splib07a_BHVO-2F+4%_cis-2-Heptene_85K_NIC4aa_RREF_range2_vis_to_swir.gif,D:\usgs_splib07\../GIFplots/GIFplots_splib07a/plots_by_wavelength_region/range3_swir/splib07a_BHVO-2F+4%_cis-2-Heptene_85K_NIC4aa_RREF_range3_swir.gif,D:\usgs_splib07\../GIFplots/GIFplots_splib07a/plots_by_wavelength_region/range4_swir_to_mir/splib07a_BHVO-2F+4%_cis-2-Heptene_85K_NIC4aa_RREF_range4_swir_to_mir.gif,D:\usgs_splib07\../GIFplots/GIFplots_splib07a/plots_by_wavelength_region/range5_swir_to_fir_wavenumber/splib07a_BHVO-2F+4%_cis-2-Heptene_85K_NIC4aa_RREF_range5_swir_to_fir_wavenumber.gif,D:\usgs_splib07\../GIFplots/GIFplots_splib07a/splib07a_Wavelengths_NIC4_Nicolet_1.12-216microns.gif,D:\usgs_splib07\../GIFplots/GIFplots_splib07a/splib07a_Bandpass_(FWHM)_NIC4_Nicolet_in_microns.gif
BHVO-2F+4%_1-Heptyne         NIC4aa RREF,D:\usgs_splib07\../HTMLmetadata/BHVO-2F+4%_1-Heptyne_NIC4aa_RREF.html,D:\usgs_splib07\../ASCIIdata/ASCIIdata_splib07a/ChapterO_OrganicCompounds/splib07a_BHVO-2F+4%_1-Heptyne_NIC4aa_RREF.txt,,D:\usgs_splib07\../ASCIIdata/ASCIIdata_splib07a/splib07a_Wavelengths_NIC4_Nicolet_1.12-216microns.txt,D:\usgs_splib07\../ASCIIdata/ASCIIdata_splib07a/splib07a_Bandpass_(FWHM)_NIC4_Nicolet_in_microns.txt,D:\usgs_splib07\../GIFplots/GIFplots_splib07a/ChapterO_OrganicCompounds/splib07a_BHVO-2F+4%_1-Heptyne_NIC4aa_RREF.gif,,D:\usgs_splib07\../GIFplots/GIFplots_splib07a/plots_by_wavelength_region/range2_visible_to_swir/splib07a_BHVO-2F+4%_1-Heptyne_NIC4aa_RREF_range2_vis_to_swir.gif,D:\usgs_splib07\../GIFplots/GIFplots_splib07a/plots_by_wavelength_region/range3_swir/splib07a_BHVO-2F+4%_1-Heptyne_NIC4aa_RREF_range3_swir.gif,D:\usgs_splib07\../GIFplots/GIFplots_splib07a/plots_by_wavelength_region/range4_swir_to_mir/splib07a_BHVO-2F+4%_1-Heptyne_NIC4aa_RREF_range4_swir_to_mir.gif,D:\usgs_splib07\../GIFplots/GIFplots_splib07a/plots_by_wavelength_region/range5_swir_to_fir_wavenumber/splib07a_BHVO-2F+4%_1-Heptyne_NIC4aa_RREF_range5_swir_to_fir_wavenumber.gif,D:\usgs_splib07\../GIFplots/GIFplots_splib07a/splib07a_Wavelengths_NIC4_Nicolet_1.12-216microns.gif,D:\usgs_splib07\../GIFplots/GIFplots_splib07a/splib07a_Bandpass_(FWHM)_NIC4_Nicolet_in_microns.gif
BHVO-2F+4%_1-Hexene 87K      NIC4aa RREF,D:\usgs_splib07\../HTMLmetadata/BHVO-2F+4%_1-Hexene_87K_NIC4aa_RREF.html,D:\usgs_splib07\../ASCIIdata/ASCIIdata_splib07a/ChapterO_OrganicCompounds/splib07a_BHVO-2F+4%_1-Hexene_87K_NIC4aa_RREF.txt,,D:\usgs_splib07\../ASCIIdata/ASCIIdata_splib07a/splib07a_Wavelengths_NIC4_Nicolet_1.12-216microns.txt,D:\usgs_splib07\../ASCIIdata/ASCIIdata_splib07a/splib07a_Bandpass_(FWHM)_NIC4_Nicolet_in_microns.txt,D:\usgs_splib07\../GIFplots/GIFplots_splib07a/ChapterO_OrganicCompounds/splib07a_BHVO-2F+4%_1-Hexene_87K_NIC4aa_RREF.gif,,D:\usgs_splib07\../GIFplots/GIFplots_splib07a/plots_by_wavelength_region/range2_visible_to_swir/splib07a_BHVO-2F+4%_1-Hexene_87K_NIC4aa_RREF_range2_vis_to_swir.gif,D:\usgs_splib07\../GIFplots/GIFplots_splib07a/plots_by_wavelength_region/range3_swir/splib07a_BHVO-2F+4%_1-Hexene_87K_NIC4aa_RREF_range3_swir.gif,D:\usgs_splib07\../GIFplots/GIFplots_splib07a/plots_by_wavelength_region/range4_swir_to_mir/splib07a_BHVO-2F+4%_1-Hexene_87K_NIC4aa_RREF_range4_swir_to_mir.gif,D:\usgs_splib07\../GIFplots/GIFplots_splib07a/plots_by_wavelength_region/range5_swir_to_fir_wavenumber/splib07a_BHVO-2F+4%_1-Hexene_87K_NIC4aa_RREF_range5_swir_to_fir_wavenumber.gif,D:\usgs_splib07\../GIFplots/GIFplots_splib07a/splib07a_Wavelengths_NIC4_Nicolet_1.12-216microns.gif,D:\usgs_splib07\../GIFplots/GIFplots_splib07a/splib07a_Bandpass_(FWHM)_NIC4_Nicolet_in_microns.gif
BHVO-2F+4%_1-Hexyne 293K     NIC4aa RREF,D:\usgs_splib07\../HTMLmetadata/BHVO-2F+4%_1-Hexyne_293K_NIC4aa_RREF.html,D:\usgs_splib07\../ASCIIdata/ASCIIdata_splib07a/ChapterO_OrganicCompounds/splib07a_BHVO-2F+4%_1-Hexyne_293K_NIC4aa_RREF.txt,,D:\usgs_splib07\../ASCIIdata/ASCIIdata_splib07a/splib07a_Wavelengths_NIC4_Nicolet_1.12-216microns.txt,D:\usgs_splib07\../ASCIIdata/ASCIIdata_splib07a/splib07a_Bandpass_(FWHM)_NIC4_Nicolet_in_microns.txt,D:\usgs_splib07\../GIFplots/GIFplots_splib07a/ChapterO_OrganicCompounds/splib07a_BHVO-2F+4%_1-Hexyne_293K_NIC4aa_RREF.gif,,D:\usgs_splib07\../GIFplots/GIFplots_splib07a/plots_by_wavelength_region/range2_visible_to_swir/splib07a_BHVO-2F+4%_1-Hexyne_293K_NIC4aa_RREF_range2_vis_to_swir.gif,D:\usgs_splib07\../GIFplots/GIFplots_splib07a/plots_by_wavelength_region/range3_swir/splib07a_BHVO-2F+4%_1-Hexyne_293K_NIC4aa_RREF_range3_swir.gif,D:\usgs_splib07\../GIFplots/GIFplots_splib07a/plots_by_wavelength_region/range4_swir_to_mir/splib07a_BHVO-2F+4%_1-Hexyne_293K_NIC4aa_RREF_range4_swir_to_mir.gif,D:\usgs_splib07\../GIFplots/GIFplots_splib07a/plots_by_wavelength_region/range5_swir_to_fir_wavenumber/splib07a_BHVO-2F+4%_1-Hexyne_293K_NIC4aa_RREF_range5_swir_to_fir_wavenumber.gif,D:\usgs_splib07\../GIFplots/GIFplots_splib07a/splib07a_Wavelengths_NIC4_Nicolet_1.12-216microns.gif,D:\usgs_splib07\../GIFplots/GIFplots_splib07a/splib07a_Bandpass_(FWHM)_NIC4_Nicolet_in_microns.gif
BHVO-2F+4%_3-Hexyne 293K     NIC4aa RREF,D:\usgs_splib07\../HTMLmetadata/BHVO-2F+4%_3-Hexyne_293K_NIC4aa_RREF.html,D:\usgs_splib07\../ASCIIdata/ASCIIdata_splib07a/ChapterO_OrganicCompounds/splib07a_BHVO-2F+4%_3-Hexyne_293K_NIC4aa_RREF.txt,,D:\usgs_splib07\../ASCIIdata/ASCIIdata_splib07a/splib07a_Wavelengths_NIC4_Nicolet_1.12-216microns.txt,D:\usgs_splib07\../ASCIIdata/ASCIIdata_splib07a/splib07a_Bandpass_(FWHM)_NIC4_Nicolet_in_microns.txt,D:\usgs_splib07\../GIFplots/GIFplots_splib07a/ChapterO_OrganicCompounds/splib07a_BHVO-2F+4%_3-Hexyne_293K_NIC4aa_RREF.gif,,D:\usgs_splib07\../GIFplots/GIFplots_splib07a/plots_by_wavelength_region/range2_visible_to_swir/splib07a_BHVO-2F+4%_3-Hexyne_293K_NIC4aa_RREF_range2_vis_to_swir.gif,D:\usgs_splib07\../GIFplots/GIFplots_splib07a/plots_by_wavelength_region/range3_swir/splib07a_BHVO-2F+4%_3-Hexyne_293K_NIC4aa_RREF_range3_swir.gif,D:\usgs_splib07\../GIFplots/GIFplots_splib07a/plots_by_wavelength_region/range4_swir_to_mir/splib07a_BHVO-2F+4%_3-Hexyne_293K_NIC4aa_RREF_range4_swir_to_mir.gif,D:\usgs_splib07\../GIFplots/GIFplots_splib07a/plots_by_wavelength_region/range5_swir_to_fir_wavenumber/splib07a_BHVO-2F+4%_3-Hexyne_293K_NIC4aa_RREF_range5_swir_to_fir_wavenumber.gif,D:\usgs_splib07\../GIFplots/GIFplots_splib07a/splib07a_Wavelengths_NIC4_Nicolet_1.12-216microns.gif,D:\usgs_splib07\../GIFplots/GIFplots_splib07a/splib07a_Bandpass_(FWHM)_NIC4_Nicolet_in_microns.gif
BHVO-2F+1.2%_H2O2   293K     NIC4aa RREF,D:\usgs_splib07\../HTMLmetadata/BHVO-2F+1.2%_H2O2_293K_NIC4aa_RREF.html,D:\usgs_splib07\../ASCIIdata/ASCIIdata_splib07a/ChapterO_OrganicCompounds/splib07a_BHVO-2F+1.2%_H2O2_293K_NIC4aa_RREF.txt,,D:\usgs_splib07\../ASCIIdata/ASCIIdata_splib07a/splib07a_Wavelengths_NIC4_Nicolet_1.12-216microns.txt,D:\usgs_splib07\../ASCIIdata/ASCIIdata_splib07a/splib07a_Bandpass_(FWHM)_NIC4_Nicolet_in_microns.txt,D:\usgs_splib07\../GIFplots/GIFplots_splib07a/ChapterO_OrganicCompounds/splib07a_BHVO-2F+1.2%_H2O2_293K_NIC4aa_RREF.gif,,D:\usgs_splib07\../GIFplots/GIFplots_splib07a/plots_by_wavelength_region/range2_visible_to_swir/splib07a_BHVO-2F+1.2%_H2O2_293K_NIC4aa_RREF_range2_vis_to_swir.gif,D:\usgs_splib07\../GIFplots/GIFplots_splib07a/plots_by_wavelength_region/range3_swir/splib07a_BHVO-2F+1.2%_H2O2_293K_NIC4aa_RREF_range3_swir.gif,D:\usgs_splib07\../GIFplots/GIFplots_splib07a/plots_by_wavelength_region/range4_swir_to_mir/splib07a_BHVO-2F+1.2%_H2O2_293K_NIC4aa_RREF_range4_swir_to_mir.gif,D:\usgs_splib07\../GIFplots/GIFplots_splib07a/plots_by_wavelength_region/range5_swir_to_fir_wavenumber/splib07a_BHVO-2F+1.2%_H2O2_293K_NIC4aa_RREF_range5_swir_to_fir_wavenumber.gif,D:\usgs_splib07\../GIFplots/GIFplots_splib07a/splib07a_Wavelengths_NIC4_Nicolet_1.12-216microns.gif,D:\usgs_splib07\../GIFplots/GIFplots_splib07a/splib07a_Bandpass_(FWHM)_NIC4_Nicolet_in_microns.gif
BHVO-2F+1.2%_H2O2   85K      NIC4aa RREF,D:\usgs_splib07\../HTMLmetadata/BHVO-2F+1.2%_H2O2_85K_NIC4aa_RREF.html,D:\usgs_splib07\../ASCIIdata/ASCIIdata_splib07a/ChapterO_OrganicCompounds/splib07a_BHVO-2F+1.2%_H2O2_85K_NIC4aa_RREF.txt,,D:\usgs_splib07\../ASCIIdata/ASCIIdata_splib07a/splib07a_Wavelengths_NIC4_Nicolet_1.12-216microns.txt,D:\usgs_splib07\../ASCIIdata/ASCIIdata_splib07a/splib07a_Bandpass_(FWHM)_NIC4_Nicolet_in_microns.txt,D:\usgs_splib07\../GIFplots/GIFplots_splib07a/ChapterO_OrganicCompounds/splib07a_BHVO-2F+1.2%_H2O2_85K_NIC4aa_RREF.gif,,D:\usgs_splib07\../GIFplots/GIFplots_splib07a/plots_by_wavelength_region/range2_visible_to_swir/splib07a_BHVO-2F+1.2%_H2O2_85K_NIC4aa_RREF_range2_vis_to_swir.gif,D:\usgs_splib07\../GIFplots/GIFplots_splib07a/plots_by_wavelength_region/range3_swir/splib07a_BHVO-2F+1.2%_H2O2_85K_NIC4aa_RREF_range3_swir.gif,D:\usgs_splib07\../GIFplots/GIFplots_splib07a/plots_by_wavelength_region/range4_swir_to_mir/splib07a_BHVO-2F+1.2%_H2O2_85K_NIC4aa_RREF_range4_swir_to_mir.gif,D:\usgs_splib07\../GIFplots/GIFplots_splib07a/plots_by_wavelength_region/range5_swir_to_fir_wavenumber/splib07a_BHVO-2F+1.2%_H2O2_85K_NIC4aa_RREF_range5_swir_to_fir_wavenumber.gif,D:\usgs_splib07\../GIFplots/GIFplots_splib07a/splib07a_Wavelengths_NIC4_Nicolet_1.12-216microns.gif,D:\usgs_splib07\../GIFplots/GIFplots_splib07a/splib07a_Bandpass_(FWHM)_NIC4_Nicolet_in_microns.gif
BHVO-2F+4%_Methanol 85K      NIC4aa RREF,D:\usgs_splib07\../HTMLmetadata/BHVO-2F+4%_Methanol_85K_NIC4aa_RREF.html,D:\usgs_splib07\../ASCIIdata/ASCIIdata_splib07a/ChapterO_OrganicCompounds/splib07a_BHVO-2F+4%_Methanol_85K_NIC4aa_RREF.txt,,D:\usgs_splib07\../ASCIIdata/ASCIIdata_splib07a/splib07a_Wavelengths_NIC4_Nicolet_1.12-216microns.txt,D:\usgs_splib07\../ASCIIdata/ASCIIdata_splib07a/splib07a_Bandpass_(FWHM)_NIC4_Nicolet_in_microns.txt,D:\usgs_splib07\../GIFplots/GIFplots_splib07a/ChapterO_OrganicCompounds/splib07a_BHVO-2F+4%_Methanol_85K_NIC4aa_RREF.gif,,D:\usgs_splib07\../GIFplots/GIFplots_splib07a/plots_by_wavelength_region/range2_visible_to_swir/splib07a_BHVO-2F+4%_Methanol_85K_NIC4aa_RREF_range2_vis_to_swir.gif,D:\usgs_splib07\../GIFplots/GIFplots_splib07a/plots_by_wavelength_region/range3_swir/splib07a_BHVO-2F+4%_Methanol_85K_NIC4aa_RREF_range3_swir.gif,D:\usgs_splib07\../GIFplots/GIFplots_splib07a/plots_by_wavelength_region/range4_swir_to_mir/splib07a_BHVO-2F+4%_Methanol_85K_NIC4aa_RREF_range4_swir_to_mir.gif,D:\usgs_splib07\../GIFplots/GIFplots_splib07a/plots_by_wavelength_region/range5_swir_to_fir_wavenumber/splib07a_BHVO-2F+4%_Methanol_85K_NIC4aa_RREF_range5_swir_to_fir_wavenumber.gif,D:\usgs_splib07\../GIFplots/GIFplots_splib07a/splib07a_Wavelengths_NIC4_Nicolet_1.12-216microns.gif,D:\usgs_splib07\../GIFplots/GIFplots_splib07a/splib07a_Bandpass_(FWHM)_NIC4_Nicolet_in_microns.gif
BHVO-2F+8%_Nitrobenzene      NIC4aa RREF,D:\usgs_splib07\../HTMLmetadata/BHVO-2F+8%_Nitrobenzene_NIC4aa_RREF.html,D:\usgs_splib07\../ASCIIdata/ASCIIdata_splib07a/ChapterO_OrganicCompounds/splib07a_BHVO-2F+8%_Nitrobenzene_NIC4aa_RREF.txt,,D:\usgs_splib07\../ASCIIdata/ASCIIdata_splib07a/splib07a_Wavelengths_NIC4_Nicolet_1.12-216microns.txt,D:\usgs_splib07\../ASCIIdata/ASCIIdata_splib07a/splib07a_Bandpass_(FWHM)_NIC4_Nicolet_in_microns.txt,D:\usgs_splib07\../GIFplots/GIFplots_splib07a/ChapterO_OrganicCompounds/splib07a_BHVO-2F+8%_Nitrobenzene_NIC4aa_RREF.gif,,D:\usgs_splib07\../GIFplots/GIFplots_splib07a/plots_by_wavelength_region/range2_visible_to_swir/splib07a_BHVO-2F+8%_Nitrobenzene_NIC4aa_RREF_range2_vis_to_swir.gif,D:\usgs_splib07\../GIFplots/GIFplots_splib07a/plots_by_wavelength_region/range3_swir/splib07a_BHVO-2F+8%_Nitrobenzene_NIC4aa_RREF_range3_swir.gif,D:\usgs_splib07\../GIFplots/GIFplots_splib07a/plots_by_wavelength_region/range4_swir_to_mir/splib07a_BHVO-2F+8%_Nitrobenzene_NIC4aa_RREF_range4_swir_to_mir.gif,D:\usgs_splib07\../GIFplots/GIFplots_splib07a/plots_by_wavelength_region/range5_swir_to_fir_wavenumber/splib07a_BHVO-2F+8%_Nitrobenzene_NIC4aa_RREF_range5_swir_to_fir_wavenumber.gif,D:\usgs_splib07\../GIFplots/GIFplots_splib07a/splib07a_Wavelengths_NIC4_Nicolet_1.12-216microns.gif,D:\usgs_splib07\../GIFplots/GIFplots_splib07a/splib07a_Bandpass_(FWHM)_NIC4_Nicolet_in_microns.gif
BHVO-2F+4%_Nonane            NIC4aa RREF,D:\usgs_splib07\../HTMLmetadata/BHVO-2F+4%_Nonane_NIC4aa_RREF.html,D:\usgs_splib07\../ASCIIdata/ASCIIdata_splib07a/ChapterO_OrganicCompounds/splib07a_BHVO-2F+4%_Nonane_NIC4aa_RREF.txt,,D:\usgs_splib07\../ASCIIdata/ASCIIdata_splib07a/splib07a_Wavelengths_NIC4_Nicolet_1.12-216microns.txt,D:\usgs_splib07\../ASCIIdata/ASCIIdata_splib07a/splib07a_Bandpass_(FWHM)_NIC4_Nicolet_in_microns.txt,D:\usgs_splib07\../GIFplots/GIFplots_splib07a/ChapterO_OrganicCompounds/splib07a_BHVO-2F+4%_Nonane_NIC4aa_RREF.gif,,D:\usgs_splib07\../GIFplots/GIFplots_splib07a/plots_by_wavelength_region/range2_visible_to_swir/splib07a_BHVO-2F+4%_Nonane_NIC4aa_RREF_range2_vis_to_swir.gif,D:\usgs_splib07\../GIFplots/GIFplots_splib07a/plots_by_wavelength_region/range3_swir/splib07a_BHVO-2F+4%_Nonane_NIC4aa_RREF_range3_swir.gif,D:\usgs_splib07\../GIFplots/GIFplots_splib07a/plots_by_wavelength_region/range4_swir_to_mir/splib07a_BHVO-2F+4%_Nonane_NIC4aa_RREF_range4_swir_to_mir.gif,D:\usgs_splib07\../GIFplots/GIFplots_splib07a/plots_by_wavelength_region/range5_swir_to_fir_wavenumber/splib07a_BHVO-2F+4%_Nonane_NIC4aa_RREF_range5_swir_to_fir_wavenumber.gif,D:\usgs_splib07\../GIFplots/GIFplots_splib07a/splib07a_Wavelengths_NIC4_Nicolet_1.12-216microns.gif,D:\usgs_splib07\../GIFplots/GIFplots_splib07a/splib07a_Bandpass_(FWHM)_NIC4_Nicolet_in_microns.gif
BHVO-2F+4%_Nonane 85K        NIC4aa RREF,D:\usgs_splib07\../HTMLmetadata/BHVO-2F+4%_Nonane_85K_NIC4aa_RREF.html,D:\usgs_splib07\../ASCIIdata/ASCIIdata_splib07a/ChapterO_OrganicCompounds/splib07a_BHVO-2F+4%_Nonane_85K_NIC4aa_RREF.txt,,D:\usgs_splib07\../ASCIIdata/ASCIIdata_splib07a/splib07a_Wavelengths_NIC4_Nicolet_1.12-216microns.txt,D:\usgs_splib07\../ASCIIdata/ASCIIdata_splib07a/splib07a_Bandpass_(FWHM)_NIC4_Nicolet_in_microns.txt,D:\usgs_splib07\../GIFplots/GIFplots_splib07a/ChapterO_OrganicCompounds/splib07a_BHVO-2F+4%_Nonane_85K_NIC4aa_RREF.gif,,D:\usgs_splib07\../GIFplots/GIFplots_splib07a/plots_by_wavelength_region/range2_visible_to_swir/splib07a_BHVO-2F+4%_Nonane_85K_NIC4aa_RREF_range2_vis_to_swir.gif,D:\usgs_splib07\../GIFplots/GIFplots_splib07a/plots_by_wavelength_region/range3_swir/splib07a_BHVO-2F+4%_Nonane_85K_NIC4aa_RREF_range3_swir.gif,D:\usgs_splib07\../GIFplots/GIFplots_splib07a/plots_by_wavelength_region/range4_swir_to_mir/splib07a_BHVO-2F+4%_Nonane_85K_NIC4aa_RREF_range4_swir_to_mir.gif,D:\usgs_splib07\../GIFplots/GIFplots_splib07a/plots_by_wavelength_region/range5_swir_to_fir_wavenumber/splib07a_BHVO-2F+4%_Nonane_85K_NIC4aa_RREF_range5_swir_to_fir_wavenumber.gif,D:\usgs_splib07\../GIFplots/GIFplots_splib07a/splib07a_Wavelengths_NIC4_Nicolet_1.12-216microns.gif,D:\usgs_splib07\../GIFplots/GIFplots_splib07a/splib07a_Bandpass_(FWHM)_NIC4_Nicolet_in_microns.gif
BHVO-2F+4%_1-Nonene          NIC4aa RREF,D:\usgs_splib07\../HTMLmetadata/BHVO-2F+4%_1-Nonene_NIC4aa_RREF.html,D:\usgs_splib07\../ASCIIdata/ASCIIdata_splib07a/ChapterO_OrganicCompounds/splib07a_BHVO-2F+4%_1-Nonene_NIC4aa_RREF.txt,,D:\usgs_splib07\../ASCIIdata/ASCIIdata_splib07a/splib07a_Wavelengths_NIC4_Nicolet_1.12-216microns.txt,D:\usgs_splib07\../ASCIIdata/ASCIIdata_splib07a/splib07a_Bandpass_(FWHM)_NIC4_Nicolet_in_microns.txt,D:\usgs_splib07\../GIFplots/GIFplots_splib07a/ChapterO_OrganicCompounds/splib07a_BHVO-2F+4%_1-Nonene_NIC4aa_RREF.gif,,D:\usgs_splib07\../GIFplots/GIFplots_splib07a/plots_by_wavelength_region/range2_visible_to_swir/splib07a_BHVO-2F+4%_1-Nonene_NIC4aa_RREF_range2_vis_to_swir.gif,D:\usgs_splib07\../GIFplots/GIFplots_splib07a/plots_by_wavelength_region/range3_swir/splib07a_BHVO-2F+4%_1-Nonene_NIC4aa_RREF_range3_swir.gif,D:\usgs_splib07\../GIFplots/GIFplots_splib07a/plots_by_wavelength_region/range4_swir_to_mir/splib07a_BHVO-2F+4%_1-Nonene_NIC4aa_RREF_range4_swir_to_mir.gif,D:\usgs_splib07\../GIFplots/GIFplots_splib07a/plots_by_wavelength_region/range5_swir_to_fir_wavenumber/splib07a_BHVO-2F+4%_1-Nonene_NIC4aa_RREF_range5_swir_to_fir_wavenumber.gif,D:\usgs_splib07\../GIFplots/GIFplots_splib07a/splib07a_Wavelengths_NIC4_Nicolet_1.12-216microns.gif,D:\usgs_splib07\../GIFplots/GIFplots_splib07a/splib07a_Bandpass_(FWHM)_NIC4_Nicolet_in_microns.gif
BHVO-2F+4%_1-Nonene 87K      NIC4aa RREF,D:\usgs_splib07\../HTMLmetadata/BHVO-2F+4%_1-Nonene_87K_NIC4aa_RREF.html,D:\usgs_splib07\../ASCIIdata/ASCIIdata_splib07a/ChapterO_OrganicCompounds/splib07a_BHVO-2F+4%_1-Nonene_87K_NIC4aa_RREF.txt,,D:\usgs_splib07\../ASCIIdata/ASCIIdata_splib07a/splib07a_Wavelengths_NIC4_Nicolet_1.12-216microns.txt,D:\usgs_splib07\../ASCIIdata/ASCIIdata_splib07a/splib07a_Bandpass_(FWHM)_NIC4_Nicolet_in_microns.txt,D:\usgs_splib07\../GIFplots/GIFplots_splib07a/ChapterO_OrganicCompounds/splib07a_BHVO-2F+4%_1-Nonene_87K_NIC4aa_RREF.gif,,D:\usgs_splib07\../GIFplots/GIFplots_splib07a/plots_by_wavelength_region/range2_visible_to_swir/splib07a_BHVO-2F+4%_1-Nonene_87K_NIC4aa_RREF_range2_vis_to_swir.gif,D:\usgs_splib07\../GIFplots/GIFplots_splib07a/plots_by_wavelength_region/range3_swir/splib07a_BHVO-2F+4%_1-Nonene_87K_NIC4aa_RREF_range3_swir.gif,D:\usgs_splib07\../GIFplots/GIFplots_splib07a/plots_by_wavelength_region/range4_swir_to_mir/splib07a_BHVO-2F+4%_1-Nonene_87K_NIC4aa_RREF_range4_swir_to_mir.gif,D:\usgs_splib07\../GIFplots/GIFplots_splib07a/plots_by_wavelength_region/range5_swir_to_fir_wavenumber/splib07a_BHVO-2F+4%_1-Nonene_87K_NIC4aa_RREF_range5_swir_to_fir_wavenumber.gif,D:\usgs_splib07\../GIFplots/GIFplots_splib07a/splib07a_Wavelengths_NIC4_Nicolet_1.12-216microns.gif,D:\usgs_splib07\../GIFplots/GIFplots_splib07a/splib07a_Bandpass_(FWHM)_NIC4_Nicolet_in_microns.gif
BHVO-2F+4%_1-Nonyne          NIC4aa RREF,D:\usgs_splib07\../HTMLmetadata/BHVO-2F+4%_1-Nonyne_NIC4aa_RREF.html,D:\usgs_splib07\../ASCIIdata/ASCIIdata_splib07a/ChapterO_OrganicCompounds/splib07a_BHVO-2F+4%_1-Nonyne_NIC4aa_RREF.txt,,D:\usgs_splib07\../ASCIIdata/ASCIIdata_splib07a/splib07a_Wavelengths_NIC4_Nicolet_1.12-216microns.txt,D:\usgs_splib07\../ASCIIdata/ASCIIdata_splib07a/splib07a_Bandpass_(FWHM)_NIC4_Nicolet_in_microns.txt,D:\usgs_splib07\../GIFplots/GIFplots_splib07a/ChapterO_OrganicCompounds/splib07a_BHVO-2F+4%_1-Nonyne_NIC4aa_RREF.gif,,D:\usgs_splib07\../GIFplots/GIFplots_splib07a/plots_by_wavelength_region/range2_visible_to_swir/splib07a_BHVO-2F+4%_1-Nonyne_NIC4aa_RREF_range2_vis_to_swir.gif,D:\usgs_splib07\../GIFplots/GIFplots_splib07a/plots_by_wavelength_region/range3_swir/splib07a_BHVO-2F+4%_1-Nonyne_NIC4aa_RREF_range3_swir.gif,D:\usgs_splib07\../GIFplots/GIFplots_splib07a/plots_by_wavelength_region/range4_swir_to_mir/splib07a_BHVO-2F+4%_1-Nonyne_NIC4aa_RREF_range4_swir_to_mir.gif,D:\usgs_splib07\../GIFplots/GIFplots_splib07a/plots_by_wavelength_region/range5_swir_to_fir_wavenumber/splib07a_BHVO-2F+4%_1-Nonyne_NIC4aa_RREF_range5_swir_to_fir_wavenumber.gif,D:\usgs_splib07\../GIFplots/GIFplots_splib07a/splib07a_Wavelengths_NIC4_Nicolet_1.12-216microns.gif,D:\usgs_splib07\../GIFplots/GIFplots_splib07a/splib07a_Bandpass_(FWHM)_NIC4_Nicolet_in_microns.gif
BHVO-2F+4%_1-Nonyne 85K      NIC4aa RREF,D:\usgs_splib07\../HTMLmetadata/BHVO-2F+4%_1-Nonyne_85K_NIC4aa_RREF.html,D:\usgs_splib07\../ASCIIdata/ASCIIdata_splib07a/ChapterO_OrganicCompounds/splib07a_BHVO-2F+4%_1-Nonyne_85K_NIC4aa_RREF.txt,,D:\usgs_splib07\../ASCIIdata/ASCIIdata_splib07a/splib07a_Wavelengths_NIC4_Nicolet_1.12-216microns.txt,D:\usgs_splib07\../ASCIIdata/ASCIIdata_splib07a/splib07a_Bandpass_(FWHM)_NIC4_Nicolet_in_microns.txt,D:\usgs_splib07\../GIFplots/GIFplots_splib07a/ChapterO_OrganicCompounds/splib07a_BHVO-2F+4%_1-Nonyne_85K_NIC4aa_RREF.gif,,D:\usgs_splib07\../GIFplots/GIFplots_splib07a/plots_by_wavelength_region/range2_visible_to_swir/splib07a_BHVO-2F+4%_1-Nonyne_85K_NIC4aa_RREF_range2_vis_to_swir.gif,D:\usgs_splib07\../GIFplots/GIFplots_splib07a/plots_by_wavelength_region/range3_swir/splib07a_BHVO-2F+4%_1-Nonyne_85K_NIC4aa_RREF_range3_swir.gif,D:\usgs_splib07\../GIFplots/GIFplots_splib07a/plots_by_wavelength_region/range4_swir_to_mir/splib07a_BHVO-2F+4%_1-Nonyne_85K_NIC4aa_RREF_range4_swir_to_mir.gif,D:\usgs_splib07\../GIFplots/GIFplots_splib07a/plots_by_wavelength_region/range5_swir_to_fir_wavenumber/splib07a_BHVO-2F+4%_1-Nonyne_85K_NIC4aa_RREF_range5_swir_to_fir_wavenumber.gif,D:\usgs_splib07\../GIFplots/GIFplots_splib07a/splib07a_Wavelengths_NIC4_Nicolet_1.12-216microns.gif,D:\usgs_splib07\../GIFplots/GIFplots_splib07a/splib07a_Bandpass_(FWHM)_NIC4_Nicolet_in_microns.gif
BHVO-2F+4%_Octane 85K        NIC4aa RREF,D:\usgs_splib07\../HTMLmetadata/BHVO-2F+4%_Octane_85K_NIC4aa_RREF.html,D:\usgs_splib07\../ASCIIdata/ASCIIdata_splib07a/ChapterO_OrganicCompounds/splib07a_BHVO-2F+4%_Octane_85K_NIC4aa_RREF.txt,,D:\usgs_splib07\../ASCIIdata/ASCIIdata_splib07a/splib07a_Wavelengths_NIC4_Nicolet_1.12-216microns.txt,D:\usgs_splib07\../ASCIIdata/ASCIIdata_splib07a/splib07a_Bandpass_(FWHM)_NIC4_Nicolet_in_microns.txt,D:\usgs_splib07\../GIFplots/GIFplots_splib07a/ChapterO_OrganicCompounds/splib07a_BHVO-2F+4%_Octane_85K_NIC4aa_RREF.gif,,D:\usgs_splib07\../GIFplots/GIFplots_splib07a/plots_by_wavelength_region/range2_visible_to_swir/splib07a_BHVO-2F+4%_Octane_85K_NIC4aa_RREF_range2_vis_to_swir.gif,D:\usgs_splib07\../GIFplots/GIFplots_splib07a/plots_by_wavelength_region/range3_swir/splib07a_BHVO-2F+4%_Octane_85K_NIC4aa_RREF_range3_swir.gif,D:\usgs_splib07\../GIFplots/GIFplots_splib07a/plots_by_wavelength_region/range4_swir_to_mir/splib07a_BHVO-2F+4%_Octane_85K_NIC4aa_RREF_range4_swir_to_mir.gif,D:\usgs_splib07\../GIFplots/GIFplots_splib07a/plots_by_wavelength_region/range5_swir_to_fir_wavenumber/splib07a_BHVO-2F+4%_Octane_85K_NIC4aa_RREF_range5_swir_to_fir_wavenumber.gif,D:\usgs_splib07\../GIFplots/GIFplots_splib07a/splib07a_Wavelengths_NIC4_Nicolet_1.12-216microns.gif,D:\usgs_splib07\../GIFplots/GIFplots_splib07a/splib07a_Bandpass_(FWHM)_NIC4_Nicolet_in_microns.gif
BHVO-2F+4%_1-Octene          NIC4aa RREF,D:\usgs_splib07\../HTMLmetadata/BHVO-2F+4%_1-Octene_NIC4aa_RREF.html,D:\usgs_splib07\../ASCIIdata/ASCIIdata_splib07a/ChapterO_OrganicCompounds/splib07a_BHVO-2F+4%_1-Octene_NIC4aa_RREF.txt,,D:\usgs_splib07\../ASCIIdata/ASCIIdata_splib07a/splib07a_Wavelengths_NIC4_Nicolet_1.12-216microns.txt,D:\usgs_splib07\../ASCIIdata/ASCIIdata_splib07a/splib07a_Bandpass_(FWHM)_NIC4_Nicolet_in_microns.txt,D:\usgs_splib07\../GIFplots/GIFplots_splib07a/ChapterO_OrganicCompounds/splib07a_BHVO-2F+4%_1-Octene_NIC4aa_RREF.gif,,D:\usgs_splib07\../GIFplots/GIFplots_splib07a/plots_by_wavelength_region/range2_visible_to_swir/splib07a_BHVO-2F+4%_1-Octene_NIC4aa_RREF_range2_vis_to_swir.gif,D:\usgs_splib07\../GIFplots/GIFplots_splib07a/plots_by_wavelength_region/range3_swir/splib07a_BHVO-2F+4%_1-Octene_NIC4aa_RREF_range3_swir.gif,D:\usgs_splib07\../GIFplots/GIFplots_splib07a/plots_by_wavelength_region/range4_swir_to_mir/splib07a_BHVO-2F+4%_1-Octene_NIC4aa_RREF_range4_swir_to_mir.gif,D:\usgs_splib07\../GIFplots/GIFplots_splib07a/plots_by_wavelength_region/range5_swir_to_fir_wavenumber/splib07a_BHVO-2F+4%_1-Octene_NIC4aa_RREF_range5_swir_to_fir_wavenumber.gif,D:\usgs_splib07\../GIFplots/GIFplots_splib07a/splib07a_Wavelengths_NIC4_Nicolet_1.12-216microns.gif,D:\usgs_splib07\../GIFplots/GIFplots_splib07a/splib07a_Bandpass_(FWHM)_NIC4_Nicolet_in_microns.gif
BHVO-2F+4%_1-Octene 85K      NIC4aa RREF,D:\usgs_splib07\../HTMLmetadata/BHVO-2F+4%_1-Octene_85K_NIC4aa_RREF.html,D:\usgs_splib07\../ASCIIdata/ASCIIdata_splib07a/ChapterO_OrganicCompounds/splib07a_BHVO-2F+4%_1-Octene_85K_NIC4aa_RREF.txt,,D:\usgs_splib07\../ASCIIdata/ASCIIdata_splib07a/splib07a_Wavelengths_NIC4_Nicolet_1.12-216microns.txt,D:\usgs_splib07\../ASCIIdata/ASCIIdata_splib07a/splib07a_Bandpass_(FWHM)_NIC4_Nicolet_in_microns.txt,D:\usgs_splib07\../GIFplots/GIFplots_splib07a/ChapterO_OrganicCompounds/splib07a_BHVO-2F+4%_1-Octene_85K_NIC4aa_RREF.gif,,D:\usgs_splib07\../GIFplots/GIFplots_splib07a/plots_by_wavelength_region/range2_visible_to_swir/splib07a_BHVO-2F+4%_1-Octene_85K_NIC4aa_RREF_range2_vis_to_swir.gif,D:\usgs_splib07\../GIFplots/GIFplots_splib07a/plots_by_wavelength_region/range3_swir/splib07a_BHVO-2F+4%_1-Octene_85K_NIC4aa_RREF_range3_swir.gif,D:\usgs_splib07\../GIFplots/GIFplots_splib07a/plots_by_wavelength_region/range4_swir_to_mir/splib07a_BHVO-2F+4%_1-Octene_85K_NIC4aa_RREF_range4_swir_to_mir.gif,D:\usgs_splib07\../GIFplots/GIFplots_splib07a/plots_by_wavelength_region/range5_swir_to_fir_wavenumber/splib07a_BHVO-2F+4%_1-Octene_85K_NIC4aa_RREF_range5_swir_to_fir_wavenumber.gif,D:\usgs_splib07\../GIFplots/GIFplots_splib07a/splib07a_Wavelengths_NIC4_Nicolet_1.12-216microns.gif,D:\usgs_splib07\../GIFplots/GIFplots_splib07a/splib07a_Bandpass_(FWHM)_NIC4_Nicolet_in_microns.gif
BHVO-2F+4%_trans-2-Octene    NIC4aa RREF,D:\usgs_splib07\../HTMLmetadata/BHVO-2F+4%_trans-2-Octene_NIC4aa_RREF.html,D:\usgs_splib07\../ASCIIdata/ASCIIdata_splib07a/ChapterO_OrganicCompounds/splib07a_BHVO-2F+4%_trans-2-Octene_NIC4aa_RREF.txt,,D:\usgs_splib07\../ASCIIdata/ASCIIdata_splib07a/splib07a_Wavelengths_NIC4_Nicolet_1.12-216microns.txt,D:\usgs_splib07\../ASCIIdata/ASCIIdata_splib07a/splib07a_Bandpass_(FWHM)_NIC4_Nicolet_in_microns.txt,D:\usgs_splib07\../GIFplots/GIFplots_splib07a/ChapterO_OrganicCompounds/splib07a_BHVO-2F+4%_trans-2-Octene_NIC4aa_RREF.gif,,D:\usgs_splib07\../GIFplots/GIFplots_splib07a/plots_by_wavelength_region/range2_visible_to_swir/splib07a_BHVO-2F+4%_trans-2-Octene_NIC4aa_RREF_range2_vis_to_swir.gif,D:\usgs_splib07\../GIFplots/GIFplots_splib07a/plots_by_wavelength_region/range3_swir/splib07a_BHVO-2F+4%_trans-2-Octene_NIC4aa_RREF_range3_swir.gif,D:\usgs_splib07\../GIFplots/GIFplots_splib07a/plots_by_wavelength_region/range4_swir_to_mir/splib07a_BHVO-2F+4%_trans-2-Octene_NIC4aa_RREF_range4_swir_to_mir.gif,D:\usgs_splib07\../GIFplots/GIFplots_splib07a/plots_by_wavelength_region/range5_swir_to_fir_wavenumber/splib07a_BHVO-2F+4%_trans-2-Octene_NIC4aa_RREF_range5_swir_to_fir_wavenumber.gif,D:\usgs_splib07\../GIFplots/GIFplots_splib07a/splib07a_Wavelengths_NIC4_Nicolet_1.12-216microns.gif,D:\usgs_splib07\../GIFplots/GIFplots_splib07a/splib07a_Bandpass_(FWHM)_NIC4_Nicolet_in_microns.gif
BHVO-2F+4%_tran-2-Octene 87K NIC4aa RREF,D:\usgs_splib07\../HTMLmetadata/BHVO-2F+4%_tran-2-Octene_87K_NIC4aa_RREF.html,D:\usgs_splib07\../ASCIIdata/ASCIIdata_splib07a/ChapterO_OrganicCompounds/splib07a_BHVO-2F+4%_tran-2-Octene_87K_NIC4aa_RREF.txt,,D:\usgs_splib07\../ASCIIdata/ASCIIdata_splib07a/splib07a_Wavelengths_NIC4_Nicolet_1.12-216microns.txt,D:\usgs_splib07\../ASCIIdata/ASCIIdata_splib07a/splib07a_Bandpass_(FWHM)_NIC4_Nicolet_in_microns.txt,D:\usgs_splib07\../GIFplots/GIFplots_splib07a/ChapterO_OrganicCompounds/splib07a_BHVO-2F+4%_tran-2-Octene_87K_NIC4aa_RREF.gif,,D:\usgs_splib07\../GIFplots/GIFplots_splib07a/plots_by_wavelength_region/range2_visible_to_swir/splib07a_BHVO-2F+4%_tran-2-Octene_87K_NIC4aa_RREF_range2_vis_to_swir.gif,D:\usgs_splib07\../GIFplots/GIFplots_splib07a/plots_by_wavelength_region/range3_swir/splib07a_BHVO-2F+4%_tran-2-Octene_87K_NIC4aa_RREF_range3_swir.gif,D:\usgs_splib07\../GIFplots/GIFplots_splib07a/plots_by_wavelength_region/range4_swir_to_mir/splib07a_BHVO-2F+4%_tran-2-Octene_87K_NIC4aa_RREF_range4_swir_to_mir.gif,D:\usgs_splib07\../GIFplots/GIFplots_splib07a/plots_by_wavelength_region/range5_swir_to_fir_wavenumber/splib07a_BHVO-2F+4%_tran-2-Octene_87K_NIC4aa_RREF_range5_swir_to_fir_wavenumber.gif,D:\usgs_splib07\../GIFplots/GIFplots_splib07a/splib07a_Wavelengths_NIC4_Nicolet_1.12-216microns.gif,D:\usgs_splib07\../GIFplots/GIFplots_splib07a/splib07a_Bandpass_(FWHM)_NIC4_Nicolet_in_microns.gif
BHVO-2F+4%_1-Octyne          NIC4aa RREF,D:\usgs_splib07\../HTMLmetadata/BHVO-2F+4%_1-Octyne_NIC4aa_RREF.html,D:\usgs_splib07\../ASCIIdata/ASCIIdata_splib07a/ChapterO_OrganicCompounds/splib07a_BHVO-2F+4%_1-Octyne_NIC4aa_RREF.txt,,D:\usgs_splib07\../ASCIIdata/ASCIIdata_splib07a/splib07a_Wavelengths_NIC4_Nicolet_1.12-216microns.txt,D:\usgs_splib07\../ASCIIdata/ASCIIdata_splib07a/splib07a_Bandpass_(FWHM)_NIC4_Nicolet_in_microns.txt,D:\usgs_splib07\../GIFplots/GIFplots_splib07a/ChapterO_OrganicCompounds/splib07a_BHVO-2F+4%_1-Octyne_NIC4aa_RREF.gif,,D:\usgs_splib07\../GIFplots/GIFplots_splib07a/plots_by_wavelength_region/range2_visible_to_swir/splib07a_BHVO-2F+4%_1-Octyne_NIC4aa_RREF_range2_vis_to_swir.gif,D:\usgs_splib07\../GIFplots/GIFplots_splib07a/plots_by_wavelength_region/range3_swir/splib07a_BHVO-2F+4%_1-Octyne_NIC4aa_RREF_range3_swir.gif,D:\usgs_splib07\../GIFplots/GIFplots_splib07a/plots_by_wavelength_region/range4_swir_to_mir/splib07a_BHVO-2F+4%_1-Octyne_NIC4aa_RREF_range4_swir_to_mir.gif,D:\usgs_splib07\../GIFplots/GIFplots_splib07a/plots_by_wavelength_region/range5_swir_to_fir_wavenumber/splib07a_BHVO-2F+4%_1-Octyne_NIC4aa_RREF_range5_swir_to_fir_wavenumber.gif,D:\usgs_splib07\../GIFplots/GIFplots_splib07a/splib07a_Wavelengths_NIC4_Nicolet_1.12-216microns.gif,D:\usgs_splib07\../GIFplots/GIFplots_splib07a/splib07a_Bandpass_(FWHM)_NIC4_Nicolet_in_microns.gif
BHVO-2F+4%_1-Octyne 85K      NIC4aa RREF,D:\usgs_splib07\../HTMLmetadata/BHVO-2F+4%_1-Octyne_85K_NIC4aa_RREF.html,D:\usgs_splib07\../ASCIIdata/ASCIIdata_splib07a/ChapterO_OrganicCompounds/splib07a_BHVO-2F+4%_1-Octyne_85K_NIC4aa_RREF.txt,,D:\usgs_splib07\../ASCIIdata/ASCIIdata_splib07a/splib07a_Wavelengths_NIC4_Nicolet_1.12-216microns.txt,D:\usgs_splib07\../ASCIIdata/ASCIIdata_splib07a/splib07a_Bandpass_(FWHM)_NIC4_Nicolet_in_microns.txt,D:\usgs_splib07\../GIFplots/GIFplots_splib07a/ChapterO_OrganicCompounds/splib07a_BHVO-2F+4%_1-Octyne_85K_NIC4aa_RREF.gif,,D:\usgs_splib07\../GIFplots/GIFplots_splib07a/plots_by_wavelength_region/range2_visible_to_swir/splib07a_BHVO-2F+4%_1-Octyne_85K_NIC4aa_RREF_range2_vis_to_swir.gif,D:\usgs_splib07\../GIFplots/GIFplots_splib07a/plots_by_wavelength_region/range3_swir/splib07a_BHVO-2F+4%_1-Octyne_85K_NIC4aa_RREF_range3_swir.gif,D:\usgs_splib07\../GIFplots/GIFplots_splib07a/plots_by_wavelength_region/range4_swir_to_mir/splib07a_BHVO-2F+4%_1-Octyne_85K_NIC4aa_RREF_range4_swir_to_mir.gif,D:\usgs_splib07\../GIFplots/GIFplots_splib07a/plots_by_wavelength_region/range5_swir_to_fir_wavenumber/splib07a_BHVO-2F+4%_1-Octyne_85K_NIC4aa_RREF_range5_swir_to_fir_wavenumber.gif,D:\usgs_splib07\../GIFplots/GIFplots_splib07a/splib07a_Wavelengths_NIC4_Nicolet_1.12-216microns.gif,D:\usgs_splib07\../GIFplots/GIFplots_splib07a/splib07a_Bandpass_(FWHM)_NIC4_Nicolet_in_microns.gif
BHVO-2F+4%_4-Octyne          NIC4aa RREF,D:\usgs_splib07\../HTMLmetadata/BHVO-2F+4%_4-Octyne_NIC4aa_RREF.html,D:\usgs_splib07\../ASCIIdata/ASCIIdata_splib07a/ChapterO_OrganicCompounds/splib07a_BHVO-2F+4%_4-Octyne_NIC4aa_RREF.txt,,D:\usgs_splib07\../ASCIIdata/ASCIIdata_splib07a/splib07a_Wavelengths_NIC4_Nicolet_1.12-216microns.txt,D:\usgs_splib07\../ASCIIdata/ASCIIdata_splib07a/splib07a_Bandpass_(FWHM)_NIC4_Nicolet_in_microns.txt,D:\usgs_splib07\../GIFplots/GIFplots_splib07a/ChapterO_OrganicCompounds/splib07a_BHVO-2F+4%_4-Octyne_NIC4aa_RREF.gif,,D:\usgs_splib07\../GIFplots/GIFplots_splib07a/plots_by_wavelength_region/range2_visible_to_swir/splib07a_BHVO-2F+4%_4-Octyne_NIC4aa_RREF_range2_vis_to_swir.gif,D:\usgs_splib07\../GIFplots/GIFplots_splib07a/plots_by_wavelength_region/range3_swir/splib07a_BHVO-2F+4%_4-Octyne_NIC4aa_RREF_range3_swir.gif,D:\usgs_splib07\../GIFplots/GIFplots_splib07a/plots_by_wavelength_region/range4_swir_to_mir/splib07a_BHVO-2F+4%_4-Octyne_NIC4aa_RREF_range4_swir_to_mir.gif,D:\usgs_splib07\../GIFplots/GIFplots_splib07a/plots_by_wavelength_region/range5_swir_to_fir_wavenumber/splib07a_BHVO-2F+4%_4-Octyne_NIC4aa_RREF_range5_swir_to_fir_wavenumber.gif,D:\usgs_splib07\../GIFplots/GIFplots_splib07a/splib07a_Wavelengths_NIC4_Nicolet_1.12-216microns.gif,D:\usgs_splib07\../GIFplots/GIFplots_splib07a/splib07a_Bandpass_(FWHM)_NIC4_Nicolet_in_microns.gif
BHVO-2F+4%_4-Octyne 87K      NIC4aa RREF,D:\usgs_splib07\../HTMLmetadata/BHVO-2F+4%_4-Octyne_87K_NIC4aa_RREF.html,D:\usgs_splib07\../ASCIIdata/ASCIIdata_splib07a/ChapterO_OrganicCompounds/splib07a_BHVO-2F+4%_4-Octyne_87K_NIC4aa_RREF.txt,,D:\usgs_splib07\../ASCIIdata/ASCIIdata_splib07a/splib07a_Wavelengths_NIC4_Nicolet_1.12-216microns.txt,D:\usgs_splib07\../ASCIIdata/ASCIIdata_splib07a/splib07a_Bandpass_(FWHM)_NIC4_Nicolet_in_microns.txt,D:\usgs_splib07\../GIFplots/GIFplots_splib07a/ChapterO_OrganicCompounds/splib07a_BHVO-2F+4%_4-Octyne_87K_NIC4aa_RREF.gif,,D:\usgs_splib07\../GIFplots/GIFplots_splib07a/plots_by_wavelength_region/range2_visible_to_swir/splib07a_BHVO-2F+4%_4-Octyne_87K_NIC4aa_RREF_range2_vis_to_swir.gif,D:\usgs_splib07\../GIFplots/GIFplots_splib07a/plots_by_wavelength_region/range3_swir/splib07a_BHVO-2F+4%_4-Octyne_87K_NIC4aa_RREF_range3_swir.gif,D:\usgs_splib07\../GIFplots/GIFplots_splib07a/plots_by_wavelength_region/range4_swir_to_mir/splib07a_BHVO-2F+4%_4-Octyne_87K_NIC4aa_RREF_range4_swir_to_mir.gif,D:\usgs_splib07\../GIFplots/GIFplots_splib07a/plots_by_wavelength_region/range5_swir_to_fir_wavenumber/splib07a_BHVO-2F+4%_4-Octyne_87K_NIC4aa_RREF_range5_swir_to_fir_wavenumber.gif,D:\usgs_splib07\../GIFplots/GIFplots_splib07a/splib07a_Wavelengths_NIC4_Nicolet_1.12-216microns.gif,D:\usgs_splib07\../GIFplots/GIFplots_splib07a/splib07a_Bandpass_(FWHM)_NIC4_Nicolet_in_microns.gif
BHVO-2F+4%_Pentane           NIC4aa RREF,D:\usgs_splib07\../HTMLmetadata/BHVO-2F+4%_Pentane_NIC4aa_RREF.html,D:\usgs_splib07\../ASCIIdata/ASCIIdata_splib07a/ChapterO_OrganicCompounds/splib07a_BHVO-2F+4%_Pentane_NIC4aa_RREF.txt,,D:\usgs_splib07\../ASCIIdata/ASCIIdata_splib07a/splib07a_Wavelengths_NIC4_Nicolet_1.12-216microns.txt,D:\usgs_splib07\../ASCIIdata/ASCIIdata_splib07a/splib07a_Bandpass_(FWHM)_NIC4_Nicolet_in_microns.txt,D:\usgs_splib07\../GIFplots/GIFplots_splib07a/ChapterO_OrganicCompounds/splib07a_BHVO-2F+4%_Pentane_NIC4aa_RREF.gif,,D:\usgs_splib07\../GIFplots/GIFplots_splib07a/plots_by_wavelength_region/range2_visible_to_swir/splib07a_BHVO-2F+4%_Pentane_NIC4aa_RREF_range2_vis_to_swir.gif,D:\usgs_splib07\../GIFplots/GIFplots_splib07a/plots_by_wavelength_region/range3_swir/splib07a_BHVO-2F+4%_Pentane_NIC4aa_RREF_range3_swir.gif,D:\usgs_splib07\../GIFplots/GIFplots_splib07a/plots_by_wavelength_region/range4_swir_to_mir/splib07a_BHVO-2F+4%_Pentane_NIC4aa_RREF_range4_swir_to_mir.gif,D:\usgs_splib07\../GIFplots/GIFplots_splib07a/plots_by_wavelength_region/range5_swir_to_fir_wavenumber/splib07a_BHVO-2F+4%_Pentane_NIC4aa_RREF_range5_swir_to_fir_wavenumber.gif,D:\usgs_splib07\../GIFplots/GIFplots_splib07a/splib07a_Wavelengths_NIC4_Nicolet_1.12-216microns.gif,D:\usgs_splib07\../GIFplots/GIFplots_splib07a/splib07a_Bandpass_(FWHM)_NIC4_Nicolet_in_microns.gif
BHVO-2F+4%_Pentane 85K       NIC4aa RREF,D:\usgs_splib07\../HTMLmetadata/BHVO-2F+4%_Pentane_85K_NIC4aa_RREF.html,D:\usgs_splib07\../ASCIIdata/ASCIIdata_splib07a/ChapterO_OrganicCompounds/splib07a_BHVO-2F+4%_Pentane_85K_NIC4aa_RREF.txt,,D:\usgs_splib07\../ASCIIdata/ASCIIdata_splib07a/splib07a_Wavelengths_NIC4_Nicolet_1.12-216microns.txt,D:\usgs_splib07\../ASCIIdata/ASCIIdata_splib07a/splib07a_Bandpass_(FWHM)_NIC4_Nicolet_in_microns.txt,D:\usgs_splib07\../GIFplots/GIFplots_splib07a/ChapterO_OrganicCompounds/splib07a_BHVO-2F+4%_Pentane_85K_NIC4aa_RREF.gif,,D:\usgs_splib07\../GIFplots/GIFplots_splib07a/plots_by_wavelength_region/range2_visible_to_swir/splib07a_BHVO-2F+4%_Pentane_85K_NIC4aa_RREF_range2_vis_to_swir.gif,D:\usgs_splib07\../GIFplots/GIFplots_splib07a/plots_by_wavelength_region/range3_swir/splib07a_BHVO-2F+4%_Pentane_85K_NIC4aa_RREF_range3_swir.gif,D:\usgs_splib07\../GIFplots/GIFplots_splib07a/plots_by_wavelength_region/range4_swir_to_mir/splib07a_BHVO-2F+4%_Pentane_85K_NIC4aa_RREF_range4_swir_to_mir.gif,D:\usgs_splib07\../GIFplots/GIFplots_splib07a/plots_by_wavelength_region/range5_swir_to_fir_wavenumber/splib07a_BHVO-2F+4%_Pentane_85K_NIC4aa_RREF_range5_swir_to_fir_wavenumber.gif,D:\usgs_splib07\../GIFplots/GIFplots_splib07a/splib07a_Wavelengths_NIC4_Nicolet_1.12-216microns.gif,D:\usgs_splib07\../GIFplots/GIFplots_splib07a/splib07a_Bandpass_(FWHM)_NIC4_Nicolet_in_microns.gif
BHVO-2F+4%_1-Pentene         NIC4aa RREF,D:\usgs_splib07\../HTMLmetadata/BHVO-2F+4%_1-Pentene_NIC4aa_RREF.html,D:\usgs_splib07\../ASCIIdata/ASCIIdata_splib07a/ChapterO_OrganicCompounds/splib07a_BHVO-2F+4%_1-Pentene_NIC4aa_RREF.txt,,D:\usgs_splib07\../ASCIIdata/ASCIIdata_splib07a/splib07a_Wavelengths_NIC4_Nicolet_1.12-216microns.txt,D:\usgs_splib07\../ASCIIdata/ASCIIdata_splib07a/splib07a_Bandpass_(FWHM)_NIC4_Nicolet_in_microns.txt,D:\usgs_splib07\../GIFplots/GIFplots_splib07a/ChapterO_OrganicCompounds/splib07a_BHVO-2F+4%_1-Pentene_NIC4aa_RREF.gif,,D:\usgs_splib07\../GIFplots/GIFplots_splib07a/plots_by_wavelength_region/range2_visible_to_swir/splib07a_BHVO-2F+4%_1-Pentene_NIC4aa_RREF_range2_vis_to_swir.gif,D:\usgs_splib07\../GIFplots/GIFplots_splib07a/plots_by_wavelength_region/range3_swir/splib07a_BHVO-2F+4%_1-Pentene_NIC4aa_RREF_range3_swir.gif,D:\usgs_splib07\../GIFplots/GIFplots_splib07a/plots_by_wavelength_region/range4_swir_to_mir/splib07a_BHVO-2F+4%_1-Pentene_NIC4aa_RREF_range4_swir_to_mir.gif,D:\usgs_splib07\../GIFplots/GIFplots_splib07a/plots_by_wavelength_region/range5_swir_to_fir_wavenumber/splib07a_BHVO-2F+4%_1-Pentene_NIC4aa_RREF_range5_swir_to_fir_wavenumber.gif,D:\usgs_splib07\../GIFplots/GIFplots_splib07a/splib07a_Wavelengths_NIC4_Nicolet_1.12-216microns.gif,D:\usgs_splib07\../GIFplots/GIFplots_splib07a/splib07a_Bandpass_(FWHM)_NIC4_Nicolet_in_microns.gif
BHVO-2F+4%_2-Propanol        NIC4aa RREF,D:\usgs_splib07\../HTMLmetadata/BHVO-2F+4%_2-Propanol_NIC4aa_RREF.html,D:\usgs_splib07\../ASCIIdata/ASCIIdata_splib07a/ChapterO_OrganicCompounds/splib07a_BHVO-2F+4%_2-Propanol_NIC4aa_RREF.txt,,D:\usgs_splib07\../ASCIIdata/ASCIIdata_splib07a/splib07a_Wavelengths_NIC4_Nicolet_1.12-216microns.txt,D:\usgs_splib07\../ASCIIdata/ASCIIdata_splib07a/splib07a_Bandpass_(FWHM)_NIC4_Nicolet_in_microns.txt,D:\usgs_splib07\../GIFplots/GIFplots_splib07a/ChapterO_OrganicCompounds/splib07a_BHVO-2F+4%_2-Propanol_NIC4aa_RREF.gif,,D:\usgs_splib07\../GIFplots/GIFplots_splib07a/plots_by_wavelength_region/range2_visible_to_swir/splib07a_BHVO-2F+4%_2-Propanol_NIC4aa_RREF_range2_vis_to_swir.gif,D:\usgs_splib07\../GIFplots/GIFplots_splib07a/plots_by_wavelength_region/range3_swir/splib07a_BHVO-2F+4%_2-Propanol_NIC4aa_RREF_range3_swir.gif,D:\usgs_splib07\../GIFplots/GIFplots_splib07a/plots_by_wavelength_region/range4_swir_to_mir/splib07a_BHVO-2F+4%_2-Propanol_NIC4aa_RREF_range4_swir_to_mir.gif,D:\usgs_splib07\../GIFplots/GIFplots_splib07a/plots_by_wavelength_region/range5_swir_to_fir_wavenumber/splib07a_BHVO-2F+4%_2-Propanol_NIC4aa_RREF_range5_swir_to_fir_wavenumber.gif,D:\usgs_splib07\../GIFplots/GIFplots_splib07a/splib07a_Wavelengths_NIC4_Nicolet_1.12-216microns.gif,D:\usgs_splib07\../GIFplots/GIFplots_splib07a/splib07a_Bandpass_(FWHM)_NIC4_Nicolet_in_microns.gif
BHVO-2F+4%_2-Propanol 85K    NIC4aa RREF,D:\usgs_splib07\../HTMLmetadata/BHVO-2F+4%_2-Propanol_85K_NIC4aa_RREF.html,D:\usgs_splib07\../ASCIIdata/ASCIIdata_splib07a/ChapterO_OrganicCompounds/splib07a_BHVO-2F+4%_2-Propanol_85K_NIC4aa_RREF.txt,,D:\usgs_splib07\../ASCIIdata/ASCIIdata_splib07a/splib07a_Wavelengths_NIC4_Nicolet_1.12-216microns.txt,D:\usgs_splib07\../ASCIIdata/ASCIIdata_splib07a/splib07a_Bandpass_(FWHM)_NIC4_Nicolet_in_microns.txt,D:\usgs_splib07\../GIFplots/GIFplots_splib07a/ChapterO_OrganicCompounds/splib07a_BHVO-2F+4%_2-Propanol_85K_NIC4aa_RREF.gif,,D:\usgs_splib07\../GIFplots/GIFplots_splib07a/plots_by_wavelength_region/range2_visible_to_swir/splib07a_BHVO-2F+4%_2-Propanol_85K_NIC4aa_RREF_range2_vis_to_swir.gif,D:\usgs_splib07\../GIFplots/GIFplots_splib07a/plots_by_wavelength_region/range3_swir/splib07a_BHVO-2F+4%_2-Propanol_85K_NIC4aa_RREF_range3_swir.gif,D:\usgs_splib07\../GIFplots/GIFplots_splib07a/plots_by_wavelength_region/range4_swir_to_mir/splib07a_BHVO-2F+4%_2-Propanol_85K_NIC4aa_RREF_range4_swir_to_mir.gif,D:\usgs_splib07\../GIFplots/GIFplots_splib07a/plots_by_wavelength_region/range5_swir_to_fir_wavenumber/splib07a_BHVO-2F+4%_2-Propanol_85K_NIC4aa_RREF_range5_swir_to_fir_wavenumber.gif,D:\usgs_splib07\../GIFplots/GIFplots_splib07a/splib07a_Wavelengths_NIC4_Nicolet_1.12-216microns.gif,D:\usgs_splib07\../GIFplots/GIFplots_splib07a/splib07a_Bandpass_(FWHM)_NIC4_Nicolet_in_microns.gif
BHVO-2F+4%_Propionitrile     NIC4aa RREF,D:\usgs_splib07\../HTMLmetadata/BHVO-2F+4%_Propionitrile_NIC4aa_RREF.html,D:\usgs_splib07\../ASCIIdata/ASCIIdata_splib07a/ChapterO_OrganicCompounds/splib07a_BHVO-2F+4%_Propionitrile_NIC4aa_RREF.txt,,D:\usgs_splib07\../ASCIIdata/ASCIIdata_splib07a/splib07a_Wavelengths_NIC4_Nicolet_1.12-216microns.txt,D:\usgs_splib07\../ASCIIdata/ASCIIdata_splib07a/splib07a_Bandpass_(FWHM)_NIC4_Nicolet_in_microns.txt,D:\usgs_splib07\../GIFplots/GIFplots_splib07a/ChapterO_OrganicCompounds/splib07a_BHVO-2F+4%_Propionitrile_NIC4aa_RREF.gif,,D:\usgs_splib07\../GIFplots/GIFplots_splib07a/plots_by_wavelength_region/range2_visible_to_swir/splib07a_BHVO-2F+4%_Propionitrile_NIC4aa_RREF_range2_vis_to_swir.gif,D:\usgs_splib07\../GIFplots/GIFplots_splib07a/plots_by_wavelength_region/range3_swir/splib07a_BHVO-2F+4%_Propionitrile_NIC4aa_RREF_range3_swir.gif,D:\usgs_splib07\../GIFplots/GIFplots_splib07a/plots_by_wavelength_region/range4_swir_to_mir/splib07a_BHVO-2F+4%_Propionitrile_NIC4aa_RREF_range4_swir_to_mir.gif,D:\usgs_splib07\../GIFplots/GIFplots_splib07a/plots_by_wavelength_region/range5_swir_to_fir_wavenumber/splib07a_BHVO-2F+4%_Propionitrile_NIC4aa_RREF_range5_swir_to_fir_wavenumber.gif,D:\usgs_splib07\../GIFplots/GIFplots_splib07a/splib07a_Wavelengths_NIC4_Nicolet_1.12-216microns.gif,D:\usgs_splib07\../GIFplots/GIFplots_splib07a/splib07a_Bandpass_(FWHM)_NIC4_Nicolet_in_microns.gif
BHVO-2F+4%Propionitrile 88K  NIC4aa RREF,D:\usgs_splib07\../HTMLmetadata/BHVO-2F+4%Propionitrile_88K_NIC4aa_RREF.html,D:\usgs_splib07\../ASCIIdata/ASCIIdata_splib07a/ChapterO_OrganicCompounds/splib07a_BHVO-2F+4%Propionitrile_88K_NIC4aa_RREF.txt,,D:\usgs_splib07\../ASCIIdata/ASCIIdata_splib07a/splib07a_Wavelengths_NIC4_Nicolet_1.12-216microns.txt,D:\usgs_splib07\../ASCIIdata/ASCIIdata_splib07a/splib07a_Bandpass_(FWHM)_NIC4_Nicolet_in_microns.txt,D:\usgs_splib07\../GIFplots/GIFplots_splib07a/ChapterO_OrganicCompounds/splib07a_BHVO-2F+4%Propionitrile_88K_NIC4aa_RREF.gif,,D:\usgs_splib07\../GIFplots/GIFplots_splib07a/plots_by_wavelength_region/range2_visible_to_swir/splib07a_BHVO-2F+4%Propionitrile_88K_NIC4aa_RREF_range2_vis_to_swir.gif,D:\usgs_splib07\../GIFplots/GIFplots_splib07a/plots_by_wavelength_region/range3_swir/splib07a_BHVO-2F+4%Propionitrile_88K_NIC4aa_RREF_range3_swir.gif,D:\usgs_splib07\../GIFplots/GIFplots_splib07a/plots_by_wavelength_region/range4_swir_to_mir/splib07a_BHVO-2F+4%Propionitrile_88K_NIC4aa_RREF_range4_swir_to_mir.gif,D:\usgs_splib07\../GIFplots/GIFplots_splib07a/plots_by_wavelength_region/range5_swir_to_fir_wavenumber/splib07a_BHVO-2F+4%Propionitrile_88K_NIC4aa_RREF_range5_swir_to_fir_wavenumber.gif,D:\usgs_splib07\../GIFplots/GIFplots_splib07a/splib07a_Wavelengths_NIC4_Nicolet_1.12-216microns.gif,D:\usgs_splib07\../GIFplots/GIFplots_splib07a/splib07a_Bandpass_(FWHM)_NIC4_Nicolet_in_microns.gif
BHVO-2F+4%_Pyridine          NIC4aa RREF,D:\usgs_splib07\../HTMLmetadata/BHVO-2F+4%_Pyridine_NIC4aa_RREF.html,D:\usgs_splib07\../ASCIIdata/ASCIIdata_splib07a/ChapterO_OrganicCompounds/splib07a_BHVO-2F+4%_Pyridine_NIC4aa_RREF.txt,,D:\usgs_splib07\../ASCIIdata/ASCIIdata_splib07a/splib07a_Wavelengths_NIC4_Nicolet_1.12-216microns.txt,D:\usgs_splib07\../ASCIIdata/ASCIIdata_splib07a/splib07a_Bandpass_(FWHM)_NIC4_Nicolet_in_microns.txt,D:\usgs_splib07\../GIFplots/GIFplots_splib07a/ChapterO_OrganicCompounds/splib07a_BHVO-2F+4%_Pyridine_NIC4aa_RREF.gif,,D:\usgs_splib07\../GIFplots/GIFplots_splib07a/plots_by_wavelength_region/range2_visible_to_swir/splib07a_BHVO-2F+4%_Pyridine_NIC4aa_RREF_range2_vis_to_swir.gif,D:\usgs_splib07\../GIFplots/GIFplots_splib07a/plots_by_wavelength_region/range3_swir/splib07a_BHVO-2F+4%_Pyridine_NIC4aa_RREF_range3_swir.gif,D:\usgs_splib07\../GIFplots/GIFplots_splib07a/plots_by_wavelength_region/range4_swir_to_mir/splib07a_BHVO-2F+4%_Pyridine_NIC4aa_RREF_range4_swir_to_mir.gif,D:\usgs_splib07\../GIFplots/GIFplots_splib07a/plots_by_wavelength_region/range5_swir_to_fir_wavenumber/splib07a_BHVO-2F+4%_Pyridine_NIC4aa_RREF_range5_swir_to_fir_wavenumber.gif,D:\usgs_splib07\../GIFplots/GIFplots_splib07a/splib07a_Wavelengths_NIC4_Nicolet_1.12-216microns.gif,D:\usgs_splib07\../GIFplots/GIFplots_splib07a/splib07a_Bandpass_(FWHM)_NIC4_Nicolet_in_microns.gif
BHVO-2F+4%_Pyrrole           NIC4aa RREF,D:\usgs_splib07\../HTMLmetadata/BHVO-2F+4%_Pyrrole_NIC4aa_RREF.html,D:\usgs_splib07\../ASCIIdata/ASCIIdata_splib07a/ChapterO_OrganicCompounds/splib07a_BHVO-2F+4%_Pyrrole_NIC4aa_RREF.txt,,D:\usgs_splib07\../ASCIIdata/ASCIIdata_splib07a/splib07a_Wavelengths_NIC4_Nicolet_1.12-216microns.txt,D:\usgs_splib07\../ASCIIdata/ASCIIdata_splib07a/splib07a_Bandpass_(FWHM)_NIC4_Nicolet_in_microns.txt,D:\usgs_splib07\../GIFplots/GIFplots_splib07a/ChapterO_OrganicCompounds/splib07a_BHVO-2F+4%_Pyrrole_NIC4aa_RREF.gif,,D:\usgs_splib07\../GIFplots/GIFplots_splib07a/plots_by_wavelength_region/range2_visible_to_swir/splib07a_BHVO-2F+4%_Pyrrole_NIC4aa_RREF_range2_vis_to_swir.gif,D:\usgs_splib07\../GIFplots/GIFplots_splib07a/plots_by_wavelength_region/range3_swir/splib07a_BHVO-2F+4%_Pyrrole_NIC4aa_RREF_range3_swir.gif,D:\usgs_splib07\../GIFplots/GIFplots_splib07a/plots_by_wavelength_region/range4_swir_to_mir/splib07a_BHVO-2F+4%_Pyrrole_NIC4aa_RREF_range4_swir_to_mir.gif,D:\usgs_splib07\../GIFplots/GIFplots_splib07a/plots_by_wavelength_region/range5_swir_to_fir_wavenumber/splib07a_BHVO-2F+4%_Pyrrole_NIC4aa_RREF_range5_swir_to_fir_wavenumber.gif,D:\usgs_splib07\../GIFplots/GIFplots_splib07a/splib07a_Wavelengths_NIC4_Nicolet_1.12-216microns.gif,D:\usgs_splib07\../GIFplots/GIFplots_splib07a/splib07a_Bandpass_(FWHM)_NIC4_Nicolet_in_microns.gif
BHVO-2F+4%_Pyrrole 84K       NIC4aa RREF,D:\usgs_splib07\../HTMLmetadata/BHVO-2F+4%_Pyrrole_84K_NIC4aa_RREF.html,D:\usgs_splib07\../ASCIIdata/ASCIIdata_splib07a/ChapterO_OrganicCompounds/splib07a_BHVO-2F+4%_Pyrrole_84K_NIC4aa_RREF.txt,,D:\usgs_splib07\../ASCIIdata/ASCIIdata_splib07a/splib07a_Wavelengths_NIC4_Nicolet_1.12-216microns.txt,D:\usgs_splib07\../ASCIIdata/ASCIIdata_splib07a/splib07a_Bandpass_(FWHM)_NIC4_Nicolet_in_microns.txt,D:\usgs_splib07\../GIFplots/GIFplots_splib07a/ChapterO_OrganicCompounds/splib07a_BHVO-2F+4%_Pyrrole_84K_NIC4aa_RREF.gif,,D:\usgs_splib07\../GIFplots/GIFplots_splib07a/plots_by_wavelength_region/range2_visible_to_swir/splib07a_BHVO-2F+4%_Pyrrole_84K_NIC4aa_RREF_range2_vis_to_swir.gif,D:\usgs_splib07\../GIFplots/GIFplots_splib07a/plots_by_wavelength_region/range3_swir/splib07a_BHVO-2F+4%_Pyrrole_84K_NIC4aa_RREF_range3_swir.gif,D:\usgs_splib07\../GIFplots/GIFplots_splib07a/plots_by_wavelength_region/range4_swir_to_mir/splib07a_BHVO-2F+4%_Pyrrole_84K_NIC4aa_RREF_range4_swir_to_mir.gif,D:\usgs_splib07\../GIFplots/GIFplots_splib07a/plots_by_wavelength_region/range5_swir_to_fir_wavenumber/splib07a_BHVO-2F+4%_Pyrrole_84K_NIC4aa_RREF_range5_swir_to_fir_wavenumber.gif,D:\usgs_splib07\../GIFplots/GIFplots_splib07a/splib07a_Wavelengths_NIC4_Nicolet_1.12-216microns.gif,D:\usgs_splib07\../GIFplots/GIFplots_splib07a/splib07a_Bandpass_(FWHM)_NIC4_Nicolet_in_microns.gif
