Spectrum Title,HTML Description,ASCII Spectrum ,ASCII Spectrum Error Bars ,ASCII Wavelengths ,ASCII Bandpass ,Full Range Plot,Range 1 Plot: 0.2-1.0 microns,Range 2 Plot: 0.2-2.5 microns,Range 3 Plot: 1.5-5.5 microns,Range 4 Plot: 2.5-25 microns,Range 5 Plot: 4000-50 inverse centimeters,GIF Wavelengths  Plot,GIF Bandpass  Plot
Acid_Mine_Dr Assemb1-Fe3+    ASDFRb AREF,D:\usgs_splib07\../HTMLmetadata/Acid_Mine_Dr_Assemb1-Fe3+_ASDFRb_AREF.html,D:\usgs_splib07\../ASCIIdata/ASCIIdata_splib07a/ChapterS_SoilsAndMixtures/splib07a_Acid_Mine_Dr_Assemb1-Fe3+_ASDFRb_AREF.txt,,D:\usgs_splib07\../ASCIIdata/ASCIIdata_splib07a/splib07a_Wavelengths_ASD_0.35-2.5_microns_2151_ch.txt,D:\usgs_splib07\../ASCIIdata/ASCIIdata_splib07a/splib07a_Bandpass_(FWHM)_ASDFR_StandardResolution.txt,D:\usgs_splib07\../GIFplots/GIFplots_splib07a/ChapterS_SoilsAndMixtures/splib07a_Acid_Mine_Dr_Assemb1-Fe3+_ASDFRb_AREF.gif,D:\usgs_splib07\../GIFplots/GIFplots_splib07a/plots_by_wavelength_region/range1_uv_to_visible/splib07a_Acid_Mine_Dr_Assemb1-Fe3+_ASDFRb_AREF_range1_uv_to_vis.gif,D:\usgs_splib07\../GIFplots/GIFplots_splib07a/plots_by_wavelength_region/range2_visible_to_swir/splib07a_Acid_Mine_Dr_Assemb1-Fe3+_ASDFRb_AREF_range2_vis_to_swir.gif,D:\usgs_splib07\../GIFplots/GIFplots_splib07a/plots_by_wavelength_region/range3_swir/splib07a_Acid_Mine_Dr_Assemb1-Fe3+_ASDFRb_AREF_range3_swir.gif,,,D:\usgs_splib07\../GIFplots/GIFplots_splib07a/splib07a_Wavelengths_ASD_0.35-2.5_microns_2151_ch.gif,D:\usgs_splib07\../GIFplots/GIFplots_splib07a/splib07a_Bandpass_(FWHM)_ASDFR_StandardResolution.gif
Acid_Mine_Dr Assemb2-Fe3+    ASDFRb AREF,D:\usgs_splib07\../HTMLmetadata/Acid_Mine_Dr_Assemb2-Fe3+_ASDFRb_AREF.html,D:\usgs_splib07\../ASCIIdata/ASCIIdata_splib07a/ChapterS_SoilsAndMixtures/splib07a_Acid_Mine_Dr_Assemb2-Fe3+_ASDFRb_AREF.txt,,D:\usgs_splib07\../ASCIIdata/ASCIIdata_splib07a/splib07a_Wavelengths_ASD_0.35-2.5_microns_2151_ch.txt,D:\usgs_splib07\../ASCIIdata/ASCIIdata_splib07a/splib07a_Bandpass_(FWHM)_ASDFR_StandardResolution.txt,D:\usgs_splib07\../GIFplots/GIFplots_splib07a/ChapterS_SoilsAndMixtures/splib07a_Acid_Mine_Dr_Assemb2-Fe3+_ASDFRb_AREF.gif,D:\usgs_splib07\../GIFplots/GIFplots_splib07a/plots_by_wavelength_region/range1_uv_to_visible/splib07a_Acid_Mine_Dr_Assemb2-Fe3+_ASDFRb_AREF_range1_uv_to_vis.gif,D:\usgs_splib07\../GIFplots/GIFplots_splib07a/plots_by_wavelength_region/range2_visible_to_swir/splib07a_Acid_Mine_Dr_Assemb2-Fe3+_ASDFRb_AREF_range2_vis_to_swir.gif,D:\usgs_splib07\../GIFplots/GIFplots_splib07a/plots_by_wavelength_region/range3_swir/splib07a_Acid_Mine_Dr_Assemb2-Fe3+_ASDFRb_AREF_range3_swir.gif,,,D:\usgs_splib07\../GIFplots/GIFplots_splib07a/splib07a_Wavelengths_ASD_0.35-2.5_microns_2151_ch.gif,D:\usgs_splib07\../GIFplots/GIFplots_splib07a/splib07a_Bandpass_(FWHM)_ASDFR_StandardResolution.gif
Actinolite-Hornfels BR93-5a   BECKc AREF,D:\usgs_splib07\../HTMLmetadata/Actinolite-Hornfels_BR93-5a_BECKc_AREF.html,D:\usgs_splib07\../ASCIIdata/ASCIIdata_splib07a/ChapterS_SoilsAndMixtures/splib07a_Actinolite-Hornfels_BR93-5a_BECKc_AREF.txt,D:\usgs_splib07\../ASCIIdata/ASCIIdata_splib07a/errorbars/errorbars_for_splib07a_Actinolite-Hornfels_BR93-5a_BECKc_AREF.txt,D:\usgs_splib07\../ASCIIdata/ASCIIdata_splib07a/splib07a_Wavelengths_BECK_Beckman_0.2-3.0_microns.txt,D:\usgs_splib07\../ASCIIdata/ASCIIdata_splib07a/splib07a_Bandpass_(FWHM)_BECK_Beckman_in_microns.txt,D:\usgs_splib07\../GIFplots/GIFplots_splib07a/ChapterS_SoilsAndMixtures/splib07a_Actinolite-Hornfels_BR93-5a_BECKc_AREF.gif,D:\usgs_splib07\../GIFplots/GIFplots_splib07a/plots_by_wavelength_region/range1_uv_to_visible/splib07a_Actinolite-Hornfels_BR93-5a_BECKc_AREF_range1_uv_to_vis.gif,D:\usgs_splib07\../GIFplots/GIFplots_splib07a/plots_by_wavelength_region/range2_visible_to_swir/splib07a_Actinolite-Hornfels_BR93-5a_BECKc_AREF_range2_vis_to_swir.gif,D:\usgs_splib07\../GIFplots/GIFplots_splib07a/plots_by_wavelength_region/range3_swir/splib07a_Actinolite-Hornfels_BR93-5a_BECKc_AREF_range3_swir.gif,,,D:\usgs_splib07\../GIFplots/GIFplots_splib07a/splib07a_Wavelengths_BECK_Beckman_0.2-3.0_microns.gif,D:\usgs_splib07\../GIFplots/GIFplots_splib07a/splib07a_Bandpass_(FWHM)_BECK_Beckman_in_microns.gif
Actinolite-Tremolit BR93-22C  BECKb AREF,D:\usgs_splib07\../HTMLmetadata/Actinolite-Tremolit_BR93-22C_BECKb_AREF.html,D:\usgs_splib07\../ASCIIdata/ASCIIdata_splib07a/ChapterS_SoilsAndMixtures/splib07a_Actinolite-Tremolit_BR93-22C_BECKb_AREF.txt,D:\usgs_splib07\../ASCIIdata/ASCIIdata_splib07a/errorbars/errorbars_for_splib07a_Actinolite-Tremolit_BR93-22C_BECKb_AREF.txt,D:\usgs_splib07\../ASCIIdata/ASCIIdata_splib07a/splib07a_Wavelengths_BECK_Beckman_0.2-3.0_microns.txt,D:\usgs_splib07\../ASCIIdata/ASCIIdata_splib07a/splib07a_Bandpass_(FWHM)_BECK_Beckman_in_microns.txt,D:\usgs_splib07\../GIFplots/GIFplots_splib07a/ChapterS_SoilsAndMixtures/splib07a_Actinolite-Tremolit_BR93-22C_BECKb_AREF.gif,D:\usgs_splib07\../GIFplots/GIFplots_splib07a/plots_by_wavelength_region/range1_uv_to_visible/splib07a_Actinolite-Tremolit_BR93-22C_BECKb_AREF_range1_uv_to_vis.gif,D:\usgs_splib07\../GIFplots/GIFplots_splib07a/plots_by_wavelength_region/range2_visible_to_swir/splib07a_Actinolite-Tremolit_BR93-22C_BECKb_AREF_range2_vis_to_swir.gif,D:\usgs_splib07\../GIFplots/GIFplots_splib07a/plots_by_wavelength_region/range3_swir/splib07a_Actinolite-Tremolit_BR93-22C_BECKb_AREF_range3_swir.gif,,,D:\usgs_splib07\../GIFplots/GIFplots_splib07a/splib07a_Wavelengths_BECK_Beckman_0.2-3.0_microns.gif,D:\usgs_splib07\../GIFplots/GIFplots_splib07a/splib07a_Bandpass_(FWHM)_BECK_Beckman_in_microns.gif
Actinolite_Dolomit BR93-60B   BECKb AREF,D:\usgs_splib07\../HTMLmetadata/Actinolite_Dolomit_BR93-60B_BECKb_AREF.html,D:\usgs_splib07\../ASCIIdata/ASCIIdata_splib07a/ChapterS_SoilsAndMixtures/splib07a_Actinolite_Dolomit_BR93-60B_BECKb_AREF.txt,D:\usgs_splib07\../ASCIIdata/ASCIIdata_splib07a/errorbars/errorbars_for_splib07a_Actinolite_Dolomit_BR93-60B_BECKb_AREF.txt,D:\usgs_splib07\../ASCIIdata/ASCIIdata_splib07a/splib07a_Wavelengths_BECK_Beckman_0.2-3.0_microns.txt,D:\usgs_splib07\../ASCIIdata/ASCIIdata_splib07a/splib07a_Bandpass_(FWHM)_BECK_Beckman_in_microns.txt,D:\usgs_splib07\../GIFplots/GIFplots_splib07a/ChapterS_SoilsAndMixtures/splib07a_Actinolite_Dolomit_BR93-60B_BECKb_AREF.gif,D:\usgs_splib07\../GIFplots/GIFplots_splib07a/plots_by_wavelength_region/range1_uv_to_visible/splib07a_Actinolite_Dolomit_BR93-60B_BECKb_AREF_range1_uv_to_vis.gif,D:\usgs_splib07\../GIFplots/GIFplots_splib07a/plots_by_wavelength_region/range2_visible_to_swir/splib07a_Actinolite_Dolomit_BR93-60B_BECKb_AREF_range2_vis_to_swir.gif,D:\usgs_splib07\../GIFplots/GIFplots_splib07a/plots_by_wavelength_region/range3_swir/splib07a_Actinolite_Dolomit_BR93-60B_BECKb_AREF_range3_swir.gif,,,D:\usgs_splib07\../GIFplots/GIFplots_splib07a/splib07a_Wavelengths_BECK_Beckman_0.2-3.0_microns.gif,D:\usgs_splib07\../GIFplots/GIFplots_splib07a/splib07a_Bandpass_(FWHM)_BECK_Beckman_in_microns.gif
Alun.33+Kaol.33+Musc.33 AMX2  BECKa AREF,D:\usgs_splib07\../HTMLmetadata/Alun.33+Kaol.33+Musc.33_AMX2_BECKa_AREF.html,D:\usgs_splib07\../ASCIIdata/ASCIIdata_splib07a/ChapterS_SoilsAndMixtures/splib07a_Alun.33+Kaol.33+Musc.33_AMX2_BECKa_AREF.txt,D:\usgs_splib07\../ASCIIdata/ASCIIdata_splib07a/errorbars/errorbars_for_splib07a_Alun.33+Kaol.33+Musc.33_AMX2_BECKa_AREF.txt,D:\usgs_splib07\../ASCIIdata/ASCIIdata_splib07a/splib07a_Wavelengths_BECK_Beckman_0.2-3.0_microns.txt,D:\usgs_splib07\../ASCIIdata/ASCIIdata_splib07a/splib07a_Bandpass_(FWHM)_BECK_Beckman_in_microns.txt,D:\usgs_splib07\../GIFplots/GIFplots_splib07a/ChapterS_SoilsAndMixtures/splib07a_Alun.33+Kaol.33+Musc.33_AMX2_BECKa_AREF.gif,D:\usgs_splib07\../GIFplots/GIFplots_splib07a/plots_by_wavelength_region/range1_uv_to_visible/splib07a_Alun.33+Kaol.33+Musc.33_AMX2_BECKa_AREF_range1_uv_to_vis.gif,D:\usgs_splib07\../GIFplots/GIFplots_splib07a/plots_by_wavelength_region/range2_visible_to_swir/splib07a_Alun.33+Kaol.33+Musc.33_AMX2_BECKa_AREF_range2_vis_to_swir.gif,D:\usgs_splib07\../GIFplots/GIFplots_splib07a/plots_by_wavelength_region/range3_swir/splib07a_Alun.33+Kaol.33+Musc.33_AMX2_BECKa_AREF_range3_swir.gif,,,D:\usgs_splib07\../GIFplots/GIFplots_splib07a/splib07a_Wavelengths_BECK_Beckman_0.2-3.0_microns.gif,D:\usgs_splib07\../GIFplots/GIFplots_splib07a/splib07a_Bandpass_(FWHM)_BECK_Beckman_in_microns.gif
Alun.33+Kaol.33+Musc.33 AMX2 ASDNGa AREF,D:\usgs_splib07\../HTMLmetadata/Alun.33+Kaol.33+Musc.33_AMX2_ASDNGa_AREF.html,D:\usgs_splib07\../ASCIIdata/ASCIIdata_splib07a/ChapterS_SoilsAndMixtures/splib07a_Alun.33+Kaol.33+Musc.33_AMX2_ASDNGa_AREF.txt,,D:\usgs_splib07\../ASCIIdata/ASCIIdata_splib07a/splib07a_Wavelengths_ASD_0.35-2.5_microns_2151_ch.txt,D:\usgs_splib07\../ASCIIdata/ASCIIdata_splib07a/splib07a_Bandpass_(FWHM)_ASDNG_High-Res_NextGen.txt,D:\usgs_splib07\../GIFplots/GIFplots_splib07a/ChapterS_SoilsAndMixtures/splib07a_Alun.33+Kaol.33+Musc.33_AMX2_ASDNGa_AREF.gif,D:\usgs_splib07\../GIFplots/GIFplots_splib07a/plots_by_wavelength_region/range1_uv_to_visible/splib07a_Alun.33+Kaol.33+Musc.33_AMX2_ASDNGa_AREF_range1_uv_to_vis.gif,D:\usgs_splib07\../GIFplots/GIFplots_splib07a/plots_by_wavelength_region/range2_visible_to_swir/splib07a_Alun.33+Kaol.33+Musc.33_AMX2_ASDNGa_AREF_range2_vis_to_swir.gif,D:\usgs_splib07\../GIFplots/GIFplots_splib07a/plots_by_wavelength_region/range3_swir/splib07a_Alun.33+Kaol.33+Musc.33_AMX2_ASDNGa_AREF_range3_swir.gif,,,D:\usgs_splib07\../GIFplots/GIFplots_splib07a/splib07a_Wavelengths_ASD_0.35-2.5_microns_2151_ch.gif,D:\usgs_splib07\../GIFplots/GIFplots_splib07a/splib07a_Bandpass_(FWHM)_ASDNG_High-Res_NextGen.gif
Alun0.3+Musc0.4+Pyro0.3 AMX1  BECKa AREF,D:\usgs_splib07\../HTMLmetadata/Alun0.3+Musc0.4+Pyro0.3_AMX1_BECKa_AREF.html,D:\usgs_splib07\../ASCIIdata/ASCIIdata_splib07a/ChapterS_SoilsAndMixtures/splib07a_Alun0.3+Musc0.4+Pyro0.3_AMX1_BECKa_AREF.txt,,D:\usgs_splib07\../ASCIIdata/ASCIIdata_splib07a/splib07a_Wavelengths_BECK_Beckman_0.2-3.0_microns.txt,D:\usgs_splib07\../ASCIIdata/ASCIIdata_splib07a/splib07a_Bandpass_(FWHM)_BECK_Beckman_in_microns.txt,D:\usgs_splib07\../GIFplots/GIFplots_splib07a/ChapterS_SoilsAndMixtures/splib07a_Alun0.3+Musc0.4+Pyro0.3_AMX1_BECKa_AREF.gif,D:\usgs_splib07\../GIFplots/GIFplots_splib07a/plots_by_wavelength_region/range1_uv_to_visible/splib07a_Alun0.3+Musc0.4+Pyro0.3_AMX1_BECKa_AREF_range1_uv_to_vis.gif,D:\usgs_splib07\../GIFplots/GIFplots_splib07a/plots_by_wavelength_region/range2_visible_to_swir/splib07a_Alun0.3+Musc0.4+Pyro0.3_AMX1_BECKa_AREF_range2_vis_to_swir.gif,D:\usgs_splib07\../GIFplots/GIFplots_splib07a/plots_by_wavelength_region/range3_swir/splib07a_Alun0.3+Musc0.4+Pyro0.3_AMX1_BECKa_AREF_range3_swir.gif,,,D:\usgs_splib07\../GIFplots/GIFplots_splib07a/splib07a_Wavelengths_BECK_Beckman_0.2-3.0_microns.gif,D:\usgs_splib07\../GIFplots/GIFplots_splib07a/splib07a_Bandpass_(FWHM)_BECK_Beckman_in_microns.gif
Alun366+.50PyroPYS1A GDS222   BECKb AREF,D:\usgs_splib07\../HTMLmetadata/Alun366+.50PyroPYS1A_GDS222_BECKb_AREF.html,D:\usgs_splib07\../ASCIIdata/ASCIIdata_splib07a/ChapterS_SoilsAndMixtures/splib07a_Alun366+.50PyroPYS1A_GDS222_BECKb_AREF.txt,D:\usgs_splib07\../ASCIIdata/ASCIIdata_splib07a/errorbars/errorbars_for_splib07a_Alun366+.50PyroPYS1A_GDS222_BECKb_AREF.txt,D:\usgs_splib07\../ASCIIdata/ASCIIdata_splib07a/splib07a_Wavelengths_BECK_Beckman_0.2-3.0_microns.txt,D:\usgs_splib07\../ASCIIdata/ASCIIdata_splib07a/splib07a_Bandpass_(FWHM)_BECK_Beckman_in_microns.txt,D:\usgs_splib07\../GIFplots/GIFplots_splib07a/ChapterS_SoilsAndMixtures/splib07a_Alun366+.50PyroPYS1A_GDS222_BECKb_AREF.gif,D:\usgs_splib07\../GIFplots/GIFplots_splib07a/plots_by_wavelength_region/range1_uv_to_visible/splib07a_Alun366+.50PyroPYS1A_GDS222_BECKb_AREF_range1_uv_to_vis.gif,D:\usgs_splib07\../GIFplots/GIFplots_splib07a/plots_by_wavelength_region/range2_visible_to_swir/splib07a_Alun366+.50PyroPYS1A_GDS222_BECKb_AREF_range2_vis_to_swir.gif,D:\usgs_splib07\../GIFplots/GIFplots_splib07a/plots_by_wavelength_region/range3_swir/splib07a_Alun366+.50PyroPYS1A_GDS222_BECKb_AREF_range3_swir.gif,,,D:\usgs_splib07\../GIFplots/GIFplots_splib07a/splib07a_Wavelengths_BECK_Beckman_0.2-3.0_microns.gif,D:\usgs_splib07\../GIFplots/GIFplots_splib07a/splib07a_Bandpass_(FWHM)_BECK_Beckman_in_microns.gif
Alun_Na+Kaol+Hemat  MV00-11a ASDFRc AREF,D:\usgs_splib07\../HTMLmetadata/Alun_Na+Kaol+Hemat_MV00-11a_ASDFRc_AREF.html,D:\usgs_splib07\../ASCIIdata/ASCIIdata_splib07a/ChapterS_SoilsAndMixtures/splib07a_Alun_Na+Kaol+Hemat_MV00-11a_ASDFRc_AREF.txt,,D:\usgs_splib07\../ASCIIdata/ASCIIdata_splib07a/splib07a_Wavelengths_ASD_0.35-2.5_microns_2151_ch.txt,D:\usgs_splib07\../ASCIIdata/ASCIIdata_splib07a/splib07a_Bandpass_(FWHM)_ASDFR_StandardResolution.txt,D:\usgs_splib07\../GIFplots/GIFplots_splib07a/ChapterS_SoilsAndMixtures/splib07a_Alun_Na+Kaol+Hemat_MV00-11a_ASDFRc_AREF.gif,D:\usgs_splib07\../GIFplots/GIFplots_splib07a/plots_by_wavelength_region/range1_uv_to_visible/splib07a_Alun_Na+Kaol+Hemat_MV00-11a_ASDFRc_AREF_range1_uv_to_vis.gif,D:\usgs_splib07\../GIFplots/GIFplots_splib07a/plots_by_wavelength_region/range2_visible_to_swir/splib07a_Alun_Na+Kaol+Hemat_MV00-11a_ASDFRc_AREF_range2_vis_to_swir.gif,D:\usgs_splib07\../GIFplots/GIFplots_splib07a/plots_by_wavelength_region/range3_swir/splib07a_Alun_Na+Kaol+Hemat_MV00-11a_ASDFRc_AREF_range3_swir.gif,,,D:\usgs_splib07\../GIFplots/GIFplots_splib07a/splib07a_Wavelengths_ASD_0.35-2.5_microns_2151_ch.gif,D:\usgs_splib07\../GIFplots/GIFplots_splib07a/splib07a_Bandpass_(FWHM)_ASDFR_StandardResolution.gif
Alunite+Pyrophyl SD1093A      BECKb AREF,D:\usgs_splib07\../HTMLmetadata/Alunite+Pyrophyl_SD1093A_BECKb_AREF.html,D:\usgs_splib07\../ASCIIdata/ASCIIdata_splib07a/ChapterS_SoilsAndMixtures/splib07a_Alunite+Pyrophyl_SD1093A_BECKb_AREF.txt,D:\usgs_splib07\../ASCIIdata/ASCIIdata_splib07a/errorbars/errorbars_for_splib07a_Alunite+Pyrophyl_SD1093A_BECKb_AREF.txt,D:\usgs_splib07\../ASCIIdata/ASCIIdata_splib07a/splib07a_Wavelengths_BECK_Beckman_0.2-3.0_microns.txt,D:\usgs_splib07\../ASCIIdata/ASCIIdata_splib07a/splib07a_Bandpass_(FWHM)_BECK_Beckman_in_microns.txt,D:\usgs_splib07\../GIFplots/GIFplots_splib07a/ChapterS_SoilsAndMixtures/splib07a_Alunite+Pyrophyl_SD1093A_BECKb_AREF.gif,D:\usgs_splib07\../GIFplots/GIFplots_splib07a/plots_by_wavelength_region/range1_uv_to_visible/splib07a_Alunite+Pyrophyl_SD1093A_BECKb_AREF_range1_uv_to_vis.gif,D:\usgs_splib07\../GIFplots/GIFplots_splib07a/plots_by_wavelength_region/range2_visible_to_swir/splib07a_Alunite+Pyrophyl_SD1093A_BECKb_AREF_range2_vis_to_swir.gif,D:\usgs_splib07\../GIFplots/GIFplots_splib07a/plots_by_wavelength_region/range3_swir/splib07a_Alunite+Pyrophyl_SD1093A_BECKb_AREF_range3_swir.gif,,,D:\usgs_splib07\../GIFplots/GIFplots_splib07a/splib07a_Wavelengths_BECK_Beckman_0.2-3.0_microns.gif,D:\usgs_splib07\../GIFplots/GIFplots_splib07a/splib07a_Bandpass_(FWHM)_BECK_Beckman_in_microns.gif
Alunite-K CU91-217G1 HiTemp  ASDFRb AREF,D:\usgs_splib07\../HTMLmetadata/Alunite-K_CU91-217G1_HiTemp_ASDFRb_AREF.html,D:\usgs_splib07\../ASCIIdata/ASCIIdata_splib07a/ChapterS_SoilsAndMixtures/splib07a_Alunite-K_CU91-217G1_HiTemp_ASDFRb_AREF.txt,,D:\usgs_splib07\../ASCIIdata/ASCIIdata_splib07a/splib07a_Wavelengths_ASD_0.35-2.5_microns_2151_ch.txt,D:\usgs_splib07\../ASCIIdata/ASCIIdata_splib07a/splib07a_Bandpass_(FWHM)_ASDFR_StandardResolution.txt,D:\usgs_splib07\../GIFplots/GIFplots_splib07a/ChapterS_SoilsAndMixtures/splib07a_Alunite-K_CU91-217G1_HiTemp_ASDFRb_AREF.gif,D:\usgs_splib07\../GIFplots/GIFplots_splib07a/plots_by_wavelength_region/range1_uv_to_visible/splib07a_Alunite-K_CU91-217G1_HiTemp_ASDFRb_AREF_range1_uv_to_vis.gif,D:\usgs_splib07\../GIFplots/GIFplots_splib07a/plots_by_wavelength_region/range2_visible_to_swir/splib07a_Alunite-K_CU91-217G1_HiTemp_ASDFRb_AREF_range2_vis_to_swir.gif,D:\usgs_splib07\../GIFplots/GIFplots_splib07a/plots_by_wavelength_region/range3_swir/splib07a_Alunite-K_CU91-217G1_HiTemp_ASDFRb_AREF_range3_swir.gif,,,D:\usgs_splib07\../GIFplots/GIFplots_splib07a/splib07a_Wavelengths_ASD_0.35-2.5_microns_2151_ch.gif,D:\usgs_splib07\../GIFplots/GIFplots_splib07a/splib07a_Bandpass_(FWHM)_ASDFR_StandardResolution.gif
Alunite+Dickite MV99-6-26b   ASDFRc AREF,D:\usgs_splib07\../HTMLmetadata/Alunite+Dickite_MV99-6-26b_ASDFRc_AREF.html,D:\usgs_splib07\../ASCIIdata/ASCIIdata_splib07a/ChapterS_SoilsAndMixtures/splib07a_Alunite+Dickite_MV99-6-26b_ASDFRc_AREF.txt,,D:\usgs_splib07\../ASCIIdata/ASCIIdata_splib07a/splib07a_Wavelengths_ASD_0.35-2.5_microns_2151_ch.txt,D:\usgs_splib07\../ASCIIdata/ASCIIdata_splib07a/splib07a_Bandpass_(FWHM)_ASDFR_StandardResolution.txt,D:\usgs_splib07\../GIFplots/GIFplots_splib07a/ChapterS_SoilsAndMixtures/splib07a_Alunite+Dickite_MV99-6-26b_ASDFRc_AREF.gif,D:\usgs_splib07\../GIFplots/GIFplots_splib07a/plots_by_wavelength_region/range1_uv_to_visible/splib07a_Alunite+Dickite_MV99-6-26b_ASDFRc_AREF_range1_uv_to_vis.gif,D:\usgs_splib07\../GIFplots/GIFplots_splib07a/plots_by_wavelength_region/range2_visible_to_swir/splib07a_Alunite+Dickite_MV99-6-26b_ASDFRc_AREF_range2_vis_to_swir.gif,D:\usgs_splib07\../GIFplots/GIFplots_splib07a/plots_by_wavelength_region/range3_swir/splib07a_Alunite+Dickite_MV99-6-26b_ASDFRc_AREF_range3_swir.gif,,,D:\usgs_splib07\../GIFplots/GIFplots_splib07a/splib07a_Wavelengths_ASD_0.35-2.5_microns_2151_ch.gif,D:\usgs_splib07\../GIFplots/GIFplots_splib07a/splib07a_Bandpass_(FWHM)_ASDFR_StandardResolution.gif
Alunite.5+MuscCU91-250A AMX4  BECKa AREF,D:\usgs_splib07\../HTMLmetadata/Alunite.5+MuscCU91-250A_AMX4_BECKa_AREF.html,D:\usgs_splib07\../ASCIIdata/ASCIIdata_splib07a/ChapterS_SoilsAndMixtures/splib07a_Alunite.5+MuscCU91-250A_AMX4_BECKa_AREF.txt,D:\usgs_splib07\../ASCIIdata/ASCIIdata_splib07a/errorbars/errorbars_for_splib07a_Alunite.5+MuscCU91-250A_AMX4_BECKa_AREF.txt,D:\usgs_splib07\../ASCIIdata/ASCIIdata_splib07a/splib07a_Wavelengths_BECK_Beckman_0.2-3.0_microns.txt,D:\usgs_splib07\../ASCIIdata/ASCIIdata_splib07a/splib07a_Bandpass_(FWHM)_BECK_Beckman_in_microns.txt,D:\usgs_splib07\../GIFplots/GIFplots_splib07a/ChapterS_SoilsAndMixtures/splib07a_Alunite.5+MuscCU91-250A_AMX4_BECKa_AREF.gif,D:\usgs_splib07\../GIFplots/GIFplots_splib07a/plots_by_wavelength_region/range1_uv_to_visible/splib07a_Alunite.5+MuscCU91-250A_AMX4_BECKa_AREF_range1_uv_to_vis.gif,D:\usgs_splib07\../GIFplots/GIFplots_splib07a/plots_by_wavelength_region/range2_visible_to_swir/splib07a_Alunite.5+MuscCU91-250A_AMX4_BECKa_AREF_range2_vis_to_swir.gif,D:\usgs_splib07\../GIFplots/GIFplots_splib07a/plots_by_wavelength_region/range3_swir/splib07a_Alunite.5+MuscCU91-250A_AMX4_BECKa_AREF_range3_swir.gif,,,D:\usgs_splib07\../GIFplots/GIFplots_splib07a/splib07a_Wavelengths_BECK_Beckman_0.2-3.0_microns.gif,D:\usgs_splib07\../GIFplots/GIFplots_splib07a/splib07a_Bandpass_(FWHM)_BECK_Beckman_in_microns.gif
Alunite.5+MuscCU91-250A AMX4 ASDNGa AREF,D:\usgs_splib07\../HTMLmetadata/Alunite.5+MuscCU91-250A_AMX4_ASDNGa_AREF.html,D:\usgs_splib07\../ASCIIdata/ASCIIdata_splib07a/ChapterS_SoilsAndMixtures/splib07a_Alunite.5+MuscCU91-250A_AMX4_ASDNGa_AREF.txt,,D:\usgs_splib07\../ASCIIdata/ASCIIdata_splib07a/splib07a_Wavelengths_ASD_0.35-2.5_microns_2151_ch.txt,D:\usgs_splib07\../ASCIIdata/ASCIIdata_splib07a/splib07a_Bandpass_(FWHM)_ASDNG_High-Res_NextGen.txt,D:\usgs_splib07\../GIFplots/GIFplots_splib07a/ChapterS_SoilsAndMixtures/splib07a_Alunite.5+MuscCU91-250A_AMX4_ASDNGa_AREF.gif,D:\usgs_splib07\../GIFplots/GIFplots_splib07a/plots_by_wavelength_region/range1_uv_to_visible/splib07a_Alunite.5+MuscCU91-250A_AMX4_ASDNGa_AREF_range1_uv_to_vis.gif,D:\usgs_splib07\../GIFplots/GIFplots_splib07a/plots_by_wavelength_region/range2_visible_to_swir/splib07a_Alunite.5+MuscCU91-250A_AMX4_ASDNGa_AREF_range2_vis_to_swir.gif,D:\usgs_splib07\../GIFplots/GIFplots_splib07a/plots_by_wavelength_region/range3_swir/splib07a_Alunite.5+MuscCU91-250A_AMX4_ASDNGa_AREF_range3_swir.gif,,,D:\usgs_splib07\../GIFplots/GIFplots_splib07a/splib07a_Wavelengths_ASD_0.35-2.5_microns_2151_ch.gif,D:\usgs_splib07\../GIFplots/GIFplots_splib07a/splib07a_Bandpass_(FWHM)_ASDNG_High-Res_NextGen.gif
Alunite0.35K+.65Na CU91-217H ASDFRb AREF,D:\usgs_splib07\../HTMLmetadata/Alunite0.35K+.65Na_CU91-217H_ASDFRb_AREF.html,D:\usgs_splib07\../ASCIIdata/ASCIIdata_splib07a/ChapterS_SoilsAndMixtures/splib07a_Alunite0.35K+.65Na_CU91-217H_ASDFRb_AREF.txt,,D:\usgs_splib07\../ASCIIdata/ASCIIdata_splib07a/splib07a_Wavelengths_ASD_0.35-2.5_microns_2151_ch.txt,D:\usgs_splib07\../ASCIIdata/ASCIIdata_splib07a/splib07a_Bandpass_(FWHM)_ASDFR_StandardResolution.txt,D:\usgs_splib07\../GIFplots/GIFplots_splib07a/ChapterS_SoilsAndMixtures/splib07a_Alunite0.35K+.65Na_CU91-217H_ASDFRb_AREF.gif,D:\usgs_splib07\../GIFplots/GIFplots_splib07a/plots_by_wavelength_region/range1_uv_to_visible/splib07a_Alunite0.35K+.65Na_CU91-217H_ASDFRb_AREF_range1_uv_to_vis.gif,D:\usgs_splib07\../GIFplots/GIFplots_splib07a/plots_by_wavelength_region/range2_visible_to_swir/splib07a_Alunite0.35K+.65Na_CU91-217H_ASDFRb_AREF_range2_vis_to_swir.gif,D:\usgs_splib07\../GIFplots/GIFplots_splib07a/plots_by_wavelength_region/range3_swir/splib07a_Alunite0.35K+.65Na_CU91-217H_ASDFRb_AREF_range3_swir.gif,,,D:\usgs_splib07\../GIFplots/GIFplots_splib07a/splib07a_Wavelengths_ASD_0.35-2.5_microns_2151_ch.gif,D:\usgs_splib07\../GIFplots/GIFplots_splib07a/splib07a_Bandpass_(FWHM)_ASDFR_StandardResolution.gif
Alunite0.35K+.65Na CU91-217H  NIC4b RREF,D:\usgs_splib07\../HTMLmetadata/Alunite0.35K+.65Na_CU91-217H_NIC4b_RREF.html,D:\usgs_splib07\../ASCIIdata/ASCIIdata_splib07a/ChapterS_SoilsAndMixtures/splib07a_Alunite0.35K+.65Na_CU91-217H_NIC4b_RREF.txt,,D:\usgs_splib07\../ASCIIdata/ASCIIdata_splib07a/splib07a_Wavelengths_NIC4_Nicolet_1.12-216microns.txt,D:\usgs_splib07\../ASCIIdata/ASCIIdata_splib07a/splib07a_Bandpass_(FWHM)_NIC4_Nicolet_in_microns.txt,D:\usgs_splib07\../GIFplots/GIFplots_splib07a/ChapterS_SoilsAndMixtures/splib07a_Alunite0.35K+.65Na_CU91-217H_NIC4b_RREF.gif,,D:\usgs_splib07\../GIFplots/GIFplots_splib07a/plots_by_wavelength_region/range2_visible_to_swir/splib07a_Alunite0.35K+.65Na_CU91-217H_NIC4b_RREF_range2_vis_to_swir.gif,D:\usgs_splib07\../GIFplots/GIFplots_splib07a/plots_by_wavelength_region/range3_swir/splib07a_Alunite0.35K+.65Na_CU91-217H_NIC4b_RREF_range3_swir.gif,D:\usgs_splib07\../GIFplots/GIFplots_splib07a/plots_by_wavelength_region/range4_swir_to_mir/splib07a_Alunite0.35K+.65Na_CU91-217H_NIC4b_RREF_range4_swir_to_mir.gif,D:\usgs_splib07\../GIFplots/GIFplots_splib07a/plots_by_wavelength_region/range5_swir_to_fir_wavenumber/splib07a_Alunite0.35K+.65Na_CU91-217H_NIC4b_RREF_range5_swir_to_fir_wavenumber.gif,D:\usgs_splib07\../GIFplots/GIFplots_splib07a/splib07a_Wavelengths_NIC4_Nicolet_1.12-216microns.gif,D:\usgs_splib07\../GIFplots/GIFplots_splib07a/splib07a_Bandpass_(FWHM)_NIC4_Nicolet_in_microns.gif
Alunite0.5+Kaol_KGa-1 AMX3    BECKb AREF,D:\usgs_splib07\../HTMLmetadata/Alunite0.5+Kaol_KGa-1_AMX3_BECKb_AREF.html,D:\usgs_splib07\../ASCIIdata/ASCIIdata_splib07a/ChapterS_SoilsAndMixtures/splib07a_Alunite0.5+Kaol_KGa-1_AMX3_BECKb_AREF.txt,D:\usgs_splib07\../ASCIIdata/ASCIIdata_splib07a/errorbars/errorbars_for_splib07a_Alunite0.5+Kaol_KGa-1_AMX3_BECKb_AREF.txt,D:\usgs_splib07\../ASCIIdata/ASCIIdata_splib07a/splib07a_Wavelengths_BECK_Beckman_0.2-3.0_microns.txt,D:\usgs_splib07\../ASCIIdata/ASCIIdata_splib07a/splib07a_Bandpass_(FWHM)_BECK_Beckman_in_microns.txt,D:\usgs_splib07\../GIFplots/GIFplots_splib07a/ChapterS_SoilsAndMixtures/splib07a_Alunite0.5+Kaol_KGa-1_AMX3_BECKb_AREF.gif,D:\usgs_splib07\../GIFplots/GIFplots_splib07a/plots_by_wavelength_region/range1_uv_to_visible/splib07a_Alunite0.5+Kaol_KGa-1_AMX3_BECKb_AREF_range1_uv_to_vis.gif,D:\usgs_splib07\../GIFplots/GIFplots_splib07a/plots_by_wavelength_region/range2_visible_to_swir/splib07a_Alunite0.5+Kaol_KGa-1_AMX3_BECKb_AREF_range2_vis_to_swir.gif,D:\usgs_splib07\../GIFplots/GIFplots_splib07a/plots_by_wavelength_region/range3_swir/splib07a_Alunite0.5+Kaol_KGa-1_AMX3_BECKb_AREF_range3_swir.gif,,,D:\usgs_splib07\../GIFplots/GIFplots_splib07a/splib07a_Wavelengths_BECK_Beckman_0.2-3.0_microns.gif,D:\usgs_splib07\../GIFplots/GIFplots_splib07a/splib07a_Bandpass_(FWHM)_BECK_Beckman_in_microns.gif
Alunite0.5+Kaol_KGa-1 AMX3   ASDNGb AREF,D:\usgs_splib07\../HTMLmetadata/Alunite0.5+Kaol_KGa-1_AMX3_ASDNGb_AREF.html,D:\usgs_splib07\../ASCIIdata/ASCIIdata_splib07a/ChapterS_SoilsAndMixtures/splib07a_Alunite0.5+Kaol_KGa-1_AMX3_ASDNGb_AREF.txt,,D:\usgs_splib07\../ASCIIdata/ASCIIdata_splib07a/splib07a_Wavelengths_ASD_0.35-2.5_microns_2151_ch.txt,D:\usgs_splib07\../ASCIIdata/ASCIIdata_splib07a/splib07a_Bandpass_(FWHM)_ASDNG_High-Res_NextGen.txt,D:\usgs_splib07\../GIFplots/GIFplots_splib07a/ChapterS_SoilsAndMixtures/splib07a_Alunite0.5+Kaol_KGa-1_AMX3_ASDNGb_AREF.gif,D:\usgs_splib07\../GIFplots/GIFplots_splib07a/plots_by_wavelength_region/range1_uv_to_visible/splib07a_Alunite0.5+Kaol_KGa-1_AMX3_ASDNGb_AREF_range1_uv_to_vis.gif,D:\usgs_splib07\../GIFplots/GIFplots_splib07a/plots_by_wavelength_region/range2_visible_to_swir/splib07a_Alunite0.5+Kaol_KGa-1_AMX3_ASDNGb_AREF_range2_vis_to_swir.gif,D:\usgs_splib07\../GIFplots/GIFplots_splib07a/plots_by_wavelength_region/range3_swir/splib07a_Alunite0.5+Kaol_KGa-1_AMX3_ASDNGb_AREF_range3_swir.gif,,,D:\usgs_splib07\../GIFplots/GIFplots_splib07a/splib07a_Wavelengths_ASD_0.35-2.5_microns_2151_ch.gif,D:\usgs_splib07\../GIFplots/GIFplots_splib07a/splib07a_Bandpass_(FWHM)_ASDNG_High-Res_NextGen.gif
Alunite0.5+Kaol_KGa-1 AMX3  NIC4bbb AREF,D:\usgs_splib07\../HTMLmetadata/Alunite0.5+Kaol_KGa-1_AMX3_NIC4bbb_AREF.html,D:\usgs_splib07\../ASCIIdata/ASCIIdata_splib07a/ChapterS_SoilsAndMixtures/splib07a_Alunite0.5+Kaol_KGa-1_AMX3_NIC4bbb_AREF.txt,,D:\usgs_splib07\../ASCIIdata/ASCIIdata_splib07a/splib07a_Wavelengths_NIC4_Nicolet_1.12-216microns.txt,D:\usgs_splib07\../ASCIIdata/ASCIIdata_splib07a/splib07a_Bandpass_(FWHM)_NIC4_Nicolet_in_microns.txt,D:\usgs_splib07\../GIFplots/GIFplots_splib07a/ChapterS_SoilsAndMixtures/splib07a_Alunite0.5+Kaol_KGa-1_AMX3_NIC4bbb_AREF.gif,,D:\usgs_splib07\../GIFplots/GIFplots_splib07a/plots_by_wavelength_region/range2_visible_to_swir/splib07a_Alunite0.5+Kaol_KGa-1_AMX3_NIC4bbb_AREF_range2_vis_to_swir.gif,D:\usgs_splib07\../GIFplots/GIFplots_splib07a/plots_by_wavelength_region/range3_swir/splib07a_Alunite0.5+Kaol_KGa-1_AMX3_NIC4bbb_AREF_range3_swir.gif,D:\usgs_splib07\../GIFplots/GIFplots_splib07a/plots_by_wavelength_region/range4_swir_to_mir/splib07a_Alunite0.5+Kaol_KGa-1_AMX3_NIC4bbb_AREF_range4_swir_to_mir.gif,D:\usgs_splib07\../GIFplots/GIFplots_splib07a/plots_by_wavelength_region/range5_swir_to_fir_wavenumber/splib07a_Alunite0.5+Kaol_KGa-1_AMX3_NIC4bbb_AREF_range5_swir_to_fir_wavenumber.gif,D:\usgs_splib07\../GIFplots/GIFplots_splib07a/splib07a_Wavelengths_NIC4_Nicolet_1.12-216microns.gif,D:\usgs_splib07\../GIFplots/GIFplots_splib07a/splib07a_Bandpass_(FWHM)_NIC4_Nicolet_in_microns.gif
Alunite0.66K+.34Na CU91-217A  NIC4b RREF,D:\usgs_splib07\../HTMLmetadata/Alunite0.66K+.34Na_CU91-217A_NIC4b_RREF.html,D:\usgs_splib07\../ASCIIdata/ASCIIdata_splib07a/ChapterS_SoilsAndMixtures/splib07a_Alunite0.66K+.34Na_CU91-217A_NIC4b_RREF.txt,,D:\usgs_splib07\../ASCIIdata/ASCIIdata_splib07a/splib07a_Wavelengths_NIC4_Nicolet_1.12-216microns.txt,D:\usgs_splib07\../ASCIIdata/ASCIIdata_splib07a/splib07a_Bandpass_(FWHM)_NIC4_Nicolet_in_microns.txt,D:\usgs_splib07\../GIFplots/GIFplots_splib07a/ChapterS_SoilsAndMixtures/splib07a_Alunite0.66K+.34Na_CU91-217A_NIC4b_RREF.gif,,D:\usgs_splib07\../GIFplots/GIFplots_splib07a/plots_by_wavelength_region/range2_visible_to_swir/splib07a_Alunite0.66K+.34Na_CU91-217A_NIC4b_RREF_range2_vis_to_swir.gif,D:\usgs_splib07\../GIFplots/GIFplots_splib07a/plots_by_wavelength_region/range3_swir/splib07a_Alunite0.66K+.34Na_CU91-217A_NIC4b_RREF_range3_swir.gif,D:\usgs_splib07\../GIFplots/GIFplots_splib07a/plots_by_wavelength_region/range4_swir_to_mir/splib07a_Alunite0.66K+.34Na_CU91-217A_NIC4b_RREF_range4_swir_to_mir.gif,D:\usgs_splib07\../GIFplots/GIFplots_splib07a/plots_by_wavelength_region/range5_swir_to_fir_wavenumber/splib07a_Alunite0.66K+.34Na_CU91-217A_NIC4b_RREF_range5_swir_to_fir_wavenumber.gif,D:\usgs_splib07\../GIFplots/GIFplots_splib07a/splib07a_Wavelengths_NIC4_Nicolet_1.12-216microns.gif,D:\usgs_splib07\../GIFplots/GIFplots_splib07a/splib07a_Bandpass_(FWHM)_NIC4_Nicolet_in_microns.gif
Alunite0.73K+.27Na CU91-217D  NIC4a RREF,D:\usgs_splib07\../HTMLmetadata/Alunite0.73K+.27Na_CU91-217D_NIC4a_RREF.html,D:\usgs_splib07\../ASCIIdata/ASCIIdata_splib07a/ChapterS_SoilsAndMixtures/splib07a_Alunite0.73K+.27Na_CU91-217D_NIC4a_RREF.txt,,D:\usgs_splib07\../ASCIIdata/ASCIIdata_splib07a/splib07a_Wavelengths_NIC4_Nicolet_1.12-216microns.txt,D:\usgs_splib07\../ASCIIdata/ASCIIdata_splib07a/splib07a_Bandpass_(FWHM)_NIC4_Nicolet_in_microns.txt,D:\usgs_splib07\../GIFplots/GIFplots_splib07a/ChapterS_SoilsAndMixtures/splib07a_Alunite0.73K+.27Na_CU91-217D_NIC4a_RREF.gif,,D:\usgs_splib07\../GIFplots/GIFplots_splib07a/plots_by_wavelength_region/range2_visible_to_swir/splib07a_Alunite0.73K+.27Na_CU91-217D_NIC4a_RREF_range2_vis_to_swir.gif,D:\usgs_splib07\../GIFplots/GIFplots_splib07a/plots_by_wavelength_region/range3_swir/splib07a_Alunite0.73K+.27Na_CU91-217D_NIC4a_RREF_range3_swir.gif,D:\usgs_splib07\../GIFplots/GIFplots_splib07a/plots_by_wavelength_region/range4_swir_to_mir/splib07a_Alunite0.73K+.27Na_CU91-217D_NIC4a_RREF_range4_swir_to_mir.gif,D:\usgs_splib07\../GIFplots/GIFplots_splib07a/plots_by_wavelength_region/range5_swir_to_fir_wavenumber/splib07a_Alunite0.73K+.27Na_CU91-217D_NIC4a_RREF_range5_swir_to_fir_wavenumber.gif,D:\usgs_splib07\../GIFplots/GIFplots_splib07a/splib07a_Wavelengths_NIC4_Nicolet_1.12-216microns.gif,D:\usgs_splib07\../GIFplots/GIFplots_splib07a/splib07a_Bandpass_(FWHM)_NIC4_Nicolet_in_microns.gif
Alunite_K CU98-5C MedTemp    ASDFRb AREF,D:\usgs_splib07\../HTMLmetadata/Alunite_K_CU98-5C_MedTemp_ASDFRb_AREF.html,D:\usgs_splib07\../ASCIIdata/ASCIIdata_splib07a/ChapterS_SoilsAndMixtures/splib07a_Alunite_K_CU98-5C_MedTemp_ASDFRb_AREF.txt,,D:\usgs_splib07\../ASCIIdata/ASCIIdata_splib07a/splib07a_Wavelengths_ASD_0.35-2.5_microns_2151_ch.txt,D:\usgs_splib07\../ASCIIdata/ASCIIdata_splib07a/splib07a_Bandpass_(FWHM)_ASDFR_StandardResolution.txt,D:\usgs_splib07\../GIFplots/GIFplots_splib07a/ChapterS_SoilsAndMixtures/splib07a_Alunite_K_CU98-5C_MedTemp_ASDFRb_AREF.gif,D:\usgs_splib07\../GIFplots/GIFplots_splib07a/plots_by_wavelength_region/range1_uv_to_visible/splib07a_Alunite_K_CU98-5C_MedTemp_ASDFRb_AREF_range1_uv_to_vis.gif,D:\usgs_splib07\../GIFplots/GIFplots_splib07a/plots_by_wavelength_region/range2_visible_to_swir/splib07a_Alunite_K_CU98-5C_MedTemp_ASDFRb_AREF_range2_vis_to_swir.gif,D:\usgs_splib07\../GIFplots/GIFplots_splib07a/plots_by_wavelength_region/range3_swir/splib07a_Alunite_K_CU98-5C_MedTemp_ASDFRb_AREF_range3_swir.gif,,,D:\usgs_splib07\../GIFplots/GIFplots_splib07a/splib07a_Wavelengths_ASD_0.35-2.5_microns_2151_ch.gif,D:\usgs_splib07\../GIFplots/GIFplots_splib07a/splib07a_Bandpass_(FWHM)_ASDFR_StandardResolution.gif
Alunite_K-Na CU91-217H1 LowT ASDFRb AREF,D:\usgs_splib07\../HTMLmetadata/Alunite_K-Na_CU91-217H1_LowT_ASDFRb_AREF.html,D:\usgs_splib07\../ASCIIdata/ASCIIdata_splib07a/ChapterS_SoilsAndMixtures/splib07a_Alunite_K-Na_CU91-217H1_LowT_ASDFRb_AREF.txt,,D:\usgs_splib07\../ASCIIdata/ASCIIdata_splib07a/splib07a_Wavelengths_ASD_0.35-2.5_microns_2151_ch.txt,D:\usgs_splib07\../ASCIIdata/ASCIIdata_splib07a/splib07a_Bandpass_(FWHM)_ASDFR_StandardResolution.txt,D:\usgs_splib07\../GIFplots/GIFplots_splib07a/ChapterS_SoilsAndMixtures/splib07a_Alunite_K-Na_CU91-217H1_LowT_ASDFRb_AREF.gif,D:\usgs_splib07\../GIFplots/GIFplots_splib07a/plots_by_wavelength_region/range1_uv_to_visible/splib07a_Alunite_K-Na_CU91-217H1_LowT_ASDFRb_AREF_range1_uv_to_vis.gif,D:\usgs_splib07\../GIFplots/GIFplots_splib07a/plots_by_wavelength_region/range2_visible_to_swir/splib07a_Alunite_K-Na_CU91-217H1_LowT_ASDFRb_AREF_range2_vis_to_swir.gif,D:\usgs_splib07\../GIFplots/GIFplots_splib07a/plots_by_wavelength_region/range3_swir/splib07a_Alunite_K-Na_CU91-217H1_LowT_ASDFRb_AREF_range3_swir.gif,,,D:\usgs_splib07\../GIFplots/GIFplots_splib07a/splib07a_Wavelengths_ASD_0.35-2.5_microns_2151_ch.gif,D:\usgs_splib07\../GIFplots/GIFplots_splib07a/splib07a_Bandpass_(FWHM)_ASDFR_StandardResolution.gif
Alunite_NH4+Jaro NMNH145596A  BECKb AREF,D:\usgs_splib07\../HTMLmetadata/Alunite_NH4+Jaro_NMNH145596A_BECKb_AREF.html,D:\usgs_splib07\../ASCIIdata/ASCIIdata_splib07a/ChapterS_SoilsAndMixtures/splib07a_Alunite_NH4+Jaro_NMNH145596A_BECKb_AREF.txt,D:\usgs_splib07\../ASCIIdata/ASCIIdata_splib07a/errorbars/errorbars_for_splib07a_Alunite_NH4+Jaro_NMNH145596A_BECKb_AREF.txt,D:\usgs_splib07\../ASCIIdata/ASCIIdata_splib07a/splib07a_Wavelengths_BECK_Beckman_0.2-3.0_microns.txt,D:\usgs_splib07\../ASCIIdata/ASCIIdata_splib07a/splib07a_Bandpass_(FWHM)_BECK_Beckman_in_microns.txt,D:\usgs_splib07\../GIFplots/GIFplots_splib07a/ChapterS_SoilsAndMixtures/splib07a_Alunite_NH4+Jaro_NMNH145596A_BECKb_AREF.gif,D:\usgs_splib07\../GIFplots/GIFplots_splib07a/plots_by_wavelength_region/range1_uv_to_visible/splib07a_Alunite_NH4+Jaro_NMNH145596A_BECKb_AREF_range1_uv_to_vis.gif,D:\usgs_splib07\../GIFplots/GIFplots_splib07a/plots_by_wavelength_region/range2_visible_to_swir/splib07a_Alunite_NH4+Jaro_NMNH145596A_BECKb_AREF_range2_vis_to_swir.gif,D:\usgs_splib07\../GIFplots/GIFplots_splib07a/plots_by_wavelength_region/range3_swir/splib07a_Alunite_NH4+Jaro_NMNH145596A_BECKb_AREF_range3_swir.gif,,,D:\usgs_splib07\../GIFplots/GIFplots_splib07a/splib07a_Wavelengths_BECK_Beckman_0.2-3.0_microns.gif,D:\usgs_splib07\../GIFplots/GIFplots_splib07a/splib07a_Bandpass_(FWHM)_BECK_Beckman_in_microns.gif
Alunite_NH4+Jaro NMNH145596A ASDFRb AREF,D:\usgs_splib07\../HTMLmetadata/Alunite_NH4+Jaro_NMNH145596A_ASDFRb_AREF.html,D:\usgs_splib07\../ASCIIdata/ASCIIdata_splib07a/ChapterS_SoilsAndMixtures/splib07a_Alunite_NH4+Jaro_NMNH145596A_ASDFRb_AREF.txt,,D:\usgs_splib07\../ASCIIdata/ASCIIdata_splib07a/splib07a_Wavelengths_ASD_0.35-2.5_microns_2151_ch.txt,D:\usgs_splib07\../ASCIIdata/ASCIIdata_splib07a/splib07a_Bandpass_(FWHM)_ASDFR_StandardResolution.txt,D:\usgs_splib07\../GIFplots/GIFplots_splib07a/ChapterS_SoilsAndMixtures/splib07a_Alunite_NH4+Jaro_NMNH145596A_ASDFRb_AREF.gif,D:\usgs_splib07\../GIFplots/GIFplots_splib07a/plots_by_wavelength_region/range1_uv_to_visible/splib07a_Alunite_NH4+Jaro_NMNH145596A_ASDFRb_AREF_range1_uv_to_vis.gif,D:\usgs_splib07\../GIFplots/GIFplots_splib07a/plots_by_wavelength_region/range2_visible_to_swir/splib07a_Alunite_NH4+Jaro_NMNH145596A_ASDFRb_AREF_range2_vis_to_swir.gif,D:\usgs_splib07\../GIFplots/GIFplots_splib07a/plots_by_wavelength_region/range3_swir/splib07a_Alunite_NH4+Jaro_NMNH145596A_ASDFRb_AREF_range3_swir.gif,,,D:\usgs_splib07\../GIFplots/GIFplots_splib07a/splib07a_Wavelengths_ASD_0.35-2.5_microns_2151_ch.gif,D:\usgs_splib07\../GIFplots/GIFplots_splib07a/splib07a_Bandpass_(FWHM)_ASDFR_StandardResolution.gif
Alunite_NH4+Jaro NMNH145596A NIC4bb RREF,D:\usgs_splib07\../HTMLmetadata/Alunite_NH4+Jaro_NMNH145596A_NIC4bb_RREF.html,D:\usgs_splib07\../ASCIIdata/ASCIIdata_splib07a/ChapterS_SoilsAndMixtures/splib07a_Alunite_NH4+Jaro_NMNH145596A_NIC4bb_RREF.txt,,D:\usgs_splib07\../ASCIIdata/ASCIIdata_splib07a/splib07a_Wavelengths_NIC4_Nicolet_1.12-216microns.txt,D:\usgs_splib07\../ASCIIdata/ASCIIdata_splib07a/splib07a_Bandpass_(FWHM)_NIC4_Nicolet_in_microns.txt,D:\usgs_splib07\../GIFplots/GIFplots_splib07a/ChapterS_SoilsAndMixtures/splib07a_Alunite_NH4+Jaro_NMNH145596A_NIC4bb_RREF.gif,,D:\usgs_splib07\../GIFplots/GIFplots_splib07a/plots_by_wavelength_region/range2_visible_to_swir/splib07a_Alunite_NH4+Jaro_NMNH145596A_NIC4bb_RREF_range2_vis_to_swir.gif,D:\usgs_splib07\../GIFplots/GIFplots_splib07a/plots_by_wavelength_region/range3_swir/splib07a_Alunite_NH4+Jaro_NMNH145596A_NIC4bb_RREF_range3_swir.gif,D:\usgs_splib07\../GIFplots/GIFplots_splib07a/plots_by_wavelength_region/range4_swir_to_mir/splib07a_Alunite_NH4+Jaro_NMNH145596A_NIC4bb_RREF_range4_swir_to_mir.gif,D:\usgs_splib07\../GIFplots/GIFplots_splib07a/plots_by_wavelength_region/range5_swir_to_fir_wavenumber/splib07a_Alunite_NH4+Jaro_NMNH145596A_NIC4bb_RREF_range5_swir_to_fir_wavenumber.gif,D:\usgs_splib07\../GIFplots/GIFplots_splib07a/splib07a_Wavelengths_NIC4_Nicolet_1.12-216microns.gif,D:\usgs_splib07\../GIFplots/GIFplots_splib07a/splib07a_Bandpass_(FWHM)_NIC4_Nicolet_in_microns.gif
Basalt_fresh BR93-46B         BECKb AREF,D:\usgs_splib07\../HTMLmetadata/Basalt_fresh_BR93-46B_BECKb_AREF.html,D:\usgs_splib07\../ASCIIdata/ASCIIdata_splib07a/ChapterS_SoilsAndMixtures/splib07a_Basalt_fresh_BR93-46B_BECKb_AREF.txt,D:\usgs_splib07\../ASCIIdata/ASCIIdata_splib07a/errorbars/errorbars_for_splib07a_Basalt_fresh_BR93-46B_BECKb_AREF.txt,D:\usgs_splib07\../ASCIIdata/ASCIIdata_splib07a/splib07a_Wavelengths_BECK_Beckman_0.2-3.0_microns.txt,D:\usgs_splib07\../ASCIIdata/ASCIIdata_splib07a/splib07a_Bandpass_(FWHM)_BECK_Beckman_in_microns.txt,D:\usgs_splib07\../GIFplots/GIFplots_splib07a/ChapterS_SoilsAndMixtures/splib07a_Basalt_fresh_BR93-46B_BECKb_AREF.gif,D:\usgs_splib07\../GIFplots/GIFplots_splib07a/plots_by_wavelength_region/range1_uv_to_visible/splib07a_Basalt_fresh_BR93-46B_BECKb_AREF_range1_uv_to_vis.gif,D:\usgs_splib07\../GIFplots/GIFplots_splib07a/plots_by_wavelength_region/range2_visible_to_swir/splib07a_Basalt_fresh_BR93-46B_BECKb_AREF_range2_vis_to_swir.gif,D:\usgs_splib07\../GIFplots/GIFplots_splib07a/plots_by_wavelength_region/range3_swir/splib07a_Basalt_fresh_BR93-46B_BECKb_AREF_range3_swir.gif,,,D:\usgs_splib07\../GIFplots/GIFplots_splib07a/splib07a_Wavelengths_BECK_Beckman_0.2-3.0_microns.gif,D:\usgs_splib07\../GIFplots/GIFplots_splib07a/splib07a_Bandpass_(FWHM)_BECK_Beckman_in_microns.gif
Basalt_weathered BR93-43      BECKb AREF,D:\usgs_splib07\../HTMLmetadata/Basalt_weathered_BR93-43_BECKb_AREF.html,D:\usgs_splib07\../ASCIIdata/ASCIIdata_splib07a/ChapterS_SoilsAndMixtures/splib07a_Basalt_weathered_BR93-43_BECKb_AREF.txt,D:\usgs_splib07\../ASCIIdata/ASCIIdata_splib07a/errorbars/errorbars_for_splib07a_Basalt_weathered_BR93-43_BECKb_AREF.txt,D:\usgs_splib07\../ASCIIdata/ASCIIdata_splib07a/splib07a_Wavelengths_BECK_Beckman_0.2-3.0_microns.txt,D:\usgs_splib07\../ASCIIdata/ASCIIdata_splib07a/splib07a_Bandpass_(FWHM)_BECK_Beckman_in_microns.txt,D:\usgs_splib07\../GIFplots/GIFplots_splib07a/ChapterS_SoilsAndMixtures/splib07a_Basalt_weathered_BR93-43_BECKb_AREF.gif,D:\usgs_splib07\../GIFplots/GIFplots_splib07a/plots_by_wavelength_region/range1_uv_to_visible/splib07a_Basalt_weathered_BR93-43_BECKb_AREF_range1_uv_to_vis.gif,D:\usgs_splib07\../GIFplots/GIFplots_splib07a/plots_by_wavelength_region/range2_visible_to_swir/splib07a_Basalt_weathered_BR93-43_BECKb_AREF_range2_vis_to_swir.gif,D:\usgs_splib07\../GIFplots/GIFplots_splib07a/plots_by_wavelength_region/range3_swir/splib07a_Basalt_weathered_BR93-43_BECKb_AREF_range3_swir.gif,,,D:\usgs_splib07\../GIFplots/GIFplots_splib07a/splib07a_Wavelengths_BECK_Beckman_0.2-3.0_microns.gif,D:\usgs_splib07\../GIFplots/GIFplots_splib07a/splib07a_Bandpass_(FWHM)_BECK_Beckman_in_microns.gif
Beidellite+Montmor GDS123    ASDFRb AREF,D:\usgs_splib07\../HTMLmetadata/Beidellite+Montmor_GDS123_ASDFRb_AREF.html,D:\usgs_splib07\../ASCIIdata/ASCIIdata_splib07a/ChapterS_SoilsAndMixtures/splib07a_Beidellite+Montmor_GDS123_ASDFRb_AREF.txt,,D:\usgs_splib07\../ASCIIdata/ASCIIdata_splib07a/splib07a_Wavelengths_ASD_0.35-2.5_microns_2151_ch.txt,D:\usgs_splib07\../ASCIIdata/ASCIIdata_splib07a/splib07a_Bandpass_(FWHM)_ASDFR_StandardResolution.txt,D:\usgs_splib07\../GIFplots/GIFplots_splib07a/ChapterS_SoilsAndMixtures/splib07a_Beidellite+Montmor_GDS123_ASDFRb_AREF.gif,D:\usgs_splib07\../GIFplots/GIFplots_splib07a/plots_by_wavelength_region/range1_uv_to_visible/splib07a_Beidellite+Montmor_GDS123_ASDFRb_AREF_range1_uv_to_vis.gif,D:\usgs_splib07\../GIFplots/GIFplots_splib07a/plots_by_wavelength_region/range2_visible_to_swir/splib07a_Beidellite+Montmor_GDS123_ASDFRb_AREF_range2_vis_to_swir.gif,D:\usgs_splib07\../GIFplots/GIFplots_splib07a/plots_by_wavelength_region/range3_swir/splib07a_Beidellite+Montmor_GDS123_ASDFRb_AREF_range3_swir.gif,,,D:\usgs_splib07\../GIFplots/GIFplots_splib07a/splib07a_Wavelengths_ASD_0.35-2.5_microns_2151_ch.gif,D:\usgs_splib07\../GIFplots/GIFplots_splib07a/splib07a_Bandpass_(FWHM)_ASDFR_StandardResolution.gif
Beidellite+Montmor GDS123   NIC4bbb RREF,D:\usgs_splib07\../HTMLmetadata/Beidellite+Montmor_GDS123_NIC4bbb_RREF.html,D:\usgs_splib07\../ASCIIdata/ASCIIdata_splib07a/ChapterS_SoilsAndMixtures/splib07a_Beidellite+Montmor_GDS123_NIC4bbb_RREF.txt,,D:\usgs_splib07\../ASCIIdata/ASCIIdata_splib07a/splib07a_Wavelengths_NIC4_Nicolet_1.12-216microns.txt,D:\usgs_splib07\../ASCIIdata/ASCIIdata_splib07a/splib07a_Bandpass_(FWHM)_NIC4_Nicolet_in_microns.txt,D:\usgs_splib07\../GIFplots/GIFplots_splib07a/ChapterS_SoilsAndMixtures/splib07a_Beidellite+Montmor_GDS123_NIC4bbb_RREF.gif,,D:\usgs_splib07\../GIFplots/GIFplots_splib07a/plots_by_wavelength_region/range2_visible_to_swir/splib07a_Beidellite+Montmor_GDS123_NIC4bbb_RREF_range2_vis_to_swir.gif,D:\usgs_splib07\../GIFplots/GIFplots_splib07a/plots_by_wavelength_region/range3_swir/splib07a_Beidellite+Montmor_GDS123_NIC4bbb_RREF_range3_swir.gif,D:\usgs_splib07\../GIFplots/GIFplots_splib07a/plots_by_wavelength_region/range4_swir_to_mir/splib07a_Beidellite+Montmor_GDS123_NIC4bbb_RREF_range4_swir_to_mir.gif,D:\usgs_splib07\../GIFplots/GIFplots_splib07a/plots_by_wavelength_region/range5_swir_to_fir_wavenumber/splib07a_Beidellite+Montmor_GDS123_NIC4bbb_RREF_range5_swir_to_fir_wavenumber.gif,D:\usgs_splib07\../GIFplots/GIFplots_splib07a/splib07a_Wavelengths_NIC4_Nicolet_1.12-216microns.gif,D:\usgs_splib07\../GIFplots/GIFplots_splib07a/splib07a_Bandpass_(FWHM)_NIC4_Nicolet_in_microns.gif
Biotite-Chlorite_Mx BR93-36A  BECKb AREF,D:\usgs_splib07\../HTMLmetadata/Biotite-Chlorite_Mx_BR93-36A_BECKb_AREF.html,D:\usgs_splib07\../ASCIIdata/ASCIIdata_splib07a/ChapterS_SoilsAndMixtures/splib07a_Biotite-Chlorite_Mx_BR93-36A_BECKb_AREF.txt,D:\usgs_splib07\../ASCIIdata/ASCIIdata_splib07a/errorbars/errorbars_for_splib07a_Biotite-Chlorite_Mx_BR93-36A_BECKb_AREF.txt,D:\usgs_splib07\../ASCIIdata/ASCIIdata_splib07a/splib07a_Wavelengths_BECK_Beckman_0.2-3.0_microns.txt,D:\usgs_splib07\../ASCIIdata/ASCIIdata_splib07a/splib07a_Bandpass_(FWHM)_BECK_Beckman_in_microns.txt,D:\usgs_splib07\../GIFplots/GIFplots_splib07a/ChapterS_SoilsAndMixtures/splib07a_Biotite-Chlorite_Mx_BR93-36A_BECKb_AREF.gif,D:\usgs_splib07\../GIFplots/GIFplots_splib07a/plots_by_wavelength_region/range1_uv_to_visible/splib07a_Biotite-Chlorite_Mx_BR93-36A_BECKb_AREF_range1_uv_to_vis.gif,D:\usgs_splib07\../GIFplots/GIFplots_splib07a/plots_by_wavelength_region/range2_visible_to_swir/splib07a_Biotite-Chlorite_Mx_BR93-36A_BECKb_AREF_range2_vis_to_swir.gif,D:\usgs_splib07\../GIFplots/GIFplots_splib07a/plots_by_wavelength_region/range3_swir/splib07a_Biotite-Chlorite_Mx_BR93-36A_BECKb_AREF_range3_swir.gif,,,D:\usgs_splib07\../GIFplots/GIFplots_splib07a/splib07a_Wavelengths_BECK_Beckman_0.2-3.0_microns.gif,D:\usgs_splib07\../GIFplots/GIFplots_splib07a/splib07a_Bandpass_(FWHM)_BECK_Beckman_in_microns.gif
Blue_Efflorscnt_Min SU93-300  BECKb AREF,D:\usgs_splib07\../HTMLmetadata/Blue_Efflorscnt_Min_SU93-300_BECKb_AREF.html,D:\usgs_splib07\../ASCIIdata/ASCIIdata_splib07a/ChapterS_SoilsAndMixtures/splib07a_Blue_Efflorscnt_Min_SU93-300_BECKb_AREF.txt,D:\usgs_splib07\../ASCIIdata/ASCIIdata_splib07a/errorbars/errorbars_for_splib07a_Blue_Efflorscnt_Min_SU93-300_BECKb_AREF.txt,D:\usgs_splib07\../ASCIIdata/ASCIIdata_splib07a/splib07a_Wavelengths_BECK_Beckman_0.2-3.0_microns.txt,D:\usgs_splib07\../ASCIIdata/ASCIIdata_splib07a/splib07a_Bandpass_(FWHM)_BECK_Beckman_in_microns.txt,D:\usgs_splib07\../GIFplots/GIFplots_splib07a/ChapterS_SoilsAndMixtures/splib07a_Blue_Efflorscnt_Min_SU93-300_BECKb_AREF.gif,D:\usgs_splib07\../GIFplots/GIFplots_splib07a/plots_by_wavelength_region/range1_uv_to_visible/splib07a_Blue_Efflorscnt_Min_SU93-300_BECKb_AREF_range1_uv_to_vis.gif,D:\usgs_splib07\../GIFplots/GIFplots_splib07a/plots_by_wavelength_region/range2_visible_to_swir/splib07a_Blue_Efflorscnt_Min_SU93-300_BECKb_AREF_range2_vis_to_swir.gif,D:\usgs_splib07\../GIFplots/GIFplots_splib07a/plots_by_wavelength_region/range3_swir/splib07a_Blue_Efflorscnt_Min_SU93-300_BECKb_AREF_range3_swir.gif,,,D:\usgs_splib07\../GIFplots/GIFplots_splib07a/splib07a_Wavelengths_BECK_Beckman_0.2-3.0_microns.gif,D:\usgs_splib07\../GIFplots/GIFplots_splib07a/splib07a_Bandpass_(FWHM)_BECK_Beckman_in_microns.gif
Buddingtnt+Na-Mont CU93-260B  NIC4b RREF,D:\usgs_splib07\../HTMLmetadata/Buddingtnt+Na-Mont_CU93-260B_NIC4b_RREF.html,D:\usgs_splib07\../ASCIIdata/ASCIIdata_splib07a/ChapterS_SoilsAndMixtures/splib07a_Buddingtnt+Na-Mont_CU93-260B_NIC4b_RREF.txt,,D:\usgs_splib07\../ASCIIdata/ASCIIdata_splib07a/splib07a_Wavelengths_NIC4_Nicolet_1.12-216microns.txt,D:\usgs_splib07\../ASCIIdata/ASCIIdata_splib07a/splib07a_Bandpass_(FWHM)_NIC4_Nicolet_in_microns.txt,D:\usgs_splib07\../GIFplots/GIFplots_splib07a/ChapterS_SoilsAndMixtures/splib07a_Buddingtnt+Na-Mont_CU93-260B_NIC4b_RREF.gif,,D:\usgs_splib07\../GIFplots/GIFplots_splib07a/plots_by_wavelength_region/range2_visible_to_swir/splib07a_Buddingtnt+Na-Mont_CU93-260B_NIC4b_RREF_range2_vis_to_swir.gif,D:\usgs_splib07\../GIFplots/GIFplots_splib07a/plots_by_wavelength_region/range3_swir/splib07a_Buddingtnt+Na-Mont_CU93-260B_NIC4b_RREF_range3_swir.gif,D:\usgs_splib07\../GIFplots/GIFplots_splib07a/plots_by_wavelength_region/range4_swir_to_mir/splib07a_Buddingtnt+Na-Mont_CU93-260B_NIC4b_RREF_range4_swir_to_mir.gif,D:\usgs_splib07\../GIFplots/GIFplots_splib07a/plots_by_wavelength_region/range5_swir_to_fir_wavenumber/splib07a_Buddingtnt+Na-Mont_CU93-260B_NIC4b_RREF_range5_swir_to_fir_wavenumber.gif,D:\usgs_splib07\../GIFplots/GIFplots_splib07a/splib07a_Wavelengths_NIC4_Nicolet_1.12-216microns.gif,D:\usgs_splib07\../GIFplots/GIFplots_splib07a/splib07a_Bandpass_(FWHM)_NIC4_Nicolet_in_microns.gif
BurnArea_Traverse WRF00-01   ASDFRb AREF,D:\usgs_splib07\../HTMLmetadata/BurnArea_Traverse_WRF00-01_ASDFRb_AREF.html,D:\usgs_splib07\../ASCIIdata/ASCIIdata_splib07a/ChapterS_SoilsAndMixtures/splib07a_BurnArea_Traverse_WRF00-01_ASDFRb_AREF.txt,,D:\usgs_splib07\../ASCIIdata/ASCIIdata_splib07a/splib07a_Wavelengths_ASD_0.35-2.5_microns_2151_ch.txt,D:\usgs_splib07\../ASCIIdata/ASCIIdata_splib07a/splib07a_Bandpass_(FWHM)_ASDFR_StandardResolution.txt,D:\usgs_splib07\../GIFplots/GIFplots_splib07a/ChapterS_SoilsAndMixtures/splib07a_BurnArea_Traverse_WRF00-01_ASDFRb_AREF.gif,D:\usgs_splib07\../GIFplots/GIFplots_splib07a/plots_by_wavelength_region/range1_uv_to_visible/splib07a_BurnArea_Traverse_WRF00-01_ASDFRb_AREF_range1_uv_to_vis.gif,D:\usgs_splib07\../GIFplots/GIFplots_splib07a/plots_by_wavelength_region/range2_visible_to_swir/splib07a_BurnArea_Traverse_WRF00-01_ASDFRb_AREF_range2_vis_to_swir.gif,D:\usgs_splib07\../GIFplots/GIFplots_splib07a/plots_by_wavelength_region/range3_swir/splib07a_BurnArea_Traverse_WRF00-01_ASDFRb_AREF_range3_swir.gif,,,D:\usgs_splib07\../GIFplots/GIFplots_splib07a/splib07a_Wavelengths_ASD_0.35-2.5_microns_2151_ch.gif,D:\usgs_splib07\../GIFplots/GIFplots_splib07a/splib07a_Bandpass_(FWHM)_ASDFR_StandardResolution.gif
BurnArea_TopSurface WRF00-02 ASDFRb AREF,D:\usgs_splib07\../HTMLmetadata/BurnArea_TopSurface_WRF00-02_ASDFRb_AREF.html,D:\usgs_splib07\../ASCIIdata/ASCIIdata_splib07a/ChapterS_SoilsAndMixtures/splib07a_BurnArea_TopSurface_WRF00-02_ASDFRb_AREF.txt,,D:\usgs_splib07\../ASCIIdata/ASCIIdata_splib07a/splib07a_Wavelengths_ASD_0.35-2.5_microns_2151_ch.txt,D:\usgs_splib07\../ASCIIdata/ASCIIdata_splib07a/splib07a_Bandpass_(FWHM)_ASDFR_StandardResolution.txt,D:\usgs_splib07\../GIFplots/GIFplots_splib07a/ChapterS_SoilsAndMixtures/splib07a_BurnArea_TopSurface_WRF00-02_ASDFRb_AREF.gif,D:\usgs_splib07\../GIFplots/GIFplots_splib07a/plots_by_wavelength_region/range1_uv_to_visible/splib07a_BurnArea_TopSurface_WRF00-02_ASDFRb_AREF_range1_uv_to_vis.gif,D:\usgs_splib07\../GIFplots/GIFplots_splib07a/plots_by_wavelength_region/range2_visible_to_swir/splib07a_BurnArea_TopSurface_WRF00-02_ASDFRb_AREF_range2_vis_to_swir.gif,D:\usgs_splib07\../GIFplots/GIFplots_splib07a/plots_by_wavelength_region/range3_swir/splib07a_BurnArea_TopSurface_WRF00-02_ASDFRb_AREF_range3_swir.gif,,,D:\usgs_splib07\../GIFplots/GIFplots_splib07a/splib07a_Wavelengths_ASD_0.35-2.5_microns_2151_ch.gif,D:\usgs_splib07\../GIFplots/GIFplots_splib07a/splib07a_Bandpass_(FWHM)_ASDFR_StandardResolution.gif
Calc.25+Dolo.25+Ca-Mont AMX7  BECKb AREF,D:\usgs_splib07\../HTMLmetadata/Calc.25+Dolo.25+Ca-Mont_AMX7_BECKb_AREF.html,D:\usgs_splib07\../ASCIIdata/ASCIIdata_splib07a/ChapterS_SoilsAndMixtures/splib07a_Calc.25+Dolo.25+Ca-Mont_AMX7_BECKb_AREF.txt,,D:\usgs_splib07\../ASCIIdata/ASCIIdata_splib07a/splib07a_Wavelengths_BECK_Beckman_0.2-3.0_microns.txt,D:\usgs_splib07\../ASCIIdata/ASCIIdata_splib07a/splib07a_Bandpass_(FWHM)_BECK_Beckman_in_microns.txt,D:\usgs_splib07\../GIFplots/GIFplots_splib07a/ChapterS_SoilsAndMixtures/splib07a_Calc.25+Dolo.25+Ca-Mont_AMX7_BECKb_AREF.gif,D:\usgs_splib07\../GIFplots/GIFplots_splib07a/plots_by_wavelength_region/range1_uv_to_visible/splib07a_Calc.25+Dolo.25+Ca-Mont_AMX7_BECKb_AREF_range1_uv_to_vis.gif,D:\usgs_splib07\../GIFplots/GIFplots_splib07a/plots_by_wavelength_region/range2_visible_to_swir/splib07a_Calc.25+Dolo.25+Ca-Mont_AMX7_BECKb_AREF_range2_vis_to_swir.gif,D:\usgs_splib07\../GIFplots/GIFplots_splib07a/plots_by_wavelength_region/range3_swir/splib07a_Calc.25+Dolo.25+Ca-Mont_AMX7_BECKb_AREF_range3_swir.gif,,,D:\usgs_splib07\../GIFplots/GIFplots_splib07a/splib07a_Wavelengths_BECK_Beckman_0.2-3.0_microns.gif,D:\usgs_splib07\../GIFplots/GIFplots_splib07a/splib07a_Bandpass_(FWHM)_BECK_Beckman_in_microns.gif
Calc.25+Dolo.25+Ca-Mont AMX7 ASDNGb AREF,D:\usgs_splib07\../HTMLmetadata/Calc.25+Dolo.25+Ca-Mont_AMX7_ASDNGb_AREF.html,D:\usgs_splib07\../ASCIIdata/ASCIIdata_splib07a/ChapterS_SoilsAndMixtures/splib07a_Calc.25+Dolo.25+Ca-Mont_AMX7_ASDNGb_AREF.txt,,D:\usgs_splib07\../ASCIIdata/ASCIIdata_splib07a/splib07a_Wavelengths_ASD_0.35-2.5_microns_2151_ch.txt,D:\usgs_splib07\../ASCIIdata/ASCIIdata_splib07a/splib07a_Bandpass_(FWHM)_ASDNG_High-Res_NextGen.txt,D:\usgs_splib07\../GIFplots/GIFplots_splib07a/ChapterS_SoilsAndMixtures/splib07a_Calc.25+Dolo.25+Ca-Mont_AMX7_ASDNGb_AREF.gif,D:\usgs_splib07\../GIFplots/GIFplots_splib07a/plots_by_wavelength_region/range1_uv_to_visible/splib07a_Calc.25+Dolo.25+Ca-Mont_AMX7_ASDNGb_AREF_range1_uv_to_vis.gif,D:\usgs_splib07\../GIFplots/GIFplots_splib07a/plots_by_wavelength_region/range2_visible_to_swir/splib07a_Calc.25+Dolo.25+Ca-Mont_AMX7_ASDNGb_AREF_range2_vis_to_swir.gif,D:\usgs_splib07\../GIFplots/GIFplots_splib07a/plots_by_wavelength_region/range3_swir/splib07a_Calc.25+Dolo.25+Ca-Mont_AMX7_ASDNGb_AREF_range3_swir.gif,,,D:\usgs_splib07\../GIFplots/GIFplots_splib07a/splib07a_Wavelengths_ASD_0.35-2.5_microns_2151_ch.gif,D:\usgs_splib07\../GIFplots/GIFplots_splib07a/splib07a_Bandpass_(FWHM)_ASDNG_High-Res_NextGen.gif
Calc.25+Dolo.25+Na-Mon AMX18  BECKb AREF,D:\usgs_splib07\../HTMLmetadata/Calc.25+Dolo.25+Na-Mon_AMX18_BECKb_AREF.html,D:\usgs_splib07\../ASCIIdata/ASCIIdata_splib07a/ChapterS_SoilsAndMixtures/splib07a_Calc.25+Dolo.25+Na-Mon_AMX18_BECKb_AREF.txt,,D:\usgs_splib07\../ASCIIdata/ASCIIdata_splib07a/splib07a_Wavelengths_BECK_Beckman_0.2-3.0_microns.txt,D:\usgs_splib07\../ASCIIdata/ASCIIdata_splib07a/splib07a_Bandpass_(FWHM)_BECK_Beckman_in_microns.txt,D:\usgs_splib07\../GIFplots/GIFplots_splib07a/ChapterS_SoilsAndMixtures/splib07a_Calc.25+Dolo.25+Na-Mon_AMX18_BECKb_AREF.gif,D:\usgs_splib07\../GIFplots/GIFplots_splib07a/plots_by_wavelength_region/range1_uv_to_visible/splib07a_Calc.25+Dolo.25+Na-Mon_AMX18_BECKb_AREF_range1_uv_to_vis.gif,D:\usgs_splib07\../GIFplots/GIFplots_splib07a/plots_by_wavelength_region/range2_visible_to_swir/splib07a_Calc.25+Dolo.25+Na-Mon_AMX18_BECKb_AREF_range2_vis_to_swir.gif,D:\usgs_splib07\../GIFplots/GIFplots_splib07a/plots_by_wavelength_region/range3_swir/splib07a_Calc.25+Dolo.25+Na-Mon_AMX18_BECKb_AREF_range3_swir.gif,,,D:\usgs_splib07\../GIFplots/GIFplots_splib07a/splib07a_Wavelengths_BECK_Beckman_0.2-3.0_microns.gif,D:\usgs_splib07\../GIFplots/GIFplots_splib07a/splib07a_Bandpass_(FWHM)_BECK_Beckman_in_microns.gif
Calc.25+Dolo.25+Na-Mon AMX18 ASDNGb AREF,D:\usgs_splib07\../HTMLmetadata/Calc.25+Dolo.25+Na-Mon_AMX18_ASDNGb_AREF.html,D:\usgs_splib07\../ASCIIdata/ASCIIdata_splib07a/ChapterS_SoilsAndMixtures/splib07a_Calc.25+Dolo.25+Na-Mon_AMX18_ASDNGb_AREF.txt,,D:\usgs_splib07\../ASCIIdata/ASCIIdata_splib07a/splib07a_Wavelengths_ASD_0.35-2.5_microns_2151_ch.txt,D:\usgs_splib07\../ASCIIdata/ASCIIdata_splib07a/splib07a_Bandpass_(FWHM)_ASDNG_High-Res_NextGen.txt,D:\usgs_splib07\../GIFplots/GIFplots_splib07a/ChapterS_SoilsAndMixtures/splib07a_Calc.25+Dolo.25+Na-Mon_AMX18_ASDNGb_AREF.gif,D:\usgs_splib07\../GIFplots/GIFplots_splib07a/plots_by_wavelength_region/range1_uv_to_visible/splib07a_Calc.25+Dolo.25+Na-Mon_AMX18_ASDNGb_AREF_range1_uv_to_vis.gif,D:\usgs_splib07\../GIFplots/GIFplots_splib07a/plots_by_wavelength_region/range2_visible_to_swir/splib07a_Calc.25+Dolo.25+Na-Mon_AMX18_ASDNGb_AREF_range2_vis_to_swir.gif,D:\usgs_splib07\../GIFplots/GIFplots_splib07a/plots_by_wavelength_region/range3_swir/splib07a_Calc.25+Dolo.25+Na-Mon_AMX18_ASDNGb_AREF_range3_swir.gif,,,D:\usgs_splib07\../GIFplots/GIFplots_splib07a/splib07a_Wavelengths_ASD_0.35-2.5_microns_2151_ch.gif,D:\usgs_splib07\../GIFplots/GIFplots_splib07a/splib07a_Bandpass_(FWHM)_ASDNG_High-Res_NextGen.gif
Calcite+.33Muscov AMX5 Ruby   BECKa AREF,D:\usgs_splib07\../HTMLmetadata/Calcite+.33Muscov_AMX5_Ruby_BECKa_AREF.html,D:\usgs_splib07\../ASCIIdata/ASCIIdata_splib07a/ChapterS_SoilsAndMixtures/splib07a_Calcite+.33Muscov_AMX5_Ruby_BECKa_AREF.txt,,D:\usgs_splib07\../ASCIIdata/ASCIIdata_splib07a/splib07a_Wavelengths_BECK_Beckman_0.2-3.0_microns.txt,D:\usgs_splib07\../ASCIIdata/ASCIIdata_splib07a/splib07a_Bandpass_(FWHM)_BECK_Beckman_in_microns.txt,D:\usgs_splib07\../GIFplots/GIFplots_splib07a/ChapterS_SoilsAndMixtures/splib07a_Calcite+.33Muscov_AMX5_Ruby_BECKa_AREF.gif,D:\usgs_splib07\../GIFplots/GIFplots_splib07a/plots_by_wavelength_region/range1_uv_to_visible/splib07a_Calcite+.33Muscov_AMX5_Ruby_BECKa_AREF_range1_uv_to_vis.gif,D:\usgs_splib07\../GIFplots/GIFplots_splib07a/plots_by_wavelength_region/range2_visible_to_swir/splib07a_Calcite+.33Muscov_AMX5_Ruby_BECKa_AREF_range2_vis_to_swir.gif,D:\usgs_splib07\../GIFplots/GIFplots_splib07a/plots_by_wavelength_region/range3_swir/splib07a_Calcite+.33Muscov_AMX5_Ruby_BECKa_AREF_range3_swir.gif,,,D:\usgs_splib07\../GIFplots/GIFplots_splib07a/splib07a_Wavelengths_BECK_Beckman_0.2-3.0_microns.gif,D:\usgs_splib07\../GIFplots/GIFplots_splib07a/splib07a_Bandpass_(FWHM)_BECK_Beckman_in_microns.gif
Calcite.5+.Ca-Mont.5 AMX6     BECKb AREF,D:\usgs_splib07\../HTMLmetadata/Calcite.5+.Ca-Mont.5_AMX6_BECKb_AREF.html,D:\usgs_splib07\../ASCIIdata/ASCIIdata_splib07a/ChapterS_SoilsAndMixtures/splib07a_Calcite.5+.Ca-Mont.5_AMX6_BECKb_AREF.txt,,D:\usgs_splib07\../ASCIIdata/ASCIIdata_splib07a/splib07a_Wavelengths_BECK_Beckman_0.2-3.0_microns.txt,D:\usgs_splib07\../ASCIIdata/ASCIIdata_splib07a/splib07a_Bandpass_(FWHM)_BECK_Beckman_in_microns.txt,D:\usgs_splib07\../GIFplots/GIFplots_splib07a/ChapterS_SoilsAndMixtures/splib07a_Calcite.5+.Ca-Mont.5_AMX6_BECKb_AREF.gif,D:\usgs_splib07\../GIFplots/GIFplots_splib07a/plots_by_wavelength_region/range1_uv_to_visible/splib07a_Calcite.5+.Ca-Mont.5_AMX6_BECKb_AREF_range1_uv_to_vis.gif,D:\usgs_splib07\../GIFplots/GIFplots_splib07a/plots_by_wavelength_region/range2_visible_to_swir/splib07a_Calcite.5+.Ca-Mont.5_AMX6_BECKb_AREF_range2_vis_to_swir.gif,D:\usgs_splib07\../GIFplots/GIFplots_splib07a/plots_by_wavelength_region/range3_swir/splib07a_Calcite.5+.Ca-Mont.5_AMX6_BECKb_AREF_range3_swir.gif,,,D:\usgs_splib07\../GIFplots/GIFplots_splib07a/splib07a_Wavelengths_BECK_Beckman_0.2-3.0_microns.gif,D:\usgs_splib07\../GIFplots/GIFplots_splib07a/splib07a_Bandpass_(FWHM)_BECK_Beckman_in_microns.gif
Calcite.5+.Ca-Mont.5 AMX6    ASDNGb AREF,D:\usgs_splib07\../HTMLmetadata/Calcite.5+.Ca-Mont.5_AMX6_ASDNGb_AREF.html,D:\usgs_splib07\../ASCIIdata/ASCIIdata_splib07a/ChapterS_SoilsAndMixtures/splib07a_Calcite.5+.Ca-Mont.5_AMX6_ASDNGb_AREF.txt,,D:\usgs_splib07\../ASCIIdata/ASCIIdata_splib07a/splib07a_Wavelengths_ASD_0.35-2.5_microns_2151_ch.txt,D:\usgs_splib07\../ASCIIdata/ASCIIdata_splib07a/splib07a_Bandpass_(FWHM)_ASDNG_High-Res_NextGen.txt,D:\usgs_splib07\../GIFplots/GIFplots_splib07a/ChapterS_SoilsAndMixtures/splib07a_Calcite.5+.Ca-Mont.5_AMX6_ASDNGb_AREF.gif,D:\usgs_splib07\../GIFplots/GIFplots_splib07a/plots_by_wavelength_region/range1_uv_to_visible/splib07a_Calcite.5+.Ca-Mont.5_AMX6_ASDNGb_AREF_range1_uv_to_vis.gif,D:\usgs_splib07\../GIFplots/GIFplots_splib07a/plots_by_wavelength_region/range2_visible_to_swir/splib07a_Calcite.5+.Ca-Mont.5_AMX6_ASDNGb_AREF_range2_vis_to_swir.gif,D:\usgs_splib07\../GIFplots/GIFplots_splib07a/plots_by_wavelength_region/range3_swir/splib07a_Calcite.5+.Ca-Mont.5_AMX6_ASDNGb_AREF_range3_swir.gif,,,D:\usgs_splib07\../GIFplots/GIFplots_splib07a/splib07a_Wavelengths_ASD_0.35-2.5_microns_2151_ch.gif,D:\usgs_splib07\../GIFplots/GIFplots_splib07a/splib07a_Bandpass_(FWHM)_ASDNG_High-Res_NextGen.gif
Calcite.5+.Na-Mont.5 AMX43   ASDNGb AREF,D:\usgs_splib07\../HTMLmetadata/Calcite.5+.Na-Mont.5_AMX43_ASDNGb_AREF.html,D:\usgs_splib07\../ASCIIdata/ASCIIdata_splib07a/ChapterS_SoilsAndMixtures/splib07a_Calcite.5+.Na-Mont.5_AMX43_ASDNGb_AREF.txt,,D:\usgs_splib07\../ASCIIdata/ASCIIdata_splib07a/splib07a_Wavelengths_ASD_0.35-2.5_microns_2151_ch.txt,D:\usgs_splib07\../ASCIIdata/ASCIIdata_splib07a/splib07a_Bandpass_(FWHM)_ASDNG_High-Res_NextGen.txt,D:\usgs_splib07\../GIFplots/GIFplots_splib07a/ChapterS_SoilsAndMixtures/splib07a_Calcite.5+.Na-Mont.5_AMX43_ASDNGb_AREF.gif,D:\usgs_splib07\../GIFplots/GIFplots_splib07a/plots_by_wavelength_region/range1_uv_to_visible/splib07a_Calcite.5+.Na-Mont.5_AMX43_ASDNGb_AREF_range1_uv_to_vis.gif,D:\usgs_splib07\../GIFplots/GIFplots_splib07a/plots_by_wavelength_region/range2_visible_to_swir/splib07a_Calcite.5+.Na-Mont.5_AMX43_ASDNGb_AREF_range2_vis_to_swir.gif,D:\usgs_splib07\../GIFplots/GIFplots_splib07a/plots_by_wavelength_region/range3_swir/splib07a_Calcite.5+.Na-Mont.5_AMX43_ASDNGb_AREF_range3_swir.gif,,,D:\usgs_splib07\../GIFplots/GIFplots_splib07a/splib07a_Wavelengths_ASD_0.35-2.5_microns_2151_ch.gif,D:\usgs_splib07\../GIFplots/GIFplots_splib07a/splib07a_Bandpass_(FWHM)_ASDNG_High-Res_NextGen.gif
Calcite.5+Dolomite.5 AMX8     BECKb AREF,D:\usgs_splib07\../HTMLmetadata/Calcite.5+Dolomite.5_AMX8_BECKb_AREF.html,D:\usgs_splib07\../ASCIIdata/ASCIIdata_splib07a/ChapterS_SoilsAndMixtures/splib07a_Calcite.5+Dolomite.5_AMX8_BECKb_AREF.txt,,D:\usgs_splib07\../ASCIIdata/ASCIIdata_splib07a/splib07a_Wavelengths_BECK_Beckman_0.2-3.0_microns.txt,D:\usgs_splib07\../ASCIIdata/ASCIIdata_splib07a/splib07a_Bandpass_(FWHM)_BECK_Beckman_in_microns.txt,D:\usgs_splib07\../GIFplots/GIFplots_splib07a/ChapterS_SoilsAndMixtures/splib07a_Calcite.5+Dolomite.5_AMX8_BECKb_AREF.gif,D:\usgs_splib07\../GIFplots/GIFplots_splib07a/plots_by_wavelength_region/range1_uv_to_visible/splib07a_Calcite.5+Dolomite.5_AMX8_BECKb_AREF_range1_uv_to_vis.gif,D:\usgs_splib07\../GIFplots/GIFplots_splib07a/plots_by_wavelength_region/range2_visible_to_swir/splib07a_Calcite.5+Dolomite.5_AMX8_BECKb_AREF_range2_vis_to_swir.gif,D:\usgs_splib07\../GIFplots/GIFplots_splib07a/plots_by_wavelength_region/range3_swir/splib07a_Calcite.5+Dolomite.5_AMX8_BECKb_AREF_range3_swir.gif,,,D:\usgs_splib07\../GIFplots/GIFplots_splib07a/splib07a_Wavelengths_BECK_Beckman_0.2-3.0_microns.gif,D:\usgs_splib07\../GIFplots/GIFplots_splib07a/splib07a_Bandpass_(FWHM)_BECK_Beckman_in_microns.gif
Calcite.5+Dolomite.5 AMX8    ASDNGb AREF,D:\usgs_splib07\../HTMLmetadata/Calcite.5+Dolomite.5_AMX8_ASDNGb_AREF.html,D:\usgs_splib07\../ASCIIdata/ASCIIdata_splib07a/ChapterS_SoilsAndMixtures/splib07a_Calcite.5+Dolomite.5_AMX8_ASDNGb_AREF.txt,,D:\usgs_splib07\../ASCIIdata/ASCIIdata_splib07a/splib07a_Wavelengths_ASD_0.35-2.5_microns_2151_ch.txt,D:\usgs_splib07\../ASCIIdata/ASCIIdata_splib07a/splib07a_Bandpass_(FWHM)_ASDNG_High-Res_NextGen.txt,D:\usgs_splib07\../GIFplots/GIFplots_splib07a/ChapterS_SoilsAndMixtures/splib07a_Calcite.5+Dolomite.5_AMX8_ASDNGb_AREF.gif,D:\usgs_splib07\../GIFplots/GIFplots_splib07a/plots_by_wavelength_region/range1_uv_to_visible/splib07a_Calcite.5+Dolomite.5_AMX8_ASDNGb_AREF_range1_uv_to_vis.gif,D:\usgs_splib07\../GIFplots/GIFplots_splib07a/plots_by_wavelength_region/range2_visible_to_swir/splib07a_Calcite.5+Dolomite.5_AMX8_ASDNGb_AREF_range2_vis_to_swir.gif,D:\usgs_splib07\../GIFplots/GIFplots_splib07a/plots_by_wavelength_region/range3_swir/splib07a_Calcite.5+Dolomite.5_AMX8_ASDNGb_AREF_range3_swir.gif,,,D:\usgs_splib07\../GIFplots/GIFplots_splib07a/splib07a_Wavelengths_ASD_0.35-2.5_microns_2151_ch.gif,D:\usgs_splib07\../GIFplots/GIFplots_splib07a/splib07a_Bandpass_(FWHM)_ASDNG_High-Res_NextGen.gif
Calcite+Talc PC99-1G         ASDFRc AREF,D:\usgs_splib07\../HTMLmetadata/Calcite+Talc_PC99-1G_ASDFRc_AREF.html,D:\usgs_splib07\../ASCIIdata/ASCIIdata_splib07a/ChapterS_SoilsAndMixtures/splib07a_Calcite+Talc_PC99-1G_ASDFRc_AREF.txt,,D:\usgs_splib07\../ASCIIdata/ASCIIdata_splib07a/splib07a_Wavelengths_ASD_0.35-2.5_microns_2151_ch.txt,D:\usgs_splib07\../ASCIIdata/ASCIIdata_splib07a/splib07a_Bandpass_(FWHM)_ASDFR_StandardResolution.txt,D:\usgs_splib07\../GIFplots/GIFplots_splib07a/ChapterS_SoilsAndMixtures/splib07a_Calcite+Talc_PC99-1G_ASDFRc_AREF.gif,D:\usgs_splib07\../GIFplots/GIFplots_splib07a/plots_by_wavelength_region/range1_uv_to_visible/splib07a_Calcite+Talc_PC99-1G_ASDFRc_AREF_range1_uv_to_vis.gif,D:\usgs_splib07\../GIFplots/GIFplots_splib07a/plots_by_wavelength_region/range2_visible_to_swir/splib07a_Calcite+Talc_PC99-1G_ASDFRc_AREF_range2_vis_to_swir.gif,D:\usgs_splib07\../GIFplots/GIFplots_splib07a/plots_by_wavelength_region/range3_swir/splib07a_Calcite+Talc_PC99-1G_ASDFRc_AREF_range3_swir.gif,,,D:\usgs_splib07\../GIFplots/GIFplots_splib07a/splib07a_Wavelengths_ASD_0.35-2.5_microns_2151_ch.gif,D:\usgs_splib07\../GIFplots/GIFplots_splib07a/splib07a_Bandpass_(FWHM)_ASDFR_StandardResolution.gif
Calcite.33+Ca-Mont.67 AMX19   BECKb AREF,D:\usgs_splib07\../HTMLmetadata/Calcite.33+Ca-Mont.67_AMX19_BECKb_AREF.html,D:\usgs_splib07\../ASCIIdata/ASCIIdata_splib07a/ChapterS_SoilsAndMixtures/splib07a_Calcite.33+Ca-Mont.67_AMX19_BECKb_AREF.txt,,D:\usgs_splib07\../ASCIIdata/ASCIIdata_splib07a/splib07a_Wavelengths_BECK_Beckman_0.2-3.0_microns.txt,D:\usgs_splib07\../ASCIIdata/ASCIIdata_splib07a/splib07a_Bandpass_(FWHM)_BECK_Beckman_in_microns.txt,D:\usgs_splib07\../GIFplots/GIFplots_splib07a/ChapterS_SoilsAndMixtures/splib07a_Calcite.33+Ca-Mont.67_AMX19_BECKb_AREF.gif,D:\usgs_splib07\../GIFplots/GIFplots_splib07a/plots_by_wavelength_region/range1_uv_to_visible/splib07a_Calcite.33+Ca-Mont.67_AMX19_BECKb_AREF_range1_uv_to_vis.gif,D:\usgs_splib07\../GIFplots/GIFplots_splib07a/plots_by_wavelength_region/range2_visible_to_swir/splib07a_Calcite.33+Ca-Mont.67_AMX19_BECKb_AREF_range2_vis_to_swir.gif,D:\usgs_splib07\../GIFplots/GIFplots_splib07a/plots_by_wavelength_region/range3_swir/splib07a_Calcite.33+Ca-Mont.67_AMX19_BECKb_AREF_range3_swir.gif,,,D:\usgs_splib07\../GIFplots/GIFplots_splib07a/splib07a_Wavelengths_BECK_Beckman_0.2-3.0_microns.gif,D:\usgs_splib07\../GIFplots/GIFplots_splib07a/splib07a_Bandpass_(FWHM)_BECK_Beckman_in_microns.gif
Calcite.33+Ca-Mont.67 AMX19  ASDNGb AREF,D:\usgs_splib07\../HTMLmetadata/Calcite.33+Ca-Mont.67_AMX19_ASDNGb_AREF.html,D:\usgs_splib07\../ASCIIdata/ASCIIdata_splib07a/ChapterS_SoilsAndMixtures/splib07a_Calcite.33+Ca-Mont.67_AMX19_ASDNGb_AREF.txt,,D:\usgs_splib07\../ASCIIdata/ASCIIdata_splib07a/splib07a_Wavelengths_ASD_0.35-2.5_microns_2151_ch.txt,D:\usgs_splib07\../ASCIIdata/ASCIIdata_splib07a/splib07a_Bandpass_(FWHM)_ASDNG_High-Res_NextGen.txt,D:\usgs_splib07\../GIFplots/GIFplots_splib07a/ChapterS_SoilsAndMixtures/splib07a_Calcite.33+Ca-Mont.67_AMX19_ASDNGb_AREF.gif,D:\usgs_splib07\../GIFplots/GIFplots_splib07a/plots_by_wavelength_region/range1_uv_to_visible/splib07a_Calcite.33+Ca-Mont.67_AMX19_ASDNGb_AREF_range1_uv_to_vis.gif,D:\usgs_splib07\../GIFplots/GIFplots_splib07a/plots_by_wavelength_region/range2_visible_to_swir/splib07a_Calcite.33+Ca-Mont.67_AMX19_ASDNGb_AREF_range2_vis_to_swir.gif,D:\usgs_splib07\../GIFplots/GIFplots_splib07a/plots_by_wavelength_region/range3_swir/splib07a_Calcite.33+Ca-Mont.67_AMX19_ASDNGb_AREF_range3_swir.gif,,,D:\usgs_splib07\../GIFplots/GIFplots_splib07a/splib07a_Wavelengths_ASD_0.35-2.5_microns_2151_ch.gif,D:\usgs_splib07\../GIFplots/GIFplots_splib07a/splib07a_Bandpass_(FWHM)_ASDNG_High-Res_NextGen.gif
Calcite.33+Na-Mont.67 AMX44  ASDNGb AREF,D:\usgs_splib07\../HTMLmetadata/Calcite.33+Na-Mont.67_AMX44_ASDNGb_AREF.html,D:\usgs_splib07\../ASCIIdata/ASCIIdata_splib07a/ChapterS_SoilsAndMixtures/splib07a_Calcite.33+Na-Mont.67_AMX44_ASDNGb_AREF.txt,,D:\usgs_splib07\../ASCIIdata/ASCIIdata_splib07a/splib07a_Wavelengths_ASD_0.35-2.5_microns_2151_ch.txt,D:\usgs_splib07\../ASCIIdata/ASCIIdata_splib07a/splib07a_Bandpass_(FWHM)_ASDNG_High-Res_NextGen.txt,D:\usgs_splib07\../GIFplots/GIFplots_splib07a/ChapterS_SoilsAndMixtures/splib07a_Calcite.33+Na-Mont.67_AMX44_ASDNGb_AREF.gif,D:\usgs_splib07\../GIFplots/GIFplots_splib07a/plots_by_wavelength_region/range1_uv_to_visible/splib07a_Calcite.33+Na-Mont.67_AMX44_ASDNGb_AREF_range1_uv_to_vis.gif,D:\usgs_splib07\../GIFplots/GIFplots_splib07a/plots_by_wavelength_region/range2_visible_to_swir/splib07a_Calcite.33+Na-Mont.67_AMX44_ASDNGb_AREF_range2_vis_to_swir.gif,D:\usgs_splib07\../GIFplots/GIFplots_splib07a/plots_by_wavelength_region/range3_swir/splib07a_Calcite.33+Na-Mont.67_AMX44_ASDNGb_AREF_range3_swir.gif,,,D:\usgs_splib07\../GIFplots/GIFplots_splib07a/splib07a_Wavelengths_ASD_0.35-2.5_microns_2151_ch.gif,D:\usgs_splib07\../GIFplots/GIFplots_splib07a/splib07a_Bandpass_(FWHM)_ASDNG_High-Res_NextGen.gif
Calcite.33+Epidote.67 GDS311 ASDFRa AREF,D:\usgs_splib07\../HTMLmetadata/Calcite.33+Epidote.67_GDS311_ASDFRa_AREF.html,D:\usgs_splib07\../ASCIIdata/ASCIIdata_splib07a/ChapterS_SoilsAndMixtures/splib07a_Calcite.33+Epidote.67_GDS311_ASDFRa_AREF.txt,,D:\usgs_splib07\../ASCIIdata/ASCIIdata_splib07a/splib07a_Wavelengths_ASD_0.35-2.5_microns_2151_ch.txt,D:\usgs_splib07\../ASCIIdata/ASCIIdata_splib07a/splib07a_Bandpass_(FWHM)_ASDFR_StandardResolution.txt,D:\usgs_splib07\../GIFplots/GIFplots_splib07a/ChapterS_SoilsAndMixtures/splib07a_Calcite.33+Epidote.67_GDS311_ASDFRa_AREF.gif,D:\usgs_splib07\../GIFplots/GIFplots_splib07a/plots_by_wavelength_region/range1_uv_to_visible/splib07a_Calcite.33+Epidote.67_GDS311_ASDFRa_AREF_range1_uv_to_vis.gif,D:\usgs_splib07\../GIFplots/GIFplots_splib07a/plots_by_wavelength_region/range2_visible_to_swir/splib07a_Calcite.33+Epidote.67_GDS311_ASDFRa_AREF_range2_vis_to_swir.gif,D:\usgs_splib07\../GIFplots/GIFplots_splib07a/plots_by_wavelength_region/range3_swir/splib07a_Calcite.33+Epidote.67_GDS311_ASDFRa_AREF_range3_swir.gif,,,D:\usgs_splib07\../GIFplots/GIFplots_splib07a/splib07a_Wavelengths_ASD_0.35-2.5_microns_2151_ch.gif,D:\usgs_splib07\../GIFplots/GIFplots_splib07a/splib07a_Bandpass_(FWHM)_ASDFR_StandardResolution.gif
Calcite.67+Epidote.33 GDS310 ASDFRa AREF,D:\usgs_splib07\../HTMLmetadata/Calcite.67+Epidote.33_GDS310_ASDFRa_AREF.html,D:\usgs_splib07\../ASCIIdata/ASCIIdata_splib07a/ChapterS_SoilsAndMixtures/splib07a_Calcite.67+Epidote.33_GDS310_ASDFRa_AREF.txt,,D:\usgs_splib07\../ASCIIdata/ASCIIdata_splib07a/splib07a_Wavelengths_ASD_0.35-2.5_microns_2151_ch.txt,D:\usgs_splib07\../ASCIIdata/ASCIIdata_splib07a/splib07a_Bandpass_(FWHM)_ASDFR_StandardResolution.txt,D:\usgs_splib07\../GIFplots/GIFplots_splib07a/ChapterS_SoilsAndMixtures/splib07a_Calcite.67+Epidote.33_GDS310_ASDFRa_AREF.gif,D:\usgs_splib07\../GIFplots/GIFplots_splib07a/plots_by_wavelength_region/range1_uv_to_visible/splib07a_Calcite.67+Epidote.33_GDS310_ASDFRa_AREF_range1_uv_to_vis.gif,D:\usgs_splib07\../GIFplots/GIFplots_splib07a/plots_by_wavelength_region/range2_visible_to_swir/splib07a_Calcite.67+Epidote.33_GDS310_ASDFRa_AREF_range2_vis_to_swir.gif,D:\usgs_splib07\../GIFplots/GIFplots_splib07a/plots_by_wavelength_region/range3_swir/splib07a_Calcite.67+Epidote.33_GDS310_ASDFRa_AREF_range3_swir.gif,,,D:\usgs_splib07\../GIFplots/GIFplots_splib07a/splib07a_Wavelengths_ASD_0.35-2.5_microns_2151_ch.gif,D:\usgs_splib07\../GIFplots/GIFplots_splib07a/splib07a_Bandpass_(FWHM)_ASDFR_StandardResolution.gif
Calcite.7+Kaolin-wxl.3 AMX9   BECKa AREF,D:\usgs_splib07\../HTMLmetadata/Calcite.7+Kaolin-wxl.3_AMX9_BECKa_AREF.html,D:\usgs_splib07\../ASCIIdata/ASCIIdata_splib07a/ChapterS_SoilsAndMixtures/splib07a_Calcite.7+Kaolin-wxl.3_AMX9_BECKa_AREF.txt,,D:\usgs_splib07\../ASCIIdata/ASCIIdata_splib07a/splib07a_Wavelengths_BECK_Beckman_0.2-3.0_microns.txt,D:\usgs_splib07\../ASCIIdata/ASCIIdata_splib07a/splib07a_Bandpass_(FWHM)_BECK_Beckman_in_microns.txt,D:\usgs_splib07\../GIFplots/GIFplots_splib07a/ChapterS_SoilsAndMixtures/splib07a_Calcite.7+Kaolin-wxl.3_AMX9_BECKa_AREF.gif,D:\usgs_splib07\../GIFplots/GIFplots_splib07a/plots_by_wavelength_region/range1_uv_to_visible/splib07a_Calcite.7+Kaolin-wxl.3_AMX9_BECKa_AREF_range1_uv_to_vis.gif,D:\usgs_splib07\../GIFplots/GIFplots_splib07a/plots_by_wavelength_region/range2_visible_to_swir/splib07a_Calcite.7+Kaolin-wxl.3_AMX9_BECKa_AREF_range2_vis_to_swir.gif,D:\usgs_splib07\../GIFplots/GIFplots_splib07a/plots_by_wavelength_region/range3_swir/splib07a_Calcite.7+Kaolin-wxl.3_AMX9_BECKa_AREF_range3_swir.gif,,,D:\usgs_splib07\../GIFplots/GIFplots_splib07a/splib07a_Wavelengths_BECK_Beckman_0.2-3.0_microns.gif,D:\usgs_splib07\../GIFplots/GIFplots_splib07a/splib07a_Bandpass_(FWHM)_BECK_Beckman_in_microns.gif
Calcite.7+Kaolin-wxl.3 AMX9  ASDNGa AREF,D:\usgs_splib07\../HTMLmetadata/Calcite.7+Kaolin-wxl.3_AMX9_ASDNGa_AREF.html,D:\usgs_splib07\../ASCIIdata/ASCIIdata_splib07a/ChapterS_SoilsAndMixtures/splib07a_Calcite.7+Kaolin-wxl.3_AMX9_ASDNGa_AREF.txt,,D:\usgs_splib07\../ASCIIdata/ASCIIdata_splib07a/splib07a_Wavelengths_ASD_0.35-2.5_microns_2151_ch.txt,D:\usgs_splib07\../ASCIIdata/ASCIIdata_splib07a/splib07a_Bandpass_(FWHM)_ASDNG_High-Res_NextGen.txt,D:\usgs_splib07\../GIFplots/GIFplots_splib07a/ChapterS_SoilsAndMixtures/splib07a_Calcite.7+Kaolin-wxl.3_AMX9_ASDNGa_AREF.gif,D:\usgs_splib07\../GIFplots/GIFplots_splib07a/plots_by_wavelength_region/range1_uv_to_visible/splib07a_Calcite.7+Kaolin-wxl.3_AMX9_ASDNGa_AREF_range1_uv_to_vis.gif,D:\usgs_splib07\../GIFplots/GIFplots_splib07a/plots_by_wavelength_region/range2_visible_to_swir/splib07a_Calcite.7+Kaolin-wxl.3_AMX9_ASDNGa_AREF_range2_vis_to_swir.gif,D:\usgs_splib07\../GIFplots/GIFplots_splib07a/plots_by_wavelength_region/range3_swir/splib07a_Calcite.7+Kaolin-wxl.3_AMX9_ASDNGa_AREF_range3_swir.gif,,,D:\usgs_splib07\../GIFplots/GIFplots_splib07a/splib07a_Wavelengths_ASD_0.35-2.5_microns_2151_ch.gif,D:\usgs_splib07\../GIFplots/GIFplots_splib07a/splib07a_Bandpass_(FWHM)_ASDNG_High-Res_NextGen.gif
Calcite.8+Ca-Montmor.2 AMX15  BECKb AREF,D:\usgs_splib07\../HTMLmetadata/Calcite.8+Ca-Montmor.2_AMX15_BECKb_AREF.html,D:\usgs_splib07\../ASCIIdata/ASCIIdata_splib07a/ChapterS_SoilsAndMixtures/splib07a_Calcite.8+Ca-Montmor.2_AMX15_BECKb_AREF.txt,,D:\usgs_splib07\../ASCIIdata/ASCIIdata_splib07a/splib07a_Wavelengths_BECK_Beckman_0.2-3.0_microns.txt,D:\usgs_splib07\../ASCIIdata/ASCIIdata_splib07a/splib07a_Bandpass_(FWHM)_BECK_Beckman_in_microns.txt,D:\usgs_splib07\../GIFplots/GIFplots_splib07a/ChapterS_SoilsAndMixtures/splib07a_Calcite.8+Ca-Montmor.2_AMX15_BECKb_AREF.gif,D:\usgs_splib07\../GIFplots/GIFplots_splib07a/plots_by_wavelength_region/range1_uv_to_visible/splib07a_Calcite.8+Ca-Montmor.2_AMX15_BECKb_AREF_range1_uv_to_vis.gif,D:\usgs_splib07\../GIFplots/GIFplots_splib07a/plots_by_wavelength_region/range2_visible_to_swir/splib07a_Calcite.8+Ca-Montmor.2_AMX15_BECKb_AREF_range2_vis_to_swir.gif,D:\usgs_splib07\../GIFplots/GIFplots_splib07a/plots_by_wavelength_region/range3_swir/splib07a_Calcite.8+Ca-Montmor.2_AMX15_BECKb_AREF_range3_swir.gif,,,D:\usgs_splib07\../GIFplots/GIFplots_splib07a/splib07a_Wavelengths_BECK_Beckman_0.2-3.0_microns.gif,D:\usgs_splib07\../GIFplots/GIFplots_splib07a/splib07a_Bandpass_(FWHM)_BECK_Beckman_in_microns.gif
Calcite.80+Mont_Swy-1 GDS212  BECKa AREF,D:\usgs_splib07\../HTMLmetadata/Calcite.80+Mont_Swy-1_GDS212_BECKa_AREF.html,D:\usgs_splib07\../ASCIIdata/ASCIIdata_splib07a/ChapterS_SoilsAndMixtures/splib07a_Calcite.80+Mont_Swy-1_GDS212_BECKa_AREF.txt,,D:\usgs_splib07\../ASCIIdata/ASCIIdata_splib07a/splib07a_Wavelengths_BECK_Beckman_0.2-3.0_microns.txt,D:\usgs_splib07\../ASCIIdata/ASCIIdata_splib07a/splib07a_Bandpass_(FWHM)_BECK_Beckman_in_microns.txt,D:\usgs_splib07\../GIFplots/GIFplots_splib07a/ChapterS_SoilsAndMixtures/splib07a_Calcite.80+Mont_Swy-1_GDS212_BECKa_AREF.gif,D:\usgs_splib07\../GIFplots/GIFplots_splib07a/plots_by_wavelength_region/range1_uv_to_visible/splib07a_Calcite.80+Mont_Swy-1_GDS212_BECKa_AREF_range1_uv_to_vis.gif,D:\usgs_splib07\../GIFplots/GIFplots_splib07a/plots_by_wavelength_region/range2_visible_to_swir/splib07a_Calcite.80+Mont_Swy-1_GDS212_BECKa_AREF_range2_vis_to_swir.gif,D:\usgs_splib07\../GIFplots/GIFplots_splib07a/plots_by_wavelength_region/range3_swir/splib07a_Calcite.80+Mont_Swy-1_GDS212_BECKa_AREF_range3_swir.gif,,,D:\usgs_splib07\../GIFplots/GIFplots_splib07a/splib07a_Wavelengths_BECK_Beckman_0.2-3.0_microns.gif,D:\usgs_splib07\../GIFplots/GIFplots_splib07a/splib07a_Bandpass_(FWHM)_BECK_Beckman_in_microns.gif
Calcite.80+Mont_Swy-1 GDS212 ASDNGa AREF,D:\usgs_splib07\../HTMLmetadata/Calcite.80+Mont_Swy-1_GDS212_ASDNGa_AREF.html,D:\usgs_splib07\../ASCIIdata/ASCIIdata_splib07a/ChapterS_SoilsAndMixtures/splib07a_Calcite.80+Mont_Swy-1_GDS212_ASDNGa_AREF.txt,D:\usgs_splib07\../ASCIIdata/ASCIIdata_splib07a/errorbars/errorbars_for_splib07a_Calcite.80+Mont_Swy-1_GDS212_ASDNGa_AREF.txt,D:\usgs_splib07\../ASCIIdata/ASCIIdata_splib07a/splib07a_Wavelengths_ASD_0.35-2.5_microns_2151_ch.txt,D:\usgs_splib07\../ASCIIdata/ASCIIdata_splib07a/splib07a_Bandpass_(FWHM)_ASDNG_High-Res_NextGen.txt,D:\usgs_splib07\../GIFplots/GIFplots_splib07a/ChapterS_SoilsAndMixtures/splib07a_Calcite.80+Mont_Swy-1_GDS212_ASDNGa_AREF.gif,D:\usgs_splib07\../GIFplots/GIFplots_splib07a/plots_by_wavelength_region/range1_uv_to_visible/splib07a_Calcite.80+Mont_Swy-1_GDS212_ASDNGa_AREF_range1_uv_to_vis.gif,D:\usgs_splib07\../GIFplots/GIFplots_splib07a/plots_by_wavelength_region/range2_visible_to_swir/splib07a_Calcite.80+Mont_Swy-1_GDS212_ASDNGa_AREF_range2_vis_to_swir.gif,D:\usgs_splib07\../GIFplots/GIFplots_splib07a/plots_by_wavelength_region/range3_swir/splib07a_Calcite.80+Mont_Swy-1_GDS212_ASDNGa_AREF_range3_swir.gif,,,D:\usgs_splib07\../GIFplots/GIFplots_splib07a/splib07a_Wavelengths_ASD_0.35-2.5_microns_2151_ch.gif,D:\usgs_splib07\../GIFplots/GIFplots_splib07a/splib07a_Bandpass_(FWHM)_ASDNG_High-Res_NextGen.gif
Calcite.80wt+Kaol_CM9 GDS213  BECKa AREF,D:\usgs_splib07\../HTMLmetadata/Calcite.80wt+Kaol_CM9_GDS213_BECKa_AREF.html,D:\usgs_splib07\../ASCIIdata/ASCIIdata_splib07a/ChapterS_SoilsAndMixtures/splib07a_Calcite.80wt+Kaol_CM9_GDS213_BECKa_AREF.txt,,D:\usgs_splib07\../ASCIIdata/ASCIIdata_splib07a/splib07a_Wavelengths_BECK_Beckman_0.2-3.0_microns.txt,D:\usgs_splib07\../ASCIIdata/ASCIIdata_splib07a/splib07a_Bandpass_(FWHM)_BECK_Beckman_in_microns.txt,D:\usgs_splib07\../GIFplots/GIFplots_splib07a/ChapterS_SoilsAndMixtures/splib07a_Calcite.80wt+Kaol_CM9_GDS213_BECKa_AREF.gif,D:\usgs_splib07\../GIFplots/GIFplots_splib07a/plots_by_wavelength_region/range1_uv_to_visible/splib07a_Calcite.80wt+Kaol_CM9_GDS213_BECKa_AREF_range1_uv_to_vis.gif,D:\usgs_splib07\../GIFplots/GIFplots_splib07a/plots_by_wavelength_region/range2_visible_to_swir/splib07a_Calcite.80wt+Kaol_CM9_GDS213_BECKa_AREF_range2_vis_to_swir.gif,D:\usgs_splib07\../GIFplots/GIFplots_splib07a/plots_by_wavelength_region/range3_swir/splib07a_Calcite.80wt+Kaol_CM9_GDS213_BECKa_AREF_range3_swir.gif,,,D:\usgs_splib07\../GIFplots/GIFplots_splib07a/splib07a_Wavelengths_BECK_Beckman_0.2-3.0_microns.gif,D:\usgs_splib07\../GIFplots/GIFplots_splib07a/splib07a_Bandpass_(FWHM)_BECK_Beckman_in_microns.gif
Calcite.80wt+Kaol_CM9 GDS213 ASDNGa AREF,D:\usgs_splib07\../HTMLmetadata/Calcite.80wt+Kaol_CM9_GDS213_ASDNGa_AREF.html,D:\usgs_splib07\../ASCIIdata/ASCIIdata_splib07a/ChapterS_SoilsAndMixtures/splib07a_Calcite.80wt+Kaol_CM9_GDS213_ASDNGa_AREF.txt,D:\usgs_splib07\../ASCIIdata/ASCIIdata_splib07a/errorbars/errorbars_for_splib07a_Calcite.80wt+Kaol_CM9_GDS213_ASDNGa_AREF.txt,D:\usgs_splib07\../ASCIIdata/ASCIIdata_splib07a/splib07a_Wavelengths_ASD_0.35-2.5_microns_2151_ch.txt,D:\usgs_splib07\../ASCIIdata/ASCIIdata_splib07a/splib07a_Bandpass_(FWHM)_ASDNG_High-Res_NextGen.txt,D:\usgs_splib07\../GIFplots/GIFplots_splib07a/ChapterS_SoilsAndMixtures/splib07a_Calcite.80wt+Kaol_CM9_GDS213_ASDNGa_AREF.gif,D:\usgs_splib07\../GIFplots/GIFplots_splib07a/plots_by_wavelength_region/range1_uv_to_visible/splib07a_Calcite.80wt+Kaol_CM9_GDS213_ASDNGa_AREF_range1_uv_to_vis.gif,D:\usgs_splib07\../GIFplots/GIFplots_splib07a/plots_by_wavelength_region/range2_visible_to_swir/splib07a_Calcite.80wt+Kaol_CM9_GDS213_ASDNGa_AREF_range2_vis_to_swir.gif,D:\usgs_splib07\../GIFplots/GIFplots_splib07a/plots_by_wavelength_region/range3_swir/splib07a_Calcite.80wt+Kaol_CM9_GDS213_ASDNGa_AREF_range3_swir.gif,,,D:\usgs_splib07\../GIFplots/GIFplots_splib07a/splib07a_Wavelengths_ASD_0.35-2.5_microns_2151_ch.gif,D:\usgs_splib07\../GIFplots/GIFplots_splib07a/splib07a_Bandpass_(FWHM)_ASDNG_High-Res_NextGen.gif
Chabazite+Thom+Wair HS193.3B  BECKb AREF,D:\usgs_splib07\../HTMLmetadata/Chabazite+Thom+Wair_HS193.3B_BECKb_AREF.html,D:\usgs_splib07\../ASCIIdata/ASCIIdata_splib07a/ChapterS_SoilsAndMixtures/splib07a_Chabazite+Thom+Wair_HS193.3B_BECKb_AREF.txt,D:\usgs_splib07\../ASCIIdata/ASCIIdata_splib07a/errorbars/errorbars_for_splib07a_Chabazite+Thom+Wair_HS193.3B_BECKb_AREF.txt,D:\usgs_splib07\../ASCIIdata/ASCIIdata_splib07a/splib07a_Wavelengths_BECK_Beckman_0.2-3.0_microns.txt,D:\usgs_splib07\../ASCIIdata/ASCIIdata_splib07a/splib07a_Bandpass_(FWHM)_BECK_Beckman_in_microns.txt,D:\usgs_splib07\../GIFplots/GIFplots_splib07a/ChapterS_SoilsAndMixtures/splib07a_Chabazite+Thom+Wair_HS193.3B_BECKb_AREF.gif,D:\usgs_splib07\../GIFplots/GIFplots_splib07a/plots_by_wavelength_region/range1_uv_to_visible/splib07a_Chabazite+Thom+Wair_HS193.3B_BECKb_AREF_range1_uv_to_vis.gif,D:\usgs_splib07\../GIFplots/GIFplots_splib07a/plots_by_wavelength_region/range2_visible_to_swir/splib07a_Chabazite+Thom+Wair_HS193.3B_BECKb_AREF_range2_vis_to_swir.gif,D:\usgs_splib07\../GIFplots/GIFplots_splib07a/plots_by_wavelength_region/range3_swir/splib07a_Chabazite+Thom+Wair_HS193.3B_BECKb_AREF_range3_swir.gif,,,D:\usgs_splib07\../GIFplots/GIFplots_splib07a/splib07a_Wavelengths_BECK_Beckman_0.2-3.0_microns.gif,D:\usgs_splib07\../GIFplots/GIFplots_splib07a/splib07a_Bandpass_(FWHM)_BECK_Beckman_in_microns.gif
Chabazite+Thom+Wair HS193.3B ASDFRb AREF,D:\usgs_splib07\../HTMLmetadata/Chabazite+Thom+Wair_HS193.3B_ASDFRb_AREF.html,D:\usgs_splib07\../ASCIIdata/ASCIIdata_splib07a/ChapterS_SoilsAndMixtures/splib07a_Chabazite+Thom+Wair_HS193.3B_ASDFRb_AREF.txt,,D:\usgs_splib07\../ASCIIdata/ASCIIdata_splib07a/splib07a_Wavelengths_ASD_0.35-2.5_microns_2151_ch.txt,D:\usgs_splib07\../ASCIIdata/ASCIIdata_splib07a/splib07a_Bandpass_(FWHM)_ASDFR_StandardResolution.txt,D:\usgs_splib07\../GIFplots/GIFplots_splib07a/ChapterS_SoilsAndMixtures/splib07a_Chabazite+Thom+Wair_HS193.3B_ASDFRb_AREF.gif,D:\usgs_splib07\../GIFplots/GIFplots_splib07a/plots_by_wavelength_region/range1_uv_to_visible/splib07a_Chabazite+Thom+Wair_HS193.3B_ASDFRb_AREF_range1_uv_to_vis.gif,D:\usgs_splib07\../GIFplots/GIFplots_splib07a/plots_by_wavelength_region/range2_visible_to_swir/splib07a_Chabazite+Thom+Wair_HS193.3B_ASDFRb_AREF_range2_vis_to_swir.gif,D:\usgs_splib07\../GIFplots/GIFplots_splib07a/plots_by_wavelength_region/range3_swir/splib07a_Chabazite+Thom+Wair_HS193.3B_ASDFRb_AREF_range3_swir.gif,,,D:\usgs_splib07\../GIFplots/GIFplots_splib07a/splib07a_Wavelengths_ASD_0.35-2.5_microns_2151_ch.gif,D:\usgs_splib07\../GIFplots/GIFplots_splib07a/splib07a_Bandpass_(FWHM)_ASDFR_StandardResolution.gif
Chabazite+Thom+Wair HS193.3B NIC4bb RREF,D:\usgs_splib07\../HTMLmetadata/Chabazite+Thom+Wair_HS193.3B_NIC4bb_RREF.html,D:\usgs_splib07\../ASCIIdata/ASCIIdata_splib07a/ChapterS_SoilsAndMixtures/splib07a_Chabazite+Thom+Wair_HS193.3B_NIC4bb_RREF.txt,,D:\usgs_splib07\../ASCIIdata/ASCIIdata_splib07a/splib07a_Wavelengths_NIC4_Nicolet_1.12-216microns.txt,D:\usgs_splib07\../ASCIIdata/ASCIIdata_splib07a/splib07a_Bandpass_(FWHM)_NIC4_Nicolet_in_microns.txt,D:\usgs_splib07\../GIFplots/GIFplots_splib07a/ChapterS_SoilsAndMixtures/splib07a_Chabazite+Thom+Wair_HS193.3B_NIC4bb_RREF.gif,,D:\usgs_splib07\../GIFplots/GIFplots_splib07a/plots_by_wavelength_region/range2_visible_to_swir/splib07a_Chabazite+Thom+Wair_HS193.3B_NIC4bb_RREF_range2_vis_to_swir.gif,D:\usgs_splib07\../GIFplots/GIFplots_splib07a/plots_by_wavelength_region/range3_swir/splib07a_Chabazite+Thom+Wair_HS193.3B_NIC4bb_RREF_range3_swir.gif,D:\usgs_splib07\../GIFplots/GIFplots_splib07a/plots_by_wavelength_region/range4_swir_to_mir/splib07a_Chabazite+Thom+Wair_HS193.3B_NIC4bb_RREF_range4_swir_to_mir.gif,D:\usgs_splib07\../GIFplots/GIFplots_splib07a/plots_by_wavelength_region/range5_swir_to_fir_wavenumber/splib07a_Chabazite+Thom+Wair_HS193.3B_NIC4bb_RREF_range5_swir_to_fir_wavenumber.gif,D:\usgs_splib07\../GIFplots/GIFplots_splib07a/splib07a_Wavelengths_NIC4_Nicolet_1.12-216microns.gif,D:\usgs_splib07\../GIFplots/GIFplots_splib07a/splib07a_Bandpass_(FWHM)_NIC4_Nicolet_in_microns.gif
Chl.33+Epid.33+Cal.33 GDS319 ASDFRa AREF,D:\usgs_splib07\../HTMLmetadata/Chl.33+Epid.33+Cal.33_GDS319_ASDFRa_AREF.html,D:\usgs_splib07\../ASCIIdata/ASCIIdata_splib07a/ChapterS_SoilsAndMixtures/splib07a_Chl.33+Epid.33+Cal.33_GDS319_ASDFRa_AREF.txt,,D:\usgs_splib07\../ASCIIdata/ASCIIdata_splib07a/splib07a_Wavelengths_ASD_0.35-2.5_microns_2151_ch.txt,D:\usgs_splib07\../ASCIIdata/ASCIIdata_splib07a/splib07a_Bandpass_(FWHM)_ASDFR_StandardResolution.txt,D:\usgs_splib07\../GIFplots/GIFplots_splib07a/ChapterS_SoilsAndMixtures/splib07a_Chl.33+Epid.33+Cal.33_GDS319_ASDFRa_AREF.gif,D:\usgs_splib07\../GIFplots/GIFplots_splib07a/plots_by_wavelength_region/range1_uv_to_visible/splib07a_Chl.33+Epid.33+Cal.33_GDS319_ASDFRa_AREF_range1_uv_to_vis.gif,D:\usgs_splib07\../GIFplots/GIFplots_splib07a/plots_by_wavelength_region/range2_visible_to_swir/splib07a_Chl.33+Epid.33+Cal.33_GDS319_ASDFRa_AREF_range2_vis_to_swir.gif,D:\usgs_splib07\../GIFplots/GIFplots_splib07a/plots_by_wavelength_region/range3_swir/splib07a_Chl.33+Epid.33+Cal.33_GDS319_ASDFRa_AREF_range3_swir.gif,,,D:\usgs_splib07\../GIFplots/GIFplots_splib07a/splib07a_Wavelengths_ASD_0.35-2.5_microns_2151_ch.gif,D:\usgs_splib07\../GIFplots/GIFplots_splib07a/splib07a_Bandpass_(FWHM)_ASDFR_StandardResolution.gif
Chlor+Goethite CU93-4B Phyl   BECKa AREF,D:\usgs_splib07\../HTMLmetadata/Chlor+Goethite_CU93-4B_Phyl_BECKa_AREF.html,D:\usgs_splib07\../ASCIIdata/ASCIIdata_splib07a/ChapterS_SoilsAndMixtures/splib07a_Chlor+Goethite_CU93-4B_Phyl_BECKa_AREF.txt,,D:\usgs_splib07\../ASCIIdata/ASCIIdata_splib07a/splib07a_Wavelengths_BECK_Beckman_0.2-3.0_microns.txt,D:\usgs_splib07\../ASCIIdata/ASCIIdata_splib07a/splib07a_Bandpass_(FWHM)_BECK_Beckman_in_microns.txt,D:\usgs_splib07\../GIFplots/GIFplots_splib07a/ChapterS_SoilsAndMixtures/splib07a_Chlor+Goethite_CU93-4B_Phyl_BECKa_AREF.gif,D:\usgs_splib07\../GIFplots/GIFplots_splib07a/plots_by_wavelength_region/range1_uv_to_visible/splib07a_Chlor+Goethite_CU93-4B_Phyl_BECKa_AREF_range1_uv_to_vis.gif,D:\usgs_splib07\../GIFplots/GIFplots_splib07a/plots_by_wavelength_region/range2_visible_to_swir/splib07a_Chlor+Goethite_CU93-4B_Phyl_BECKa_AREF_range2_vis_to_swir.gif,D:\usgs_splib07\../GIFplots/GIFplots_splib07a/plots_by_wavelength_region/range3_swir/splib07a_Chlor+Goethite_CU93-4B_Phyl_BECKa_AREF_range3_swir.gif,,,D:\usgs_splib07\../GIFplots/GIFplots_splib07a/splib07a_Wavelengths_BECK_Beckman_0.2-3.0_microns.gif,D:\usgs_splib07\../GIFplots/GIFplots_splib07a/splib07a_Bandpass_(FWHM)_BECK_Beckman_in_microns.gif
Chlor.2+Epid.2+Calc.6 GDS314 ASDFRa AREF,D:\usgs_splib07\../HTMLmetadata/Chlor.2+Epid.2+Calc.6_GDS314_ASDFRa_AREF.html,D:\usgs_splib07\../ASCIIdata/ASCIIdata_splib07a/ChapterS_SoilsAndMixtures/splib07a_Chlor.2+Epid.2+Calc.6_GDS314_ASDFRa_AREF.txt,,D:\usgs_splib07\../ASCIIdata/ASCIIdata_splib07a/splib07a_Wavelengths_ASD_0.35-2.5_microns_2151_ch.txt,D:\usgs_splib07\../ASCIIdata/ASCIIdata_splib07a/splib07a_Bandpass_(FWHM)_ASDFR_StandardResolution.txt,D:\usgs_splib07\../GIFplots/GIFplots_splib07a/ChapterS_SoilsAndMixtures/splib07a_Chlor.2+Epid.2+Calc.6_GDS314_ASDFRa_AREF.gif,D:\usgs_splib07\../GIFplots/GIFplots_splib07a/plots_by_wavelength_region/range1_uv_to_visible/splib07a_Chlor.2+Epid.2+Calc.6_GDS314_ASDFRa_AREF_range1_uv_to_vis.gif,D:\usgs_splib07\../GIFplots/GIFplots_splib07a/plots_by_wavelength_region/range2_visible_to_swir/splib07a_Chlor.2+Epid.2+Calc.6_GDS314_ASDFRa_AREF_range2_vis_to_swir.gif,D:\usgs_splib07\../GIFplots/GIFplots_splib07a/plots_by_wavelength_region/range3_swir/splib07a_Chlor.2+Epid.2+Calc.6_GDS314_ASDFRa_AREF_range3_swir.gif,,,D:\usgs_splib07\../GIFplots/GIFplots_splib07a/splib07a_Wavelengths_ASD_0.35-2.5_microns_2151_ch.gif,D:\usgs_splib07\../GIFplots/GIFplots_splib07a/splib07a_Bandpass_(FWHM)_ASDFR_StandardResolution.gif
Chlor.2+Epid.6+Calc.2 GDS312 ASDFRa AREF,D:\usgs_splib07\../HTMLmetadata/Chlor.2+Epid.6+Calc.2_GDS312_ASDFRa_AREF.html,D:\usgs_splib07\../ASCIIdata/ASCIIdata_splib07a/ChapterS_SoilsAndMixtures/splib07a_Chlor.2+Epid.6+Calc.2_GDS312_ASDFRa_AREF.txt,,D:\usgs_splib07\../ASCIIdata/ASCIIdata_splib07a/splib07a_Wavelengths_ASD_0.35-2.5_microns_2151_ch.txt,D:\usgs_splib07\../ASCIIdata/ASCIIdata_splib07a/splib07a_Bandpass_(FWHM)_ASDFR_StandardResolution.txt,D:\usgs_splib07\../GIFplots/GIFplots_splib07a/ChapterS_SoilsAndMixtures/splib07a_Chlor.2+Epid.6+Calc.2_GDS312_ASDFRa_AREF.gif,D:\usgs_splib07\../GIFplots/GIFplots_splib07a/plots_by_wavelength_region/range1_uv_to_visible/splib07a_Chlor.2+Epid.6+Calc.2_GDS312_ASDFRa_AREF_range1_uv_to_vis.gif,D:\usgs_splib07\../GIFplots/GIFplots_splib07a/plots_by_wavelength_region/range2_visible_to_swir/splib07a_Chlor.2+Epid.6+Calc.2_GDS312_ASDFRa_AREF_range2_vis_to_swir.gif,D:\usgs_splib07\../GIFplots/GIFplots_splib07a/plots_by_wavelength_region/range3_swir/splib07a_Chlor.2+Epid.6+Calc.2_GDS312_ASDFRa_AREF_range3_swir.gif,,,D:\usgs_splib07\../GIFplots/GIFplots_splib07a/splib07a_Wavelengths_ASD_0.35-2.5_microns_2151_ch.gif,D:\usgs_splib07\../GIFplots/GIFplots_splib07a/splib07a_Bandpass_(FWHM)_ASDFR_StandardResolution.gif
Chlor.6+Epid.2+Calc.2 GDS313 ASDFRa AREF,D:\usgs_splib07\../HTMLmetadata/Chlor.6+Epid.2+Calc.2_GDS313_ASDFRa_AREF.html,D:\usgs_splib07\../ASCIIdata/ASCIIdata_splib07a/ChapterS_SoilsAndMixtures/splib07a_Chlor.6+Epid.2+Calc.2_GDS313_ASDFRa_AREF.txt,,D:\usgs_splib07\../ASCIIdata/ASCIIdata_splib07a/splib07a_Wavelengths_ASD_0.35-2.5_microns_2151_ch.txt,D:\usgs_splib07\../ASCIIdata/ASCIIdata_splib07a/splib07a_Bandpass_(FWHM)_ASDFR_StandardResolution.txt,D:\usgs_splib07\../GIFplots/GIFplots_splib07a/ChapterS_SoilsAndMixtures/splib07a_Chlor.6+Epid.2+Calc.2_GDS313_ASDFRa_AREF.gif,D:\usgs_splib07\../GIFplots/GIFplots_splib07a/plots_by_wavelength_region/range1_uv_to_visible/splib07a_Chlor.6+Epid.2+Calc.2_GDS313_ASDFRa_AREF_range1_uv_to_vis.gif,D:\usgs_splib07\../GIFplots/GIFplots_splib07a/plots_by_wavelength_region/range2_visible_to_swir/splib07a_Chlor.6+Epid.2+Calc.2_GDS313_ASDFRa_AREF_range2_vis_to_swir.gif,D:\usgs_splib07\../GIFplots/GIFplots_splib07a/plots_by_wavelength_region/range3_swir/splib07a_Chlor.6+Epid.2+Calc.2_GDS313_ASDFRa_AREF_range3_swir.gif,,,D:\usgs_splib07\../GIFplots/GIFplots_splib07a/splib07a_Wavelengths_ASD_0.35-2.5_microns_2151_ch.gif,D:\usgs_splib07\../GIFplots/GIFplots_splib07a/splib07a_Bandpass_(FWHM)_ASDFR_StandardResolution.gif
Chlorit.33+Calcite.67 GDS315 ASDFRa AREF,D:\usgs_splib07\../HTMLmetadata/Chlorit.33+Calcite.67_GDS315_ASDFRa_AREF.html,D:\usgs_splib07\../ASCIIdata/ASCIIdata_splib07a/ChapterS_SoilsAndMixtures/splib07a_Chlorit.33+Calcite.67_GDS315_ASDFRa_AREF.txt,,D:\usgs_splib07\../ASCIIdata/ASCIIdata_splib07a/splib07a_Wavelengths_ASD_0.35-2.5_microns_2151_ch.txt,D:\usgs_splib07\../ASCIIdata/ASCIIdata_splib07a/splib07a_Bandpass_(FWHM)_ASDFR_StandardResolution.txt,D:\usgs_splib07\../GIFplots/GIFplots_splib07a/ChapterS_SoilsAndMixtures/splib07a_Chlorit.33+Calcite.67_GDS315_ASDFRa_AREF.gif,D:\usgs_splib07\../GIFplots/GIFplots_splib07a/plots_by_wavelength_region/range1_uv_to_visible/splib07a_Chlorit.33+Calcite.67_GDS315_ASDFRa_AREF_range1_uv_to_vis.gif,D:\usgs_splib07\../GIFplots/GIFplots_splib07a/plots_by_wavelength_region/range2_visible_to_swir/splib07a_Chlorit.33+Calcite.67_GDS315_ASDFRa_AREF_range2_vis_to_swir.gif,D:\usgs_splib07\../GIFplots/GIFplots_splib07a/plots_by_wavelength_region/range3_swir/splib07a_Chlorit.33+Calcite.67_GDS315_ASDFRa_AREF_range3_swir.gif,,,D:\usgs_splib07\../GIFplots/GIFplots_splib07a/splib07a_Wavelengths_ASD_0.35-2.5_microns_2151_ch.gif,D:\usgs_splib07\../GIFplots/GIFplots_splib07a/splib07a_Bandpass_(FWHM)_ASDFR_StandardResolution.gif
Chlorite+Muscovite CU93-65A   BECKa AREF,D:\usgs_splib07\../HTMLmetadata/Chlorite+Muscovite_CU93-65A_BECKa_AREF.html,D:\usgs_splib07\../ASCIIdata/ASCIIdata_splib07a/ChapterS_SoilsAndMixtures/splib07a_Chlorite+Muscovite_CU93-65A_BECKa_AREF.txt,,D:\usgs_splib07\../ASCIIdata/ASCIIdata_splib07a/splib07a_Wavelengths_BECK_Beckman_0.2-3.0_microns.txt,D:\usgs_splib07\../ASCIIdata/ASCIIdata_splib07a/splib07a_Bandpass_(FWHM)_BECK_Beckman_in_microns.txt,D:\usgs_splib07\../GIFplots/GIFplots_splib07a/ChapterS_SoilsAndMixtures/splib07a_Chlorite+Muscovite_CU93-65A_BECKa_AREF.gif,D:\usgs_splib07\../GIFplots/GIFplots_splib07a/plots_by_wavelength_region/range1_uv_to_visible/splib07a_Chlorite+Muscovite_CU93-65A_BECKa_AREF_range1_uv_to_vis.gif,D:\usgs_splib07\../GIFplots/GIFplots_splib07a/plots_by_wavelength_region/range2_visible_to_swir/splib07a_Chlorite+Muscovite_CU93-65A_BECKa_AREF_range2_vis_to_swir.gif,D:\usgs_splib07\../GIFplots/GIFplots_splib07a/plots_by_wavelength_region/range3_swir/splib07a_Chlorite+Muscovite_CU93-65A_BECKa_AREF_range3_swir.gif,,,D:\usgs_splib07\../GIFplots/GIFplots_splib07a/splib07a_Wavelengths_BECK_Beckman_0.2-3.0_microns.gif,D:\usgs_splib07\../GIFplots/GIFplots_splib07a/splib07a_Bandpass_(FWHM)_BECK_Beckman_in_microns.gif
Chlorite+Muscovite CU93-65A  ASDNGa AREF,D:\usgs_splib07\../HTMLmetadata/Chlorite+Muscovite_CU93-65A_ASDNGa_AREF.html,D:\usgs_splib07\../ASCIIdata/ASCIIdata_splib07a/ChapterS_SoilsAndMixtures/splib07a_Chlorite+Muscovite_CU93-65A_ASDNGa_AREF.txt,D:\usgs_splib07\../ASCIIdata/ASCIIdata_splib07a/errorbars/errorbars_for_splib07a_Chlorite+Muscovite_CU93-65A_ASDNGa_AREF.txt,D:\usgs_splib07\../ASCIIdata/ASCIIdata_splib07a/splib07a_Wavelengths_ASD_0.35-2.5_microns_2151_ch.txt,D:\usgs_splib07\../ASCIIdata/ASCIIdata_splib07a/splib07a_Bandpass_(FWHM)_ASDNG_High-Res_NextGen.txt,D:\usgs_splib07\../GIFplots/GIFplots_splib07a/ChapterS_SoilsAndMixtures/splib07a_Chlorite+Muscovite_CU93-65A_ASDNGa_AREF.gif,D:\usgs_splib07\../GIFplots/GIFplots_splib07a/plots_by_wavelength_region/range1_uv_to_visible/splib07a_Chlorite+Muscovite_CU93-65A_ASDNGa_AREF_range1_uv_to_vis.gif,D:\usgs_splib07\../GIFplots/GIFplots_splib07a/plots_by_wavelength_region/range2_visible_to_swir/splib07a_Chlorite+Muscovite_CU93-65A_ASDNGa_AREF_range2_vis_to_swir.gif,D:\usgs_splib07\../GIFplots/GIFplots_splib07a/plots_by_wavelength_region/range3_swir/splib07a_Chlorite+Muscovite_CU93-65A_ASDNGa_AREF_range3_swir.gif,,,D:\usgs_splib07\../GIFplots/GIFplots_splib07a/splib07a_Wavelengths_ASD_0.35-2.5_microns_2151_ch.gif,D:\usgs_splib07\../GIFplots/GIFplots_splib07a/splib07a_Bandpass_(FWHM)_ASDNG_High-Res_NextGen.gif
Chlorite.33+Epidot.67 GDS318 ASDFRa AREF,D:\usgs_splib07\../HTMLmetadata/Chlorite.33+Epidot.67_GDS318_ASDFRa_AREF.html,D:\usgs_splib07\../ASCIIdata/ASCIIdata_splib07a/ChapterS_SoilsAndMixtures/splib07a_Chlorite.33+Epidot.67_GDS318_ASDFRa_AREF.txt,,D:\usgs_splib07\../ASCIIdata/ASCIIdata_splib07a/splib07a_Wavelengths_ASD_0.35-2.5_microns_2151_ch.txt,D:\usgs_splib07\../ASCIIdata/ASCIIdata_splib07a/splib07a_Bandpass_(FWHM)_ASDFR_StandardResolution.txt,D:\usgs_splib07\../GIFplots/GIFplots_splib07a/ChapterS_SoilsAndMixtures/splib07a_Chlorite.33+Epidot.67_GDS318_ASDFRa_AREF.gif,D:\usgs_splib07\../GIFplots/GIFplots_splib07a/plots_by_wavelength_region/range1_uv_to_visible/splib07a_Chlorite.33+Epidot.67_GDS318_ASDFRa_AREF_range1_uv_to_vis.gif,D:\usgs_splib07\../GIFplots/GIFplots_splib07a/plots_by_wavelength_region/range2_visible_to_swir/splib07a_Chlorite.33+Epidot.67_GDS318_ASDFRa_AREF_range2_vis_to_swir.gif,D:\usgs_splib07\../GIFplots/GIFplots_splib07a/plots_by_wavelength_region/range3_swir/splib07a_Chlorite.33+Epidot.67_GDS318_ASDFRa_AREF_range3_swir.gif,,,D:\usgs_splib07\../GIFplots/GIFplots_splib07a/splib07a_Wavelengths_ASD_0.35-2.5_microns_2151_ch.gif,D:\usgs_splib07\../GIFplots/GIFplots_splib07a/splib07a_Bandpass_(FWHM)_ASDFR_StandardResolution.gif
Chlorite.67+Calcit.33 GDS316 ASDFRa AREF,D:\usgs_splib07\../HTMLmetadata/Chlorite.67+Calcit.33_GDS316_ASDFRa_AREF.html,D:\usgs_splib07\../ASCIIdata/ASCIIdata_splib07a/ChapterS_SoilsAndMixtures/splib07a_Chlorite.67+Calcit.33_GDS316_ASDFRa_AREF.txt,,D:\usgs_splib07\../ASCIIdata/ASCIIdata_splib07a/splib07a_Wavelengths_ASD_0.35-2.5_microns_2151_ch.txt,D:\usgs_splib07\../ASCIIdata/ASCIIdata_splib07a/splib07a_Bandpass_(FWHM)_ASDFR_StandardResolution.txt,D:\usgs_splib07\../GIFplots/GIFplots_splib07a/ChapterS_SoilsAndMixtures/splib07a_Chlorite.67+Calcit.33_GDS316_ASDFRa_AREF.gif,D:\usgs_splib07\../GIFplots/GIFplots_splib07a/plots_by_wavelength_region/range1_uv_to_visible/splib07a_Chlorite.67+Calcit.33_GDS316_ASDFRa_AREF_range1_uv_to_vis.gif,D:\usgs_splib07\../GIFplots/GIFplots_splib07a/plots_by_wavelength_region/range2_visible_to_swir/splib07a_Chlorite.67+Calcit.33_GDS316_ASDFRa_AREF_range2_vis_to_swir.gif,D:\usgs_splib07\../GIFplots/GIFplots_splib07a/plots_by_wavelength_region/range3_swir/splib07a_Chlorite.67+Calcit.33_GDS316_ASDFRa_AREF_range3_swir.gif,,,D:\usgs_splib07\../GIFplots/GIFplots_splib07a/splib07a_Wavelengths_ASD_0.35-2.5_microns_2151_ch.gif,D:\usgs_splib07\../GIFplots/GIFplots_splib07a/splib07a_Bandpass_(FWHM)_ASDFR_StandardResolution.gif
Chlorite.67+Epidot.33 GDS317 ASDFRa AREF,D:\usgs_splib07\../HTMLmetadata/Chlorite.67+Epidot.33_GDS317_ASDFRa_AREF.html,D:\usgs_splib07\../ASCIIdata/ASCIIdata_splib07a/ChapterS_SoilsAndMixtures/splib07a_Chlorite.67+Epidot.33_GDS317_ASDFRa_AREF.txt,,D:\usgs_splib07\../ASCIIdata/ASCIIdata_splib07a/splib07a_Wavelengths_ASD_0.35-2.5_microns_2151_ch.txt,D:\usgs_splib07\../ASCIIdata/ASCIIdata_splib07a/splib07a_Bandpass_(FWHM)_ASDFR_StandardResolution.txt,D:\usgs_splib07\../GIFplots/GIFplots_splib07a/ChapterS_SoilsAndMixtures/splib07a_Chlorite.67+Epidot.33_GDS317_ASDFRa_AREF.gif,D:\usgs_splib07\../GIFplots/GIFplots_splib07a/plots_by_wavelength_region/range1_uv_to_visible/splib07a_Chlorite.67+Epidot.33_GDS317_ASDFRa_AREF_range1_uv_to_vis.gif,D:\usgs_splib07\../GIFplots/GIFplots_splib07a/plots_by_wavelength_region/range2_visible_to_swir/splib07a_Chlorite.67+Epidot.33_GDS317_ASDFRa_AREF_range2_vis_to_swir.gif,D:\usgs_splib07\../GIFplots/GIFplots_splib07a/plots_by_wavelength_region/range3_swir/splib07a_Chlorite.67+Epidot.33_GDS317_ASDFRa_AREF_range3_swir.gif,,,D:\usgs_splib07\../GIFplots/GIFplots_splib07a/splib07a_Wavelengths_ASD_0.35-2.5_microns_2151_ch.gif,D:\usgs_splib07\../GIFplots/GIFplots_splib07a/splib07a_Bandpass_(FWHM)_ASDFR_StandardResolution.gif
Chlorite_Phyllite CU91-238A   BECKb AREF,D:\usgs_splib07\../HTMLmetadata/Chlorite_Phyllite_CU91-238A_BECKb_AREF.html,D:\usgs_splib07\../ASCIIdata/ASCIIdata_splib07a/ChapterS_SoilsAndMixtures/splib07a_Chlorite_Phyllite_CU91-238A_BECKb_AREF.txt,,D:\usgs_splib07\../ASCIIdata/ASCIIdata_splib07a/splib07a_Wavelengths_BECK_Beckman_0.2-3.0_microns.txt,D:\usgs_splib07\../ASCIIdata/ASCIIdata_splib07a/splib07a_Bandpass_(FWHM)_BECK_Beckman_in_microns.txt,D:\usgs_splib07\../GIFplots/GIFplots_splib07a/ChapterS_SoilsAndMixtures/splib07a_Chlorite_Phyllite_CU91-238A_BECKb_AREF.gif,D:\usgs_splib07\../GIFplots/GIFplots_splib07a/plots_by_wavelength_region/range1_uv_to_visible/splib07a_Chlorite_Phyllite_CU91-238A_BECKb_AREF_range1_uv_to_vis.gif,D:\usgs_splib07\../GIFplots/GIFplots_splib07a/plots_by_wavelength_region/range2_visible_to_swir/splib07a_Chlorite_Phyllite_CU91-238A_BECKb_AREF_range2_vis_to_swir.gif,D:\usgs_splib07\../GIFplots/GIFplots_splib07a/plots_by_wavelength_region/range3_swir/splib07a_Chlorite_Phyllite_CU91-238A_BECKb_AREF_range3_swir.gif,,,D:\usgs_splib07\../GIFplots/GIFplots_splib07a/splib07a_Wavelengths_BECK_Beckman_0.2-3.0_microns.gif,D:\usgs_splib07\../GIFplots/GIFplots_splib07a/splib07a_Bandpass_(FWHM)_BECK_Beckman_in_microns.gif
Chlorite_Serpentine BR93-22B  BECKb AREF,D:\usgs_splib07\../HTMLmetadata/Chlorite_Serpentine_BR93-22B_BECKb_AREF.html,D:\usgs_splib07\../ASCIIdata/ASCIIdata_splib07a/ChapterS_SoilsAndMixtures/splib07a_Chlorite_Serpentine_BR93-22B_BECKb_AREF.txt,,D:\usgs_splib07\../ASCIIdata/ASCIIdata_splib07a/splib07a_Wavelengths_BECK_Beckman_0.2-3.0_microns.txt,D:\usgs_splib07\../ASCIIdata/ASCIIdata_splib07a/splib07a_Bandpass_(FWHM)_BECK_Beckman_in_microns.txt,D:\usgs_splib07\../GIFplots/GIFplots_splib07a/ChapterS_SoilsAndMixtures/splib07a_Chlorite_Serpentine_BR93-22B_BECKb_AREF.gif,D:\usgs_splib07\../GIFplots/GIFplots_splib07a/plots_by_wavelength_region/range1_uv_to_visible/splib07a_Chlorite_Serpentine_BR93-22B_BECKb_AREF_range1_uv_to_vis.gif,D:\usgs_splib07\../GIFplots/GIFplots_splib07a/plots_by_wavelength_region/range2_visible_to_swir/splib07a_Chlorite_Serpentine_BR93-22B_BECKb_AREF_range2_vis_to_swir.gif,D:\usgs_splib07\../GIFplots/GIFplots_splib07a/plots_by_wavelength_region/range3_swir/splib07a_Chlorite_Serpentine_BR93-22B_BECKb_AREF_range3_swir.gif,,,D:\usgs_splib07\../GIFplots/GIFplots_splib07a/splib07a_Wavelengths_BECK_Beckman_0.2-3.0_microns.gif,D:\usgs_splib07\../GIFplots/GIFplots_splib07a/splib07a_Bandpass_(FWHM)_BECK_Beckman_in_microns.gif
ClinozoisiteEpidote HS299.1B ASDFRb AREF,D:\usgs_splib07\../HTMLmetadata/ClinozoisiteEpidote_HS299.1B_ASDFRb_AREF.html,D:\usgs_splib07\../ASCIIdata/ASCIIdata_splib07a/ChapterS_SoilsAndMixtures/splib07a_ClinozoisiteEpidote_HS299.1B_ASDFRb_AREF.txt,,D:\usgs_splib07\../ASCIIdata/ASCIIdata_splib07a/splib07a_Wavelengths_ASD_0.35-2.5_microns_2151_ch.txt,D:\usgs_splib07\../ASCIIdata/ASCIIdata_splib07a/splib07a_Bandpass_(FWHM)_ASDFR_StandardResolution.txt,D:\usgs_splib07\../GIFplots/GIFplots_splib07a/ChapterS_SoilsAndMixtures/splib07a_ClinozoisiteEpidote_HS299.1B_ASDFRb_AREF.gif,D:\usgs_splib07\../GIFplots/GIFplots_splib07a/plots_by_wavelength_region/range1_uv_to_visible/splib07a_ClinozoisiteEpidote_HS299.1B_ASDFRb_AREF_range1_uv_to_vis.gif,D:\usgs_splib07\../GIFplots/GIFplots_splib07a/plots_by_wavelength_region/range2_visible_to_swir/splib07a_ClinozoisiteEpidote_HS299.1B_ASDFRb_AREF_range2_vis_to_swir.gif,D:\usgs_splib07\../GIFplots/GIFplots_splib07a/plots_by_wavelength_region/range3_swir/splib07a_ClinozoisiteEpidote_HS299.1B_ASDFRb_AREF_range3_swir.gif,,,D:\usgs_splib07\../GIFplots/GIFplots_splib07a/splib07a_Wavelengths_ASD_0.35-2.5_microns_2151_ch.gif,D:\usgs_splib07\../GIFplots/GIFplots_splib07a/splib07a_Bandpass_(FWHM)_ASDFR_StandardResolution.gif
ClinozoisiteEpidote HS299.2B  BECKb AREF,D:\usgs_splib07\../HTMLmetadata/ClinozoisiteEpidote_HS299.2B_BECKb_AREF.html,D:\usgs_splib07\../ASCIIdata/ASCIIdata_splib07a/ChapterS_SoilsAndMixtures/splib07a_ClinozoisiteEpidote_HS299.2B_BECKb_AREF.txt,D:\usgs_splib07\../ASCIIdata/ASCIIdata_splib07a/errorbars/errorbars_for_splib07a_ClinozoisiteEpidote_HS299.2B_BECKb_AREF.txt,D:\usgs_splib07\../ASCIIdata/ASCIIdata_splib07a/splib07a_Wavelengths_BECK_Beckman_0.2-3.0_microns.txt,D:\usgs_splib07\../ASCIIdata/ASCIIdata_splib07a/splib07a_Bandpass_(FWHM)_BECK_Beckman_in_microns.txt,D:\usgs_splib07\../GIFplots/GIFplots_splib07a/ChapterS_SoilsAndMixtures/splib07a_ClinozoisiteEpidote_HS299.2B_BECKb_AREF.gif,D:\usgs_splib07\../GIFplots/GIFplots_splib07a/plots_by_wavelength_region/range1_uv_to_visible/splib07a_ClinozoisiteEpidote_HS299.2B_BECKb_AREF_range1_uv_to_vis.gif,D:\usgs_splib07\../GIFplots/GIFplots_splib07a/plots_by_wavelength_region/range2_visible_to_swir/splib07a_ClinozoisiteEpidote_HS299.2B_BECKb_AREF_range2_vis_to_swir.gif,D:\usgs_splib07\../GIFplots/GIFplots_splib07a/plots_by_wavelength_region/range3_swir/splib07a_ClinozoisiteEpidote_HS299.2B_BECKb_AREF_range3_swir.gif,,,D:\usgs_splib07\../GIFplots/GIFplots_splib07a/splib07a_Wavelengths_BECK_Beckman_0.2-3.0_microns.gif,D:\usgs_splib07\../GIFplots/GIFplots_splib07a/splib07a_Bandpass_(FWHM)_BECK_Beckman_in_microns.gif
ClinozoisiteEpidote HS299.2B ASDFRb AREF,D:\usgs_splib07\../HTMLmetadata/ClinozoisiteEpidote_HS299.2B_ASDFRb_AREF.html,D:\usgs_splib07\../ASCIIdata/ASCIIdata_splib07a/ChapterS_SoilsAndMixtures/splib07a_ClinozoisiteEpidote_HS299.2B_ASDFRb_AREF.txt,,D:\usgs_splib07\../ASCIIdata/ASCIIdata_splib07a/splib07a_Wavelengths_ASD_0.35-2.5_microns_2151_ch.txt,D:\usgs_splib07\../ASCIIdata/ASCIIdata_splib07a/splib07a_Bandpass_(FWHM)_ASDFR_StandardResolution.txt,D:\usgs_splib07\../GIFplots/GIFplots_splib07a/ChapterS_SoilsAndMixtures/splib07a_ClinozoisiteEpidote_HS299.2B_ASDFRb_AREF.gif,D:\usgs_splib07\../GIFplots/GIFplots_splib07a/plots_by_wavelength_region/range1_uv_to_visible/splib07a_ClinozoisiteEpidote_HS299.2B_ASDFRb_AREF_range1_uv_to_vis.gif,D:\usgs_splib07\../GIFplots/GIFplots_splib07a/plots_by_wavelength_region/range2_visible_to_swir/splib07a_ClinozoisiteEpidote_HS299.2B_ASDFRb_AREF_range2_vis_to_swir.gif,D:\usgs_splib07\../GIFplots/GIFplots_splib07a/plots_by_wavelength_region/range3_swir/splib07a_ClinozoisiteEpidote_HS299.2B_ASDFRb_AREF_range3_swir.gif,,,D:\usgs_splib07\../GIFplots/GIFplots_splib07a/splib07a_Wavelengths_ASD_0.35-2.5_microns_2151_ch.gif,D:\usgs_splib07\../GIFplots/GIFplots_splib07a/splib07a_Bandpass_(FWHM)_ASDFR_StandardResolution.gif
ClinozoisiteEpidote HS299.2B NIC4bc RREF,D:\usgs_splib07\../HTMLmetadata/ClinozoisiteEpidote_HS299.2B_NIC4bc_RREF.html,D:\usgs_splib07\../ASCIIdata/ASCIIdata_splib07a/ChapterS_SoilsAndMixtures/splib07a_ClinozoisiteEpidote_HS299.2B_NIC4bc_RREF.txt,,D:\usgs_splib07\../ASCIIdata/ASCIIdata_splib07a/splib07a_Wavelengths_NIC4_Nicolet_1.12-216microns.txt,D:\usgs_splib07\../ASCIIdata/ASCIIdata_splib07a/splib07a_Bandpass_(FWHM)_NIC4_Nicolet_in_microns.txt,D:\usgs_splib07\../GIFplots/GIFplots_splib07a/ChapterS_SoilsAndMixtures/splib07a_ClinozoisiteEpidote_HS299.2B_NIC4bc_RREF.gif,,D:\usgs_splib07\../GIFplots/GIFplots_splib07a/plots_by_wavelength_region/range2_visible_to_swir/splib07a_ClinozoisiteEpidote_HS299.2B_NIC4bc_RREF_range2_vis_to_swir.gif,D:\usgs_splib07\../GIFplots/GIFplots_splib07a/plots_by_wavelength_region/range3_swir/splib07a_ClinozoisiteEpidote_HS299.2B_NIC4bc_RREF_range3_swir.gif,D:\usgs_splib07\../GIFplots/GIFplots_splib07a/plots_by_wavelength_region/range4_swir_to_mir/splib07a_ClinozoisiteEpidote_HS299.2B_NIC4bc_RREF_range4_swir_to_mir.gif,D:\usgs_splib07\../GIFplots/GIFplots_splib07a/plots_by_wavelength_region/range5_swir_to_fir_wavenumber/splib07a_ClinozoisiteEpidote_HS299.2B_NIC4bc_RREF_range5_swir_to_fir_wavenumber.gif,D:\usgs_splib07\../GIFplots/GIFplots_splib07a/splib07a_Wavelengths_NIC4_Nicolet_1.12-216microns.gif,D:\usgs_splib07\../GIFplots/GIFplots_splib07a/splib07a_Bandpass_(FWHM)_NIC4_Nicolet_in_microns.gif
ClinozoisiteEpidote HS299.4B ASDFRb AREF,D:\usgs_splib07\../HTMLmetadata/ClinozoisiteEpidote_HS299.4B_ASDFRb_AREF.html,D:\usgs_splib07\../ASCIIdata/ASCIIdata_splib07a/ChapterS_SoilsAndMixtures/splib07a_ClinozoisiteEpidote_HS299.4B_ASDFRb_AREF.txt,,D:\usgs_splib07\../ASCIIdata/ASCIIdata_splib07a/splib07a_Wavelengths_ASD_0.35-2.5_microns_2151_ch.txt,D:\usgs_splib07\../ASCIIdata/ASCIIdata_splib07a/splib07a_Bandpass_(FWHM)_ASDFR_StandardResolution.txt,D:\usgs_splib07\../GIFplots/GIFplots_splib07a/ChapterS_SoilsAndMixtures/splib07a_ClinozoisiteEpidote_HS299.4B_ASDFRb_AREF.gif,D:\usgs_splib07\../GIFplots/GIFplots_splib07a/plots_by_wavelength_region/range1_uv_to_visible/splib07a_ClinozoisiteEpidote_HS299.4B_ASDFRb_AREF_range1_uv_to_vis.gif,D:\usgs_splib07\../GIFplots/GIFplots_splib07a/plots_by_wavelength_region/range2_visible_to_swir/splib07a_ClinozoisiteEpidote_HS299.4B_ASDFRb_AREF_range2_vis_to_swir.gif,D:\usgs_splib07\../GIFplots/GIFplots_splib07a/plots_by_wavelength_region/range3_swir/splib07a_ClinozoisiteEpidote_HS299.4B_ASDFRb_AREF_range3_swir.gif,,,D:\usgs_splib07\../GIFplots/GIFplots_splib07a/splib07a_Wavelengths_ASD_0.35-2.5_microns_2151_ch.gif,D:\usgs_splib07\../GIFplots/GIFplots_splib07a/splib07a_Bandpass_(FWHM)_ASDFR_StandardResolution.gif
ClinozoisiteEpidote HS299.6  ASDFRb AREF,D:\usgs_splib07\../HTMLmetadata/ClinozoisiteEpidote_HS299.6_ASDFRb_AREF.html,D:\usgs_splib07\../ASCIIdata/ASCIIdata_splib07a/ChapterS_SoilsAndMixtures/splib07a_ClinozoisiteEpidote_HS299.6_ASDFRb_AREF.txt,,D:\usgs_splib07\../ASCIIdata/ASCIIdata_splib07a/splib07a_Wavelengths_ASD_0.35-2.5_microns_2151_ch.txt,D:\usgs_splib07\../ASCIIdata/ASCIIdata_splib07a/splib07a_Bandpass_(FWHM)_ASDFR_StandardResolution.txt,D:\usgs_splib07\../GIFplots/GIFplots_splib07a/ChapterS_SoilsAndMixtures/splib07a_ClinozoisiteEpidote_HS299.6_ASDFRb_AREF.gif,D:\usgs_splib07\../GIFplots/GIFplots_splib07a/plots_by_wavelength_region/range1_uv_to_visible/splib07a_ClinozoisiteEpidote_HS299.6_ASDFRb_AREF_range1_uv_to_vis.gif,D:\usgs_splib07\../GIFplots/GIFplots_splib07a/plots_by_wavelength_region/range2_visible_to_swir/splib07a_ClinozoisiteEpidote_HS299.6_ASDFRb_AREF_range2_vis_to_swir.gif,D:\usgs_splib07\../GIFplots/GIFplots_splib07a/plots_by_wavelength_region/range3_swir/splib07a_ClinozoisiteEpidote_HS299.6_ASDFRb_AREF_range3_swir.gif,,,D:\usgs_splib07\../GIFplots/GIFplots_splib07a/splib07a_Wavelengths_ASD_0.35-2.5_microns_2151_ch.gif,D:\usgs_splib07\../GIFplots/GIFplots_splib07a/splib07a_Bandpass_(FWHM)_ASDFR_StandardResolution.gif
Cordierite-QtzMus HS346.1B   ASDFRc AREF,D:\usgs_splib07\../HTMLmetadata/Cordierite-QtzMus_HS346.1B_ASDFRc_AREF.html,D:\usgs_splib07\../ASCIIdata/ASCIIdata_splib07a/ChapterS_SoilsAndMixtures/splib07a_Cordierite-QtzMus_HS346.1B_ASDFRc_AREF.txt,,D:\usgs_splib07\../ASCIIdata/ASCIIdata_splib07a/splib07a_Wavelengths_ASD_0.35-2.5_microns_2151_ch.txt,D:\usgs_splib07\../ASCIIdata/ASCIIdata_splib07a/splib07a_Bandpass_(FWHM)_ASDFR_StandardResolution.txt,D:\usgs_splib07\../GIFplots/GIFplots_splib07a/ChapterS_SoilsAndMixtures/splib07a_Cordierite-QtzMus_HS346.1B_ASDFRc_AREF.gif,D:\usgs_splib07\../GIFplots/GIFplots_splib07a/plots_by_wavelength_region/range1_uv_to_visible/splib07a_Cordierite-QtzMus_HS346.1B_ASDFRc_AREF_range1_uv_to_vis.gif,D:\usgs_splib07\../GIFplots/GIFplots_splib07a/plots_by_wavelength_region/range2_visible_to_swir/splib07a_Cordierite-QtzMus_HS346.1B_ASDFRc_AREF_range2_vis_to_swir.gif,D:\usgs_splib07\../GIFplots/GIFplots_splib07a/plots_by_wavelength_region/range3_swir/splib07a_Cordierite-QtzMus_HS346.1B_ASDFRc_AREF_range3_swir.gif,,,D:\usgs_splib07\../GIFplots/GIFplots_splib07a/splib07a_Wavelengths_ASD_0.35-2.5_microns_2151_ch.gif,D:\usgs_splib07\../GIFplots/GIFplots_splib07a/splib07a_Bandpass_(FWHM)_ASDFR_StandardResolution.gif
Cordierite-QtzMus HS346.2B   ASDFRc AREF,D:\usgs_splib07\../HTMLmetadata/Cordierite-QtzMus_HS346.2B_ASDFRc_AREF.html,D:\usgs_splib07\../ASCIIdata/ASCIIdata_splib07a/ChapterS_SoilsAndMixtures/splib07a_Cordierite-QtzMus_HS346.2B_ASDFRc_AREF.txt,,D:\usgs_splib07\../ASCIIdata/ASCIIdata_splib07a/splib07a_Wavelengths_ASD_0.35-2.5_microns_2151_ch.txt,D:\usgs_splib07\../ASCIIdata/ASCIIdata_splib07a/splib07a_Bandpass_(FWHM)_ASDFR_StandardResolution.txt,D:\usgs_splib07\../GIFplots/GIFplots_splib07a/ChapterS_SoilsAndMixtures/splib07a_Cordierite-QtzMus_HS346.2B_ASDFRc_AREF.gif,D:\usgs_splib07\../GIFplots/GIFplots_splib07a/plots_by_wavelength_region/range1_uv_to_visible/splib07a_Cordierite-QtzMus_HS346.2B_ASDFRc_AREF_range1_uv_to_vis.gif,D:\usgs_splib07\../GIFplots/GIFplots_splib07a/plots_by_wavelength_region/range2_visible_to_swir/splib07a_Cordierite-QtzMus_HS346.2B_ASDFRc_AREF_range2_vis_to_swir.gif,D:\usgs_splib07\../GIFplots/GIFplots_splib07a/plots_by_wavelength_region/range3_swir/splib07a_Cordierite-QtzMus_HS346.2B_ASDFRc_AREF_range3_swir.gif,,,D:\usgs_splib07\../GIFplots/GIFplots_splib07a/splib07a_Wavelengths_ASD_0.35-2.5_microns_2151_ch.gif,D:\usgs_splib07\../GIFplots/GIFplots_splib07a/splib07a_Bandpass_(FWHM)_ASDFR_StandardResolution.gif
Cordierite-QtzMus HS346.3B    BECKc AREF,D:\usgs_splib07\../HTMLmetadata/Cordierite-QtzMus_HS346.3B_BECKc_AREF.html,D:\usgs_splib07\../ASCIIdata/ASCIIdata_splib07a/ChapterS_SoilsAndMixtures/splib07a_Cordierite-QtzMus_HS346.3B_BECKc_AREF.txt,D:\usgs_splib07\../ASCIIdata/ASCIIdata_splib07a/errorbars/errorbars_for_splib07a_Cordierite-QtzMus_HS346.3B_BECKc_AREF.txt,D:\usgs_splib07\../ASCIIdata/ASCIIdata_splib07a/splib07a_Wavelengths_BECK_Beckman_0.2-3.0_microns.txt,D:\usgs_splib07\../ASCIIdata/ASCIIdata_splib07a/splib07a_Bandpass_(FWHM)_BECK_Beckman_in_microns.txt,D:\usgs_splib07\../GIFplots/GIFplots_splib07a/ChapterS_SoilsAndMixtures/splib07a_Cordierite-QtzMus_HS346.3B_BECKc_AREF.gif,D:\usgs_splib07\../GIFplots/GIFplots_splib07a/plots_by_wavelength_region/range1_uv_to_visible/splib07a_Cordierite-QtzMus_HS346.3B_BECKc_AREF_range1_uv_to_vis.gif,D:\usgs_splib07\../GIFplots/GIFplots_splib07a/plots_by_wavelength_region/range2_visible_to_swir/splib07a_Cordierite-QtzMus_HS346.3B_BECKc_AREF_range2_vis_to_swir.gif,D:\usgs_splib07\../GIFplots/GIFplots_splib07a/plots_by_wavelength_region/range3_swir/splib07a_Cordierite-QtzMus_HS346.3B_BECKc_AREF_range3_swir.gif,,,D:\usgs_splib07\../GIFplots/GIFplots_splib07a/splib07a_Wavelengths_BECK_Beckman_0.2-3.0_microns.gif,D:\usgs_splib07\../GIFplots/GIFplots_splib07a/splib07a_Bandpass_(FWHM)_BECK_Beckman_in_microns.gif
Cordierite-QtzMus HS346.3B   ASDFRc AREF,D:\usgs_splib07\../HTMLmetadata/Cordierite-QtzMus_HS346.3B_ASDFRc_AREF.html,D:\usgs_splib07\../ASCIIdata/ASCIIdata_splib07a/ChapterS_SoilsAndMixtures/splib07a_Cordierite-QtzMus_HS346.3B_ASDFRc_AREF.txt,,D:\usgs_splib07\../ASCIIdata/ASCIIdata_splib07a/splib07a_Wavelengths_ASD_0.35-2.5_microns_2151_ch.txt,D:\usgs_splib07\../ASCIIdata/ASCIIdata_splib07a/splib07a_Bandpass_(FWHM)_ASDFR_StandardResolution.txt,D:\usgs_splib07\../GIFplots/GIFplots_splib07a/ChapterS_SoilsAndMixtures/splib07a_Cordierite-QtzMus_HS346.3B_ASDFRc_AREF.gif,D:\usgs_splib07\../GIFplots/GIFplots_splib07a/plots_by_wavelength_region/range1_uv_to_visible/splib07a_Cordierite-QtzMus_HS346.3B_ASDFRc_AREF_range1_uv_to_vis.gif,D:\usgs_splib07\../GIFplots/GIFplots_splib07a/plots_by_wavelength_region/range2_visible_to_swir/splib07a_Cordierite-QtzMus_HS346.3B_ASDFRc_AREF_range2_vis_to_swir.gif,D:\usgs_splib07\../GIFplots/GIFplots_splib07a/plots_by_wavelength_region/range3_swir/splib07a_Cordierite-QtzMus_HS346.3B_ASDFRc_AREF_range3_swir.gif,,,D:\usgs_splib07\../GIFplots/GIFplots_splib07a/splib07a_Wavelengths_ASD_0.35-2.5_microns_2151_ch.gif,D:\usgs_splib07\../GIFplots/GIFplots_splib07a/splib07a_Bandpass_(FWHM)_ASDFR_StandardResolution.gif
Cordierite-QtzMus HS346.3B  NIC4ccc RREF,D:\usgs_splib07\../HTMLmetadata/Cordierite-QtzMus_HS346.3B_NIC4ccc_RREF.html,D:\usgs_splib07\../ASCIIdata/ASCIIdata_splib07a/ChapterS_SoilsAndMixtures/splib07a_Cordierite-QtzMus_HS346.3B_NIC4ccc_RREF.txt,,D:\usgs_splib07\../ASCIIdata/ASCIIdata_splib07a/splib07a_Wavelengths_NIC4_Nicolet_1.12-216microns.txt,D:\usgs_splib07\../ASCIIdata/ASCIIdata_splib07a/splib07a_Bandpass_(FWHM)_NIC4_Nicolet_in_microns.txt,D:\usgs_splib07\../GIFplots/GIFplots_splib07a/ChapterS_SoilsAndMixtures/splib07a_Cordierite-QtzMus_HS346.3B_NIC4ccc_RREF.gif,,D:\usgs_splib07\../GIFplots/GIFplots_splib07a/plots_by_wavelength_region/range2_visible_to_swir/splib07a_Cordierite-QtzMus_HS346.3B_NIC4ccc_RREF_range2_vis_to_swir.gif,D:\usgs_splib07\../GIFplots/GIFplots_splib07a/plots_by_wavelength_region/range3_swir/splib07a_Cordierite-QtzMus_HS346.3B_NIC4ccc_RREF_range3_swir.gif,D:\usgs_splib07\../GIFplots/GIFplots_splib07a/plots_by_wavelength_region/range4_swir_to_mir/splib07a_Cordierite-QtzMus_HS346.3B_NIC4ccc_RREF_range4_swir_to_mir.gif,D:\usgs_splib07\../GIFplots/GIFplots_splib07a/plots_by_wavelength_region/range5_swir_to_fir_wavenumber/splib07a_Cordierite-QtzMus_HS346.3B_NIC4ccc_RREF_range5_swir_to_fir_wavenumber.gif,D:\usgs_splib07\../GIFplots/GIFplots_splib07a/splib07a_Wavelengths_NIC4_Nicolet_1.12-216microns.gif,D:\usgs_splib07\../GIFplots/GIFplots_splib07a/splib07a_Bandpass_(FWHM)_NIC4_Nicolet_in_microns.gif
Cordierite-QtzMus HS346.4B   ASDFRc AREF,D:\usgs_splib07\../HTMLmetadata/Cordierite-QtzMus_HS346.4B_ASDFRc_AREF.html,D:\usgs_splib07\../ASCIIdata/ASCIIdata_splib07a/ChapterS_SoilsAndMixtures/splib07a_Cordierite-QtzMus_HS346.4B_ASDFRc_AREF.txt,,D:\usgs_splib07\../ASCIIdata/ASCIIdata_splib07a/splib07a_Wavelengths_ASD_0.35-2.5_microns_2151_ch.txt,D:\usgs_splib07\../ASCIIdata/ASCIIdata_splib07a/splib07a_Bandpass_(FWHM)_ASDFR_StandardResolution.txt,D:\usgs_splib07\../GIFplots/GIFplots_splib07a/ChapterS_SoilsAndMixtures/splib07a_Cordierite-QtzMus_HS346.4B_ASDFRc_AREF.gif,D:\usgs_splib07\../GIFplots/GIFplots_splib07a/plots_by_wavelength_region/range1_uv_to_visible/splib07a_Cordierite-QtzMus_HS346.4B_ASDFRc_AREF_range1_uv_to_vis.gif,D:\usgs_splib07\../GIFplots/GIFplots_splib07a/plots_by_wavelength_region/range2_visible_to_swir/splib07a_Cordierite-QtzMus_HS346.4B_ASDFRc_AREF_range2_vis_to_swir.gif,D:\usgs_splib07\../GIFplots/GIFplots_splib07a/plots_by_wavelength_region/range3_swir/splib07a_Cordierite-QtzMus_HS346.4B_ASDFRc_AREF_range3_swir.gif,,,D:\usgs_splib07\../GIFplots/GIFplots_splib07a/splib07a_Wavelengths_ASD_0.35-2.5_microns_2151_ch.gif,D:\usgs_splib07\../GIFplots/GIFplots_splib07a/splib07a_Bandpass_(FWHM)_ASDFR_StandardResolution.gif
Covellite-Pyrite HS477.2B     BECKb AREF,D:\usgs_splib07\../HTMLmetadata/Covellite-Pyrite_HS477.2B_BECKb_AREF.html,D:\usgs_splib07\../ASCIIdata/ASCIIdata_splib07a/ChapterS_SoilsAndMixtures/splib07a_Covellite-Pyrite_HS477.2B_BECKb_AREF.txt,D:\usgs_splib07\../ASCIIdata/ASCIIdata_splib07a/errorbars/errorbars_for_splib07a_Covellite-Pyrite_HS477.2B_BECKb_AREF.txt,D:\usgs_splib07\../ASCIIdata/ASCIIdata_splib07a/splib07a_Wavelengths_BECK_Beckman_0.2-3.0_microns.txt,D:\usgs_splib07\../ASCIIdata/ASCIIdata_splib07a/splib07a_Bandpass_(FWHM)_BECK_Beckman_in_microns.txt,D:\usgs_splib07\../GIFplots/GIFplots_splib07a/ChapterS_SoilsAndMixtures/splib07a_Covellite-Pyrite_HS477.2B_BECKb_AREF.gif,D:\usgs_splib07\../GIFplots/GIFplots_splib07a/plots_by_wavelength_region/range1_uv_to_visible/splib07a_Covellite-Pyrite_HS477.2B_BECKb_AREF_range1_uv_to_vis.gif,D:\usgs_splib07\../GIFplots/GIFplots_splib07a/plots_by_wavelength_region/range2_visible_to_swir/splib07a_Covellite-Pyrite_HS477.2B_BECKb_AREF_range2_vis_to_swir.gif,D:\usgs_splib07\../GIFplots/GIFplots_splib07a/plots_by_wavelength_region/range3_swir/splib07a_Covellite-Pyrite_HS477.2B_BECKb_AREF_range3_swir.gif,,,D:\usgs_splib07\../GIFplots/GIFplots_splib07a/splib07a_Wavelengths_BECK_Beckman_0.2-3.0_microns.gif,D:\usgs_splib07\../GIFplots/GIFplots_splib07a/splib07a_Bandpass_(FWHM)_BECK_Beckman_in_microns.gif
Covellite-Pyrite HS477.2B    ASDNGb AREF,D:\usgs_splib07\../HTMLmetadata/Covellite-Pyrite_HS477.2B_ASDNGb_AREF.html,D:\usgs_splib07\../ASCIIdata/ASCIIdata_splib07a/ChapterS_SoilsAndMixtures/splib07a_Covellite-Pyrite_HS477.2B_ASDNGb_AREF.txt,D:\usgs_splib07\../ASCIIdata/ASCIIdata_splib07a/errorbars/errorbars_for_splib07a_Covellite-Pyrite_HS477.2B_ASDNGb_AREF.txt,D:\usgs_splib07\../ASCIIdata/ASCIIdata_splib07a/splib07a_Wavelengths_ASD_0.35-2.5_microns_2151_ch.txt,D:\usgs_splib07\../ASCIIdata/ASCIIdata_splib07a/splib07a_Bandpass_(FWHM)_ASDNG_High-Res_NextGen.txt,D:\usgs_splib07\../GIFplots/GIFplots_splib07a/ChapterS_SoilsAndMixtures/splib07a_Covellite-Pyrite_HS477.2B_ASDNGb_AREF.gif,D:\usgs_splib07\../GIFplots/GIFplots_splib07a/plots_by_wavelength_region/range1_uv_to_visible/splib07a_Covellite-Pyrite_HS477.2B_ASDNGb_AREF_range1_uv_to_vis.gif,D:\usgs_splib07\../GIFplots/GIFplots_splib07a/plots_by_wavelength_region/range2_visible_to_swir/splib07a_Covellite-Pyrite_HS477.2B_ASDNGb_AREF_range2_vis_to_swir.gif,D:\usgs_splib07\../GIFplots/GIFplots_splib07a/plots_by_wavelength_region/range3_swir/splib07a_Covellite-Pyrite_HS477.2B_ASDNGb_AREF_range3_swir.gif,,,D:\usgs_splib07\../GIFplots/GIFplots_splib07a/splib07a_Wavelengths_ASD_0.35-2.5_microns_2151_ch.gif,D:\usgs_splib07\../GIFplots/GIFplots_splib07a/splib07a_Bandpass_(FWHM)_ASDNG_High-Res_NextGen.gif
Covellite-Pyrite HS477.2B   NIC4bbb RREF,D:\usgs_splib07\../HTMLmetadata/Covellite-Pyrite_HS477.2B_NIC4bbb_RREF.html,D:\usgs_splib07\../ASCIIdata/ASCIIdata_splib07a/ChapterS_SoilsAndMixtures/splib07a_Covellite-Pyrite_HS477.2B_NIC4bbb_RREF.txt,,D:\usgs_splib07\../ASCIIdata/ASCIIdata_splib07a/splib07a_Wavelengths_NIC4_Nicolet_1.12-216microns.txt,D:\usgs_splib07\../ASCIIdata/ASCIIdata_splib07a/splib07a_Bandpass_(FWHM)_NIC4_Nicolet_in_microns.txt,D:\usgs_splib07\../GIFplots/GIFplots_splib07a/ChapterS_SoilsAndMixtures/splib07a_Covellite-Pyrite_HS477.2B_NIC4bbb_RREF.gif,,D:\usgs_splib07\../GIFplots/GIFplots_splib07a/plots_by_wavelength_region/range2_visible_to_swir/splib07a_Covellite-Pyrite_HS477.2B_NIC4bbb_RREF_range2_vis_to_swir.gif,D:\usgs_splib07\../GIFplots/GIFplots_splib07a/plots_by_wavelength_region/range3_swir/splib07a_Covellite-Pyrite_HS477.2B_NIC4bbb_RREF_range3_swir.gif,D:\usgs_splib07\../GIFplots/GIFplots_splib07a/plots_by_wavelength_region/range4_swir_to_mir/splib07a_Covellite-Pyrite_HS477.2B_NIC4bbb_RREF_range4_swir_to_mir.gif,D:\usgs_splib07\../GIFplots/GIFplots_splib07a/plots_by_wavelength_region/range5_swir_to_fir_wavenumber/splib07a_Covellite-Pyrite_HS477.2B_NIC4bbb_RREF_range5_swir_to_fir_wavenumber.gif,D:\usgs_splib07\../GIFplots/GIFplots_splib07a/splib07a_Wavelengths_NIC4_Nicolet_1.12-216microns.gif,D:\usgs_splib07\../GIFplots/GIFplots_splib07a/splib07a_Bandpass_(FWHM)_NIC4_Nicolet_in_microns.gif
Covellite-Pyrite HS477.4B    ASDFRb AREF,D:\usgs_splib07\../HTMLmetadata/Covellite-Pyrite_HS477.4B_ASDFRb_AREF.html,D:\usgs_splib07\../ASCIIdata/ASCIIdata_splib07a/ChapterS_SoilsAndMixtures/splib07a_Covellite-Pyrite_HS477.4B_ASDFRb_AREF.txt,,D:\usgs_splib07\../ASCIIdata/ASCIIdata_splib07a/splib07a_Wavelengths_ASD_0.35-2.5_microns_2151_ch.txt,D:\usgs_splib07\../ASCIIdata/ASCIIdata_splib07a/splib07a_Bandpass_(FWHM)_ASDFR_StandardResolution.txt,D:\usgs_splib07\../GIFplots/GIFplots_splib07a/ChapterS_SoilsAndMixtures/splib07a_Covellite-Pyrite_HS477.4B_ASDFRb_AREF.gif,D:\usgs_splib07\../GIFplots/GIFplots_splib07a/plots_by_wavelength_region/range1_uv_to_visible/splib07a_Covellite-Pyrite_HS477.4B_ASDFRb_AREF_range1_uv_to_vis.gif,D:\usgs_splib07\../GIFplots/GIFplots_splib07a/plots_by_wavelength_region/range2_visible_to_swir/splib07a_Covellite-Pyrite_HS477.4B_ASDFRb_AREF_range2_vis_to_swir.gif,D:\usgs_splib07\../GIFplots/GIFplots_splib07a/plots_by_wavelength_region/range3_swir/splib07a_Covellite-Pyrite_HS477.4B_ASDFRb_AREF_range3_swir.gif,,,D:\usgs_splib07\../GIFplots/GIFplots_splib07a/splib07a_Wavelengths_ASD_0.35-2.5_microns_2151_ch.gif,D:\usgs_splib07\../GIFplots/GIFplots_splib07a/splib07a_Bandpass_(FWHM)_ASDFR_StandardResolution.gif
Covellite-Pyrite HS477.6     ASDFRb AREF,D:\usgs_splib07\../HTMLmetadata/Covellite-Pyrite_HS477.6_ASDFRb_AREF.html,D:\usgs_splib07\../ASCIIdata/ASCIIdata_splib07a/ChapterS_SoilsAndMixtures/splib07a_Covellite-Pyrite_HS477.6_ASDFRb_AREF.txt,,D:\usgs_splib07\../ASCIIdata/ASCIIdata_splib07a/splib07a_Wavelengths_ASD_0.35-2.5_microns_2151_ch.txt,D:\usgs_splib07\../ASCIIdata/ASCIIdata_splib07a/splib07a_Bandpass_(FWHM)_ASDFR_StandardResolution.txt,D:\usgs_splib07\../GIFplots/GIFplots_splib07a/ChapterS_SoilsAndMixtures/splib07a_Covellite-Pyrite_HS477.6_ASDFRb_AREF.gif,D:\usgs_splib07\../GIFplots/GIFplots_splib07a/plots_by_wavelength_region/range1_uv_to_visible/splib07a_Covellite-Pyrite_HS477.6_ASDFRb_AREF_range1_uv_to_vis.gif,D:\usgs_splib07\../GIFplots/GIFplots_splib07a/plots_by_wavelength_region/range2_visible_to_swir/splib07a_Covellite-Pyrite_HS477.6_ASDFRb_AREF_range2_vis_to_swir.gif,D:\usgs_splib07\../GIFplots/GIFplots_splib07a/plots_by_wavelength_region/range3_swir/splib07a_Covellite-Pyrite_HS477.6_ASDFRb_AREF_range3_swir.gif,,,D:\usgs_splib07\../GIFplots/GIFplots_splib07a/splib07a_Wavelengths_ASD_0.35-2.5_microns_2151_ch.gif,D:\usgs_splib07\../GIFplots/GIFplots_splib07a/splib07a_Bandpass_(FWHM)_ASDFR_StandardResolution.gif
Dic.4+msc.3+gyp.2+jr.1 AMX20  BECKa AREF,D:\usgs_splib07\../HTMLmetadata/Dic.4+msc.3+gyp.2+jr.1_AMX20_BECKa_AREF.html,D:\usgs_splib07\../ASCIIdata/ASCIIdata_splib07a/ChapterS_SoilsAndMixtures/splib07a_Dic.4+msc.3+gyp.2+jr.1_AMX20_BECKa_AREF.txt,,D:\usgs_splib07\../ASCIIdata/ASCIIdata_splib07a/splib07a_Wavelengths_BECK_Beckman_0.2-3.0_microns.txt,D:\usgs_splib07\../ASCIIdata/ASCIIdata_splib07a/splib07a_Bandpass_(FWHM)_BECK_Beckman_in_microns.txt,D:\usgs_splib07\../GIFplots/GIFplots_splib07a/ChapterS_SoilsAndMixtures/splib07a_Dic.4+msc.3+gyp.2+jr.1_AMX20_BECKa_AREF.gif,D:\usgs_splib07\../GIFplots/GIFplots_splib07a/plots_by_wavelength_region/range1_uv_to_visible/splib07a_Dic.4+msc.3+gyp.2+jr.1_AMX20_BECKa_AREF_range1_uv_to_vis.gif,D:\usgs_splib07\../GIFplots/GIFplots_splib07a/plots_by_wavelength_region/range2_visible_to_swir/splib07a_Dic.4+msc.3+gyp.2+jr.1_AMX20_BECKa_AREF_range2_vis_to_swir.gif,D:\usgs_splib07\../GIFplots/GIFplots_splib07a/plots_by_wavelength_region/range3_swir/splib07a_Dic.4+msc.3+gyp.2+jr.1_AMX20_BECKa_AREF_range3_swir.gif,,,D:\usgs_splib07\../GIFplots/GIFplots_splib07a/splib07a_Wavelengths_BECK_Beckman_0.2-3.0_microns.gif,D:\usgs_splib07\../GIFplots/GIFplots_splib07a/splib07a_Bandpass_(FWHM)_BECK_Beckman_in_microns.gif
Dickite+others CU91-219B      NIC4a AREF,D:\usgs_splib07\../HTMLmetadata/Dickite+others_CU91-219B_NIC4a_AREF.html,D:\usgs_splib07\../ASCIIdata/ASCIIdata_splib07a/ChapterS_SoilsAndMixtures/splib07a_Dickite+others_CU91-219B_NIC4a_AREF.txt,,D:\usgs_splib07\../ASCIIdata/ASCIIdata_splib07a/splib07a_Wavelengths_NIC4_Nicolet_1.12-216microns.txt,D:\usgs_splib07\../ASCIIdata/ASCIIdata_splib07a/splib07a_Bandpass_(FWHM)_NIC4_Nicolet_in_microns.txt,D:\usgs_splib07\../GIFplots/GIFplots_splib07a/ChapterS_SoilsAndMixtures/splib07a_Dickite+others_CU91-219B_NIC4a_AREF.gif,,D:\usgs_splib07\../GIFplots/GIFplots_splib07a/plots_by_wavelength_region/range2_visible_to_swir/splib07a_Dickite+others_CU91-219B_NIC4a_AREF_range2_vis_to_swir.gif,D:\usgs_splib07\../GIFplots/GIFplots_splib07a/plots_by_wavelength_region/range3_swir/splib07a_Dickite+others_CU91-219B_NIC4a_AREF_range3_swir.gif,D:\usgs_splib07\../GIFplots/GIFplots_splib07a/plots_by_wavelength_region/range4_swir_to_mir/splib07a_Dickite+others_CU91-219B_NIC4a_AREF_range4_swir_to_mir.gif,D:\usgs_splib07\../GIFplots/GIFplots_splib07a/plots_by_wavelength_region/range5_swir_to_fir_wavenumber/splib07a_Dickite+others_CU91-219B_NIC4a_AREF_range5_swir_to_fir_wavenumber.gif,D:\usgs_splib07\../GIFplots/GIFplots_splib07a/splib07a_Wavelengths_NIC4_Nicolet_1.12-216microns.gif,D:\usgs_splib07\../GIFplots/GIFplots_splib07a/splib07a_Bandpass_(FWHM)_NIC4_Nicolet_in_microns.gif
Dolomit+Calcite+Talc PC99-1E ASDFRc AREF,D:\usgs_splib07\../HTMLmetadata/Dolomit+Calcite+Talc_PC99-1E_ASDFRc_AREF.html,D:\usgs_splib07\../ASCIIdata/ASCIIdata_splib07a/ChapterS_SoilsAndMixtures/splib07a_Dolomit+Calcite+Talc_PC99-1E_ASDFRc_AREF.txt,,D:\usgs_splib07\../ASCIIdata/ASCIIdata_splib07a/splib07a_Wavelengths_ASD_0.35-2.5_microns_2151_ch.txt,D:\usgs_splib07\../ASCIIdata/ASCIIdata_splib07a/splib07a_Bandpass_(FWHM)_ASDFR_StandardResolution.txt,D:\usgs_splib07\../GIFplots/GIFplots_splib07a/ChapterS_SoilsAndMixtures/splib07a_Dolomit+Calcite+Talc_PC99-1E_ASDFRc_AREF.gif,D:\usgs_splib07\../GIFplots/GIFplots_splib07a/plots_by_wavelength_region/range1_uv_to_visible/splib07a_Dolomit+Calcite+Talc_PC99-1E_ASDFRc_AREF_range1_uv_to_vis.gif,D:\usgs_splib07\../GIFplots/GIFplots_splib07a/plots_by_wavelength_region/range2_visible_to_swir/splib07a_Dolomit+Calcite+Talc_PC99-1E_ASDFRc_AREF_range2_vis_to_swir.gif,D:\usgs_splib07\../GIFplots/GIFplots_splib07a/plots_by_wavelength_region/range3_swir/splib07a_Dolomit+Calcite+Talc_PC99-1E_ASDFRc_AREF_range3_swir.gif,,,D:\usgs_splib07\../GIFplots/GIFplots_splib07a/splib07a_Wavelengths_ASD_0.35-2.5_microns_2151_ch.gif,D:\usgs_splib07\../GIFplots/GIFplots_splib07a/splib07a_Bandpass_(FWHM)_ASDFR_StandardResolution.gif
Dolomite.5+Ca-Mont.5 AMX10    BECKb AREF,D:\usgs_splib07\../HTMLmetadata/Dolomite.5+Ca-Mont.5_AMX10_BECKb_AREF.html,D:\usgs_splib07\../ASCIIdata/ASCIIdata_splib07a/ChapterS_SoilsAndMixtures/splib07a_Dolomite.5+Ca-Mont.5_AMX10_BECKb_AREF.txt,,D:\usgs_splib07\../ASCIIdata/ASCIIdata_splib07a/splib07a_Wavelengths_BECK_Beckman_0.2-3.0_microns.txt,D:\usgs_splib07\../ASCIIdata/ASCIIdata_splib07a/splib07a_Bandpass_(FWHM)_BECK_Beckman_in_microns.txt,D:\usgs_splib07\../GIFplots/GIFplots_splib07a/ChapterS_SoilsAndMixtures/splib07a_Dolomite.5+Ca-Mont.5_AMX10_BECKb_AREF.gif,D:\usgs_splib07\../GIFplots/GIFplots_splib07a/plots_by_wavelength_region/range1_uv_to_visible/splib07a_Dolomite.5+Ca-Mont.5_AMX10_BECKb_AREF_range1_uv_to_vis.gif,D:\usgs_splib07\../GIFplots/GIFplots_splib07a/plots_by_wavelength_region/range2_visible_to_swir/splib07a_Dolomite.5+Ca-Mont.5_AMX10_BECKb_AREF_range2_vis_to_swir.gif,D:\usgs_splib07\../GIFplots/GIFplots_splib07a/plots_by_wavelength_region/range3_swir/splib07a_Dolomite.5+Ca-Mont.5_AMX10_BECKb_AREF_range3_swir.gif,,,D:\usgs_splib07\../GIFplots/GIFplots_splib07a/splib07a_Wavelengths_BECK_Beckman_0.2-3.0_microns.gif,D:\usgs_splib07\../GIFplots/GIFplots_splib07a/splib07a_Bandpass_(FWHM)_BECK_Beckman_in_microns.gif
Dolomite.5+Ca-Mont.5 AMX10   ASDNGb AREF,D:\usgs_splib07\../HTMLmetadata/Dolomite.5+Ca-Mont.5_AMX10_ASDNGb_AREF.html,D:\usgs_splib07\../ASCIIdata/ASCIIdata_splib07a/ChapterS_SoilsAndMixtures/splib07a_Dolomite.5+Ca-Mont.5_AMX10_ASDNGb_AREF.txt,,D:\usgs_splib07\../ASCIIdata/ASCIIdata_splib07a/splib07a_Wavelengths_ASD_0.35-2.5_microns_2151_ch.txt,D:\usgs_splib07\../ASCIIdata/ASCIIdata_splib07a/splib07a_Bandpass_(FWHM)_ASDNG_High-Res_NextGen.txt,D:\usgs_splib07\../GIFplots/GIFplots_splib07a/ChapterS_SoilsAndMixtures/splib07a_Dolomite.5+Ca-Mont.5_AMX10_ASDNGb_AREF.gif,D:\usgs_splib07\../GIFplots/GIFplots_splib07a/plots_by_wavelength_region/range1_uv_to_visible/splib07a_Dolomite.5+Ca-Mont.5_AMX10_ASDNGb_AREF_range1_uv_to_vis.gif,D:\usgs_splib07\../GIFplots/GIFplots_splib07a/plots_by_wavelength_region/range2_visible_to_swir/splib07a_Dolomite.5+Ca-Mont.5_AMX10_ASDNGb_AREF_range2_vis_to_swir.gif,D:\usgs_splib07\../GIFplots/GIFplots_splib07a/plots_by_wavelength_region/range3_swir/splib07a_Dolomite.5+Ca-Mont.5_AMX10_ASDNGb_AREF_range3_swir.gif,,,D:\usgs_splib07\../GIFplots/GIFplots_splib07a/splib07a_Wavelengths_ASD_0.35-2.5_microns_2151_ch.gif,D:\usgs_splib07\../GIFplots/GIFplots_splib07a/splib07a_Bandpass_(FWHM)_ASDNG_High-Res_NextGen.gif
Dolomite.5+Na-Mont.5 AMX21    BECKb AREF,D:\usgs_splib07\../HTMLmetadata/Dolomite.5+Na-Mont.5_AMX21_BECKb_AREF.html,D:\usgs_splib07\../ASCIIdata/ASCIIdata_splib07a/ChapterS_SoilsAndMixtures/splib07a_Dolomite.5+Na-Mont.5_AMX21_BECKb_AREF.txt,,D:\usgs_splib07\../ASCIIdata/ASCIIdata_splib07a/splib07a_Wavelengths_BECK_Beckman_0.2-3.0_microns.txt,D:\usgs_splib07\../ASCIIdata/ASCIIdata_splib07a/splib07a_Bandpass_(FWHM)_BECK_Beckman_in_microns.txt,D:\usgs_splib07\../GIFplots/GIFplots_splib07a/ChapterS_SoilsAndMixtures/splib07a_Dolomite.5+Na-Mont.5_AMX21_BECKb_AREF.gif,D:\usgs_splib07\../GIFplots/GIFplots_splib07a/plots_by_wavelength_region/range1_uv_to_visible/splib07a_Dolomite.5+Na-Mont.5_AMX21_BECKb_AREF_range1_uv_to_vis.gif,D:\usgs_splib07\../GIFplots/GIFplots_splib07a/plots_by_wavelength_region/range2_visible_to_swir/splib07a_Dolomite.5+Na-Mont.5_AMX21_BECKb_AREF_range2_vis_to_swir.gif,D:\usgs_splib07\../GIFplots/GIFplots_splib07a/plots_by_wavelength_region/range3_swir/splib07a_Dolomite.5+Na-Mont.5_AMX21_BECKb_AREF_range3_swir.gif,,,D:\usgs_splib07\../GIFplots/GIFplots_splib07a/splib07a_Wavelengths_BECK_Beckman_0.2-3.0_microns.gif,D:\usgs_splib07\../GIFplots/GIFplots_splib07a/splib07a_Bandpass_(FWHM)_BECK_Beckman_in_microns.gif
Dolomite.5+Na-Mont.5 AMX21   ASDNGb AREF,D:\usgs_splib07\../HTMLmetadata/Dolomite.5+Na-Mont.5_AMX21_ASDNGb_AREF.html,D:\usgs_splib07\../ASCIIdata/ASCIIdata_splib07a/ChapterS_SoilsAndMixtures/splib07a_Dolomite.5+Na-Mont.5_AMX21_ASDNGb_AREF.txt,,D:\usgs_splib07\../ASCIIdata/ASCIIdata_splib07a/splib07a_Wavelengths_ASD_0.35-2.5_microns_2151_ch.txt,D:\usgs_splib07\../ASCIIdata/ASCIIdata_splib07a/splib07a_Bandpass_(FWHM)_ASDNG_High-Res_NextGen.txt,D:\usgs_splib07\../GIFplots/GIFplots_splib07a/ChapterS_SoilsAndMixtures/splib07a_Dolomite.5+Na-Mont.5_AMX21_ASDNGb_AREF.gif,D:\usgs_splib07\../GIFplots/GIFplots_splib07a/plots_by_wavelength_region/range1_uv_to_visible/splib07a_Dolomite.5+Na-Mont.5_AMX21_ASDNGb_AREF_range1_uv_to_vis.gif,D:\usgs_splib07\../GIFplots/GIFplots_splib07a/plots_by_wavelength_region/range2_visible_to_swir/splib07a_Dolomite.5+Na-Mont.5_AMX21_ASDNGb_AREF_range2_vis_to_swir.gif,D:\usgs_splib07\../GIFplots/GIFplots_splib07a/plots_by_wavelength_region/range3_swir/splib07a_Dolomite.5+Na-Mont.5_AMX21_ASDNGb_AREF_range3_swir.gif,,,D:\usgs_splib07\../GIFplots/GIFplots_splib07a/splib07a_Wavelengths_ASD_0.35-2.5_microns_2151_ch.gif,D:\usgs_splib07\../GIFplots/GIFplots_splib07a/splib07a_Bandpass_(FWHM)_ASDNG_High-Res_NextGen.gif
Erionite+Merlinoite GDS144    BECKc AREF,D:\usgs_splib07\../HTMLmetadata/Erionite+Merlinoite_GDS144_BECKc_AREF.html,D:\usgs_splib07\../ASCIIdata/ASCIIdata_splib07a/ChapterS_SoilsAndMixtures/splib07a_Erionite+Merlinoite_GDS144_BECKc_AREF.txt,D:\usgs_splib07\../ASCIIdata/ASCIIdata_splib07a/errorbars/errorbars_for_splib07a_Erionite+Merlinoite_GDS144_BECKc_AREF.txt,D:\usgs_splib07\../ASCIIdata/ASCIIdata_splib07a/splib07a_Wavelengths_BECK_Beckman_0.2-3.0_microns.txt,D:\usgs_splib07\../ASCIIdata/ASCIIdata_splib07a/splib07a_Bandpass_(FWHM)_BECK_Beckman_in_microns.txt,D:\usgs_splib07\../GIFplots/GIFplots_splib07a/ChapterS_SoilsAndMixtures/splib07a_Erionite+Merlinoite_GDS144_BECKc_AREF.gif,D:\usgs_splib07\../GIFplots/GIFplots_splib07a/plots_by_wavelength_region/range1_uv_to_visible/splib07a_Erionite+Merlinoite_GDS144_BECKc_AREF_range1_uv_to_vis.gif,D:\usgs_splib07\../GIFplots/GIFplots_splib07a/plots_by_wavelength_region/range2_visible_to_swir/splib07a_Erionite+Merlinoite_GDS144_BECKc_AREF_range2_vis_to_swir.gif,D:\usgs_splib07\../GIFplots/GIFplots_splib07a/plots_by_wavelength_region/range3_swir/splib07a_Erionite+Merlinoite_GDS144_BECKc_AREF_range3_swir.gif,,,D:\usgs_splib07\../GIFplots/GIFplots_splib07a/splib07a_Wavelengths_BECK_Beckman_0.2-3.0_microns.gif,D:\usgs_splib07\../GIFplots/GIFplots_splib07a/splib07a_Bandpass_(FWHM)_BECK_Beckman_in_microns.gif
Erionite+Merlinoite GDS144   NIC4bb RREF,D:\usgs_splib07\../HTMLmetadata/Erionite+Merlinoite_GDS144_NIC4bb_RREF.html,D:\usgs_splib07\../ASCIIdata/ASCIIdata_splib07a/ChapterS_SoilsAndMixtures/splib07a_Erionite+Merlinoite_GDS144_NIC4bb_RREF.txt,,D:\usgs_splib07\../ASCIIdata/ASCIIdata_splib07a/splib07a_Wavelengths_NIC4_Nicolet_1.12-216microns.txt,D:\usgs_splib07\../ASCIIdata/ASCIIdata_splib07a/splib07a_Bandpass_(FWHM)_NIC4_Nicolet_in_microns.txt,D:\usgs_splib07\../GIFplots/GIFplots_splib07a/ChapterS_SoilsAndMixtures/splib07a_Erionite+Merlinoite_GDS144_NIC4bb_RREF.gif,,D:\usgs_splib07\../GIFplots/GIFplots_splib07a/plots_by_wavelength_region/range2_visible_to_swir/splib07a_Erionite+Merlinoite_GDS144_NIC4bb_RREF_range2_vis_to_swir.gif,D:\usgs_splib07\../GIFplots/GIFplots_splib07a/plots_by_wavelength_region/range3_swir/splib07a_Erionite+Merlinoite_GDS144_NIC4bb_RREF_range3_swir.gif,D:\usgs_splib07\../GIFplots/GIFplots_splib07a/plots_by_wavelength_region/range4_swir_to_mir/splib07a_Erionite+Merlinoite_GDS144_NIC4bb_RREF_range4_swir_to_mir.gif,D:\usgs_splib07\../GIFplots/GIFplots_splib07a/plots_by_wavelength_region/range5_swir_to_fir_wavenumber/splib07a_Erionite+Merlinoite_GDS144_NIC4bb_RREF_range5_swir_to_fir_wavenumber.gif,D:\usgs_splib07\../GIFplots/GIFplots_splib07a/splib07a_Wavelengths_NIC4_Nicolet_1.12-216microns.gif,D:\usgs_splib07\../GIFplots/GIFplots_splib07a/splib07a_Bandpass_(FWHM)_NIC4_Nicolet_in_microns.gif
Erionite+Offretite GDS72      BECKb AREF,D:\usgs_splib07\../HTMLmetadata/Erionite+Offretite_GDS72_BECKb_AREF.html,D:\usgs_splib07\../ASCIIdata/ASCIIdata_splib07a/ChapterS_SoilsAndMixtures/splib07a_Erionite+Offretite_GDS72_BECKb_AREF.txt,D:\usgs_splib07\../ASCIIdata/ASCIIdata_splib07a/errorbars/errorbars_for_splib07a_Erionite+Offretite_GDS72_BECKb_AREF.txt,D:\usgs_splib07\../ASCIIdata/ASCIIdata_splib07a/splib07a_Wavelengths_BECK_Beckman_0.2-3.0_microns.txt,D:\usgs_splib07\../ASCIIdata/ASCIIdata_splib07a/splib07a_Bandpass_(FWHM)_BECK_Beckman_in_microns.txt,D:\usgs_splib07\../GIFplots/GIFplots_splib07a/ChapterS_SoilsAndMixtures/splib07a_Erionite+Offretite_GDS72_BECKb_AREF.gif,D:\usgs_splib07\../GIFplots/GIFplots_splib07a/plots_by_wavelength_region/range1_uv_to_visible/splib07a_Erionite+Offretite_GDS72_BECKb_AREF_range1_uv_to_vis.gif,D:\usgs_splib07\../GIFplots/GIFplots_splib07a/plots_by_wavelength_region/range2_visible_to_swir/splib07a_Erionite+Offretite_GDS72_BECKb_AREF_range2_vis_to_swir.gif,D:\usgs_splib07\../GIFplots/GIFplots_splib07a/plots_by_wavelength_region/range3_swir/splib07a_Erionite+Offretite_GDS72_BECKb_AREF_range3_swir.gif,,,D:\usgs_splib07\../GIFplots/GIFplots_splib07a/splib07a_Wavelengths_BECK_Beckman_0.2-3.0_microns.gif,D:\usgs_splib07\../GIFplots/GIFplots_splib07a/splib07a_Bandpass_(FWHM)_BECK_Beckman_in_microns.gif
Erionite+Offretite GDS72     NIC4bb RREF,D:\usgs_splib07\../HTMLmetadata/Erionite+Offretite_GDS72_NIC4bb_RREF.html,D:\usgs_splib07\../ASCIIdata/ASCIIdata_splib07a/ChapterS_SoilsAndMixtures/splib07a_Erionite+Offretite_GDS72_NIC4bb_RREF.txt,,D:\usgs_splib07\../ASCIIdata/ASCIIdata_splib07a/splib07a_Wavelengths_NIC4_Nicolet_1.12-216microns.txt,D:\usgs_splib07\../ASCIIdata/ASCIIdata_splib07a/splib07a_Bandpass_(FWHM)_NIC4_Nicolet_in_microns.txt,D:\usgs_splib07\../GIFplots/GIFplots_splib07a/ChapterS_SoilsAndMixtures/splib07a_Erionite+Offretite_GDS72_NIC4bb_RREF.gif,,D:\usgs_splib07\../GIFplots/GIFplots_splib07a/plots_by_wavelength_region/range2_visible_to_swir/splib07a_Erionite+Offretite_GDS72_NIC4bb_RREF_range2_vis_to_swir.gif,D:\usgs_splib07\../GIFplots/GIFplots_splib07a/plots_by_wavelength_region/range3_swir/splib07a_Erionite+Offretite_GDS72_NIC4bb_RREF_range3_swir.gif,D:\usgs_splib07\../GIFplots/GIFplots_splib07a/plots_by_wavelength_region/range4_swir_to_mir/splib07a_Erionite+Offretite_GDS72_NIC4bb_RREF_range4_swir_to_mir.gif,D:\usgs_splib07\../GIFplots/GIFplots_splib07a/plots_by_wavelength_region/range5_swir_to_fir_wavenumber/splib07a_Erionite+Offretite_GDS72_NIC4bb_RREF_range5_swir_to_fir_wavenumber.gif,D:\usgs_splib07\../GIFplots/GIFplots_splib07a/splib07a_Wavelengths_NIC4_Nicolet_1.12-216microns.gif,D:\usgs_splib07\../GIFplots/GIFplots_splib07a/splib07a_Bandpass_(FWHM)_NIC4_Nicolet_in_microns.gif
Fe-Hydroxide SU93-106 amorph  BECKb AREF,D:\usgs_splib07\../HTMLmetadata/Fe-Hydroxide_SU93-106_amorph_BECKb_AREF.html,D:\usgs_splib07\../ASCIIdata/ASCIIdata_splib07a/ChapterS_SoilsAndMixtures/splib07a_Fe-Hydroxide_SU93-106_amorph_BECKb_AREF.txt,D:\usgs_splib07\../ASCIIdata/ASCIIdata_splib07a/errorbars/errorbars_for_splib07a_Fe-Hydroxide_SU93-106_amorph_BECKb_AREF.txt,D:\usgs_splib07\../ASCIIdata/ASCIIdata_splib07a/splib07a_Wavelengths_BECK_Beckman_0.2-3.0_microns.txt,D:\usgs_splib07\../ASCIIdata/ASCIIdata_splib07a/splib07a_Bandpass_(FWHM)_BECK_Beckman_in_microns.txt,D:\usgs_splib07\../GIFplots/GIFplots_splib07a/ChapterS_SoilsAndMixtures/splib07a_Fe-Hydroxide_SU93-106_amorph_BECKb_AREF.gif,D:\usgs_splib07\../GIFplots/GIFplots_splib07a/plots_by_wavelength_region/range1_uv_to_visible/splib07a_Fe-Hydroxide_SU93-106_amorph_BECKb_AREF_range1_uv_to_vis.gif,D:\usgs_splib07\../GIFplots/GIFplots_splib07a/plots_by_wavelength_region/range2_visible_to_swir/splib07a_Fe-Hydroxide_SU93-106_amorph_BECKb_AREF_range2_vis_to_swir.gif,D:\usgs_splib07\../GIFplots/GIFplots_splib07a/plots_by_wavelength_region/range3_swir/splib07a_Fe-Hydroxide_SU93-106_amorph_BECKb_AREF_range3_swir.gif,,,D:\usgs_splib07\../GIFplots/GIFplots_splib07a/splib07a_Wavelengths_BECK_Beckman_0.2-3.0_microns.gif,D:\usgs_splib07\../GIFplots/GIFplots_splib07a/splib07a_Bandpass_(FWHM)_BECK_Beckman_in_microns.gif
Goeth+qtz.5+Jarosite.5 AMX11  BECKb AREF,D:\usgs_splib07\../HTMLmetadata/Goeth+qtz.5+Jarosite.5_AMX11_BECKb_AREF.html,D:\usgs_splib07\../ASCIIdata/ASCIIdata_splib07a/ChapterS_SoilsAndMixtures/splib07a_Goeth+qtz.5+Jarosite.5_AMX11_BECKb_AREF.txt,,D:\usgs_splib07\../ASCIIdata/ASCIIdata_splib07a/splib07a_Wavelengths_BECK_Beckman_0.2-3.0_microns.txt,D:\usgs_splib07\../ASCIIdata/ASCIIdata_splib07a/splib07a_Bandpass_(FWHM)_BECK_Beckman_in_microns.txt,D:\usgs_splib07\../GIFplots/GIFplots_splib07a/ChapterS_SoilsAndMixtures/splib07a_Goeth+qtz.5+Jarosite.5_AMX11_BECKb_AREF.gif,D:\usgs_splib07\../GIFplots/GIFplots_splib07a/plots_by_wavelength_region/range1_uv_to_visible/splib07a_Goeth+qtz.5+Jarosite.5_AMX11_BECKb_AREF_range1_uv_to_vis.gif,D:\usgs_splib07\../GIFplots/GIFplots_splib07a/plots_by_wavelength_region/range2_visible_to_swir/splib07a_Goeth+qtz.5+Jarosite.5_AMX11_BECKb_AREF_range2_vis_to_swir.gif,D:\usgs_splib07\../GIFplots/GIFplots_splib07a/plots_by_wavelength_region/range3_swir/splib07a_Goeth+qtz.5+Jarosite.5_AMX11_BECKb_AREF_range3_swir.gif,,,D:\usgs_splib07\../GIFplots/GIFplots_splib07a/splib07a_Wavelengths_BECK_Beckman_0.2-3.0_microns.gif,D:\usgs_splib07\../GIFplots/GIFplots_splib07a/splib07a_Bandpass_(FWHM)_BECK_Beckman_in_microns.gif
Goethite0.02+Quartz GDS240    BECKa AREF,D:\usgs_splib07\../HTMLmetadata/Goethite0.02+Quartz_GDS240_BECKa_AREF.html,D:\usgs_splib07\../ASCIIdata/ASCIIdata_splib07a/ChapterS_SoilsAndMixtures/splib07a_Goethite0.02+Quartz_GDS240_BECKa_AREF.txt,,D:\usgs_splib07\../ASCIIdata/ASCIIdata_splib07a/splib07a_Wavelengths_BECK_Beckman_0.2-3.0_microns.txt,D:\usgs_splib07\../ASCIIdata/ASCIIdata_splib07a/splib07a_Bandpass_(FWHM)_BECK_Beckman_in_microns.txt,D:\usgs_splib07\../GIFplots/GIFplots_splib07a/ChapterS_SoilsAndMixtures/splib07a_Goethite0.02+Quartz_GDS240_BECKa_AREF.gif,D:\usgs_splib07\../GIFplots/GIFplots_splib07a/plots_by_wavelength_region/range1_uv_to_visible/splib07a_Goethite0.02+Quartz_GDS240_BECKa_AREF_range1_uv_to_vis.gif,D:\usgs_splib07\../GIFplots/GIFplots_splib07a/plots_by_wavelength_region/range2_visible_to_swir/splib07a_Goethite0.02+Quartz_GDS240_BECKa_AREF_range2_vis_to_swir.gif,D:\usgs_splib07\../GIFplots/GIFplots_splib07a/plots_by_wavelength_region/range3_swir/splib07a_Goethite0.02+Quartz_GDS240_BECKa_AREF_range3_swir.gif,,,D:\usgs_splib07\../GIFplots/GIFplots_splib07a/splib07a_Wavelengths_BECK_Beckman_0.2-3.0_microns.gif,D:\usgs_splib07\../GIFplots/GIFplots_splib07a/splib07a_Bandpass_(FWHM)_BECK_Beckman_in_microns.gif
Goethite_Phyllite CU91-236A  ASDFRb AREF,D:\usgs_splib07\../HTMLmetadata/Goethite_Phyllite_CU91-236A_ASDFRb_AREF.html,D:\usgs_splib07\../ASCIIdata/ASCIIdata_splib07a/ChapterS_SoilsAndMixtures/splib07a_Goethite_Phyllite_CU91-236A_ASDFRb_AREF.txt,,D:\usgs_splib07\../ASCIIdata/ASCIIdata_splib07a/splib07a_Wavelengths_ASD_0.35-2.5_microns_2151_ch.txt,D:\usgs_splib07\../ASCIIdata/ASCIIdata_splib07a/splib07a_Bandpass_(FWHM)_ASDFR_StandardResolution.txt,D:\usgs_splib07\../GIFplots/GIFplots_splib07a/ChapterS_SoilsAndMixtures/splib07a_Goethite_Phyllite_CU91-236A_ASDFRb_AREF.gif,D:\usgs_splib07\../GIFplots/GIFplots_splib07a/plots_by_wavelength_region/range1_uv_to_visible/splib07a_Goethite_Phyllite_CU91-236A_ASDFRb_AREF_range1_uv_to_vis.gif,D:\usgs_splib07\../GIFplots/GIFplots_splib07a/plots_by_wavelength_region/range2_visible_to_swir/splib07a_Goethite_Phyllite_CU91-236A_ASDFRb_AREF_range2_vis_to_swir.gif,D:\usgs_splib07\../GIFplots/GIFplots_splib07a/plots_by_wavelength_region/range3_swir/splib07a_Goethite_Phyllite_CU91-236A_ASDFRb_AREF_range3_swir.gif,,,D:\usgs_splib07\../GIFplots/GIFplots_splib07a/splib07a_Wavelengths_ASD_0.35-2.5_microns_2151_ch.gif,D:\usgs_splib07\../GIFplots/GIFplots_splib07a/splib07a_Bandpass_(FWHM)_ASDFR_StandardResolution.gif
Gyp+jar+ill BRCM1 Marysvale  ASDFRb AREF,D:\usgs_splib07\../HTMLmetadata/Gyp+jar+ill_BRCM1_Marysvale_ASDFRb_AREF.html,D:\usgs_splib07\../ASCIIdata/ASCIIdata_splib07a/ChapterS_SoilsAndMixtures/splib07a_Gyp+jar+ill_BRCM1_Marysvale_ASDFRb_AREF.txt,,D:\usgs_splib07\../ASCIIdata/ASCIIdata_splib07a/splib07a_Wavelengths_ASD_0.35-2.5_microns_2151_ch.txt,D:\usgs_splib07\../ASCIIdata/ASCIIdata_splib07a/splib07a_Bandpass_(FWHM)_ASDFR_StandardResolution.txt,D:\usgs_splib07\../GIFplots/GIFplots_splib07a/ChapterS_SoilsAndMixtures/splib07a_Gyp+jar+ill_BRCM1_Marysvale_ASDFRb_AREF.gif,D:\usgs_splib07\../GIFplots/GIFplots_splib07a/plots_by_wavelength_region/range1_uv_to_visible/splib07a_Gyp+jar+ill_BRCM1_Marysvale_ASDFRb_AREF_range1_uv_to_vis.gif,D:\usgs_splib07\../GIFplots/GIFplots_splib07a/plots_by_wavelength_region/range2_visible_to_swir/splib07a_Gyp+jar+ill_BRCM1_Marysvale_ASDFRb_AREF_range2_vis_to_swir.gif,D:\usgs_splib07\../GIFplots/GIFplots_splib07a/plots_by_wavelength_region/range3_swir/splib07a_Gyp+jar+ill_BRCM1_Marysvale_ASDFRb_AREF_range3_swir.gif,,,D:\usgs_splib07\../GIFplots/GIFplots_splib07a/splib07a_Wavelengths_ASD_0.35-2.5_microns_2151_ch.gif,D:\usgs_splib07\../GIFplots/GIFplots_splib07a/splib07a_Bandpass_(FWHM)_ASDFR_StandardResolution.gif
Gyp.3+jr.1+msc.4+dic.2 AMX22  BECKa AREF,D:\usgs_splib07\../HTMLmetadata/Gyp.3+jr.1+msc.4+dic.2_AMX22_BECKa_AREF.html,D:\usgs_splib07\../ASCIIdata/ASCIIdata_splib07a/ChapterS_SoilsAndMixtures/splib07a_Gyp.3+jr.1+msc.4+dic.2_AMX22_BECKa_AREF.txt,,D:\usgs_splib07\../ASCIIdata/ASCIIdata_splib07a/splib07a_Wavelengths_BECK_Beckman_0.2-3.0_microns.txt,D:\usgs_splib07\../ASCIIdata/ASCIIdata_splib07a/splib07a_Bandpass_(FWHM)_BECK_Beckman_in_microns.txt,D:\usgs_splib07\../GIFplots/GIFplots_splib07a/ChapterS_SoilsAndMixtures/splib07a_Gyp.3+jr.1+msc.4+dic.2_AMX22_BECKa_AREF.gif,D:\usgs_splib07\../GIFplots/GIFplots_splib07a/plots_by_wavelength_region/range1_uv_to_visible/splib07a_Gyp.3+jr.1+msc.4+dic.2_AMX22_BECKa_AREF_range1_uv_to_vis.gif,D:\usgs_splib07\../GIFplots/GIFplots_splib07a/plots_by_wavelength_region/range2_visible_to_swir/splib07a_Gyp.3+jr.1+msc.4+dic.2_AMX22_BECKa_AREF_range2_vis_to_swir.gif,D:\usgs_splib07\../GIFplots/GIFplots_splib07a/plots_by_wavelength_region/range3_swir/splib07a_Gyp.3+jr.1+msc.4+dic.2_AMX22_BECKa_AREF_range3_swir.gif,,,D:\usgs_splib07\../GIFplots/GIFplots_splib07a/splib07a_Wavelengths_BECK_Beckman_0.2-3.0_microns.gif,D:\usgs_splib07\../GIFplots/GIFplots_splib07a/splib07a_Bandpass_(FWHM)_BECK_Beckman_in_microns.gif
Gyp.4+jr20+msc.2+dic.2 AMX23  BECKa AREF,D:\usgs_splib07\../HTMLmetadata/Gyp.4+jr20+msc.2+dic.2_AMX23_BECKa_AREF.html,D:\usgs_splib07\../ASCIIdata/ASCIIdata_splib07a/ChapterS_SoilsAndMixtures/splib07a_Gyp.4+jr20+msc.2+dic.2_AMX23_BECKa_AREF.txt,,D:\usgs_splib07\../ASCIIdata/ASCIIdata_splib07a/splib07a_Wavelengths_BECK_Beckman_0.2-3.0_microns.txt,D:\usgs_splib07\../ASCIIdata/ASCIIdata_splib07a/splib07a_Bandpass_(FWHM)_BECK_Beckman_in_microns.txt,D:\usgs_splib07\../GIFplots/GIFplots_splib07a/ChapterS_SoilsAndMixtures/splib07a_Gyp.4+jr20+msc.2+dic.2_AMX23_BECKa_AREF.gif,D:\usgs_splib07\../GIFplots/GIFplots_splib07a/plots_by_wavelength_region/range1_uv_to_visible/splib07a_Gyp.4+jr20+msc.2+dic.2_AMX23_BECKa_AREF_range1_uv_to_vis.gif,D:\usgs_splib07\../GIFplots/GIFplots_splib07a/plots_by_wavelength_region/range2_visible_to_swir/splib07a_Gyp.4+jr20+msc.2+dic.2_AMX23_BECKa_AREF_range2_vis_to_swir.gif,D:\usgs_splib07\../GIFplots/GIFplots_splib07a/plots_by_wavelength_region/range3_swir/splib07a_Gyp.4+jr20+msc.2+dic.2_AMX23_BECKa_AREF_range3_swir.gif,,,D:\usgs_splib07\../GIFplots/GIFplots_splib07a/splib07a_Wavelengths_BECK_Beckman_0.2-3.0_microns.gif,D:\usgs_splib07\../GIFplots/GIFplots_splib07a/splib07a_Bandpass_(FWHM)_BECK_Beckman_in_microns.gif
Gyp.5+Kjar.3+hAlmsc.2 AMX24   BECKa AREF,D:\usgs_splib07\../HTMLmetadata/Gyp.5+Kjar.3+hAlmsc.2_AMX24_BECKa_AREF.html,D:\usgs_splib07\../ASCIIdata/ASCIIdata_splib07a/ChapterS_SoilsAndMixtures/splib07a_Gyp.5+Kjar.3+hAlmsc.2_AMX24_BECKa_AREF.txt,,D:\usgs_splib07\../ASCIIdata/ASCIIdata_splib07a/splib07a_Wavelengths_BECK_Beckman_0.2-3.0_microns.txt,D:\usgs_splib07\../ASCIIdata/ASCIIdata_splib07a/splib07a_Bandpass_(FWHM)_BECK_Beckman_in_microns.txt,D:\usgs_splib07\../GIFplots/GIFplots_splib07a/ChapterS_SoilsAndMixtures/splib07a_Gyp.5+Kjar.3+hAlmsc.2_AMX24_BECKa_AREF.gif,D:\usgs_splib07\../GIFplots/GIFplots_splib07a/plots_by_wavelength_region/range1_uv_to_visible/splib07a_Gyp.5+Kjar.3+hAlmsc.2_AMX24_BECKa_AREF_range1_uv_to_vis.gif,D:\usgs_splib07\../GIFplots/GIFplots_splib07a/plots_by_wavelength_region/range2_visible_to_swir/splib07a_Gyp.5+Kjar.3+hAlmsc.2_AMX24_BECKa_AREF_range2_vis_to_swir.gif,D:\usgs_splib07\../GIFplots/GIFplots_splib07a/plots_by_wavelength_region/range3_swir/splib07a_Gyp.5+Kjar.3+hAlmsc.2_AMX24_BECKa_AREF_range3_swir.gif,,,D:\usgs_splib07\../GIFplots/GIFplots_splib07a/splib07a_Wavelengths_BECK_Beckman_0.2-3.0_microns.gif,D:\usgs_splib07\../GIFplots/GIFplots_splib07a/splib07a_Bandpass_(FWHM)_BECK_Beckman_in_microns.gif
Halloysite CU91-242D         ASDFRb AREF,D:\usgs_splib07\../HTMLmetadata/Halloysite_CU91-242D_ASDFRb_AREF.html,D:\usgs_splib07\../ASCIIdata/ASCIIdata_splib07a/ChapterS_SoilsAndMixtures/splib07a_Halloysite_CU91-242D_ASDFRb_AREF.txt,,D:\usgs_splib07\../ASCIIdata/ASCIIdata_splib07a/splib07a_Wavelengths_ASD_0.35-2.5_microns_2151_ch.txt,D:\usgs_splib07\../ASCIIdata/ASCIIdata_splib07a/splib07a_Bandpass_(FWHM)_ASDFR_StandardResolution.txt,D:\usgs_splib07\../GIFplots/GIFplots_splib07a/ChapterS_SoilsAndMixtures/splib07a_Halloysite_CU91-242D_ASDFRb_AREF.gif,D:\usgs_splib07\../GIFplots/GIFplots_splib07a/plots_by_wavelength_region/range1_uv_to_visible/splib07a_Halloysite_CU91-242D_ASDFRb_AREF_range1_uv_to_vis.gif,D:\usgs_splib07\../GIFplots/GIFplots_splib07a/plots_by_wavelength_region/range2_visible_to_swir/splib07a_Halloysite_CU91-242D_ASDFRb_AREF_range2_vis_to_swir.gif,D:\usgs_splib07\../GIFplots/GIFplots_splib07a/plots_by_wavelength_region/range3_swir/splib07a_Halloysite_CU91-242D_ASDFRb_AREF_range3_swir.gif,,,D:\usgs_splib07\../GIFplots/GIFplots_splib07a/splib07a_Wavelengths_ASD_0.35-2.5_microns_2151_ch.gif,D:\usgs_splib07\../GIFplots/GIFplots_splib07a/splib07a_Bandpass_(FWHM)_ASDFR_StandardResolution.gif
Halloysite+Kaolinite CM29     BECKa AREF,D:\usgs_splib07\../HTMLmetadata/Halloysite+Kaolinite_CM29_BECKa_AREF.html,D:\usgs_splib07\../ASCIIdata/ASCIIdata_splib07a/ChapterS_SoilsAndMixtures/splib07a_Halloysite+Kaolinite_CM29_BECKa_AREF.txt,D:\usgs_splib07\../ASCIIdata/ASCIIdata_splib07a/errorbars/errorbars_for_splib07a_Halloysite+Kaolinite_CM29_BECKa_AREF.txt,D:\usgs_splib07\../ASCIIdata/ASCIIdata_splib07a/splib07a_Wavelengths_BECK_Beckman_0.2-3.0_microns.txt,D:\usgs_splib07\../ASCIIdata/ASCIIdata_splib07a/splib07a_Bandpass_(FWHM)_BECK_Beckman_in_microns.txt,D:\usgs_splib07\../GIFplots/GIFplots_splib07a/ChapterS_SoilsAndMixtures/splib07a_Halloysite+Kaolinite_CM29_BECKa_AREF.gif,D:\usgs_splib07\../GIFplots/GIFplots_splib07a/plots_by_wavelength_region/range1_uv_to_visible/splib07a_Halloysite+Kaolinite_CM29_BECKa_AREF_range1_uv_to_vis.gif,D:\usgs_splib07\../GIFplots/GIFplots_splib07a/plots_by_wavelength_region/range2_visible_to_swir/splib07a_Halloysite+Kaolinite_CM29_BECKa_AREF_range2_vis_to_swir.gif,D:\usgs_splib07\../GIFplots/GIFplots_splib07a/plots_by_wavelength_region/range3_swir/splib07a_Halloysite+Kaolinite_CM29_BECKa_AREF_range3_swir.gif,,,D:\usgs_splib07\../GIFplots/GIFplots_splib07a/splib07a_Wavelengths_BECK_Beckman_0.2-3.0_microns.gif,D:\usgs_splib07\../GIFplots/GIFplots_splib07a/splib07a_Bandpass_(FWHM)_BECK_Beckman_in_microns.gif
Halloysite+Kaolinite CM29   NIC4aaa RREF,D:\usgs_splib07\../HTMLmetadata/Halloysite+Kaolinite_CM29_NIC4aaa_RREF.html,D:\usgs_splib07\../ASCIIdata/ASCIIdata_splib07a/ChapterS_SoilsAndMixtures/splib07a_Halloysite+Kaolinite_CM29_NIC4aaa_RREF.txt,,D:\usgs_splib07\../ASCIIdata/ASCIIdata_splib07a/splib07a_Wavelengths_NIC4_Nicolet_1.12-216microns.txt,D:\usgs_splib07\../ASCIIdata/ASCIIdata_splib07a/splib07a_Bandpass_(FWHM)_NIC4_Nicolet_in_microns.txt,D:\usgs_splib07\../GIFplots/GIFplots_splib07a/ChapterS_SoilsAndMixtures/splib07a_Halloysite+Kaolinite_CM29_NIC4aaa_RREF.gif,,D:\usgs_splib07\../GIFplots/GIFplots_splib07a/plots_by_wavelength_region/range2_visible_to_swir/splib07a_Halloysite+Kaolinite_CM29_NIC4aaa_RREF_range2_vis_to_swir.gif,D:\usgs_splib07\../GIFplots/GIFplots_splib07a/plots_by_wavelength_region/range3_swir/splib07a_Halloysite+Kaolinite_CM29_NIC4aaa_RREF_range3_swir.gif,D:\usgs_splib07\../GIFplots/GIFplots_splib07a/plots_by_wavelength_region/range4_swir_to_mir/splib07a_Halloysite+Kaolinite_CM29_NIC4aaa_RREF_range4_swir_to_mir.gif,D:\usgs_splib07\../GIFplots/GIFplots_splib07a/plots_by_wavelength_region/range5_swir_to_fir_wavenumber/splib07a_Halloysite+Kaolinite_CM29_NIC4aaa_RREF_range5_swir_to_fir_wavenumber.gif,D:\usgs_splib07\../GIFplots/GIFplots_splib07a/splib07a_Wavelengths_NIC4_Nicolet_1.12-216microns.gif,D:\usgs_splib07\../GIFplots/GIFplots_splib07a/splib07a_Bandpass_(FWHM)_NIC4_Nicolet_in_microns.gif
Hematite.02+Quartz.98 GDS76   BECKa AREF,D:\usgs_splib07\../HTMLmetadata/Hematite.02+Quartz.98_GDS76_BECKa_AREF.html,D:\usgs_splib07\../ASCIIdata/ASCIIdata_splib07a/ChapterS_SoilsAndMixtures/splib07a_Hematite.02+Quartz.98_GDS76_BECKa_AREF.txt,D:\usgs_splib07\../ASCIIdata/ASCIIdata_splib07a/errorbars/errorbars_for_splib07a_Hematite.02+Quartz.98_GDS76_BECKa_AREF.txt,D:\usgs_splib07\../ASCIIdata/ASCIIdata_splib07a/splib07a_Wavelengths_BECK_Beckman_0.2-3.0_microns.txt,D:\usgs_splib07\../ASCIIdata/ASCIIdata_splib07a/splib07a_Bandpass_(FWHM)_BECK_Beckman_in_microns.txt,D:\usgs_splib07\../GIFplots/GIFplots_splib07a/ChapterS_SoilsAndMixtures/splib07a_Hematite.02+Quartz.98_GDS76_BECKa_AREF.gif,D:\usgs_splib07\../GIFplots/GIFplots_splib07a/plots_by_wavelength_region/range1_uv_to_visible/splib07a_Hematite.02+Quartz.98_GDS76_BECKa_AREF_range1_uv_to_vis.gif,D:\usgs_splib07\../GIFplots/GIFplots_splib07a/plots_by_wavelength_region/range2_visible_to_swir/splib07a_Hematite.02+Quartz.98_GDS76_BECKa_AREF_range2_vis_to_swir.gif,D:\usgs_splib07\../GIFplots/GIFplots_splib07a/plots_by_wavelength_region/range3_swir/splib07a_Hematite.02+Quartz.98_GDS76_BECKa_AREF_range3_swir.gif,,,D:\usgs_splib07\../GIFplots/GIFplots_splib07a/splib07a_Wavelengths_BECK_Beckman_0.2-3.0_microns.gif,D:\usgs_splib07\../GIFplots/GIFplots_splib07a/splib07a_Bandpass_(FWHM)_BECK_Beckman_in_microns.gif
Hematitic_Alt._Tuff CU91-223 ASDFRb AREF,D:\usgs_splib07\../HTMLmetadata/Hematitic_Alt._Tuff_CU91-223_ASDFRb_AREF.html,D:\usgs_splib07\../ASCIIdata/ASCIIdata_splib07a/ChapterS_SoilsAndMixtures/splib07a_Hematitic_Alt._Tuff_CU91-223_ASDFRb_AREF.txt,,D:\usgs_splib07\../ASCIIdata/ASCIIdata_splib07a/splib07a_Wavelengths_ASD_0.35-2.5_microns_2151_ch.txt,D:\usgs_splib07\../ASCIIdata/ASCIIdata_splib07a/splib07a_Bandpass_(FWHM)_ASDFR_StandardResolution.txt,D:\usgs_splib07\../GIFplots/GIFplots_splib07a/ChapterS_SoilsAndMixtures/splib07a_Hematitic_Alt._Tuff_CU91-223_ASDFRb_AREF.gif,D:\usgs_splib07\../GIFplots/GIFplots_splib07a/plots_by_wavelength_region/range1_uv_to_visible/splib07a_Hematitic_Alt._Tuff_CU91-223_ASDFRb_AREF_range1_uv_to_vis.gif,D:\usgs_splib07\../GIFplots/GIFplots_splib07a/plots_by_wavelength_region/range2_visible_to_swir/splib07a_Hematitic_Alt._Tuff_CU91-223_ASDFRb_AREF_range2_vis_to_swir.gif,D:\usgs_splib07\../GIFplots/GIFplots_splib07a/plots_by_wavelength_region/range3_swir/splib07a_Hematitic_Alt._Tuff_CU91-223_ASDFRb_AREF_range3_swir.gif,,,D:\usgs_splib07\../GIFplots/GIFplots_splib07a/splib07a_Wavelengths_ASD_0.35-2.5_microns_2151_ch.gif,D:\usgs_splib07\../GIFplots/GIFplots_splib07a/splib07a_Bandpass_(FWHM)_ASDFR_StandardResolution.gif
Hydrated_Volc_Tuff CU01-4A   ASDFRc AREF,D:\usgs_splib07\../HTMLmetadata/Hydrated_Volc_Tuff_CU01-4A_ASDFRc_AREF.html,D:\usgs_splib07\../ASCIIdata/ASCIIdata_splib07a/ChapterS_SoilsAndMixtures/splib07a_Hydrated_Volc_Tuff_CU01-4A_ASDFRc_AREF.txt,,D:\usgs_splib07\../ASCIIdata/ASCIIdata_splib07a/splib07a_Wavelengths_ASD_0.35-2.5_microns_2151_ch.txt,D:\usgs_splib07\../ASCIIdata/ASCIIdata_splib07a/splib07a_Bandpass_(FWHM)_ASDFR_StandardResolution.txt,D:\usgs_splib07\../GIFplots/GIFplots_splib07a/ChapterS_SoilsAndMixtures/splib07a_Hydrated_Volc_Tuff_CU01-4A_ASDFRc_AREF.gif,D:\usgs_splib07\../GIFplots/GIFplots_splib07a/plots_by_wavelength_region/range1_uv_to_visible/splib07a_Hydrated_Volc_Tuff_CU01-4A_ASDFRc_AREF_range1_uv_to_vis.gif,D:\usgs_splib07\../GIFplots/GIFplots_splib07a/plots_by_wavelength_region/range2_visible_to_swir/splib07a_Hydrated_Volc_Tuff_CU01-4A_ASDFRc_AREF_range2_vis_to_swir.gif,D:\usgs_splib07\../GIFplots/GIFplots_splib07a/plots_by_wavelength_region/range3_swir/splib07a_Hydrated_Volc_Tuff_CU01-4A_ASDFRc_AREF_range3_swir.gif,,,D:\usgs_splib07\../GIFplots/GIFplots_splib07a/splib07a_Wavelengths_ASD_0.35-2.5_microns_2151_ch.gif,D:\usgs_splib07\../GIFplots/GIFplots_splib07a/splib07a_Bandpass_(FWHM)_ASDFR_StandardResolution.gif
Illite CU00-5B Hi-Al+Quartz  ASDFRa AREF,D:\usgs_splib07\../HTMLmetadata/Illite_CU00-5B_Hi-Al+Quartz_ASDFRa_AREF.html,D:\usgs_splib07\../ASCIIdata/ASCIIdata_splib07a/ChapterS_SoilsAndMixtures/splib07a_Illite_CU00-5B_Hi-Al+Quartz_ASDFRa_AREF.txt,,D:\usgs_splib07\../ASCIIdata/ASCIIdata_splib07a/splib07a_Wavelengths_ASD_0.35-2.5_microns_2151_ch.txt,D:\usgs_splib07\../ASCIIdata/ASCIIdata_splib07a/splib07a_Bandpass_(FWHM)_ASDFR_StandardResolution.txt,D:\usgs_splib07\../GIFplots/GIFplots_splib07a/ChapterS_SoilsAndMixtures/splib07a_Illite_CU00-5B_Hi-Al+Quartz_ASDFRa_AREF.gif,D:\usgs_splib07\../GIFplots/GIFplots_splib07a/plots_by_wavelength_region/range1_uv_to_visible/splib07a_Illite_CU00-5B_Hi-Al+Quartz_ASDFRa_AREF_range1_uv_to_vis.gif,D:\usgs_splib07\../GIFplots/GIFplots_splib07a/plots_by_wavelength_region/range2_visible_to_swir/splib07a_Illite_CU00-5B_Hi-Al+Quartz_ASDFRa_AREF_range2_vis_to_swir.gif,D:\usgs_splib07\../GIFplots/GIFplots_splib07a/plots_by_wavelength_region/range3_swir/splib07a_Illite_CU00-5B_Hi-Al+Quartz_ASDFRa_AREF_range3_swir.gif,,,D:\usgs_splib07\../GIFplots/GIFplots_splib07a/splib07a_Wavelengths_ASD_0.35-2.5_microns_2151_ch.gif,D:\usgs_splib07\../GIFplots/GIFplots_splib07a/splib07a_Bandpass_(FWHM)_ASDFR_StandardResolution.gif
Jarosite_Rhyolite CU91-20A    BECKa AREF,D:\usgs_splib07\../HTMLmetadata/Jarosite_Rhyolite_CU91-20A_BECKa_AREF.html,D:\usgs_splib07\../ASCIIdata/ASCIIdata_splib07a/ChapterS_SoilsAndMixtures/splib07a_Jarosite_Rhyolite_CU91-20A_BECKa_AREF.txt,,D:\usgs_splib07\../ASCIIdata/ASCIIdata_splib07a/splib07a_Wavelengths_BECK_Beckman_0.2-3.0_microns.txt,D:\usgs_splib07\../ASCIIdata/ASCIIdata_splib07a/splib07a_Bandpass_(FWHM)_BECK_Beckman_in_microns.txt,D:\usgs_splib07\../GIFplots/GIFplots_splib07a/ChapterS_SoilsAndMixtures/splib07a_Jarosite_Rhyolite_CU91-20A_BECKa_AREF.gif,D:\usgs_splib07\../GIFplots/GIFplots_splib07a/plots_by_wavelength_region/range1_uv_to_visible/splib07a_Jarosite_Rhyolite_CU91-20A_BECKa_AREF_range1_uv_to_vis.gif,D:\usgs_splib07\../GIFplots/GIFplots_splib07a/plots_by_wavelength_region/range2_visible_to_swir/splib07a_Jarosite_Rhyolite_CU91-20A_BECKa_AREF_range2_vis_to_swir.gif,D:\usgs_splib07\../GIFplots/GIFplots_splib07a/plots_by_wavelength_region/range3_swir/splib07a_Jarosite_Rhyolite_CU91-20A_BECKa_AREF_range3_swir.gif,,,D:\usgs_splib07\../GIFplots/GIFplots_splib07a/splib07a_Wavelengths_BECK_Beckman_0.2-3.0_microns.gif,D:\usgs_splib07\../GIFplots/GIFplots_splib07a/splib07a_Bandpass_(FWHM)_BECK_Beckman_in_microns.gif
Kalun+kaol+gth mv2-ar3       ASDFRb AREF,D:\usgs_splib07\../HTMLmetadata/Kalun+kaol+gth_mv2-ar3_ASDFRb_AREF.html,D:\usgs_splib07\../ASCIIdata/ASCIIdata_splib07a/ChapterS_SoilsAndMixtures/splib07a_Kalun+kaol+gth_mv2-ar3_ASDFRb_AREF.txt,,D:\usgs_splib07\../ASCIIdata/ASCIIdata_splib07a/splib07a_Wavelengths_ASD_0.35-2.5_microns_2151_ch.txt,D:\usgs_splib07\../ASCIIdata/ASCIIdata_splib07a/splib07a_Bandpass_(FWHM)_ASDFR_StandardResolution.txt,D:\usgs_splib07\../GIFplots/GIFplots_splib07a/ChapterS_SoilsAndMixtures/splib07a_Kalun+kaol+gth_mv2-ar3_ASDFRb_AREF.gif,D:\usgs_splib07\../GIFplots/GIFplots_splib07a/plots_by_wavelength_region/range1_uv_to_visible/splib07a_Kalun+kaol+gth_mv2-ar3_ASDFRb_AREF_range1_uv_to_vis.gif,D:\usgs_splib07\../GIFplots/GIFplots_splib07a/plots_by_wavelength_region/range2_visible_to_swir/splib07a_Kalun+kaol+gth_mv2-ar3_ASDFRb_AREF_range2_vis_to_swir.gif,D:\usgs_splib07\../GIFplots/GIFplots_splib07a/plots_by_wavelength_region/range3_swir/splib07a_Kalun+kaol+gth_mv2-ar3_ASDFRb_AREF_range3_swir.gif,,,D:\usgs_splib07\../GIFplots/GIFplots_splib07a/splib07a_Wavelengths_ASD_0.35-2.5_microns_2151_ch.gif,D:\usgs_splib07\../GIFplots/GIFplots_splib07a/splib07a_Bandpass_(FWHM)_ASDFR_StandardResolution.gif
Kaol+Muscov_intimate CU93-5C  BECKa AREF,D:\usgs_splib07\../HTMLmetadata/Kaol+Muscov_intimate_CU93-5C_BECKa_AREF.html,D:\usgs_splib07\../ASCIIdata/ASCIIdata_splib07a/ChapterS_SoilsAndMixtures/splib07a_Kaol+Muscov_intimate_CU93-5C_BECKa_AREF.txt,,D:\usgs_splib07\../ASCIIdata/ASCIIdata_splib07a/splib07a_Wavelengths_BECK_Beckman_0.2-3.0_microns.txt,D:\usgs_splib07\../ASCIIdata/ASCIIdata_splib07a/splib07a_Bandpass_(FWHM)_BECK_Beckman_in_microns.txt,D:\usgs_splib07\../GIFplots/GIFplots_splib07a/ChapterS_SoilsAndMixtures/splib07a_Kaol+Muscov_intimate_CU93-5C_BECKa_AREF.gif,D:\usgs_splib07\../GIFplots/GIFplots_splib07a/plots_by_wavelength_region/range1_uv_to_visible/splib07a_Kaol+Muscov_intimate_CU93-5C_BECKa_AREF_range1_uv_to_vis.gif,D:\usgs_splib07\../GIFplots/GIFplots_splib07a/plots_by_wavelength_region/range2_visible_to_swir/splib07a_Kaol+Muscov_intimate_CU93-5C_BECKa_AREF_range2_vis_to_swir.gif,D:\usgs_splib07\../GIFplots/GIFplots_splib07a/plots_by_wavelength_region/range3_swir/splib07a_Kaol+Muscov_intimate_CU93-5C_BECKa_AREF_range3_swir.gif,,,D:\usgs_splib07\../GIFplots/GIFplots_splib07a/splib07a_Wavelengths_BECK_Beckman_0.2-3.0_microns.gif,D:\usgs_splib07\../GIFplots/GIFplots_splib07a/splib07a_Bandpass_(FWHM)_BECK_Beckman_in_microns.gif
Kaol+Muscov_intimate CU93-5C ASDNGa AREF,D:\usgs_splib07\../HTMLmetadata/Kaol+Muscov_intimate_CU93-5C_ASDNGa_AREF.html,D:\usgs_splib07\../ASCIIdata/ASCIIdata_splib07a/ChapterS_SoilsAndMixtures/splib07a_Kaol+Muscov_intimate_CU93-5C_ASDNGa_AREF.txt,D:\usgs_splib07\../ASCIIdata/ASCIIdata_splib07a/errorbars/errorbars_for_splib07a_Kaol+Muscov_intimate_CU93-5C_ASDNGa_AREF.txt,D:\usgs_splib07\../ASCIIdata/ASCIIdata_splib07a/splib07a_Wavelengths_ASD_0.35-2.5_microns_2151_ch.txt,D:\usgs_splib07\../ASCIIdata/ASCIIdata_splib07a/splib07a_Bandpass_(FWHM)_ASDNG_High-Res_NextGen.txt,D:\usgs_splib07\../GIFplots/GIFplots_splib07a/ChapterS_SoilsAndMixtures/splib07a_Kaol+Muscov_intimate_CU93-5C_ASDNGa_AREF.gif,D:\usgs_splib07\../GIFplots/GIFplots_splib07a/plots_by_wavelength_region/range1_uv_to_visible/splib07a_Kaol+Muscov_intimate_CU93-5C_ASDNGa_AREF_range1_uv_to_vis.gif,D:\usgs_splib07\../GIFplots/GIFplots_splib07a/plots_by_wavelength_region/range2_visible_to_swir/splib07a_Kaol+Muscov_intimate_CU93-5C_ASDNGa_AREF_range2_vis_to_swir.gif,D:\usgs_splib07\../GIFplots/GIFplots_splib07a/plots_by_wavelength_region/range3_swir/splib07a_Kaol+Muscov_intimate_CU93-5C_ASDNGa_AREF_range3_swir.gif,,,D:\usgs_splib07\../GIFplots/GIFplots_splib07a/splib07a_Wavelengths_ASD_0.35-2.5_microns_2151_ch.gif,D:\usgs_splib07\../GIFplots/GIFplots_splib07a/splib07a_Bandpass_(FWHM)_ASDNG_High-Res_NextGen.gif
Kaol.5+MuscCU91-250A AMX13    BECKb AREF,D:\usgs_splib07\../HTMLmetadata/Kaol.5+MuscCU91-250A_AMX13_BECKb_AREF.html,D:\usgs_splib07\../ASCIIdata/ASCIIdata_splib07a/ChapterS_SoilsAndMixtures/splib07a_Kaol.5+MuscCU91-250A_AMX13_BECKb_AREF.txt,,D:\usgs_splib07\../ASCIIdata/ASCIIdata_splib07a/splib07a_Wavelengths_BECK_Beckman_0.2-3.0_microns.txt,D:\usgs_splib07\../ASCIIdata/ASCIIdata_splib07a/splib07a_Bandpass_(FWHM)_BECK_Beckman_in_microns.txt,D:\usgs_splib07\../GIFplots/GIFplots_splib07a/ChapterS_SoilsAndMixtures/splib07a_Kaol.5+MuscCU91-250A_AMX13_BECKb_AREF.gif,D:\usgs_splib07\../GIFplots/GIFplots_splib07a/plots_by_wavelength_region/range1_uv_to_visible/splib07a_Kaol.5+MuscCU91-250A_AMX13_BECKb_AREF_range1_uv_to_vis.gif,D:\usgs_splib07\../GIFplots/GIFplots_splib07a/plots_by_wavelength_region/range2_visible_to_swir/splib07a_Kaol.5+MuscCU91-250A_AMX13_BECKb_AREF_range2_vis_to_swir.gif,D:\usgs_splib07\../GIFplots/GIFplots_splib07a/plots_by_wavelength_region/range3_swir/splib07a_Kaol.5+MuscCU91-250A_AMX13_BECKb_AREF_range3_swir.gif,,,D:\usgs_splib07\../GIFplots/GIFplots_splib07a/splib07a_Wavelengths_BECK_Beckman_0.2-3.0_microns.gif,D:\usgs_splib07\../GIFplots/GIFplots_splib07a/splib07a_Bandpass_(FWHM)_BECK_Beckman_in_microns.gif
Kaol.5+MuscCU91-250A AMX13   ASDNGb AREF,D:\usgs_splib07\../HTMLmetadata/Kaol.5+MuscCU91-250A_AMX13_ASDNGb_AREF.html,D:\usgs_splib07\../ASCIIdata/ASCIIdata_splib07a/ChapterS_SoilsAndMixtures/splib07a_Kaol.5+MuscCU91-250A_AMX13_ASDNGb_AREF.txt,,D:\usgs_splib07\../ASCIIdata/ASCIIdata_splib07a/splib07a_Wavelengths_ASD_0.35-2.5_microns_2151_ch.txt,D:\usgs_splib07\../ASCIIdata/ASCIIdata_splib07a/splib07a_Bandpass_(FWHM)_ASDNG_High-Res_NextGen.txt,D:\usgs_splib07\../GIFplots/GIFplots_splib07a/ChapterS_SoilsAndMixtures/splib07a_Kaol.5+MuscCU91-250A_AMX13_ASDNGb_AREF.gif,D:\usgs_splib07\../GIFplots/GIFplots_splib07a/plots_by_wavelength_region/range1_uv_to_visible/splib07a_Kaol.5+MuscCU91-250A_AMX13_ASDNGb_AREF_range1_uv_to_vis.gif,D:\usgs_splib07\../GIFplots/GIFplots_splib07a/plots_by_wavelength_region/range2_visible_to_swir/splib07a_Kaol.5+MuscCU91-250A_AMX13_ASDNGb_AREF_range2_vis_to_swir.gif,D:\usgs_splib07\../GIFplots/GIFplots_splib07a/plots_by_wavelength_region/range3_swir/splib07a_Kaol.5+MuscCU91-250A_AMX13_ASDNGb_AREF_range3_swir.gif,,,D:\usgs_splib07\../GIFplots/GIFplots_splib07a/splib07a_Wavelengths_ASD_0.35-2.5_microns_2151_ch.gif,D:\usgs_splib07\../GIFplots/GIFplots_splib07a/splib07a_Bandpass_(FWHM)_ASDNG_High-Res_NextGen.gif
Kaol.5+MuscCU91-250A AMX13    NIC4b AREF,D:\usgs_splib07\../HTMLmetadata/Kaol.5+MuscCU91-250A_AMX13_NIC4b_AREF.html,D:\usgs_splib07\../ASCIIdata/ASCIIdata_splib07a/ChapterS_SoilsAndMixtures/splib07a_Kaol.5+MuscCU91-250A_AMX13_NIC4b_AREF.txt,,D:\usgs_splib07\../ASCIIdata/ASCIIdata_splib07a/splib07a_Wavelengths_NIC4_Nicolet_1.12-216microns.txt,D:\usgs_splib07\../ASCIIdata/ASCIIdata_splib07a/splib07a_Bandpass_(FWHM)_NIC4_Nicolet_in_microns.txt,D:\usgs_splib07\../GIFplots/GIFplots_splib07a/ChapterS_SoilsAndMixtures/splib07a_Kaol.5+MuscCU91-250A_AMX13_NIC4b_AREF.gif,,D:\usgs_splib07\../GIFplots/GIFplots_splib07a/plots_by_wavelength_region/range2_visible_to_swir/splib07a_Kaol.5+MuscCU91-250A_AMX13_NIC4b_AREF_range2_vis_to_swir.gif,D:\usgs_splib07\../GIFplots/GIFplots_splib07a/plots_by_wavelength_region/range3_swir/splib07a_Kaol.5+MuscCU91-250A_AMX13_NIC4b_AREF_range3_swir.gif,D:\usgs_splib07\../GIFplots/GIFplots_splib07a/plots_by_wavelength_region/range4_swir_to_mir/splib07a_Kaol.5+MuscCU91-250A_AMX13_NIC4b_AREF_range4_swir_to_mir.gif,D:\usgs_splib07\../GIFplots/GIFplots_splib07a/plots_by_wavelength_region/range5_swir_to_fir_wavenumber/splib07a_Kaol.5+MuscCU91-250A_AMX13_NIC4b_AREF_range5_swir_to_fir_wavenumber.gif,D:\usgs_splib07\../GIFplots/GIFplots_splib07a/splib07a_Wavelengths_NIC4_Nicolet_1.12-216microns.gif,D:\usgs_splib07\../GIFplots/GIFplots_splib07a/splib07a_Bandpass_(FWHM)_NIC4_Nicolet_in_microns.gif
Kaol_Wxl+0.5Musc_Ruby AMX12   BECKa AREF,D:\usgs_splib07\../HTMLmetadata/Kaol_Wxl+0.5Musc_Ruby_AMX12_BECKa_AREF.html,D:\usgs_splib07\../ASCIIdata/ASCIIdata_splib07a/ChapterS_SoilsAndMixtures/splib07a_Kaol_Wxl+0.5Musc_Ruby_AMX12_BECKa_AREF.txt,,D:\usgs_splib07\../ASCIIdata/ASCIIdata_splib07a/splib07a_Wavelengths_BECK_Beckman_0.2-3.0_microns.txt,D:\usgs_splib07\../ASCIIdata/ASCIIdata_splib07a/splib07a_Bandpass_(FWHM)_BECK_Beckman_in_microns.txt,D:\usgs_splib07\../GIFplots/GIFplots_splib07a/ChapterS_SoilsAndMixtures/splib07a_Kaol_Wxl+0.5Musc_Ruby_AMX12_BECKa_AREF.gif,D:\usgs_splib07\../GIFplots/GIFplots_splib07a/plots_by_wavelength_region/range1_uv_to_visible/splib07a_Kaol_Wxl+0.5Musc_Ruby_AMX12_BECKa_AREF_range1_uv_to_vis.gif,D:\usgs_splib07\../GIFplots/GIFplots_splib07a/plots_by_wavelength_region/range2_visible_to_swir/splib07a_Kaol_Wxl+0.5Musc_Ruby_AMX12_BECKa_AREF_range2_vis_to_swir.gif,D:\usgs_splib07\../GIFplots/GIFplots_splib07a/plots_by_wavelength_region/range3_swir/splib07a_Kaol_Wxl+0.5Musc_Ruby_AMX12_BECKa_AREF_range3_swir.gif,,,D:\usgs_splib07\../GIFplots/GIFplots_splib07a/splib07a_Wavelengths_BECK_Beckman_0.2-3.0_microns.gif,D:\usgs_splib07\../GIFplots/GIFplots_splib07a/splib07a_Bandpass_(FWHM)_BECK_Beckman_in_microns.gif
Kaol_Wxl+0.5Musc_Ruby AMX12  ASDNGa AREF,D:\usgs_splib07\../HTMLmetadata/Kaol_Wxl+0.5Musc_Ruby_AMX12_ASDNGa_AREF.html,D:\usgs_splib07\../ASCIIdata/ASCIIdata_splib07a/ChapterS_SoilsAndMixtures/splib07a_Kaol_Wxl+0.5Musc_Ruby_AMX12_ASDNGa_AREF.txt,,D:\usgs_splib07\../ASCIIdata/ASCIIdata_splib07a/splib07a_Wavelengths_ASD_0.35-2.5_microns_2151_ch.txt,D:\usgs_splib07\../ASCIIdata/ASCIIdata_splib07a/splib07a_Bandpass_(FWHM)_ASDNG_High-Res_NextGen.txt,D:\usgs_splib07\../GIFplots/GIFplots_splib07a/ChapterS_SoilsAndMixtures/splib07a_Kaol_Wxl+0.5Musc_Ruby_AMX12_ASDNGa_AREF.gif,D:\usgs_splib07\../GIFplots/GIFplots_splib07a/plots_by_wavelength_region/range1_uv_to_visible/splib07a_Kaol_Wxl+0.5Musc_Ruby_AMX12_ASDNGa_AREF_range1_uv_to_vis.gif,D:\usgs_splib07\../GIFplots/GIFplots_splib07a/plots_by_wavelength_region/range2_visible_to_swir/splib07a_Kaol_Wxl+0.5Musc_Ruby_AMX12_ASDNGa_AREF_range2_vis_to_swir.gif,D:\usgs_splib07\../GIFplots/GIFplots_splib07a/plots_by_wavelength_region/range3_swir/splib07a_Kaol_Wxl+0.5Musc_Ruby_AMX12_ASDNGa_AREF_range3_swir.gif,,,D:\usgs_splib07\../GIFplots/GIFplots_splib07a/splib07a_Wavelengths_ASD_0.35-2.5_microns_2151_ch.gif,D:\usgs_splib07\../GIFplots/GIFplots_splib07a/splib07a_Bandpass_(FWHM)_ASDNG_High-Res_NextGen.gif
Kaol_Wxl+0.5Musc_Ruby AMX12   NIC4a AREF,D:\usgs_splib07\../HTMLmetadata/Kaol_Wxl+0.5Musc_Ruby_AMX12_NIC4a_AREF.html,D:\usgs_splib07\../ASCIIdata/ASCIIdata_splib07a/ChapterS_SoilsAndMixtures/splib07a_Kaol_Wxl+0.5Musc_Ruby_AMX12_NIC4a_AREF.txt,,D:\usgs_splib07\../ASCIIdata/ASCIIdata_splib07a/splib07a_Wavelengths_NIC4_Nicolet_1.12-216microns.txt,D:\usgs_splib07\../ASCIIdata/ASCIIdata_splib07a/splib07a_Bandpass_(FWHM)_NIC4_Nicolet_in_microns.txt,D:\usgs_splib07\../GIFplots/GIFplots_splib07a/ChapterS_SoilsAndMixtures/splib07a_Kaol_Wxl+0.5Musc_Ruby_AMX12_NIC4a_AREF.gif,,D:\usgs_splib07\../GIFplots/GIFplots_splib07a/plots_by_wavelength_region/range2_visible_to_swir/splib07a_Kaol_Wxl+0.5Musc_Ruby_AMX12_NIC4a_AREF_range2_vis_to_swir.gif,D:\usgs_splib07\../GIFplots/GIFplots_splib07a/plots_by_wavelength_region/range3_swir/splib07a_Kaol_Wxl+0.5Musc_Ruby_AMX12_NIC4a_AREF_range3_swir.gif,D:\usgs_splib07\../GIFplots/GIFplots_splib07a/plots_by_wavelength_region/range4_swir_to_mir/splib07a_Kaol_Wxl+0.5Musc_Ruby_AMX12_NIC4a_AREF_range4_swir_to_mir.gif,D:\usgs_splib07\../GIFplots/GIFplots_splib07a/plots_by_wavelength_region/range5_swir_to_fir_wavenumber/splib07a_Kaol_Wxl+0.5Musc_Ruby_AMX12_NIC4a_AREF_range5_swir_to_fir_wavenumber.gif,D:\usgs_splib07\../GIFplots/GIFplots_splib07a/splib07a_Wavelengths_NIC4_Nicolet_1.12-216microns.gif,D:\usgs_splib07\../GIFplots/GIFplots_splib07a/splib07a_Bandpass_(FWHM)_NIC4_Nicolet_in_microns.gif
Kaol_wxl+others CU00-19A     ASDFRb AREF,D:\usgs_splib07\../HTMLmetadata/Kaol_wxl+others_CU00-19A_ASDFRb_AREF.html,D:\usgs_splib07\../ASCIIdata/ASCIIdata_splib07a/ChapterS_SoilsAndMixtures/splib07a_Kaol_wxl+others_CU00-19A_ASDFRb_AREF.txt,,D:\usgs_splib07\../ASCIIdata/ASCIIdata_splib07a/splib07a_Wavelengths_ASD_0.35-2.5_microns_2151_ch.txt,D:\usgs_splib07\../ASCIIdata/ASCIIdata_splib07a/splib07a_Bandpass_(FWHM)_ASDFR_StandardResolution.txt,D:\usgs_splib07\../GIFplots/GIFplots_splib07a/ChapterS_SoilsAndMixtures/splib07a_Kaol_wxl+others_CU00-19A_ASDFRb_AREF.gif,D:\usgs_splib07\../GIFplots/GIFplots_splib07a/plots_by_wavelength_region/range1_uv_to_visible/splib07a_Kaol_wxl+others_CU00-19A_ASDFRb_AREF_range1_uv_to_vis.gif,D:\usgs_splib07\../GIFplots/GIFplots_splib07a/plots_by_wavelength_region/range2_visible_to_swir/splib07a_Kaol_wxl+others_CU00-19A_ASDFRb_AREF_range2_vis_to_swir.gif,D:\usgs_splib07\../GIFplots/GIFplots_splib07a/plots_by_wavelength_region/range3_swir/splib07a_Kaol_wxl+others_CU00-19A_ASDFRb_AREF_range3_swir.gif,,,D:\usgs_splib07\../GIFplots/GIFplots_splib07a/splib07a_Wavelengths_ASD_0.35-2.5_microns_2151_ch.gif,D:\usgs_splib07\../GIFplots/GIFplots_splib07a/splib07a_Bandpass_(FWHM)_ASDFR_StandardResolution.gif
Kaol_wxl+others CU91-200A    ASDFRb AREF,D:\usgs_splib07\../HTMLmetadata/Kaol_wxl+others_CU91-200A_ASDFRb_AREF.html,D:\usgs_splib07\../ASCIIdata/ASCIIdata_splib07a/ChapterS_SoilsAndMixtures/splib07a_Kaol_wxl+others_CU91-200A_ASDFRb_AREF.txt,,D:\usgs_splib07\../ASCIIdata/ASCIIdata_splib07a/splib07a_Wavelengths_ASD_0.35-2.5_microns_2151_ch.txt,D:\usgs_splib07\../ASCIIdata/ASCIIdata_splib07a/splib07a_Bandpass_(FWHM)_ASDFR_StandardResolution.txt,D:\usgs_splib07\../GIFplots/GIFplots_splib07a/ChapterS_SoilsAndMixtures/splib07a_Kaol_wxl+others_CU91-200A_ASDFRb_AREF.gif,D:\usgs_splib07\../GIFplots/GIFplots_splib07a/plots_by_wavelength_region/range1_uv_to_visible/splib07a_Kaol_wxl+others_CU91-200A_ASDFRb_AREF_range1_uv_to_vis.gif,D:\usgs_splib07\../GIFplots/GIFplots_splib07a/plots_by_wavelength_region/range2_visible_to_swir/splib07a_Kaol_wxl+others_CU91-200A_ASDFRb_AREF_range2_vis_to_swir.gif,D:\usgs_splib07\../GIFplots/GIFplots_splib07a/plots_by_wavelength_region/range3_swir/splib07a_Kaol_wxl+others_CU91-200A_ASDFRb_AREF_range3_swir.gif,,,D:\usgs_splib07\../GIFplots/GIFplots_splib07a/splib07a_Wavelengths_ASD_0.35-2.5_microns_2151_ch.gif,D:\usgs_splib07\../GIFplots/GIFplots_splib07a/splib07a_Bandpass_(FWHM)_ASDFR_StandardResolution.gif
Kaolin/Smect KLF511 .12Kaol   BECKb AREF,D:\usgs_splib07\../HTMLmetadata/Kaolin-Smect_KLF511_.12Kaol_BECKb_AREF.html,D:\usgs_splib07\../ASCIIdata/ASCIIdata_splib07a/ChapterS_SoilsAndMixtures/splib07a_Kaolin-Smect_KLF511_.12Kaol_BECKb_AREF.txt,D:\usgs_splib07\../ASCIIdata/ASCIIdata_splib07a/errorbars/errorbars_for_splib07a_Kaolin-Smect_KLF511_.12Kaol_BECKb_AREF.txt,D:\usgs_splib07\../ASCIIdata/ASCIIdata_splib07a/splib07a_Wavelengths_BECK_Beckman_0.2-3.0_microns.txt,D:\usgs_splib07\../ASCIIdata/ASCIIdata_splib07a/splib07a_Bandpass_(FWHM)_BECK_Beckman_in_microns.txt,D:\usgs_splib07\../GIFplots/GIFplots_splib07a/ChapterS_SoilsAndMixtures/splib07a_Kaolin-Smect_KLF511_.12Kaol_BECKb_AREF.gif,D:\usgs_splib07\../GIFplots/GIFplots_splib07a/plots_by_wavelength_region/range1_uv_to_visible/splib07a_Kaolin-Smect_KLF511_.12Kaol_BECKb_AREF_range1_uv_to_vis.gif,D:\usgs_splib07\../GIFplots/GIFplots_splib07a/plots_by_wavelength_region/range2_visible_to_swir/splib07a_Kaolin-Smect_KLF511_.12Kaol_BECKb_AREF_range2_vis_to_swir.gif,D:\usgs_splib07\../GIFplots/GIFplots_splib07a/plots_by_wavelength_region/range3_swir/splib07a_Kaolin-Smect_KLF511_.12Kaol_BECKb_AREF_range3_swir.gif,,,D:\usgs_splib07\../GIFplots/GIFplots_splib07a/splib07a_Wavelengths_BECK_Beckman_0.2-3.0_microns.gif,D:\usgs_splib07\../GIFplots/GIFplots_splib07a/splib07a_Bandpass_(FWHM)_BECK_Beckman_in_microns.gif
Kaolin/Smect KLF511 .12Kaol  NIC4cc RREF,D:\usgs_splib07\../HTMLmetadata/Kaolin-Smect_KLF511_.12Kaol_NIC4cc_RREF.html,D:\usgs_splib07\../ASCIIdata/ASCIIdata_splib07a/ChapterS_SoilsAndMixtures/splib07a_Kaolin-Smect_KLF511_.12Kaol_NIC4cc_RREF.txt,,D:\usgs_splib07\../ASCIIdata/ASCIIdata_splib07a/splib07a_Wavelengths_NIC4_Nicolet_1.12-216microns.txt,D:\usgs_splib07\../ASCIIdata/ASCIIdata_splib07a/splib07a_Bandpass_(FWHM)_NIC4_Nicolet_in_microns.txt,D:\usgs_splib07\../GIFplots/GIFplots_splib07a/ChapterS_SoilsAndMixtures/splib07a_Kaolin-Smect_KLF511_.12Kaol_NIC4cc_RREF.gif,,D:\usgs_splib07\../GIFplots/GIFplots_splib07a/plots_by_wavelength_region/range2_visible_to_swir/splib07a_Kaolin-Smect_KLF511_.12Kaol_NIC4cc_RREF_range2_vis_to_swir.gif,D:\usgs_splib07\../GIFplots/GIFplots_splib07a/plots_by_wavelength_region/range3_swir/splib07a_Kaolin-Smect_KLF511_.12Kaol_NIC4cc_RREF_range3_swir.gif,D:\usgs_splib07\../GIFplots/GIFplots_splib07a/plots_by_wavelength_region/range4_swir_to_mir/splib07a_Kaolin-Smect_KLF511_.12Kaol_NIC4cc_RREF_range4_swir_to_mir.gif,D:\usgs_splib07\../GIFplots/GIFplots_splib07a/plots_by_wavelength_region/range5_swir_to_fir_wavenumber/splib07a_Kaolin-Smect_KLF511_.12Kaol_NIC4cc_RREF_range5_swir_to_fir_wavenumber.gif,D:\usgs_splib07\../GIFplots/GIFplots_splib07a/splib07a_Wavelengths_NIC4_Nicolet_1.12-216microns.gif,D:\usgs_splib07\../GIFplots/GIFplots_splib07a/splib07a_Bandpass_(FWHM)_NIC4_Nicolet_in_microns.gif
Kaolin_Smect H89-FR-2 .5Kaol  BECKb AREF,D:\usgs_splib07\../HTMLmetadata/Kaolin_Smect_H89-FR-2_.5Kaol_BECKb_AREF.html,D:\usgs_splib07\../ASCIIdata/ASCIIdata_splib07a/ChapterS_SoilsAndMixtures/splib07a_Kaolin_Smect_H89-FR-2_.5Kaol_BECKb_AREF.txt,D:\usgs_splib07\../ASCIIdata/ASCIIdata_splib07a/errorbars/errorbars_for_splib07a_Kaolin_Smect_H89-FR-2_.5Kaol_BECKb_AREF.txt,D:\usgs_splib07\../ASCIIdata/ASCIIdata_splib07a/splib07a_Wavelengths_BECK_Beckman_0.2-3.0_microns.txt,D:\usgs_splib07\../ASCIIdata/ASCIIdata_splib07a/splib07a_Bandpass_(FWHM)_BECK_Beckman_in_microns.txt,D:\usgs_splib07\../GIFplots/GIFplots_splib07a/ChapterS_SoilsAndMixtures/splib07a_Kaolin_Smect_H89-FR-2_.5Kaol_BECKb_AREF.gif,D:\usgs_splib07\../GIFplots/GIFplots_splib07a/plots_by_wavelength_region/range1_uv_to_visible/splib07a_Kaolin_Smect_H89-FR-2_.5Kaol_BECKb_AREF_range1_uv_to_vis.gif,D:\usgs_splib07\../GIFplots/GIFplots_splib07a/plots_by_wavelength_region/range2_visible_to_swir/splib07a_Kaolin_Smect_H89-FR-2_.5Kaol_BECKb_AREF_range2_vis_to_swir.gif,D:\usgs_splib07\../GIFplots/GIFplots_splib07a/plots_by_wavelength_region/range3_swir/splib07a_Kaolin_Smect_H89-FR-2_.5Kaol_BECKb_AREF_range3_swir.gif,,,D:\usgs_splib07\../GIFplots/GIFplots_splib07a/splib07a_Wavelengths_BECK_Beckman_0.2-3.0_microns.gif,D:\usgs_splib07\../GIFplots/GIFplots_splib07a/splib07a_Bandpass_(FWHM)_BECK_Beckman_in_microns.gif
Kaolin_Smect H89-FR-2 .5Kao  NIC4bb RREF,D:\usgs_splib07\../HTMLmetadata/Kaolin_Smect_H89-FR-2_.5Kao_NIC4bb_RREF.html,D:\usgs_splib07\../ASCIIdata/ASCIIdata_splib07a/ChapterS_SoilsAndMixtures/splib07a_Kaolin_Smect_H89-FR-2_.5Kao_NIC4bb_RREF.txt,,D:\usgs_splib07\../ASCIIdata/ASCIIdata_splib07a/splib07a_Wavelengths_NIC4_Nicolet_1.12-216microns.txt,D:\usgs_splib07\../ASCIIdata/ASCIIdata_splib07a/splib07a_Bandpass_(FWHM)_NIC4_Nicolet_in_microns.txt,D:\usgs_splib07\../GIFplots/GIFplots_splib07a/ChapterS_SoilsAndMixtures/splib07a_Kaolin_Smect_H89-FR-2_.5Kao_NIC4bb_RREF.gif,,D:\usgs_splib07\../GIFplots/GIFplots_splib07a/plots_by_wavelength_region/range2_visible_to_swir/splib07a_Kaolin_Smect_H89-FR-2_.5Kao_NIC4bb_RREF_range2_vis_to_swir.gif,D:\usgs_splib07\../GIFplots/GIFplots_splib07a/plots_by_wavelength_region/range3_swir/splib07a_Kaolin_Smect_H89-FR-2_.5Kao_NIC4bb_RREF_range3_swir.gif,D:\usgs_splib07\../GIFplots/GIFplots_splib07a/plots_by_wavelength_region/range4_swir_to_mir/splib07a_Kaolin_Smect_H89-FR-2_.5Kao_NIC4bb_RREF_range4_swir_to_mir.gif,D:\usgs_splib07\../GIFplots/GIFplots_splib07a/plots_by_wavelength_region/range5_swir_to_fir_wavenumber/splib07a_Kaolin_Smect_H89-FR-2_.5Kao_NIC4bb_RREF_range5_swir_to_fir_wavenumber.gif,D:\usgs_splib07\../GIFplots/GIFplots_splib07a/splib07a_Wavelengths_NIC4_Nicolet_1.12-216microns.gif,D:\usgs_splib07\../GIFplots/GIFplots_splib07a/splib07a_Bandpass_(FWHM)_NIC4_Nicolet_in_microns.gif
Kaolin_Smect H89-FR-5 .3Kaol  BECKb AREF,D:\usgs_splib07\../HTMLmetadata/Kaolin_Smect_H89-FR-5_.3Kaol_BECKb_AREF.html,D:\usgs_splib07\../ASCIIdata/ASCIIdata_splib07a/ChapterS_SoilsAndMixtures/splib07a_Kaolin_Smect_H89-FR-5_.3Kaol_BECKb_AREF.txt,D:\usgs_splib07\../ASCIIdata/ASCIIdata_splib07a/errorbars/errorbars_for_splib07a_Kaolin_Smect_H89-FR-5_.3Kaol_BECKb_AREF.txt,D:\usgs_splib07\../ASCIIdata/ASCIIdata_splib07a/splib07a_Wavelengths_BECK_Beckman_0.2-3.0_microns.txt,D:\usgs_splib07\../ASCIIdata/ASCIIdata_splib07a/splib07a_Bandpass_(FWHM)_BECK_Beckman_in_microns.txt,D:\usgs_splib07\../GIFplots/GIFplots_splib07a/ChapterS_SoilsAndMixtures/splib07a_Kaolin_Smect_H89-FR-5_.3Kaol_BECKb_AREF.gif,D:\usgs_splib07\../GIFplots/GIFplots_splib07a/plots_by_wavelength_region/range1_uv_to_visible/splib07a_Kaolin_Smect_H89-FR-5_.3Kaol_BECKb_AREF_range1_uv_to_vis.gif,D:\usgs_splib07\../GIFplots/GIFplots_splib07a/plots_by_wavelength_region/range2_visible_to_swir/splib07a_Kaolin_Smect_H89-FR-5_.3Kaol_BECKb_AREF_range2_vis_to_swir.gif,D:\usgs_splib07\../GIFplots/GIFplots_splib07a/plots_by_wavelength_region/range3_swir/splib07a_Kaolin_Smect_H89-FR-5_.3Kaol_BECKb_AREF_range3_swir.gif,,,D:\usgs_splib07\../GIFplots/GIFplots_splib07a/splib07a_Wavelengths_BECK_Beckman_0.2-3.0_microns.gif,D:\usgs_splib07\../GIFplots/GIFplots_splib07a/splib07a_Bandpass_(FWHM)_BECK_Beckman_in_microns.gif
Kaolin_Smect KLF506 .95Kaol   BECKb AREF,D:\usgs_splib07\../HTMLmetadata/Kaolin_Smect_KLF506_.95Kaol_BECKb_AREF.html,D:\usgs_splib07\../ASCIIdata/ASCIIdata_splib07a/ChapterS_SoilsAndMixtures/splib07a_Kaolin_Smect_KLF506_.95Kaol_BECKb_AREF.txt,D:\usgs_splib07\../ASCIIdata/ASCIIdata_splib07a/errorbars/errorbars_for_splib07a_Kaolin_Smect_KLF506_.95Kaol_BECKb_AREF.txt,D:\usgs_splib07\../ASCIIdata/ASCIIdata_splib07a/splib07a_Wavelengths_BECK_Beckman_0.2-3.0_microns.txt,D:\usgs_splib07\../ASCIIdata/ASCIIdata_splib07a/splib07a_Bandpass_(FWHM)_BECK_Beckman_in_microns.txt,D:\usgs_splib07\../GIFplots/GIFplots_splib07a/ChapterS_SoilsAndMixtures/splib07a_Kaolin_Smect_KLF506_.95Kaol_BECKb_AREF.gif,D:\usgs_splib07\../GIFplots/GIFplots_splib07a/plots_by_wavelength_region/range1_uv_to_visible/splib07a_Kaolin_Smect_KLF506_.95Kaol_BECKb_AREF_range1_uv_to_vis.gif,D:\usgs_splib07\../GIFplots/GIFplots_splib07a/plots_by_wavelength_region/range2_visible_to_swir/splib07a_Kaolin_Smect_KLF506_.95Kaol_BECKb_AREF_range2_vis_to_swir.gif,D:\usgs_splib07\../GIFplots/GIFplots_splib07a/plots_by_wavelength_region/range3_swir/splib07a_Kaolin_Smect_KLF506_.95Kaol_BECKb_AREF_range3_swir.gif,,,D:\usgs_splib07\../GIFplots/GIFplots_splib07a/splib07a_Wavelengths_BECK_Beckman_0.2-3.0_microns.gif,D:\usgs_splib07\../GIFplots/GIFplots_splib07a/splib07a_Bandpass_(FWHM)_BECK_Beckman_in_microns.gif
Kaolin_Smect KLF506 .95kaol  NIC4bb RREF,D:\usgs_splib07\../HTMLmetadata/Kaolin_Smect_KLF506_.95kaol_NIC4bb_RREF.html,D:\usgs_splib07\../ASCIIdata/ASCIIdata_splib07a/ChapterS_SoilsAndMixtures/splib07a_Kaolin_Smect_KLF506_.95kaol_NIC4bb_RREF.txt,,D:\usgs_splib07\../ASCIIdata/ASCIIdata_splib07a/splib07a_Wavelengths_NIC4_Nicolet_1.12-216microns.txt,D:\usgs_splib07\../ASCIIdata/ASCIIdata_splib07a/splib07a_Bandpass_(FWHM)_NIC4_Nicolet_in_microns.txt,D:\usgs_splib07\../GIFplots/GIFplots_splib07a/ChapterS_SoilsAndMixtures/splib07a_Kaolin_Smect_KLF506_.95kaol_NIC4bb_RREF.gif,,D:\usgs_splib07\../GIFplots/GIFplots_splib07a/plots_by_wavelength_region/range2_visible_to_swir/splib07a_Kaolin_Smect_KLF506_.95kaol_NIC4bb_RREF_range2_vis_to_swir.gif,D:\usgs_splib07\../GIFplots/GIFplots_splib07a/plots_by_wavelength_region/range3_swir/splib07a_Kaolin_Smect_KLF506_.95kaol_NIC4bb_RREF_range3_swir.gif,D:\usgs_splib07\../GIFplots/GIFplots_splib07a/plots_by_wavelength_region/range4_swir_to_mir/splib07a_Kaolin_Smect_KLF506_.95kaol_NIC4bb_RREF_range4_swir_to_mir.gif,D:\usgs_splib07\../GIFplots/GIFplots_splib07a/plots_by_wavelength_region/range5_swir_to_fir_wavenumber/splib07a_Kaolin_Smect_KLF506_.95kaol_NIC4bb_RREF_range5_swir_to_fir_wavenumber.gif,D:\usgs_splib07\../GIFplots/GIFplots_splib07a/splib07a_Wavelengths_NIC4_Nicolet_1.12-216microns.gif,D:\usgs_splib07\../GIFplots/GIFplots_splib07a/splib07a_Bandpass_(FWHM)_NIC4_Nicolet_in_microns.gif
Kaolin_Smect KLF508 .85Kaol   BECKb AREF,D:\usgs_splib07\../HTMLmetadata/Kaolin_Smect_KLF508_.85Kaol_BECKb_AREF.html,D:\usgs_splib07\../ASCIIdata/ASCIIdata_splib07a/ChapterS_SoilsAndMixtures/splib07a_Kaolin_Smect_KLF508_.85Kaol_BECKb_AREF.txt,D:\usgs_splib07\../ASCIIdata/ASCIIdata_splib07a/errorbars/errorbars_for_splib07a_Kaolin_Smect_KLF508_.85Kaol_BECKb_AREF.txt,D:\usgs_splib07\../ASCIIdata/ASCIIdata_splib07a/splib07a_Wavelengths_BECK_Beckman_0.2-3.0_microns.txt,D:\usgs_splib07\../ASCIIdata/ASCIIdata_splib07a/splib07a_Bandpass_(FWHM)_BECK_Beckman_in_microns.txt,D:\usgs_splib07\../GIFplots/GIFplots_splib07a/ChapterS_SoilsAndMixtures/splib07a_Kaolin_Smect_KLF508_.85Kaol_BECKb_AREF.gif,D:\usgs_splib07\../GIFplots/GIFplots_splib07a/plots_by_wavelength_region/range1_uv_to_visible/splib07a_Kaolin_Smect_KLF508_.85Kaol_BECKb_AREF_range1_uv_to_vis.gif,D:\usgs_splib07\../GIFplots/GIFplots_splib07a/plots_by_wavelength_region/range2_visible_to_swir/splib07a_Kaolin_Smect_KLF508_.85Kaol_BECKb_AREF_range2_vis_to_swir.gif,D:\usgs_splib07\../GIFplots/GIFplots_splib07a/plots_by_wavelength_region/range3_swir/splib07a_Kaolin_Smect_KLF508_.85Kaol_BECKb_AREF_range3_swir.gif,,,D:\usgs_splib07\../GIFplots/GIFplots_splib07a/splib07a_Wavelengths_BECK_Beckman_0.2-3.0_microns.gif,D:\usgs_splib07\../GIFplots/GIFplots_splib07a/splib07a_Bandpass_(FWHM)_BECK_Beckman_in_microns.gif
Kaolin_Smect KLF508 .85Kaol  NIC4bb RREF,D:\usgs_splib07\../HTMLmetadata/Kaolin_Smect_KLF508_.85Kaol_NIC4bb_RREF.html,D:\usgs_splib07\../ASCIIdata/ASCIIdata_splib07a/ChapterS_SoilsAndMixtures/splib07a_Kaolin_Smect_KLF508_.85Kaol_NIC4bb_RREF.txt,,D:\usgs_splib07\../ASCIIdata/ASCIIdata_splib07a/splib07a_Wavelengths_NIC4_Nicolet_1.12-216microns.txt,D:\usgs_splib07\../ASCIIdata/ASCIIdata_splib07a/splib07a_Bandpass_(FWHM)_NIC4_Nicolet_in_microns.txt,D:\usgs_splib07\../GIFplots/GIFplots_splib07a/ChapterS_SoilsAndMixtures/splib07a_Kaolin_Smect_KLF508_.85Kaol_NIC4bb_RREF.gif,,D:\usgs_splib07\../GIFplots/GIFplots_splib07a/plots_by_wavelength_region/range2_visible_to_swir/splib07a_Kaolin_Smect_KLF508_.85Kaol_NIC4bb_RREF_range2_vis_to_swir.gif,D:\usgs_splib07\../GIFplots/GIFplots_splib07a/plots_by_wavelength_region/range3_swir/splib07a_Kaolin_Smect_KLF508_.85Kaol_NIC4bb_RREF_range3_swir.gif,D:\usgs_splib07\../GIFplots/GIFplots_splib07a/plots_by_wavelength_region/range4_swir_to_mir/splib07a_Kaolin_Smect_KLF508_.85Kaol_NIC4bb_RREF_range4_swir_to_mir.gif,D:\usgs_splib07\../GIFplots/GIFplots_splib07a/plots_by_wavelength_region/range5_swir_to_fir_wavenumber/splib07a_Kaolin_Smect_KLF508_.85Kaol_NIC4bb_RREF_range5_swir_to_fir_wavenumber.gif,D:\usgs_splib07\../GIFplots/GIFplots_splib07a/splib07a_Wavelengths_NIC4_Nicolet_1.12-216microns.gif,D:\usgs_splib07\../GIFplots/GIFplots_splib07a/splib07a_Bandpass_(FWHM)_NIC4_Nicolet_in_microns.gif
Kaolwxl.75+Alun_HS295 AMX14   BECKb AREF,D:\usgs_splib07\../HTMLmetadata/Kaolwxl.75+Alun_HS295_AMX14_BECKb_AREF.html,D:\usgs_splib07\../ASCIIdata/ASCIIdata_splib07a/ChapterS_SoilsAndMixtures/splib07a_Kaolwxl.75+Alun_HS295_AMX14_BECKb_AREF.txt,,D:\usgs_splib07\../ASCIIdata/ASCIIdata_splib07a/splib07a_Wavelengths_BECK_Beckman_0.2-3.0_microns.txt,D:\usgs_splib07\../ASCIIdata/ASCIIdata_splib07a/splib07a_Bandpass_(FWHM)_BECK_Beckman_in_microns.txt,D:\usgs_splib07\../GIFplots/GIFplots_splib07a/ChapterS_SoilsAndMixtures/splib07a_Kaolwxl.75+Alun_HS295_AMX14_BECKb_AREF.gif,D:\usgs_splib07\../GIFplots/GIFplots_splib07a/plots_by_wavelength_region/range1_uv_to_visible/splib07a_Kaolwxl.75+Alun_HS295_AMX14_BECKb_AREF_range1_uv_to_vis.gif,D:\usgs_splib07\../GIFplots/GIFplots_splib07a/plots_by_wavelength_region/range2_visible_to_swir/splib07a_Kaolwxl.75+Alun_HS295_AMX14_BECKb_AREF_range2_vis_to_swir.gif,D:\usgs_splib07\../GIFplots/GIFplots_splib07a/plots_by_wavelength_region/range3_swir/splib07a_Kaolwxl.75+Alun_HS295_AMX14_BECKb_AREF_range3_swir.gif,,,D:\usgs_splib07\../GIFplots/GIFplots_splib07a/splib07a_Wavelengths_BECK_Beckman_0.2-3.0_microns.gif,D:\usgs_splib07\../GIFplots/GIFplots_splib07a/splib07a_Bandpass_(FWHM)_BECK_Beckman_in_microns.gif
Kaolwxl.75+Alun_HS295 AMX14  ASDNGb AREF,D:\usgs_splib07\../HTMLmetadata/Kaolwxl.75+Alun_HS295_AMX14_ASDNGb_AREF.html,D:\usgs_splib07\../ASCIIdata/ASCIIdata_splib07a/ChapterS_SoilsAndMixtures/splib07a_Kaolwxl.75+Alun_HS295_AMX14_ASDNGb_AREF.txt,,D:\usgs_splib07\../ASCIIdata/ASCIIdata_splib07a/splib07a_Wavelengths_ASD_0.35-2.5_microns_2151_ch.txt,D:\usgs_splib07\../ASCIIdata/ASCIIdata_splib07a/splib07a_Bandpass_(FWHM)_ASDNG_High-Res_NextGen.txt,D:\usgs_splib07\../GIFplots/GIFplots_splib07a/ChapterS_SoilsAndMixtures/splib07a_Kaolwxl.75+Alun_HS295_AMX14_ASDNGb_AREF.gif,D:\usgs_splib07\../GIFplots/GIFplots_splib07a/plots_by_wavelength_region/range1_uv_to_visible/splib07a_Kaolwxl.75+Alun_HS295_AMX14_ASDNGb_AREF_range1_uv_to_vis.gif,D:\usgs_splib07\../GIFplots/GIFplots_splib07a/plots_by_wavelength_region/range2_visible_to_swir/splib07a_Kaolwxl.75+Alun_HS295_AMX14_ASDNGb_AREF_range2_vis_to_swir.gif,D:\usgs_splib07\../GIFplots/GIFplots_splib07a/plots_by_wavelength_region/range3_swir/splib07a_Kaolwxl.75+Alun_HS295_AMX14_ASDNGb_AREF_range3_swir.gif,,,D:\usgs_splib07\../GIFplots/GIFplots_splib07a/splib07a_Wavelengths_ASD_0.35-2.5_microns_2151_ch.gif,D:\usgs_splib07\../GIFplots/GIFplots_splib07a/splib07a_Bandpass_(FWHM)_ASDNG_High-Res_NextGen.gif
Limestone CU02-11A           ASDFRa AREF,D:\usgs_splib07\../HTMLmetadata/Limestone_CU02-11A_ASDFRa_AREF.html,D:\usgs_splib07\../ASCIIdata/ASCIIdata_splib07a/ChapterS_SoilsAndMixtures/splib07a_Limestone_CU02-11A_ASDFRa_AREF.txt,,D:\usgs_splib07\../ASCIIdata/ASCIIdata_splib07a/splib07a_Wavelengths_ASD_0.35-2.5_microns_2151_ch.txt,D:\usgs_splib07\../ASCIIdata/ASCIIdata_splib07a/splib07a_Bandpass_(FWHM)_ASDFR_StandardResolution.txt,D:\usgs_splib07\../GIFplots/GIFplots_splib07a/ChapterS_SoilsAndMixtures/splib07a_Limestone_CU02-11A_ASDFRa_AREF.gif,D:\usgs_splib07\../GIFplots/GIFplots_splib07a/plots_by_wavelength_region/range1_uv_to_visible/splib07a_Limestone_CU02-11A_ASDFRa_AREF_range1_uv_to_vis.gif,D:\usgs_splib07\../GIFplots/GIFplots_splib07a/plots_by_wavelength_region/range2_visible_to_swir/splib07a_Limestone_CU02-11A_ASDFRa_AREF_range2_vis_to_swir.gif,D:\usgs_splib07\../GIFplots/GIFplots_splib07a/plots_by_wavelength_region/range3_swir/splib07a_Limestone_CU02-11A_ASDFRa_AREF_range3_swir.gif,,,D:\usgs_splib07\../GIFplots/GIFplots_splib07a/splib07a_Wavelengths_ASD_0.35-2.5_microns_2151_ch.gif,D:\usgs_splib07\../GIFplots/GIFplots_splib07a/splib07a_Bandpass_(FWHM)_ASDFR_StandardResolution.gif
Magnesite+Hydromag HS47.1B   ASDFRa AREF,D:\usgs_splib07\../HTMLmetadata/Magnesite+Hydromag_HS47.1B_ASDFRa_AREF.html,D:\usgs_splib07\../ASCIIdata/ASCIIdata_splib07a/ChapterS_SoilsAndMixtures/splib07a_Magnesite+Hydromag_HS47.1B_ASDFRa_AREF.txt,,D:\usgs_splib07\../ASCIIdata/ASCIIdata_splib07a/splib07a_Wavelengths_ASD_0.35-2.5_microns_2151_ch.txt,D:\usgs_splib07\../ASCIIdata/ASCIIdata_splib07a/splib07a_Bandpass_(FWHM)_ASDFR_StandardResolution.txt,D:\usgs_splib07\../GIFplots/GIFplots_splib07a/ChapterS_SoilsAndMixtures/splib07a_Magnesite+Hydromag_HS47.1B_ASDFRa_AREF.gif,D:\usgs_splib07\../GIFplots/GIFplots_splib07a/plots_by_wavelength_region/range1_uv_to_visible/splib07a_Magnesite+Hydromag_HS47.1B_ASDFRa_AREF_range1_uv_to_vis.gif,D:\usgs_splib07\../GIFplots/GIFplots_splib07a/plots_by_wavelength_region/range2_visible_to_swir/splib07a_Magnesite+Hydromag_HS47.1B_ASDFRa_AREF_range2_vis_to_swir.gif,D:\usgs_splib07\../GIFplots/GIFplots_splib07a/plots_by_wavelength_region/range3_swir/splib07a_Magnesite+Hydromag_HS47.1B_ASDFRa_AREF_range3_swir.gif,,,D:\usgs_splib07\../GIFplots/GIFplots_splib07a/splib07a_Wavelengths_ASD_0.35-2.5_microns_2151_ch.gif,D:\usgs_splib07\../GIFplots/GIFplots_splib07a/splib07a_Bandpass_(FWHM)_ASDFR_StandardResolution.gif
Magnesite+Hydromag HS47.2B   ASDFRa AREF,D:\usgs_splib07\../HTMLmetadata/Magnesite+Hydromag_HS47.2B_ASDFRa_AREF.html,D:\usgs_splib07\../ASCIIdata/ASCIIdata_splib07a/ChapterS_SoilsAndMixtures/splib07a_Magnesite+Hydromag_HS47.2B_ASDFRa_AREF.txt,,D:\usgs_splib07\../ASCIIdata/ASCIIdata_splib07a/splib07a_Wavelengths_ASD_0.35-2.5_microns_2151_ch.txt,D:\usgs_splib07\../ASCIIdata/ASCIIdata_splib07a/splib07a_Bandpass_(FWHM)_ASDFR_StandardResolution.txt,D:\usgs_splib07\../GIFplots/GIFplots_splib07a/ChapterS_SoilsAndMixtures/splib07a_Magnesite+Hydromag_HS47.2B_ASDFRa_AREF.gif,D:\usgs_splib07\../GIFplots/GIFplots_splib07a/plots_by_wavelength_region/range1_uv_to_visible/splib07a_Magnesite+Hydromag_HS47.2B_ASDFRa_AREF_range1_uv_to_vis.gif,D:\usgs_splib07\../GIFplots/GIFplots_splib07a/plots_by_wavelength_region/range2_visible_to_swir/splib07a_Magnesite+Hydromag_HS47.2B_ASDFRa_AREF_range2_vis_to_swir.gif,D:\usgs_splib07\../GIFplots/GIFplots_splib07a/plots_by_wavelength_region/range3_swir/splib07a_Magnesite+Hydromag_HS47.2B_ASDFRa_AREF_range3_swir.gif,,,D:\usgs_splib07\../GIFplots/GIFplots_splib07a/splib07a_Wavelengths_ASD_0.35-2.5_microns_2151_ch.gif,D:\usgs_splib07\../GIFplots/GIFplots_splib07a/splib07a_Bandpass_(FWHM)_ASDFR_StandardResolution.gif
Magnesite+Hydromag HS47.3B    BECKa AREF,D:\usgs_splib07\../HTMLmetadata/Magnesite+Hydromag_HS47.3B_BECKa_AREF.html,D:\usgs_splib07\../ASCIIdata/ASCIIdata_splib07a/ChapterS_SoilsAndMixtures/splib07a_Magnesite+Hydromag_HS47.3B_BECKa_AREF.txt,D:\usgs_splib07\../ASCIIdata/ASCIIdata_splib07a/errorbars/errorbars_for_splib07a_Magnesite+Hydromag_HS47.3B_BECKa_AREF.txt,D:\usgs_splib07\../ASCIIdata/ASCIIdata_splib07a/splib07a_Wavelengths_BECK_Beckman_0.2-3.0_microns.txt,D:\usgs_splib07\../ASCIIdata/ASCIIdata_splib07a/splib07a_Bandpass_(FWHM)_BECK_Beckman_in_microns.txt,D:\usgs_splib07\../GIFplots/GIFplots_splib07a/ChapterS_SoilsAndMixtures/splib07a_Magnesite+Hydromag_HS47.3B_BECKa_AREF.gif,D:\usgs_splib07\../GIFplots/GIFplots_splib07a/plots_by_wavelength_region/range1_uv_to_visible/splib07a_Magnesite+Hydromag_HS47.3B_BECKa_AREF_range1_uv_to_vis.gif,D:\usgs_splib07\../GIFplots/GIFplots_splib07a/plots_by_wavelength_region/range2_visible_to_swir/splib07a_Magnesite+Hydromag_HS47.3B_BECKa_AREF_range2_vis_to_swir.gif,D:\usgs_splib07\../GIFplots/GIFplots_splib07a/plots_by_wavelength_region/range3_swir/splib07a_Magnesite+Hydromag_HS47.3B_BECKa_AREF_range3_swir.gif,,,D:\usgs_splib07\../GIFplots/GIFplots_splib07a/splib07a_Wavelengths_BECK_Beckman_0.2-3.0_microns.gif,D:\usgs_splib07\../GIFplots/GIFplots_splib07a/splib07a_Bandpass_(FWHM)_BECK_Beckman_in_microns.gif
Magnesite+Hydromag HS47.3B   ASDFRa AREF,D:\usgs_splib07\../HTMLmetadata/Magnesite+Hydromag_HS47.3B_ASDFRa_AREF.html,D:\usgs_splib07\../ASCIIdata/ASCIIdata_splib07a/ChapterS_SoilsAndMixtures/splib07a_Magnesite+Hydromag_HS47.3B_ASDFRa_AREF.txt,,D:\usgs_splib07\../ASCIIdata/ASCIIdata_splib07a/splib07a_Wavelengths_ASD_0.35-2.5_microns_2151_ch.txt,D:\usgs_splib07\../ASCIIdata/ASCIIdata_splib07a/splib07a_Bandpass_(FWHM)_ASDFR_StandardResolution.txt,D:\usgs_splib07\../GIFplots/GIFplots_splib07a/ChapterS_SoilsAndMixtures/splib07a_Magnesite+Hydromag_HS47.3B_ASDFRa_AREF.gif,D:\usgs_splib07\../GIFplots/GIFplots_splib07a/plots_by_wavelength_region/range1_uv_to_visible/splib07a_Magnesite+Hydromag_HS47.3B_ASDFRa_AREF_range1_uv_to_vis.gif,D:\usgs_splib07\../GIFplots/GIFplots_splib07a/plots_by_wavelength_region/range2_visible_to_swir/splib07a_Magnesite+Hydromag_HS47.3B_ASDFRa_AREF_range2_vis_to_swir.gif,D:\usgs_splib07\../GIFplots/GIFplots_splib07a/plots_by_wavelength_region/range3_swir/splib07a_Magnesite+Hydromag_HS47.3B_ASDFRa_AREF_range3_swir.gif,,,D:\usgs_splib07\../GIFplots/GIFplots_splib07a/splib07a_Wavelengths_ASD_0.35-2.5_microns_2151_ch.gif,D:\usgs_splib07\../GIFplots/GIFplots_splib07a/splib07a_Bandpass_(FWHM)_ASDFR_StandardResolution.gif
Magnesite+Hydromag HS47.3B   NIC4aa RREF,D:\usgs_splib07\../HTMLmetadata/Magnesite+Hydromag_HS47.3B_NIC4aa_RREF.html,D:\usgs_splib07\../ASCIIdata/ASCIIdata_splib07a/ChapterS_SoilsAndMixtures/splib07a_Magnesite+Hydromag_HS47.3B_NIC4aa_RREF.txt,,D:\usgs_splib07\../ASCIIdata/ASCIIdata_splib07a/splib07a_Wavelengths_NIC4_Nicolet_1.12-216microns.txt,D:\usgs_splib07\../ASCIIdata/ASCIIdata_splib07a/splib07a_Bandpass_(FWHM)_NIC4_Nicolet_in_microns.txt,D:\usgs_splib07\../GIFplots/GIFplots_splib07a/ChapterS_SoilsAndMixtures/splib07a_Magnesite+Hydromag_HS47.3B_NIC4aa_RREF.gif,,D:\usgs_splib07\../GIFplots/GIFplots_splib07a/plots_by_wavelength_region/range2_visible_to_swir/splib07a_Magnesite+Hydromag_HS47.3B_NIC4aa_RREF_range2_vis_to_swir.gif,D:\usgs_splib07\../GIFplots/GIFplots_splib07a/plots_by_wavelength_region/range3_swir/splib07a_Magnesite+Hydromag_HS47.3B_NIC4aa_RREF_range3_swir.gif,D:\usgs_splib07\../GIFplots/GIFplots_splib07a/plots_by_wavelength_region/range4_swir_to_mir/splib07a_Magnesite+Hydromag_HS47.3B_NIC4aa_RREF_range4_swir_to_mir.gif,D:\usgs_splib07\../GIFplots/GIFplots_splib07a/plots_by_wavelength_region/range5_swir_to_fir_wavenumber/splib07a_Magnesite+Hydromag_HS47.3B_NIC4aa_RREF_range5_swir_to_fir_wavenumber.gif,D:\usgs_splib07\../GIFplots/GIFplots_splib07a/splib07a_Wavelengths_NIC4_Nicolet_1.12-216microns.gif,D:\usgs_splib07\../GIFplots/GIFplots_splib07a/splib07a_Bandpass_(FWHM)_NIC4_Nicolet_in_microns.gif
Magnesite+Hydromag HS47.4B   ASDFRa AREF,D:\usgs_splib07\../HTMLmetadata/Magnesite+Hydromag_HS47.4B_ASDFRa_AREF.html,D:\usgs_splib07\../ASCIIdata/ASCIIdata_splib07a/ChapterS_SoilsAndMixtures/splib07a_Magnesite+Hydromag_HS47.4B_ASDFRa_AREF.txt,,D:\usgs_splib07\../ASCIIdata/ASCIIdata_splib07a/splib07a_Wavelengths_ASD_0.35-2.5_microns_2151_ch.txt,D:\usgs_splib07\../ASCIIdata/ASCIIdata_splib07a/splib07a_Bandpass_(FWHM)_ASDFR_StandardResolution.txt,D:\usgs_splib07\../GIFplots/GIFplots_splib07a/ChapterS_SoilsAndMixtures/splib07a_Magnesite+Hydromag_HS47.4B_ASDFRa_AREF.gif,D:\usgs_splib07\../GIFplots/GIFplots_splib07a/plots_by_wavelength_region/range1_uv_to_visible/splib07a_Magnesite+Hydromag_HS47.4B_ASDFRa_AREF_range1_uv_to_vis.gif,D:\usgs_splib07\../GIFplots/GIFplots_splib07a/plots_by_wavelength_region/range2_visible_to_swir/splib07a_Magnesite+Hydromag_HS47.4B_ASDFRa_AREF_range2_vis_to_swir.gif,D:\usgs_splib07\../GIFplots/GIFplots_splib07a/plots_by_wavelength_region/range3_swir/splib07a_Magnesite+Hydromag_HS47.4B_ASDFRa_AREF_range3_swir.gif,,,D:\usgs_splib07\../GIFplots/GIFplots_splib07a/splib07a_Wavelengths_ASD_0.35-2.5_microns_2151_ch.gif,D:\usgs_splib07\../GIFplots/GIFplots_splib07a/splib07a_Bandpass_(FWHM)_ASDFR_StandardResolution.gif
Magnetite_skarn BR93-5B       BECKb AREF,D:\usgs_splib07\../HTMLmetadata/Magnetite_skarn_BR93-5B_BECKb_AREF.html,D:\usgs_splib07\../ASCIIdata/ASCIIdata_splib07a/ChapterS_SoilsAndMixtures/splib07a_Magnetite_skarn_BR93-5B_BECKb_AREF.txt,D:\usgs_splib07\../ASCIIdata/ASCIIdata_splib07a/errorbars/errorbars_for_splib07a_Magnetite_skarn_BR93-5B_BECKb_AREF.txt,D:\usgs_splib07\../ASCIIdata/ASCIIdata_splib07a/splib07a_Wavelengths_BECK_Beckman_0.2-3.0_microns.txt,D:\usgs_splib07\../ASCIIdata/ASCIIdata_splib07a/splib07a_Bandpass_(FWHM)_BECK_Beckman_in_microns.txt,D:\usgs_splib07\../GIFplots/GIFplots_splib07a/ChapterS_SoilsAndMixtures/splib07a_Magnetite_skarn_BR93-5B_BECKb_AREF.gif,D:\usgs_splib07\../GIFplots/GIFplots_splib07a/plots_by_wavelength_region/range1_uv_to_visible/splib07a_Magnetite_skarn_BR93-5B_BECKb_AREF_range1_uv_to_vis.gif,D:\usgs_splib07\../GIFplots/GIFplots_splib07a/plots_by_wavelength_region/range2_visible_to_swir/splib07a_Magnetite_skarn_BR93-5B_BECKb_AREF_range2_vis_to_swir.gif,D:\usgs_splib07\../GIFplots/GIFplots_splib07a/plots_by_wavelength_region/range3_swir/splib07a_Magnetite_skarn_BR93-5B_BECKb_AREF_range3_swir.gif,,,D:\usgs_splib07\../GIFplots/GIFplots_splib07a/splib07a_Wavelengths_BECK_Beckman_0.2-3.0_microns.gif,D:\usgs_splib07\../GIFplots/GIFplots_splib07a/splib07a_Bandpass_(FWHM)_BECK_Beckman_in_microns.gif
Mesolite+Hydroxyapop GDS6     BECKb AREF,D:\usgs_splib07\../HTMLmetadata/Mesolite+Hydroxyapop_GDS6_BECKb_AREF.html,D:\usgs_splib07\../ASCIIdata/ASCIIdata_splib07a/ChapterS_SoilsAndMixtures/splib07a_Mesolite+Hydroxyapop_GDS6_BECKb_AREF.txt,D:\usgs_splib07\../ASCIIdata/ASCIIdata_splib07a/errorbars/errorbars_for_splib07a_Mesolite+Hydroxyapop_GDS6_BECKb_AREF.txt,D:\usgs_splib07\../ASCIIdata/ASCIIdata_splib07a/splib07a_Wavelengths_BECK_Beckman_0.2-3.0_microns.txt,D:\usgs_splib07\../ASCIIdata/ASCIIdata_splib07a/splib07a_Bandpass_(FWHM)_BECK_Beckman_in_microns.txt,D:\usgs_splib07\../GIFplots/GIFplots_splib07a/ChapterS_SoilsAndMixtures/splib07a_Mesolite+Hydroxyapop_GDS6_BECKb_AREF.gif,D:\usgs_splib07\../GIFplots/GIFplots_splib07a/plots_by_wavelength_region/range1_uv_to_visible/splib07a_Mesolite+Hydroxyapop_GDS6_BECKb_AREF_range1_uv_to_vis.gif,D:\usgs_splib07\../GIFplots/GIFplots_splib07a/plots_by_wavelength_region/range2_visible_to_swir/splib07a_Mesolite+Hydroxyapop_GDS6_BECKb_AREF_range2_vis_to_swir.gif,D:\usgs_splib07\../GIFplots/GIFplots_splib07a/plots_by_wavelength_region/range3_swir/splib07a_Mesolite+Hydroxyapop_GDS6_BECKb_AREF_range3_swir.gif,,,D:\usgs_splib07\../GIFplots/GIFplots_splib07a/splib07a_Wavelengths_BECK_Beckman_0.2-3.0_microns.gif,D:\usgs_splib07\../GIFplots/GIFplots_splib07a/splib07a_Bandpass_(FWHM)_BECK_Beckman_in_microns.gif
Mesolite+Hydroxyapop GDS6    NIC4bc RREF,D:\usgs_splib07\../HTMLmetadata/Mesolite+Hydroxyapop_GDS6_NIC4bc_RREF.html,D:\usgs_splib07\../ASCIIdata/ASCIIdata_splib07a/ChapterS_SoilsAndMixtures/splib07a_Mesolite+Hydroxyapop_GDS6_NIC4bc_RREF.txt,,D:\usgs_splib07\../ASCIIdata/ASCIIdata_splib07a/splib07a_Wavelengths_NIC4_Nicolet_1.12-216microns.txt,D:\usgs_splib07\../ASCIIdata/ASCIIdata_splib07a/splib07a_Bandpass_(FWHM)_NIC4_Nicolet_in_microns.txt,D:\usgs_splib07\../GIFplots/GIFplots_splib07a/ChapterS_SoilsAndMixtures/splib07a_Mesolite+Hydroxyapop_GDS6_NIC4bc_RREF.gif,,D:\usgs_splib07\../GIFplots/GIFplots_splib07a/plots_by_wavelength_region/range2_visible_to_swir/splib07a_Mesolite+Hydroxyapop_GDS6_NIC4bc_RREF_range2_vis_to_swir.gif,D:\usgs_splib07\../GIFplots/GIFplots_splib07a/plots_by_wavelength_region/range3_swir/splib07a_Mesolite+Hydroxyapop_GDS6_NIC4bc_RREF_range3_swir.gif,D:\usgs_splib07\../GIFplots/GIFplots_splib07a/plots_by_wavelength_region/range4_swir_to_mir/splib07a_Mesolite+Hydroxyapop_GDS6_NIC4bc_RREF_range4_swir_to_mir.gif,D:\usgs_splib07\../GIFplots/GIFplots_splib07a/plots_by_wavelength_region/range5_swir_to_fir_wavenumber/splib07a_Mesolite+Hydroxyapop_GDS6_NIC4bc_RREF_range5_swir_to_fir_wavenumber.gif,D:\usgs_splib07\../GIFplots/GIFplots_splib07a/splib07a_Wavelengths_NIC4_Nicolet_1.12-216microns.gif,D:\usgs_splib07\../GIFplots/GIFplots_splib07a/splib07a_Bandpass_(FWHM)_NIC4_Nicolet_in_microns.gif
Microcline+others HS107.3B    BECKa AREF,D:\usgs_splib07\../HTMLmetadata/Microcline+others_HS107.3B_BECKa_AREF.html,D:\usgs_splib07\../ASCIIdata/ASCIIdata_splib07a/ChapterS_SoilsAndMixtures/splib07a_Microcline+others_HS107.3B_BECKa_AREF.txt,D:\usgs_splib07\../ASCIIdata/ASCIIdata_splib07a/errorbars/errorbars_for_splib07a_Microcline+others_HS107.3B_BECKa_AREF.txt,D:\usgs_splib07\../ASCIIdata/ASCIIdata_splib07a/splib07a_Wavelengths_BECK_Beckman_0.2-3.0_microns.txt,D:\usgs_splib07\../ASCIIdata/ASCIIdata_splib07a/splib07a_Bandpass_(FWHM)_BECK_Beckman_in_microns.txt,D:\usgs_splib07\../GIFplots/GIFplots_splib07a/ChapterS_SoilsAndMixtures/splib07a_Microcline+others_HS107.3B_BECKa_AREF.gif,D:\usgs_splib07\../GIFplots/GIFplots_splib07a/plots_by_wavelength_region/range1_uv_to_visible/splib07a_Microcline+others_HS107.3B_BECKa_AREF_range1_uv_to_vis.gif,D:\usgs_splib07\../GIFplots/GIFplots_splib07a/plots_by_wavelength_region/range2_visible_to_swir/splib07a_Microcline+others_HS107.3B_BECKa_AREF_range2_vis_to_swir.gif,D:\usgs_splib07\../GIFplots/GIFplots_splib07a/plots_by_wavelength_region/range3_swir/splib07a_Microcline+others_HS107.3B_BECKa_AREF_range3_swir.gif,,,D:\usgs_splib07\../GIFplots/GIFplots_splib07a/splib07a_Wavelengths_BECK_Beckman_0.2-3.0_microns.gif,D:\usgs_splib07\../GIFplots/GIFplots_splib07a/splib07a_Bandpass_(FWHM)_BECK_Beckman_in_microns.gif
Microcline+others HS107.3B  NIC4aaa RREF,D:\usgs_splib07\../HTMLmetadata/Microcline+others_HS107.3B_NIC4aaa_RREF.html,D:\usgs_splib07\../ASCIIdata/ASCIIdata_splib07a/ChapterS_SoilsAndMixtures/splib07a_Microcline+others_HS107.3B_NIC4aaa_RREF.txt,,D:\usgs_splib07\../ASCIIdata/ASCIIdata_splib07a/splib07a_Wavelengths_NIC4_Nicolet_1.12-216microns.txt,D:\usgs_splib07\../ASCIIdata/ASCIIdata_splib07a/splib07a_Bandpass_(FWHM)_NIC4_Nicolet_in_microns.txt,D:\usgs_splib07\../GIFplots/GIFplots_splib07a/ChapterS_SoilsAndMixtures/splib07a_Microcline+others_HS107.3B_NIC4aaa_RREF.gif,,D:\usgs_splib07\../GIFplots/GIFplots_splib07a/plots_by_wavelength_region/range2_visible_to_swir/splib07a_Microcline+others_HS107.3B_NIC4aaa_RREF_range2_vis_to_swir.gif,D:\usgs_splib07\../GIFplots/GIFplots_splib07a/plots_by_wavelength_region/range3_swir/splib07a_Microcline+others_HS107.3B_NIC4aaa_RREF_range3_swir.gif,D:\usgs_splib07\../GIFplots/GIFplots_splib07a/plots_by_wavelength_region/range4_swir_to_mir/splib07a_Microcline+others_HS107.3B_NIC4aaa_RREF_range4_swir_to_mir.gif,D:\usgs_splib07\../GIFplots/GIFplots_splib07a/plots_by_wavelength_region/range5_swir_to_fir_wavenumber/splib07a_Microcline+others_HS107.3B_NIC4aaa_RREF_range5_swir_to_fir_wavenumber.gif,D:\usgs_splib07\../GIFplots/GIFplots_splib07a/splib07a_Wavelengths_NIC4_Nicolet_1.12-216microns.gif,D:\usgs_splib07\../GIFplots/GIFplots_splib07a/splib07a_Bandpass_(FWHM)_NIC4_Nicolet_in_microns.gif
Montmorillonite+Illite CM37   BECKb AREF,D:\usgs_splib07\../HTMLmetadata/Montmorillonite+Illite_CM37_BECKb_AREF.html,D:\usgs_splib07\../ASCIIdata/ASCIIdata_splib07a/ChapterS_SoilsAndMixtures/splib07a_Montmorillonite+Illite_CM37_BECKb_AREF.txt,D:\usgs_splib07\../ASCIIdata/ASCIIdata_splib07a/errorbars/errorbars_for_splib07a_Montmorillonite+Illite_CM37_BECKb_AREF.txt,D:\usgs_splib07\../ASCIIdata/ASCIIdata_splib07a/splib07a_Wavelengths_BECK_Beckman_0.2-3.0_microns.txt,D:\usgs_splib07\../ASCIIdata/ASCIIdata_splib07a/splib07a_Bandpass_(FWHM)_BECK_Beckman_in_microns.txt,D:\usgs_splib07\../GIFplots/GIFplots_splib07a/ChapterS_SoilsAndMixtures/splib07a_Montmorillonite+Illite_CM37_BECKb_AREF.gif,D:\usgs_splib07\../GIFplots/GIFplots_splib07a/plots_by_wavelength_region/range1_uv_to_visible/splib07a_Montmorillonite+Illite_CM37_BECKb_AREF_range1_uv_to_vis.gif,D:\usgs_splib07\../GIFplots/GIFplots_splib07a/plots_by_wavelength_region/range2_visible_to_swir/splib07a_Montmorillonite+Illite_CM37_BECKb_AREF_range2_vis_to_swir.gif,D:\usgs_splib07\../GIFplots/GIFplots_splib07a/plots_by_wavelength_region/range3_swir/splib07a_Montmorillonite+Illite_CM37_BECKb_AREF_range3_swir.gif,,,D:\usgs_splib07\../GIFplots/GIFplots_splib07a/splib07a_Wavelengths_BECK_Beckman_0.2-3.0_microns.gif,D:\usgs_splib07\../GIFplots/GIFplots_splib07a/splib07a_Bandpass_(FWHM)_BECK_Beckman_in_microns.gif
Montmorillonite+Illite CM42   BECKb AREF,D:\usgs_splib07\../HTMLmetadata/Montmorillonite+Illite_CM42_BECKb_AREF.html,D:\usgs_splib07\../ASCIIdata/ASCIIdata_splib07a/ChapterS_SoilsAndMixtures/splib07a_Montmorillonite+Illite_CM42_BECKb_AREF.txt,D:\usgs_splib07\../ASCIIdata/ASCIIdata_splib07a/errorbars/errorbars_for_splib07a_Montmorillonite+Illite_CM42_BECKb_AREF.txt,D:\usgs_splib07\../ASCIIdata/ASCIIdata_splib07a/splib07a_Wavelengths_BECK_Beckman_0.2-3.0_microns.txt,D:\usgs_splib07\../ASCIIdata/ASCIIdata_splib07a/splib07a_Bandpass_(FWHM)_BECK_Beckman_in_microns.txt,D:\usgs_splib07\../GIFplots/GIFplots_splib07a/ChapterS_SoilsAndMixtures/splib07a_Montmorillonite+Illite_CM42_BECKb_AREF.gif,D:\usgs_splib07\../GIFplots/GIFplots_splib07a/plots_by_wavelength_region/range1_uv_to_visible/splib07a_Montmorillonite+Illite_CM42_BECKb_AREF_range1_uv_to_vis.gif,D:\usgs_splib07\../GIFplots/GIFplots_splib07a/plots_by_wavelength_region/range2_visible_to_swir/splib07a_Montmorillonite+Illite_CM42_BECKb_AREF_range2_vis_to_swir.gif,D:\usgs_splib07\../GIFplots/GIFplots_splib07a/plots_by_wavelength_region/range3_swir/splib07a_Montmorillonite+Illite_CM42_BECKb_AREF_range3_swir.gif,,,D:\usgs_splib07\../GIFplots/GIFplots_splib07a/splib07a_Wavelengths_BECK_Beckman_0.2-3.0_microns.gif,D:\usgs_splib07\../GIFplots/GIFplots_splib07a/splib07a_Bandpass_(FWHM)_BECK_Beckman_in_microns.gif
Montmorillonite-Na CU93-52A   BECKc AREF,D:\usgs_splib07\../HTMLmetadata/Montmorillonite-Na_CU93-52A_BECKc_AREF.html,D:\usgs_splib07\../ASCIIdata/ASCIIdata_splib07a/ChapterS_SoilsAndMixtures/splib07a_Montmorillonite-Na_CU93-52A_BECKc_AREF.txt,,D:\usgs_splib07\../ASCIIdata/ASCIIdata_splib07a/splib07a_Wavelengths_BECK_Beckman_0.2-3.0_microns.txt,D:\usgs_splib07\../ASCIIdata/ASCIIdata_splib07a/splib07a_Bandpass_(FWHM)_BECK_Beckman_in_microns.txt,D:\usgs_splib07\../GIFplots/GIFplots_splib07a/ChapterS_SoilsAndMixtures/splib07a_Montmorillonite-Na_CU93-52A_BECKc_AREF.gif,D:\usgs_splib07\../GIFplots/GIFplots_splib07a/plots_by_wavelength_region/range1_uv_to_visible/splib07a_Montmorillonite-Na_CU93-52A_BECKc_AREF_range1_uv_to_vis.gif,D:\usgs_splib07\../GIFplots/GIFplots_splib07a/plots_by_wavelength_region/range2_visible_to_swir/splib07a_Montmorillonite-Na_CU93-52A_BECKc_AREF_range2_vis_to_swir.gif,D:\usgs_splib07\../GIFplots/GIFplots_splib07a/plots_by_wavelength_region/range3_swir/splib07a_Montmorillonite-Na_CU93-52A_BECKc_AREF_range3_swir.gif,,,D:\usgs_splib07\../GIFplots/GIFplots_splib07a/splib07a_Wavelengths_BECK_Beckman_0.2-3.0_microns.gif,D:\usgs_splib07\../GIFplots/GIFplots_splib07a/splib07a_Bandpass_(FWHM)_BECK_Beckman_in_microns.gif
Mordenite+Clinopt. GDS151     BECKa AREF,D:\usgs_splib07\../HTMLmetadata/Mordenite+Clinopt._GDS151_BECKa_AREF.html,D:\usgs_splib07\../ASCIIdata/ASCIIdata_splib07a/ChapterS_SoilsAndMixtures/splib07a_Mordenite+Clinopt._GDS151_BECKa_AREF.txt,D:\usgs_splib07\../ASCIIdata/ASCIIdata_splib07a/errorbars/errorbars_for_splib07a_Mordenite+Clinopt._GDS151_BECKa_AREF.txt,D:\usgs_splib07\../ASCIIdata/ASCIIdata_splib07a/splib07a_Wavelengths_BECK_Beckman_0.2-3.0_microns.txt,D:\usgs_splib07\../ASCIIdata/ASCIIdata_splib07a/splib07a_Bandpass_(FWHM)_BECK_Beckman_in_microns.txt,D:\usgs_splib07\../GIFplots/GIFplots_splib07a/ChapterS_SoilsAndMixtures/splib07a_Mordenite+Clinopt._GDS151_BECKa_AREF.gif,D:\usgs_splib07\../GIFplots/GIFplots_splib07a/plots_by_wavelength_region/range1_uv_to_visible/splib07a_Mordenite+Clinopt._GDS151_BECKa_AREF_range1_uv_to_vis.gif,D:\usgs_splib07\../GIFplots/GIFplots_splib07a/plots_by_wavelength_region/range2_visible_to_swir/splib07a_Mordenite+Clinopt._GDS151_BECKa_AREF_range2_vis_to_swir.gif,D:\usgs_splib07\../GIFplots/GIFplots_splib07a/plots_by_wavelength_region/range3_swir/splib07a_Mordenite+Clinopt._GDS151_BECKa_AREF_range3_swir.gif,,,D:\usgs_splib07\../GIFplots/GIFplots_splib07a/splib07a_Wavelengths_BECK_Beckman_0.2-3.0_microns.gif,D:\usgs_splib07\../GIFplots/GIFplots_splib07a/splib07a_Bandpass_(FWHM)_BECK_Beckman_in_microns.gif
Mordenite+Clinopt. GDS151   NIC4bbu RREF,D:\usgs_splib07\../HTMLmetadata/Mordenite+Clinopt._GDS151_NIC4bbu_RREF.html,D:\usgs_splib07\../ASCIIdata/ASCIIdata_splib07a/ChapterS_SoilsAndMixtures/splib07a_Mordenite+Clinopt._GDS151_NIC4bbu_RREF.txt,,D:\usgs_splib07\../ASCIIdata/ASCIIdata_splib07a/splib07a_Wavelengths_NIC4_Nicolet_1.12-216microns.txt,D:\usgs_splib07\../ASCIIdata/ASCIIdata_splib07a/splib07a_Bandpass_(FWHM)_NIC4_Nicolet_in_microns.txt,D:\usgs_splib07\../GIFplots/GIFplots_splib07a/ChapterS_SoilsAndMixtures/splib07a_Mordenite+Clinopt._GDS151_NIC4bbu_RREF.gif,,D:\usgs_splib07\../GIFplots/GIFplots_splib07a/plots_by_wavelength_region/range2_visible_to_swir/splib07a_Mordenite+Clinopt._GDS151_NIC4bbu_RREF_range2_vis_to_swir.gif,D:\usgs_splib07\../GIFplots/GIFplots_splib07a/plots_by_wavelength_region/range3_swir/splib07a_Mordenite+Clinopt._GDS151_NIC4bbu_RREF_range3_swir.gif,D:\usgs_splib07\../GIFplots/GIFplots_splib07a/plots_by_wavelength_region/range4_swir_to_mir/splib07a_Mordenite+Clinopt._GDS151_NIC4bbu_RREF_range4_swir_to_mir.gif,D:\usgs_splib07\../GIFplots/GIFplots_splib07a/plots_by_wavelength_region/range5_swir_to_fir_wavenumber/splib07a_Mordenite+Clinopt._GDS151_NIC4bbu_RREF_range5_swir_to_fir_wavenumber.gif,D:\usgs_splib07\../GIFplots/GIFplots_splib07a/splib07a_Wavelengths_NIC4_Nicolet_1.12-216microns.gif,D:\usgs_splib07\../GIFplots/GIFplots_splib07a/splib07a_Bandpass_(FWHM)_NIC4_Nicolet_in_microns.gif
Muscov+Jaros CU93-314 coatng  BECKb AREF,D:\usgs_splib07\../HTMLmetadata/Muscov+Jaros_CU93-314_coatng_BECKb_AREF.html,D:\usgs_splib07\../ASCIIdata/ASCIIdata_splib07a/ChapterS_SoilsAndMixtures/splib07a_Muscov+Jaros_CU93-314_coatng_BECKb_AREF.txt,,D:\usgs_splib07\../ASCIIdata/ASCIIdata_splib07a/splib07a_Wavelengths_BECK_Beckman_0.2-3.0_microns.txt,D:\usgs_splib07\../ASCIIdata/ASCIIdata_splib07a/splib07a_Bandpass_(FWHM)_BECK_Beckman_in_microns.txt,D:\usgs_splib07\../GIFplots/GIFplots_splib07a/ChapterS_SoilsAndMixtures/splib07a_Muscov+Jaros_CU93-314_coatng_BECKb_AREF.gif,D:\usgs_splib07\../GIFplots/GIFplots_splib07a/plots_by_wavelength_region/range1_uv_to_visible/splib07a_Muscov+Jaros_CU93-314_coatng_BECKb_AREF_range1_uv_to_vis.gif,D:\usgs_splib07\../GIFplots/GIFplots_splib07a/plots_by_wavelength_region/range2_visible_to_swir/splib07a_Muscov+Jaros_CU93-314_coatng_BECKb_AREF_range2_vis_to_swir.gif,D:\usgs_splib07\../GIFplots/GIFplots_splib07a/plots_by_wavelength_region/range3_swir/splib07a_Muscov+Jaros_CU93-314_coatng_BECKb_AREF_range3_swir.gif,,,D:\usgs_splib07\../GIFplots/GIFplots_splib07a/splib07a_Wavelengths_BECK_Beckman_0.2-3.0_microns.gif,D:\usgs_splib07\../GIFplots/GIFplots_splib07a/splib07a_Bandpass_(FWHM)_BECK_Beckman_in_microns.gif
Muscov+Jaros CU93-314 coatng ASDNGb AREF,D:\usgs_splib07\../HTMLmetadata/Muscov+Jaros_CU93-314_coatng_ASDNGb_AREF.html,D:\usgs_splib07\../ASCIIdata/ASCIIdata_splib07a/ChapterS_SoilsAndMixtures/splib07a_Muscov+Jaros_CU93-314_coatng_ASDNGb_AREF.txt,D:\usgs_splib07\../ASCIIdata/ASCIIdata_splib07a/errorbars/errorbars_for_splib07a_Muscov+Jaros_CU93-314_coatng_ASDNGb_AREF.txt,D:\usgs_splib07\../ASCIIdata/ASCIIdata_splib07a/splib07a_Wavelengths_ASD_0.35-2.5_microns_2151_ch.txt,D:\usgs_splib07\../ASCIIdata/ASCIIdata_splib07a/splib07a_Bandpass_(FWHM)_ASDNG_High-Res_NextGen.txt,D:\usgs_splib07\../GIFplots/GIFplots_splib07a/ChapterS_SoilsAndMixtures/splib07a_Muscov+Jaros_CU93-314_coatng_ASDNGb_AREF.gif,D:\usgs_splib07\../GIFplots/GIFplots_splib07a/plots_by_wavelength_region/range1_uv_to_visible/splib07a_Muscov+Jaros_CU93-314_coatng_ASDNGb_AREF_range1_uv_to_vis.gif,D:\usgs_splib07\../GIFplots/GIFplots_splib07a/plots_by_wavelength_region/range2_visible_to_swir/splib07a_Muscov+Jaros_CU93-314_coatng_ASDNGb_AREF_range2_vis_to_swir.gif,D:\usgs_splib07\../GIFplots/GIFplots_splib07a/plots_by_wavelength_region/range3_swir/splib07a_Muscov+Jaros_CU93-314_coatng_ASDNGb_AREF_range3_swir.gif,,,D:\usgs_splib07\../GIFplots/GIFplots_splib07a/splib07a_Wavelengths_ASD_0.35-2.5_microns_2151_ch.gif,D:\usgs_splib07\../GIFplots/GIFplots_splib07a/splib07a_Bandpass_(FWHM)_ASDNG_High-Res_NextGen.gif
Muscovite+Chlorite CU91-253D  NIC4a RREF,D:\usgs_splib07\../HTMLmetadata/Muscovite+Chlorite_CU91-253D_NIC4a_RREF.html,D:\usgs_splib07\../ASCIIdata/ASCIIdata_splib07a/ChapterS_SoilsAndMixtures/splib07a_Muscovite+Chlorite_CU91-253D_NIC4a_RREF.txt,,D:\usgs_splib07\../ASCIIdata/ASCIIdata_splib07a/splib07a_Wavelengths_NIC4_Nicolet_1.12-216microns.txt,D:\usgs_splib07\../ASCIIdata/ASCIIdata_splib07a/splib07a_Bandpass_(FWHM)_NIC4_Nicolet_in_microns.txt,D:\usgs_splib07\../GIFplots/GIFplots_splib07a/ChapterS_SoilsAndMixtures/splib07a_Muscovite+Chlorite_CU91-253D_NIC4a_RREF.gif,,D:\usgs_splib07\../GIFplots/GIFplots_splib07a/plots_by_wavelength_region/range2_visible_to_swir/splib07a_Muscovite+Chlorite_CU91-253D_NIC4a_RREF_range2_vis_to_swir.gif,D:\usgs_splib07\../GIFplots/GIFplots_splib07a/plots_by_wavelength_region/range3_swir/splib07a_Muscovite+Chlorite_CU91-253D_NIC4a_RREF_range3_swir.gif,D:\usgs_splib07\../GIFplots/GIFplots_splib07a/plots_by_wavelength_region/range4_swir_to_mir/splib07a_Muscovite+Chlorite_CU91-253D_NIC4a_RREF_range4_swir_to_mir.gif,D:\usgs_splib07\../GIFplots/GIFplots_splib07a/plots_by_wavelength_region/range5_swir_to_fir_wavenumber/splib07a_Muscovite+Chlorite_CU91-253D_NIC4a_RREF_range5_swir_to_fir_wavenumber.gif,D:\usgs_splib07\../GIFplots/GIFplots_splib07a/splib07a_Wavelengths_NIC4_Nicolet_1.12-216microns.gif,D:\usgs_splib07\../GIFplots/GIFplots_splib07a/splib07a_Bandpass_(FWHM)_NIC4_Nicolet_in_microns.gif
Muscovite+Pyrophyl JH_PYRP1  ASDFRb AREF,D:\usgs_splib07\../HTMLmetadata/Muscovite+Pyrophyl_JH_PYRP1_ASDFRb_AREF.html,D:\usgs_splib07\../ASCIIdata/ASCIIdata_splib07a/ChapterS_SoilsAndMixtures/splib07a_Muscovite+Pyrophyl_JH_PYRP1_ASDFRb_AREF.txt,,D:\usgs_splib07\../ASCIIdata/ASCIIdata_splib07a/splib07a_Wavelengths_ASD_0.35-2.5_microns_2151_ch.txt,D:\usgs_splib07\../ASCIIdata/ASCIIdata_splib07a/splib07a_Bandpass_(FWHM)_ASDFR_StandardResolution.txt,D:\usgs_splib07\../GIFplots/GIFplots_splib07a/ChapterS_SoilsAndMixtures/splib07a_Muscovite+Pyrophyl_JH_PYRP1_ASDFRb_AREF.gif,D:\usgs_splib07\../GIFplots/GIFplots_splib07a/plots_by_wavelength_region/range1_uv_to_visible/splib07a_Muscovite+Pyrophyl_JH_PYRP1_ASDFRb_AREF_range1_uv_to_vis.gif,D:\usgs_splib07\../GIFplots/GIFplots_splib07a/plots_by_wavelength_region/range2_visible_to_swir/splib07a_Muscovite+Pyrophyl_JH_PYRP1_ASDFRb_AREF_range2_vis_to_swir.gif,D:\usgs_splib07\../GIFplots/GIFplots_splib07a/plots_by_wavelength_region/range3_swir/splib07a_Muscovite+Pyrophyl_JH_PYRP1_ASDFRb_AREF_range3_swir.gif,,,D:\usgs_splib07\../GIFplots/GIFplots_splib07a/splib07a_Wavelengths_ASD_0.35-2.5_microns_2151_ch.gif,D:\usgs_splib07\../GIFplots/GIFplots_splib07a/splib07a_Bandpass_(FWHM)_ASDFR_StandardResolution.gif
Muscovite-low-Al CU98-8H     ASDFRb AREF,D:\usgs_splib07\../HTMLmetadata/Muscovite-low-Al_CU98-8H_ASDFRb_AREF.html,D:\usgs_splib07\../ASCIIdata/ASCIIdata_splib07a/ChapterS_SoilsAndMixtures/splib07a_Muscovite-low-Al_CU98-8H_ASDFRb_AREF.txt,,D:\usgs_splib07\../ASCIIdata/ASCIIdata_splib07a/splib07a_Wavelengths_ASD_0.35-2.5_microns_2151_ch.txt,D:\usgs_splib07\../ASCIIdata/ASCIIdata_splib07a/splib07a_Bandpass_(FWHM)_ASDFR_StandardResolution.txt,D:\usgs_splib07\../GIFplots/GIFplots_splib07a/ChapterS_SoilsAndMixtures/splib07a_Muscovite-low-Al_CU98-8H_ASDFRb_AREF.gif,D:\usgs_splib07\../GIFplots/GIFplots_splib07a/plots_by_wavelength_region/range1_uv_to_visible/splib07a_Muscovite-low-Al_CU98-8H_ASDFRb_AREF_range1_uv_to_vis.gif,D:\usgs_splib07\../GIFplots/GIFplots_splib07a/plots_by_wavelength_region/range2_visible_to_swir/splib07a_Muscovite-low-Al_CU98-8H_ASDFRb_AREF_range2_vis_to_swir.gif,D:\usgs_splib07\../GIFplots/GIFplots_splib07a/plots_by_wavelength_region/range3_swir/splib07a_Muscovite-low-Al_CU98-8H_ASDFRb_AREF_range3_swir.gif,,,D:\usgs_splib07\../GIFplots/GIFplots_splib07a/splib07a_Wavelengths_ASD_0.35-2.5_microns_2151_ch.gif,D:\usgs_splib07\../GIFplots/GIFplots_splib07a/splib07a_Bandpass_(FWHM)_ASDFR_StandardResolution.gif
Muscovite-medlowAl CU91-250A ASDFRb AREF,D:\usgs_splib07\../HTMLmetadata/Muscovite-medlowAl_CU91-250A_ASDFRb_AREF.html,D:\usgs_splib07\../ASCIIdata/ASCIIdata_splib07a/ChapterS_SoilsAndMixtures/splib07a_Muscovite-medlowAl_CU91-250A_ASDFRb_AREF.txt,,D:\usgs_splib07\../ASCIIdata/ASCIIdata_splib07a/splib07a_Wavelengths_ASD_0.35-2.5_microns_2151_ch.txt,D:\usgs_splib07\../ASCIIdata/ASCIIdata_splib07a/splib07a_Bandpass_(FWHM)_ASDFR_StandardResolution.txt,D:\usgs_splib07\../GIFplots/GIFplots_splib07a/ChapterS_SoilsAndMixtures/splib07a_Muscovite-medlowAl_CU91-250A_ASDFRb_AREF.gif,D:\usgs_splib07\../GIFplots/GIFplots_splib07a/plots_by_wavelength_region/range1_uv_to_visible/splib07a_Muscovite-medlowAl_CU91-250A_ASDFRb_AREF_range1_uv_to_vis.gif,D:\usgs_splib07\../GIFplots/GIFplots_splib07a/plots_by_wavelength_region/range2_visible_to_swir/splib07a_Muscovite-medlowAl_CU91-250A_ASDFRb_AREF_range2_vis_to_swir.gif,D:\usgs_splib07\../GIFplots/GIFplots_splib07a/plots_by_wavelength_region/range3_swir/splib07a_Muscovite-medlowAl_CU91-250A_ASDFRb_AREF_range3_swir.gif,,,D:\usgs_splib07\../GIFplots/GIFplots_splib07a/splib07a_Wavelengths_ASD_0.35-2.5_microns_2151_ch.gif,D:\usgs_splib07\../GIFplots/GIFplots_splib07a/splib07a_Bandpass_(FWHM)_ASDFR_StandardResolution.gif
Muscovite-medlowAl CU91-250A ASDNGb AREF,D:\usgs_splib07\../HTMLmetadata/Muscovite-medlowAl_CU91-250A_ASDNGb_AREF.html,D:\usgs_splib07\../ASCIIdata/ASCIIdata_splib07a/ChapterS_SoilsAndMixtures/splib07a_Muscovite-medlowAl_CU91-250A_ASDNGb_AREF.txt,D:\usgs_splib07\../ASCIIdata/ASCIIdata_splib07a/errorbars/errorbars_for_splib07a_Muscovite-medlowAl_CU91-250A_ASDNGb_AREF.txt,D:\usgs_splib07\../ASCIIdata/ASCIIdata_splib07a/splib07a_Wavelengths_ASD_0.35-2.5_microns_2151_ch.txt,D:\usgs_splib07\../ASCIIdata/ASCIIdata_splib07a/splib07a_Bandpass_(FWHM)_ASDNG_High-Res_NextGen.txt,D:\usgs_splib07\../GIFplots/GIFplots_splib07a/ChapterS_SoilsAndMixtures/splib07a_Muscovite-medlowAl_CU91-250A_ASDNGb_AREF.gif,D:\usgs_splib07\../GIFplots/GIFplots_splib07a/plots_by_wavelength_region/range1_uv_to_visible/splib07a_Muscovite-medlowAl_CU91-250A_ASDNGb_AREF_range1_uv_to_vis.gif,D:\usgs_splib07\../GIFplots/GIFplots_splib07a/plots_by_wavelength_region/range2_visible_to_swir/splib07a_Muscovite-medlowAl_CU91-250A_ASDNGb_AREF_range2_vis_to_swir.gif,D:\usgs_splib07\../GIFplots/GIFplots_splib07a/plots_by_wavelength_region/range3_swir/splib07a_Muscovite-medlowAl_CU91-250A_ASDNGb_AREF_range3_swir.gif,,,D:\usgs_splib07\../GIFplots/GIFplots_splib07a/splib07a_Wavelengths_ASD_0.35-2.5_microns_2151_ch.gif,D:\usgs_splib07\../GIFplots/GIFplots_splib07a/splib07a_Bandpass_(FWHM)_ASDNG_High-Res_NextGen.gif
Muscovite-medlowAl CU91-250A  NIC4b RREF,D:\usgs_splib07\../HTMLmetadata/Muscovite-medlowAl_CU91-250A_NIC4b_RREF.html,D:\usgs_splib07\../ASCIIdata/ASCIIdata_splib07a/ChapterS_SoilsAndMixtures/splib07a_Muscovite-medlowAl_CU91-250A_NIC4b_RREF.txt,,D:\usgs_splib07\../ASCIIdata/ASCIIdata_splib07a/splib07a_Wavelengths_NIC4_Nicolet_1.12-216microns.txt,D:\usgs_splib07\../ASCIIdata/ASCIIdata_splib07a/splib07a_Bandpass_(FWHM)_NIC4_Nicolet_in_microns.txt,D:\usgs_splib07\../GIFplots/GIFplots_splib07a/ChapterS_SoilsAndMixtures/splib07a_Muscovite-medlowAl_CU91-250A_NIC4b_RREF.gif,,D:\usgs_splib07\../GIFplots/GIFplots_splib07a/plots_by_wavelength_region/range2_visible_to_swir/splib07a_Muscovite-medlowAl_CU91-250A_NIC4b_RREF_range2_vis_to_swir.gif,D:\usgs_splib07\../GIFplots/GIFplots_splib07a/plots_by_wavelength_region/range3_swir/splib07a_Muscovite-medlowAl_CU91-250A_NIC4b_RREF_range3_swir.gif,D:\usgs_splib07\../GIFplots/GIFplots_splib07a/plots_by_wavelength_region/range4_swir_to_mir/splib07a_Muscovite-medlowAl_CU91-250A_NIC4b_RREF_range4_swir_to_mir.gif,D:\usgs_splib07\../GIFplots/GIFplots_splib07a/plots_by_wavelength_region/range5_swir_to_fir_wavenumber/splib07a_Muscovite-medlowAl_CU91-250A_NIC4b_RREF_range5_swir_to_fir_wavenumber.gif,D:\usgs_splib07\../GIFplots/GIFplots_splib07a/splib07a_Wavelengths_NIC4_Nicolet_1.12-216microns.gif,D:\usgs_splib07\../GIFplots/GIFplots_splib07a/splib07a_Bandpass_(FWHM)_NIC4_Nicolet_in_microns.gif
Muscovite-medhi-Al CU91-252D ASDFRc AREF,D:\usgs_splib07\../HTMLmetadata/Muscovite-medhi-Al_CU91-252D_ASDFRc_AREF.html,D:\usgs_splib07\../ASCIIdata/ASCIIdata_splib07a/ChapterS_SoilsAndMixtures/splib07a_Muscovite-medhi-Al_CU91-252D_ASDFRc_AREF.txt,,D:\usgs_splib07\../ASCIIdata/ASCIIdata_splib07a/splib07a_Wavelengths_ASD_0.35-2.5_microns_2151_ch.txt,D:\usgs_splib07\../ASCIIdata/ASCIIdata_splib07a/splib07a_Bandpass_(FWHM)_ASDFR_StandardResolution.txt,D:\usgs_splib07\../GIFplots/GIFplots_splib07a/ChapterS_SoilsAndMixtures/splib07a_Muscovite-medhi-Al_CU91-252D_ASDFRc_AREF.gif,D:\usgs_splib07\../GIFplots/GIFplots_splib07a/plots_by_wavelength_region/range1_uv_to_visible/splib07a_Muscovite-medhi-Al_CU91-252D_ASDFRc_AREF_range1_uv_to_vis.gif,D:\usgs_splib07\../GIFplots/GIFplots_splib07a/plots_by_wavelength_region/range2_visible_to_swir/splib07a_Muscovite-medhi-Al_CU91-252D_ASDFRc_AREF_range2_vis_to_swir.gif,D:\usgs_splib07\../GIFplots/GIFplots_splib07a/plots_by_wavelength_region/range3_swir/splib07a_Muscovite-medhi-Al_CU91-252D_ASDFRc_AREF_range3_swir.gif,,,D:\usgs_splib07\../GIFplots/GIFplots_splib07a/splib07a_Wavelengths_ASD_0.35-2.5_microns_2151_ch.gif,D:\usgs_splib07\../GIFplots/GIFplots_splib07a/splib07a_Bandpass_(FWHM)_ASDFR_StandardResolution.gif
Muscovite-medhi-Al CU91-252D ASDNGc AREF,D:\usgs_splib07\../HTMLmetadata/Muscovite-medhi-Al_CU91-252D_ASDNGc_AREF.html,D:\usgs_splib07\../ASCIIdata/ASCIIdata_splib07a/ChapterS_SoilsAndMixtures/splib07a_Muscovite-medhi-Al_CU91-252D_ASDNGc_AREF.txt,D:\usgs_splib07\../ASCIIdata/ASCIIdata_splib07a/errorbars/errorbars_for_splib07a_Muscovite-medhi-Al_CU91-252D_ASDNGc_AREF.txt,D:\usgs_splib07\../ASCIIdata/ASCIIdata_splib07a/splib07a_Wavelengths_ASD_0.35-2.5_microns_2151_ch.txt,D:\usgs_splib07\../ASCIIdata/ASCIIdata_splib07a/splib07a_Bandpass_(FWHM)_ASDNG_High-Res_NextGen.txt,D:\usgs_splib07\../GIFplots/GIFplots_splib07a/ChapterS_SoilsAndMixtures/splib07a_Muscovite-medhi-Al_CU91-252D_ASDNGc_AREF.gif,D:\usgs_splib07\../GIFplots/GIFplots_splib07a/plots_by_wavelength_region/range1_uv_to_visible/splib07a_Muscovite-medhi-Al_CU91-252D_ASDNGc_AREF_range1_uv_to_vis.gif,D:\usgs_splib07\../GIFplots/GIFplots_splib07a/plots_by_wavelength_region/range2_visible_to_swir/splib07a_Muscovite-medhi-Al_CU91-252D_ASDNGc_AREF_range2_vis_to_swir.gif,D:\usgs_splib07\../GIFplots/GIFplots_splib07a/plots_by_wavelength_region/range3_swir/splib07a_Muscovite-medhi-Al_CU91-252D_ASDNGc_AREF_range3_swir.gif,,,D:\usgs_splib07\../GIFplots/GIFplots_splib07a/splib07a_Wavelengths_ASD_0.35-2.5_microns_2151_ch.gif,D:\usgs_splib07\../GIFplots/GIFplots_splib07a/splib07a_Bandpass_(FWHM)_ASDNG_High-Res_NextGen.gif
Nontronite+others CU00-13A   ASDFRb AREF,D:\usgs_splib07\../HTMLmetadata/Nontronite+others_CU00-13A_ASDFRb_AREF.html,D:\usgs_splib07\../ASCIIdata/ASCIIdata_splib07a/ChapterS_SoilsAndMixtures/splib07a_Nontronite+others_CU00-13A_ASDFRb_AREF.txt,,D:\usgs_splib07\../ASCIIdata/ASCIIdata_splib07a/splib07a_Wavelengths_ASD_0.35-2.5_microns_2151_ch.txt,D:\usgs_splib07\../ASCIIdata/ASCIIdata_splib07a/splib07a_Bandpass_(FWHM)_ASDFR_StandardResolution.txt,D:\usgs_splib07\../GIFplots/GIFplots_splib07a/ChapterS_SoilsAndMixtures/splib07a_Nontronite+others_CU00-13A_ASDFRb_AREF.gif,D:\usgs_splib07\../GIFplots/GIFplots_splib07a/plots_by_wavelength_region/range1_uv_to_visible/splib07a_Nontronite+others_CU00-13A_ASDFRb_AREF_range1_uv_to_vis.gif,D:\usgs_splib07\../GIFplots/GIFplots_splib07a/plots_by_wavelength_region/range2_visible_to_swir/splib07a_Nontronite+others_CU00-13A_ASDFRb_AREF_range2_vis_to_swir.gif,D:\usgs_splib07\../GIFplots/GIFplots_splib07a/plots_by_wavelength_region/range3_swir/splib07a_Nontronite+others_CU00-13A_ASDFRb_AREF_range3_swir.gif,,,D:\usgs_splib07\../GIFplots/GIFplots_splib07a/splib07a_Wavelengths_ASD_0.35-2.5_microns_2151_ch.gif,D:\usgs_splib07\../GIFplots/GIFplots_splib07a/splib07a_Bandpass_(FWHM)_ASDFR_StandardResolution.gif
Natrolite+Zeolite HS168.1B   ASDFRb AREF,D:\usgs_splib07\../HTMLmetadata/Natrolite+Zeolite_HS168.1B_ASDFRb_AREF.html,D:\usgs_splib07\../ASCIIdata/ASCIIdata_splib07a/ChapterS_SoilsAndMixtures/splib07a_Natrolite+Zeolite_HS168.1B_ASDFRb_AREF.txt,,D:\usgs_splib07\../ASCIIdata/ASCIIdata_splib07a/splib07a_Wavelengths_ASD_0.35-2.5_microns_2151_ch.txt,D:\usgs_splib07\../ASCIIdata/ASCIIdata_splib07a/splib07a_Bandpass_(FWHM)_ASDFR_StandardResolution.txt,D:\usgs_splib07\../GIFplots/GIFplots_splib07a/ChapterS_SoilsAndMixtures/splib07a_Natrolite+Zeolite_HS168.1B_ASDFRb_AREF.gif,D:\usgs_splib07\../GIFplots/GIFplots_splib07a/plots_by_wavelength_region/range1_uv_to_visible/splib07a_Natrolite+Zeolite_HS168.1B_ASDFRb_AREF_range1_uv_to_vis.gif,D:\usgs_splib07\../GIFplots/GIFplots_splib07a/plots_by_wavelength_region/range2_visible_to_swir/splib07a_Natrolite+Zeolite_HS168.1B_ASDFRb_AREF_range2_vis_to_swir.gif,D:\usgs_splib07\../GIFplots/GIFplots_splib07a/plots_by_wavelength_region/range3_swir/splib07a_Natrolite+Zeolite_HS168.1B_ASDFRb_AREF_range3_swir.gif,,,D:\usgs_splib07\../GIFplots/GIFplots_splib07a/splib07a_Wavelengths_ASD_0.35-2.5_microns_2151_ch.gif,D:\usgs_splib07\../GIFplots/GIFplots_splib07a/splib07a_Bandpass_(FWHM)_ASDFR_StandardResolution.gif
Natrolite+Zeolite HS168.2B   ASDFRb AREF,D:\usgs_splib07\../HTMLmetadata/Natrolite+Zeolite_HS168.2B_ASDFRb_AREF.html,D:\usgs_splib07\../ASCIIdata/ASCIIdata_splib07a/ChapterS_SoilsAndMixtures/splib07a_Natrolite+Zeolite_HS168.2B_ASDFRb_AREF.txt,,D:\usgs_splib07\../ASCIIdata/ASCIIdata_splib07a/splib07a_Wavelengths_ASD_0.35-2.5_microns_2151_ch.txt,D:\usgs_splib07\../ASCIIdata/ASCIIdata_splib07a/splib07a_Bandpass_(FWHM)_ASDFR_StandardResolution.txt,D:\usgs_splib07\../GIFplots/GIFplots_splib07a/ChapterS_SoilsAndMixtures/splib07a_Natrolite+Zeolite_HS168.2B_ASDFRb_AREF.gif,D:\usgs_splib07\../GIFplots/GIFplots_splib07a/plots_by_wavelength_region/range1_uv_to_visible/splib07a_Natrolite+Zeolite_HS168.2B_ASDFRb_AREF_range1_uv_to_vis.gif,D:\usgs_splib07\../GIFplots/GIFplots_splib07a/plots_by_wavelength_region/range2_visible_to_swir/splib07a_Natrolite+Zeolite_HS168.2B_ASDFRb_AREF_range2_vis_to_swir.gif,D:\usgs_splib07\../GIFplots/GIFplots_splib07a/plots_by_wavelength_region/range3_swir/splib07a_Natrolite+Zeolite_HS168.2B_ASDFRb_AREF_range3_swir.gif,,,D:\usgs_splib07\../GIFplots/GIFplots_splib07a/splib07a_Wavelengths_ASD_0.35-2.5_microns_2151_ch.gif,D:\usgs_splib07\../GIFplots/GIFplots_splib07a/splib07a_Bandpass_(FWHM)_ASDFR_StandardResolution.gif
Natrolite+Zeolite HS168.3B   ASDFRb AREF,D:\usgs_splib07\../HTMLmetadata/Natrolite+Zeolite_HS168.3B_ASDFRb_AREF.html,D:\usgs_splib07\../ASCIIdata/ASCIIdata_splib07a/ChapterS_SoilsAndMixtures/splib07a_Natrolite+Zeolite_HS168.3B_ASDFRb_AREF.txt,,D:\usgs_splib07\../ASCIIdata/ASCIIdata_splib07a/splib07a_Wavelengths_ASD_0.35-2.5_microns_2151_ch.txt,D:\usgs_splib07\../ASCIIdata/ASCIIdata_splib07a/splib07a_Bandpass_(FWHM)_ASDFR_StandardResolution.txt,D:\usgs_splib07\../GIFplots/GIFplots_splib07a/ChapterS_SoilsAndMixtures/splib07a_Natrolite+Zeolite_HS168.3B_ASDFRb_AREF.gif,D:\usgs_splib07\../GIFplots/GIFplots_splib07a/plots_by_wavelength_region/range1_uv_to_visible/splib07a_Natrolite+Zeolite_HS168.3B_ASDFRb_AREF_range1_uv_to_vis.gif,D:\usgs_splib07\../GIFplots/GIFplots_splib07a/plots_by_wavelength_region/range2_visible_to_swir/splib07a_Natrolite+Zeolite_HS168.3B_ASDFRb_AREF_range2_vis_to_swir.gif,D:\usgs_splib07\../GIFplots/GIFplots_splib07a/plots_by_wavelength_region/range3_swir/splib07a_Natrolite+Zeolite_HS168.3B_ASDFRb_AREF_range3_swir.gif,,,D:\usgs_splib07\../GIFplots/GIFplots_splib07a/splib07a_Wavelengths_ASD_0.35-2.5_microns_2151_ch.gif,D:\usgs_splib07\../GIFplots/GIFplots_splib07a/splib07a_Bandpass_(FWHM)_ASDFR_StandardResolution.gif
Natrolite+Zeolite HS168.3B  NIC4bbb RREF,D:\usgs_splib07\../HTMLmetadata/Natrolite+Zeolite_HS168.3B_NIC4bbb_RREF.html,D:\usgs_splib07\../ASCIIdata/ASCIIdata_splib07a/ChapterS_SoilsAndMixtures/splib07a_Natrolite+Zeolite_HS168.3B_NIC4bbb_RREF.txt,,D:\usgs_splib07\../ASCIIdata/ASCIIdata_splib07a/splib07a_Wavelengths_NIC4_Nicolet_1.12-216microns.txt,D:\usgs_splib07\../ASCIIdata/ASCIIdata_splib07a/splib07a_Bandpass_(FWHM)_NIC4_Nicolet_in_microns.txt,D:\usgs_splib07\../GIFplots/GIFplots_splib07a/ChapterS_SoilsAndMixtures/splib07a_Natrolite+Zeolite_HS168.3B_NIC4bbb_RREF.gif,,D:\usgs_splib07\../GIFplots/GIFplots_splib07a/plots_by_wavelength_region/range2_visible_to_swir/splib07a_Natrolite+Zeolite_HS168.3B_NIC4bbb_RREF_range2_vis_to_swir.gif,D:\usgs_splib07\../GIFplots/GIFplots_splib07a/plots_by_wavelength_region/range3_swir/splib07a_Natrolite+Zeolite_HS168.3B_NIC4bbb_RREF_range3_swir.gif,D:\usgs_splib07\../GIFplots/GIFplots_splib07a/plots_by_wavelength_region/range4_swir_to_mir/splib07a_Natrolite+Zeolite_HS168.3B_NIC4bbb_RREF_range4_swir_to_mir.gif,D:\usgs_splib07\../GIFplots/GIFplots_splib07a/plots_by_wavelength_region/range5_swir_to_fir_wavenumber/splib07a_Natrolite+Zeolite_HS168.3B_NIC4bbb_RREF_range5_swir_to_fir_wavenumber.gif,D:\usgs_splib07\../GIFplots/GIFplots_splib07a/splib07a_Wavelengths_NIC4_Nicolet_1.12-216microns.gif,D:\usgs_splib07\../GIFplots/GIFplots_splib07a/splib07a_Bandpass_(FWHM)_NIC4_Nicolet_in_microns.gif
Natrolite+Zeolite HS168.4B   ASDFRb AREF,D:\usgs_splib07\../HTMLmetadata/Natrolite+Zeolite_HS168.4B_ASDFRb_AREF.html,D:\usgs_splib07\../ASCIIdata/ASCIIdata_splib07a/ChapterS_SoilsAndMixtures/splib07a_Natrolite+Zeolite_HS168.4B_ASDFRb_AREF.txt,,D:\usgs_splib07\../ASCIIdata/ASCIIdata_splib07a/splib07a_Wavelengths_ASD_0.35-2.5_microns_2151_ch.txt,D:\usgs_splib07\../ASCIIdata/ASCIIdata_splib07a/splib07a_Bandpass_(FWHM)_ASDFR_StandardResolution.txt,D:\usgs_splib07\../GIFplots/GIFplots_splib07a/ChapterS_SoilsAndMixtures/splib07a_Natrolite+Zeolite_HS168.4B_ASDFRb_AREF.gif,D:\usgs_splib07\../GIFplots/GIFplots_splib07a/plots_by_wavelength_region/range1_uv_to_visible/splib07a_Natrolite+Zeolite_HS168.4B_ASDFRb_AREF_range1_uv_to_vis.gif,D:\usgs_splib07\../GIFplots/GIFplots_splib07a/plots_by_wavelength_region/range2_visible_to_swir/splib07a_Natrolite+Zeolite_HS168.4B_ASDFRb_AREF_range2_vis_to_swir.gif,D:\usgs_splib07\../GIFplots/GIFplots_splib07a/plots_by_wavelength_region/range3_swir/splib07a_Natrolite+Zeolite_HS168.4B_ASDFRb_AREF_range3_swir.gif,,,D:\usgs_splib07\../GIFplots/GIFplots_splib07a/splib07a_Wavelengths_ASD_0.35-2.5_microns_2151_ch.gif,D:\usgs_splib07\../GIFplots/GIFplots_splib07a/splib07a_Bandpass_(FWHM)_ASDFR_StandardResolution.gif
Opalized Tuff CU00-15E       ASDFRb AREF,D:\usgs_splib07\../HTMLmetadata/Opalized_Tuff_CU00-15E_ASDFRb_AREF.html,D:\usgs_splib07\../ASCIIdata/ASCIIdata_splib07a/ChapterS_SoilsAndMixtures/splib07a_Opalized_Tuff_CU00-15E_ASDFRb_AREF.txt,,D:\usgs_splib07\../ASCIIdata/ASCIIdata_splib07a/splib07a_Wavelengths_ASD_0.35-2.5_microns_2151_ch.txt,D:\usgs_splib07\../ASCIIdata/ASCIIdata_splib07a/splib07a_Bandpass_(FWHM)_ASDFR_StandardResolution.txt,D:\usgs_splib07\../GIFplots/GIFplots_splib07a/ChapterS_SoilsAndMixtures/splib07a_Opalized_Tuff_CU00-15E_ASDFRb_AREF.gif,D:\usgs_splib07\../GIFplots/GIFplots_splib07a/plots_by_wavelength_region/range1_uv_to_visible/splib07a_Opalized_Tuff_CU00-15E_ASDFRb_AREF_range1_uv_to_vis.gif,D:\usgs_splib07\../GIFplots/GIFplots_splib07a/plots_by_wavelength_region/range2_visible_to_swir/splib07a_Opalized_Tuff_CU00-15E_ASDFRb_AREF_range2_vis_to_swir.gif,D:\usgs_splib07\../GIFplots/GIFplots_splib07a/plots_by_wavelength_region/range3_swir/splib07a_Opalized_Tuff_CU00-15E_ASDFRb_AREF_range3_swir.gif,,,D:\usgs_splib07\../GIFplots/GIFplots_splib07a/splib07a_Wavelengths_ASD_0.35-2.5_microns_2151_ch.gif,D:\usgs_splib07\../GIFplots/GIFplots_splib07a/splib07a_Bandpass_(FWHM)_ASDFR_StandardResolution.gif
Phlogopite_Sand_Mix BR93-20   BECKa AREF,D:\usgs_splib07\../HTMLmetadata/Phlogopite_Sand_Mix_BR93-20_BECKa_AREF.html,D:\usgs_splib07\../ASCIIdata/ASCIIdata_splib07a/ChapterS_SoilsAndMixtures/splib07a_Phlogopite_Sand_Mix_BR93-20_BECKa_AREF.txt,D:\usgs_splib07\../ASCIIdata/ASCIIdata_splib07a/errorbars/errorbars_for_splib07a_Phlogopite_Sand_Mix_BR93-20_BECKa_AREF.txt,D:\usgs_splib07\../ASCIIdata/ASCIIdata_splib07a/splib07a_Wavelengths_BECK_Beckman_0.2-3.0_microns.txt,D:\usgs_splib07\../ASCIIdata/ASCIIdata_splib07a/splib07a_Bandpass_(FWHM)_BECK_Beckman_in_microns.txt,D:\usgs_splib07\../GIFplots/GIFplots_splib07a/ChapterS_SoilsAndMixtures/splib07a_Phlogopite_Sand_Mix_BR93-20_BECKa_AREF.gif,D:\usgs_splib07\../GIFplots/GIFplots_splib07a/plots_by_wavelength_region/range1_uv_to_visible/splib07a_Phlogopite_Sand_Mix_BR93-20_BECKa_AREF_range1_uv_to_vis.gif,D:\usgs_splib07\../GIFplots/GIFplots_splib07a/plots_by_wavelength_region/range2_visible_to_swir/splib07a_Phlogopite_Sand_Mix_BR93-20_BECKa_AREF_range2_vis_to_swir.gif,D:\usgs_splib07\../GIFplots/GIFplots_splib07a/plots_by_wavelength_region/range3_swir/splib07a_Phlogopite_Sand_Mix_BR93-20_BECKa_AREF_range3_swir.gif,,,D:\usgs_splib07\../GIFplots/GIFplots_splib07a/splib07a_Wavelengths_BECK_Beckman_0.2-3.0_microns.gif,D:\usgs_splib07\../GIFplots/GIFplots_splib07a/splib07a_Bandpass_(FWHM)_BECK_Beckman_in_microns.gif
Pyrite LV95-6A Weath on Tail  BECKb AREF,D:\usgs_splib07\../HTMLmetadata/Pyrite_LV95-6A_Weath_on_Tail_BECKb_AREF.html,D:\usgs_splib07\../ASCIIdata/ASCIIdata_splib07a/ChapterS_SoilsAndMixtures/splib07a_Pyrite_LV95-6A_Weath_on_Tail_BECKb_AREF.txt,,D:\usgs_splib07\../ASCIIdata/ASCIIdata_splib07a/splib07a_Wavelengths_BECK_Beckman_0.2-3.0_microns.txt,D:\usgs_splib07\../ASCIIdata/ASCIIdata_splib07a/splib07a_Bandpass_(FWHM)_BECK_Beckman_in_microns.txt,D:\usgs_splib07\../GIFplots/GIFplots_splib07a/ChapterS_SoilsAndMixtures/splib07a_Pyrite_LV95-6A_Weath_on_Tail_BECKb_AREF.gif,D:\usgs_splib07\../GIFplots/GIFplots_splib07a/plots_by_wavelength_region/range1_uv_to_visible/splib07a_Pyrite_LV95-6A_Weath_on_Tail_BECKb_AREF_range1_uv_to_vis.gif,D:\usgs_splib07\../GIFplots/GIFplots_splib07a/plots_by_wavelength_region/range2_visible_to_swir/splib07a_Pyrite_LV95-6A_Weath_on_Tail_BECKb_AREF_range2_vis_to_swir.gif,D:\usgs_splib07\../GIFplots/GIFplots_splib07a/plots_by_wavelength_region/range3_swir/splib07a_Pyrite_LV95-6A_Weath_on_Tail_BECKb_AREF_range3_swir.gif,,,D:\usgs_splib07\../GIFplots/GIFplots_splib07a/splib07a_Wavelengths_BECK_Beckman_0.2-3.0_microns.gif,D:\usgs_splib07\../GIFplots/GIFplots_splib07a/splib07a_Bandpass_(FWHM)_BECK_Beckman_in_microns.gif
Pyrophyl+Muscovite JH_PYRM1  ASDFRb AREF,D:\usgs_splib07\../HTMLmetadata/Pyrophyl+Muscovite_JH_PYRM1_ASDFRb_AREF.html,D:\usgs_splib07\../ASCIIdata/ASCIIdata_splib07a/ChapterS_SoilsAndMixtures/splib07a_Pyrophyl+Muscovite_JH_PYRM1_ASDFRb_AREF.txt,,D:\usgs_splib07\../ASCIIdata/ASCIIdata_splib07a/splib07a_Wavelengths_ASD_0.35-2.5_microns_2151_ch.txt,D:\usgs_splib07\../ASCIIdata/ASCIIdata_splib07a/splib07a_Bandpass_(FWHM)_ASDFR_StandardResolution.txt,D:\usgs_splib07\../GIFplots/GIFplots_splib07a/ChapterS_SoilsAndMixtures/splib07a_Pyrophyl+Muscovite_JH_PYRM1_ASDFRb_AREF.gif,D:\usgs_splib07\../GIFplots/GIFplots_splib07a/plots_by_wavelength_region/range1_uv_to_visible/splib07a_Pyrophyl+Muscovite_JH_PYRM1_ASDFRb_AREF_range1_uv_to_vis.gif,D:\usgs_splib07\../GIFplots/GIFplots_splib07a/plots_by_wavelength_region/range2_visible_to_swir/splib07a_Pyrophyl+Muscovite_JH_PYRM1_ASDFRb_AREF_range2_vis_to_swir.gif,D:\usgs_splib07\../GIFplots/GIFplots_splib07a/plots_by_wavelength_region/range3_swir/splib07a_Pyrophyl+Muscovite_JH_PYRM1_ASDFRb_AREF_range3_swir.gif,,,D:\usgs_splib07\../GIFplots/GIFplots_splib07a/splib07a_Wavelengths_ASD_0.35-2.5_microns_2151_ch.gif,D:\usgs_splib07\../GIFplots/GIFplots_splib07a/splib07a_Bandpass_(FWHM)_ASDFR_StandardResolution.gif
Pyrophyl.25+wxlKaol.75 AMX17  BECKb AREF,D:\usgs_splib07\../HTMLmetadata/Pyrophyl.25+wxlKaol.75_AMX17_BECKb_AREF.html,D:\usgs_splib07\../ASCIIdata/ASCIIdata_splib07a/ChapterS_SoilsAndMixtures/splib07a_Pyrophyl.25+wxlKaol.75_AMX17_BECKb_AREF.txt,,D:\usgs_splib07\../ASCIIdata/ASCIIdata_splib07a/splib07a_Wavelengths_BECK_Beckman_0.2-3.0_microns.txt,D:\usgs_splib07\../ASCIIdata/ASCIIdata_splib07a/splib07a_Bandpass_(FWHM)_BECK_Beckman_in_microns.txt,D:\usgs_splib07\../GIFplots/GIFplots_splib07a/ChapterS_SoilsAndMixtures/splib07a_Pyrophyl.25+wxlKaol.75_AMX17_BECKb_AREF.gif,D:\usgs_splib07\../GIFplots/GIFplots_splib07a/plots_by_wavelength_region/range1_uv_to_visible/splib07a_Pyrophyl.25+wxlKaol.75_AMX17_BECKb_AREF_range1_uv_to_vis.gif,D:\usgs_splib07\../GIFplots/GIFplots_splib07a/plots_by_wavelength_region/range2_visible_to_swir/splib07a_Pyrophyl.25+wxlKaol.75_AMX17_BECKb_AREF_range2_vis_to_swir.gif,D:\usgs_splib07\../GIFplots/GIFplots_splib07a/plots_by_wavelength_region/range3_swir/splib07a_Pyrophyl.25+wxlKaol.75_AMX17_BECKb_AREF_range3_swir.gif,,,D:\usgs_splib07\../GIFplots/GIFplots_splib07a/splib07a_Wavelengths_BECK_Beckman_0.2-3.0_microns.gif,D:\usgs_splib07\../GIFplots/GIFplots_splib07a/splib07a_Bandpass_(FWHM)_BECK_Beckman_in_microns.gif
Pyrophyl.25+wxlKaol.75 AMX17 ASDNGb AREF,D:\usgs_splib07\../HTMLmetadata/Pyrophyl.25+wxlKaol.75_AMX17_ASDNGb_AREF.html,D:\usgs_splib07\../ASCIIdata/ASCIIdata_splib07a/ChapterS_SoilsAndMixtures/splib07a_Pyrophyl.25+wxlKaol.75_AMX17_ASDNGb_AREF.txt,,D:\usgs_splib07\../ASCIIdata/ASCIIdata_splib07a/splib07a_Wavelengths_ASD_0.35-2.5_microns_2151_ch.txt,D:\usgs_splib07\../ASCIIdata/ASCIIdata_splib07a/splib07a_Bandpass_(FWHM)_ASDNG_High-Res_NextGen.txt,D:\usgs_splib07\../GIFplots/GIFplots_splib07a/ChapterS_SoilsAndMixtures/splib07a_Pyrophyl.25+wxlKaol.75_AMX17_ASDNGb_AREF.gif,D:\usgs_splib07\../GIFplots/GIFplots_splib07a/plots_by_wavelength_region/range1_uv_to_visible/splib07a_Pyrophyl.25+wxlKaol.75_AMX17_ASDNGb_AREF_range1_uv_to_vis.gif,D:\usgs_splib07\../GIFplots/GIFplots_splib07a/plots_by_wavelength_region/range2_visible_to_swir/splib07a_Pyrophyl.25+wxlKaol.75_AMX17_ASDNGb_AREF_range2_vis_to_swir.gif,D:\usgs_splib07\../GIFplots/GIFplots_splib07a/plots_by_wavelength_region/range3_swir/splib07a_Pyrophyl.25+wxlKaol.75_AMX17_ASDNGb_AREF_range3_swir.gif,,,D:\usgs_splib07\../GIFplots/GIFplots_splib07a/splib07a_Wavelengths_ASD_0.35-2.5_microns_2151_ch.gif,D:\usgs_splib07\../GIFplots/GIFplots_splib07a/splib07a_Bandpass_(FWHM)_ASDNG_High-Res_NextGen.gif
Pyrophyl.25+wxlKaol.75 AMX17  NIC4b AREF,D:\usgs_splib07\../HTMLmetadata/Pyrophyl.25+wxlKaol.75_AMX17_NIC4b_AREF.html,D:\usgs_splib07\../ASCIIdata/ASCIIdata_splib07a/ChapterS_SoilsAndMixtures/splib07a_Pyrophyl.25+wxlKaol.75_AMX17_NIC4b_AREF.txt,,D:\usgs_splib07\../ASCIIdata/ASCIIdata_splib07a/splib07a_Wavelengths_NIC4_Nicolet_1.12-216microns.txt,D:\usgs_splib07\../ASCIIdata/ASCIIdata_splib07a/splib07a_Bandpass_(FWHM)_NIC4_Nicolet_in_microns.txt,D:\usgs_splib07\../GIFplots/GIFplots_splib07a/ChapterS_SoilsAndMixtures/splib07a_Pyrophyl.25+wxlKaol.75_AMX17_NIC4b_AREF.gif,,D:\usgs_splib07\../GIFplots/GIFplots_splib07a/plots_by_wavelength_region/range2_visible_to_swir/splib07a_Pyrophyl.25+wxlKaol.75_AMX17_NIC4b_AREF_range2_vis_to_swir.gif,D:\usgs_splib07\../GIFplots/GIFplots_splib07a/plots_by_wavelength_region/range3_swir/splib07a_Pyrophyl.25+wxlKaol.75_AMX17_NIC4b_AREF_range3_swir.gif,D:\usgs_splib07\../GIFplots/GIFplots_splib07a/plots_by_wavelength_region/range4_swir_to_mir/splib07a_Pyrophyl.25+wxlKaol.75_AMX17_NIC4b_AREF_range4_swir_to_mir.gif,D:\usgs_splib07\../GIFplots/GIFplots_splib07a/plots_by_wavelength_region/range5_swir_to_fir_wavenumber/splib07a_Pyrophyl.25+wxlKaol.75_AMX17_NIC4b_AREF_range5_swir_to_fir_wavenumber.gif,D:\usgs_splib07\../GIFplots/GIFplots_splib07a/splib07a_Wavelengths_NIC4_Nicolet_1.12-216microns.gif,D:\usgs_splib07\../GIFplots/GIFplots_splib07a/splib07a_Bandpass_(FWHM)_NIC4_Nicolet_in_microns.gif
Pyrophyl.50+Ca-Mont.50 AMX16  BECKa AREF,D:\usgs_splib07\../HTMLmetadata/Pyrophyl.50+Ca-Mont.50_AMX16_BECKa_AREF.html,D:\usgs_splib07\../ASCIIdata/ASCIIdata_splib07a/ChapterS_SoilsAndMixtures/splib07a_Pyrophyl.50+Ca-Mont.50_AMX16_BECKa_AREF.txt,D:\usgs_splib07\../ASCIIdata/ASCIIdata_splib07a/errorbars/errorbars_for_splib07a_Pyrophyl.50+Ca-Mont.50_AMX16_BECKa_AREF.txt,D:\usgs_splib07\../ASCIIdata/ASCIIdata_splib07a/splib07a_Wavelengths_BECK_Beckman_0.2-3.0_microns.txt,D:\usgs_splib07\../ASCIIdata/ASCIIdata_splib07a/splib07a_Bandpass_(FWHM)_BECK_Beckman_in_microns.txt,D:\usgs_splib07\../GIFplots/GIFplots_splib07a/ChapterS_SoilsAndMixtures/splib07a_Pyrophyl.50+Ca-Mont.50_AMX16_BECKa_AREF.gif,D:\usgs_splib07\../GIFplots/GIFplots_splib07a/plots_by_wavelength_region/range1_uv_to_visible/splib07a_Pyrophyl.50+Ca-Mont.50_AMX16_BECKa_AREF_range1_uv_to_vis.gif,D:\usgs_splib07\../GIFplots/GIFplots_splib07a/plots_by_wavelength_region/range2_visible_to_swir/splib07a_Pyrophyl.50+Ca-Mont.50_AMX16_BECKa_AREF_range2_vis_to_swir.gif,D:\usgs_splib07\../GIFplots/GIFplots_splib07a/plots_by_wavelength_region/range3_swir/splib07a_Pyrophyl.50+Ca-Mont.50_AMX16_BECKa_AREF_range3_swir.gif,,,D:\usgs_splib07\../GIFplots/GIFplots_splib07a/splib07a_Wavelengths_BECK_Beckman_0.2-3.0_microns.gif,D:\usgs_splib07\../GIFplots/GIFplots_splib07a/splib07a_Bandpass_(FWHM)_BECK_Beckman_in_microns.gif
Pyrophyl.50+Ca-Mont.50 AMX16 ASDNGa AREF,D:\usgs_splib07\../HTMLmetadata/Pyrophyl.50+Ca-Mont.50_AMX16_ASDNGa_AREF.html,D:\usgs_splib07\../ASCIIdata/ASCIIdata_splib07a/ChapterS_SoilsAndMixtures/splib07a_Pyrophyl.50+Ca-Mont.50_AMX16_ASDNGa_AREF.txt,,D:\usgs_splib07\../ASCIIdata/ASCIIdata_splib07a/splib07a_Wavelengths_ASD_0.35-2.5_microns_2151_ch.txt,D:\usgs_splib07\../ASCIIdata/ASCIIdata_splib07a/splib07a_Bandpass_(FWHM)_ASDNG_High-Res_NextGen.txt,D:\usgs_splib07\../GIFplots/GIFplots_splib07a/ChapterS_SoilsAndMixtures/splib07a_Pyrophyl.50+Ca-Mont.50_AMX16_ASDNGa_AREF.gif,D:\usgs_splib07\../GIFplots/GIFplots_splib07a/plots_by_wavelength_region/range1_uv_to_visible/splib07a_Pyrophyl.50+Ca-Mont.50_AMX16_ASDNGa_AREF_range1_uv_to_vis.gif,D:\usgs_splib07\../GIFplots/GIFplots_splib07a/plots_by_wavelength_region/range2_visible_to_swir/splib07a_Pyrophyl.50+Ca-Mont.50_AMX16_ASDNGa_AREF_range2_vis_to_swir.gif,D:\usgs_splib07\../GIFplots/GIFplots_splib07a/plots_by_wavelength_region/range3_swir/splib07a_Pyrophyl.50+Ca-Mont.50_AMX16_ASDNGa_AREF_range3_swir.gif,,,D:\usgs_splib07\../GIFplots/GIFplots_splib07a/splib07a_Wavelengths_ASD_0.35-2.5_microns_2151_ch.gif,D:\usgs_splib07\../GIFplots/GIFplots_splib07a/splib07a_Bandpass_(FWHM)_ASDNG_High-Res_NextGen.gif
Pyroxene_Basalt CU01-20A     ASDFRa AREF,D:\usgs_splib07\../HTMLmetadata/Pyroxene_Basalt_CU01-20A_ASDFRa_AREF.html,D:\usgs_splib07\../ASCIIdata/ASCIIdata_splib07a/ChapterS_SoilsAndMixtures/splib07a_Pyroxene_Basalt_CU01-20A_ASDFRa_AREF.txt,,D:\usgs_splib07\../ASCIIdata/ASCIIdata_splib07a/splib07a_Wavelengths_ASD_0.35-2.5_microns_2151_ch.txt,D:\usgs_splib07\../ASCIIdata/ASCIIdata_splib07a/splib07a_Bandpass_(FWHM)_ASDFR_StandardResolution.txt,D:\usgs_splib07\../GIFplots/GIFplots_splib07a/ChapterS_SoilsAndMixtures/splib07a_Pyroxene_Basalt_CU01-20A_ASDFRa_AREF.gif,D:\usgs_splib07\../GIFplots/GIFplots_splib07a/plots_by_wavelength_region/range1_uv_to_visible/splib07a_Pyroxene_Basalt_CU01-20A_ASDFRa_AREF_range1_uv_to_vis.gif,D:\usgs_splib07\../GIFplots/GIFplots_splib07a/plots_by_wavelength_region/range2_visible_to_swir/splib07a_Pyroxene_Basalt_CU01-20A_ASDFRa_AREF_range2_vis_to_swir.gif,D:\usgs_splib07\../GIFplots/GIFplots_splib07a/plots_by_wavelength_region/range3_swir/splib07a_Pyroxene_Basalt_CU01-20A_ASDFRa_AREF_range3_swir.gif,,,D:\usgs_splib07\../GIFplots/GIFplots_splib07a/splib07a_Wavelengths_ASD_0.35-2.5_microns_2151_ch.gif,D:\usgs_splib07\../GIFplots/GIFplots_splib07a/splib07a_Bandpass_(FWHM)_ASDFR_StandardResolution.gif
Sand DWO-3-DEL2a  no vis.oil ASDFRa AREF,D:\usgs_splib07\../HTMLmetadata/Sand_DWO-3-DEL2a_no_vis.oil_ASDFRa_AREF.html,D:\usgs_splib07\../ASCIIdata/ASCIIdata_splib07a/ChapterS_SoilsAndMixtures/splib07a_Sand_DWO-3-DEL2a_no_vis.oil_ASDFRa_AREF.txt,D:\usgs_splib07\../ASCIIdata/ASCIIdata_splib07a/errorbars/errorbars_for_splib07a_Sand_DWO-3-DEL2a_no_vis.oil_ASDFRa_AREF.txt,D:\usgs_splib07\../ASCIIdata/ASCIIdata_splib07a/splib07a_Wavelengths_ASD_0.35-2.5_microns_2151_ch.txt,D:\usgs_splib07\../ASCIIdata/ASCIIdata_splib07a/splib07a_Bandpass_(FWHM)_ASDFR_StandardResolution.txt,D:\usgs_splib07\../GIFplots/GIFplots_splib07a/ChapterS_SoilsAndMixtures/splib07a_Sand_DWO-3-DEL2a_no_vis.oil_ASDFRa_AREF.gif,D:\usgs_splib07\../GIFplots/GIFplots_splib07a/plots_by_wavelength_region/range1_uv_to_visible/splib07a_Sand_DWO-3-DEL2a_no_vis.oil_ASDFRa_AREF_range1_uv_to_vis.gif,D:\usgs_splib07\../GIFplots/GIFplots_splib07a/plots_by_wavelength_region/range2_visible_to_swir/splib07a_Sand_DWO-3-DEL2a_no_vis.oil_ASDFRa_AREF_range2_vis_to_swir.gif,D:\usgs_splib07\../GIFplots/GIFplots_splib07a/plots_by_wavelength_region/range3_swir/splib07a_Sand_DWO-3-DEL2a_no_vis.oil_ASDFRa_AREF_range3_swir.gif,,,D:\usgs_splib07\../GIFplots/GIFplots_splib07a/splib07a_Wavelengths_ASD_0.35-2.5_microns_2151_ch.gif,D:\usgs_splib07\../GIFplots/GIFplots_splib07a/splib07a_Bandpass_(FWHM)_ASDFR_StandardResolution.gif
Sand DWO-3-DEL2b wet  no oil ASDFRa AREF,D:\usgs_splib07\../HTMLmetadata/Sand_DWO-3-DEL2b_wet_no_oil_ASDFRa_AREF.html,D:\usgs_splib07\../ASCIIdata/ASCIIdata_splib07a/ChapterS_SoilsAndMixtures/splib07a_Sand_DWO-3-DEL2b_wet_no_oil_ASDFRa_AREF.txt,D:\usgs_splib07\../ASCIIdata/ASCIIdata_splib07a/errorbars/errorbars_for_splib07a_Sand_DWO-3-DEL2b_wet_no_oil_ASDFRa_AREF.txt,D:\usgs_splib07\../ASCIIdata/ASCIIdata_splib07a/splib07a_Wavelengths_ASD_0.35-2.5_microns_2151_ch.txt,D:\usgs_splib07\../ASCIIdata/ASCIIdata_splib07a/splib07a_Bandpass_(FWHM)_ASDFR_StandardResolution.txt,D:\usgs_splib07\../GIFplots/GIFplots_splib07a/ChapterS_SoilsAndMixtures/splib07a_Sand_DWO-3-DEL2b_wet_no_oil_ASDFRa_AREF.gif,D:\usgs_splib07\../GIFplots/GIFplots_splib07a/plots_by_wavelength_region/range1_uv_to_visible/splib07a_Sand_DWO-3-DEL2b_wet_no_oil_ASDFRa_AREF_range1_uv_to_vis.gif,D:\usgs_splib07\../GIFplots/GIFplots_splib07a/plots_by_wavelength_region/range2_visible_to_swir/splib07a_Sand_DWO-3-DEL2b_wet_no_oil_ASDFRa_AREF_range2_vis_to_swir.gif,D:\usgs_splib07\../GIFplots/GIFplots_splib07a/plots_by_wavelength_region/range3_swir/splib07a_Sand_DWO-3-DEL2b_wet_no_oil_ASDFRa_AREF_range3_swir.gif,,,D:\usgs_splib07\../GIFplots/GIFplots_splib07a/splib07a_Wavelengths_ASD_0.35-2.5_microns_2151_ch.gif,D:\usgs_splib07\../GIFplots/GIFplots_splib07a/splib07a_Bandpass_(FWHM)_ASDFR_StandardResolution.gif
Sand DWO-3-DEL2c  no vis.oil ASDFRa AREF,D:\usgs_splib07\../HTMLmetadata/Sand_DWO-3-DEL2c_no_vis.oil_ASDFRa_AREF.html,D:\usgs_splib07\../ASCIIdata/ASCIIdata_splib07a/ChapterS_SoilsAndMixtures/splib07a_Sand_DWO-3-DEL2c_no_vis.oil_ASDFRa_AREF.txt,D:\usgs_splib07\../ASCIIdata/ASCIIdata_splib07a/errorbars/errorbars_for_splib07a_Sand_DWO-3-DEL2c_no_vis.oil_ASDFRa_AREF.txt,D:\usgs_splib07\../ASCIIdata/ASCIIdata_splib07a/splib07a_Wavelengths_ASD_0.35-2.5_microns_2151_ch.txt,D:\usgs_splib07\../ASCIIdata/ASCIIdata_splib07a/splib07a_Bandpass_(FWHM)_ASDFR_StandardResolution.txt,D:\usgs_splib07\../GIFplots/GIFplots_splib07a/ChapterS_SoilsAndMixtures/splib07a_Sand_DWO-3-DEL2c_no_vis.oil_ASDFRa_AREF.gif,D:\usgs_splib07\../GIFplots/GIFplots_splib07a/plots_by_wavelength_region/range1_uv_to_visible/splib07a_Sand_DWO-3-DEL2c_no_vis.oil_ASDFRa_AREF_range1_uv_to_vis.gif,D:\usgs_splib07\../GIFplots/GIFplots_splib07a/plots_by_wavelength_region/range2_visible_to_swir/splib07a_Sand_DWO-3-DEL2c_no_vis.oil_ASDFRa_AREF_range2_vis_to_swir.gif,D:\usgs_splib07\../GIFplots/GIFplots_splib07a/plots_by_wavelength_region/range3_swir/splib07a_Sand_DWO-3-DEL2c_no_vis.oil_ASDFRa_AREF_range3_swir.gif,,,D:\usgs_splib07\../GIFplots/GIFplots_splib07a/splib07a_Wavelengths_ASD_0.35-2.5_microns_2151_ch.gif,D:\usgs_splib07\../GIFplots/GIFplots_splib07a/splib07a_Bandpass_(FWHM)_ASDFR_StandardResolution.gif
Sand DWO-3-DEL2d wet  no oil ASDFRa AREF,D:\usgs_splib07\../HTMLmetadata/Sand_DWO-3-DEL2d_wet_no_oil_ASDFRa_AREF.html,D:\usgs_splib07\../ASCIIdata/ASCIIdata_splib07a/ChapterS_SoilsAndMixtures/splib07a_Sand_DWO-3-DEL2d_wet_no_oil_ASDFRa_AREF.txt,D:\usgs_splib07\../ASCIIdata/ASCIIdata_splib07a/errorbars/errorbars_for_splib07a_Sand_DWO-3-DEL2d_wet_no_oil_ASDFRa_AREF.txt,D:\usgs_splib07\../ASCIIdata/ASCIIdata_splib07a/splib07a_Wavelengths_ASD_0.35-2.5_microns_2151_ch.txt,D:\usgs_splib07\../ASCIIdata/ASCIIdata_splib07a/splib07a_Bandpass_(FWHM)_ASDFR_StandardResolution.txt,D:\usgs_splib07\../GIFplots/GIFplots_splib07a/ChapterS_SoilsAndMixtures/splib07a_Sand_DWO-3-DEL2d_wet_no_oil_ASDFRa_AREF.gif,D:\usgs_splib07\../GIFplots/GIFplots_splib07a/plots_by_wavelength_region/range1_uv_to_visible/splib07a_Sand_DWO-3-DEL2d_wet_no_oil_ASDFRa_AREF_range1_uv_to_vis.gif,D:\usgs_splib07\../GIFplots/GIFplots_splib07a/plots_by_wavelength_region/range2_visible_to_swir/splib07a_Sand_DWO-3-DEL2d_wet_no_oil_ASDFRa_AREF_range2_vis_to_swir.gif,D:\usgs_splib07\../GIFplots/GIFplots_splib07a/plots_by_wavelength_region/range3_swir/splib07a_Sand_DWO-3-DEL2d_wet_no_oil_ASDFRa_AREF_range3_swir.gif,,,D:\usgs_splib07\../GIFplots/GIFplots_splib07a/splib07a_Wavelengths_ASD_0.35-2.5_microns_2151_ch.gif,D:\usgs_splib07\../GIFplots/GIFplots_splib07a/splib07a_Bandpass_(FWHM)_ASDFR_StandardResolution.gif
Sand DWO-3-DEL2ar1    no oil ASDFRa AREF,D:\usgs_splib07\../HTMLmetadata/Sand_DWO-3-DEL2ar1_no_oil_ASDFRa_AREF.html,D:\usgs_splib07\../ASCIIdata/ASCIIdata_splib07a/ChapterS_SoilsAndMixtures/splib07a_Sand_DWO-3-DEL2ar1_no_oil_ASDFRa_AREF.txt,D:\usgs_splib07\../ASCIIdata/ASCIIdata_splib07a/errorbars/errorbars_for_splib07a_Sand_DWO-3-DEL2ar1_no_oil_ASDFRa_AREF.txt,D:\usgs_splib07\../ASCIIdata/ASCIIdata_splib07a/splib07a_Wavelengths_ASD_0.35-2.5_microns_2151_ch.txt,D:\usgs_splib07\../ASCIIdata/ASCIIdata_splib07a/splib07a_Bandpass_(FWHM)_ASDFR_StandardResolution.txt,D:\usgs_splib07\../GIFplots/GIFplots_splib07a/ChapterS_SoilsAndMixtures/splib07a_Sand_DWO-3-DEL2ar1_no_oil_ASDFRa_AREF.gif,D:\usgs_splib07\../GIFplots/GIFplots_splib07a/plots_by_wavelength_region/range1_uv_to_visible/splib07a_Sand_DWO-3-DEL2ar1_no_oil_ASDFRa_AREF_range1_uv_to_vis.gif,D:\usgs_splib07\../GIFplots/GIFplots_splib07a/plots_by_wavelength_region/range2_visible_to_swir/splib07a_Sand_DWO-3-DEL2ar1_no_oil_ASDFRa_AREF_range2_vis_to_swir.gif,D:\usgs_splib07\../GIFplots/GIFplots_splib07a/plots_by_wavelength_region/range3_swir/splib07a_Sand_DWO-3-DEL2ar1_no_oil_ASDFRa_AREF_range3_swir.gif,,,D:\usgs_splib07\../GIFplots/GIFplots_splib07a/splib07a_Wavelengths_ASD_0.35-2.5_microns_2151_ch.gif,D:\usgs_splib07\../GIFplots/GIFplots_splib07a/splib07a_Bandpass_(FWHM)_ASDFR_StandardResolution.gif
Sand DWO-3-DEL2ar2 wet noOil ASDFRa AREF,D:\usgs_splib07\../HTMLmetadata/Sand_DWO-3-DEL2ar2_wet_noOil_ASDFRa_AREF.html,D:\usgs_splib07\../ASCIIdata/ASCIIdata_splib07a/ChapterS_SoilsAndMixtures/splib07a_Sand_DWO-3-DEL2ar2_wet_noOil_ASDFRa_AREF.txt,D:\usgs_splib07\../ASCIIdata/ASCIIdata_splib07a/errorbars/errorbars_for_splib07a_Sand_DWO-3-DEL2ar2_wet_noOil_ASDFRa_AREF.txt,D:\usgs_splib07\../ASCIIdata/ASCIIdata_splib07a/splib07a_Wavelengths_ASD_0.35-2.5_microns_2151_ch.txt,D:\usgs_splib07\../ASCIIdata/ASCIIdata_splib07a/splib07a_Bandpass_(FWHM)_ASDFR_StandardResolution.txt,D:\usgs_splib07\../GIFplots/GIFplots_splib07a/ChapterS_SoilsAndMixtures/splib07a_Sand_DWO-3-DEL2ar2_wet_noOil_ASDFRa_AREF.gif,D:\usgs_splib07\../GIFplots/GIFplots_splib07a/plots_by_wavelength_region/range1_uv_to_visible/splib07a_Sand_DWO-3-DEL2ar2_wet_noOil_ASDFRa_AREF_range1_uv_to_vis.gif,D:\usgs_splib07\../GIFplots/GIFplots_splib07a/plots_by_wavelength_region/range2_visible_to_swir/splib07a_Sand_DWO-3-DEL2ar2_wet_noOil_ASDFRa_AREF_range2_vis_to_swir.gif,D:\usgs_splib07\../GIFplots/GIFplots_splib07a/plots_by_wavelength_region/range3_swir/splib07a_Sand_DWO-3-DEL2ar2_wet_noOil_ASDFRa_AREF_range3_swir.gif,,,D:\usgs_splib07\../GIFplots/GIFplots_splib07a/splib07a_Wavelengths_ASD_0.35-2.5_microns_2151_ch.gif,D:\usgs_splib07\../GIFplots/GIFplots_splib07a/splib07a_Bandpass_(FWHM)_ASDFR_StandardResolution.gif
Sand GrndIsle1        no oil ASDFRa AREF,D:\usgs_splib07\../HTMLmetadata/Sand_GrndIsle1_no_oil_ASDFRa_AREF.html,D:\usgs_splib07\../ASCIIdata/ASCIIdata_splib07a/ChapterS_SoilsAndMixtures/splib07a_Sand_GrndIsle1_no_oil_ASDFRa_AREF.txt,D:\usgs_splib07\../ASCIIdata/ASCIIdata_splib07a/errorbars/errorbars_for_splib07a_Sand_GrndIsle1_no_oil_ASDFRa_AREF.txt,D:\usgs_splib07\../ASCIIdata/ASCIIdata_splib07a/splib07a_Wavelengths_ASD_0.35-2.5_microns_2151_ch.txt,D:\usgs_splib07\../ASCIIdata/ASCIIdata_splib07a/splib07a_Bandpass_(FWHM)_ASDFR_StandardResolution.txt,D:\usgs_splib07\../GIFplots/GIFplots_splib07a/ChapterS_SoilsAndMixtures/splib07a_Sand_GrndIsle1_no_oil_ASDFRa_AREF.gif,D:\usgs_splib07\../GIFplots/GIFplots_splib07a/plots_by_wavelength_region/range1_uv_to_visible/splib07a_Sand_GrndIsle1_no_oil_ASDFRa_AREF_range1_uv_to_vis.gif,D:\usgs_splib07\../GIFplots/GIFplots_splib07a/plots_by_wavelength_region/range2_visible_to_swir/splib07a_Sand_GrndIsle1_no_oil_ASDFRa_AREF_range2_vis_to_swir.gif,D:\usgs_splib07\../GIFplots/GIFplots_splib07a/plots_by_wavelength_region/range3_swir/splib07a_Sand_GrndIsle1_no_oil_ASDFRa_AREF_range3_swir.gif,,,D:\usgs_splib07\../GIFplots/GIFplots_splib07a/splib07a_Wavelengths_ASD_0.35-2.5_microns_2151_ch.gif,D:\usgs_splib07\../GIFplots/GIFplots_splib07a/splib07a_Bandpass_(FWHM)_ASDFR_StandardResolution.gif
Sand GrndIsle2 no visibl oil ASDFRa AREF,D:\usgs_splib07\../HTMLmetadata/Sand_GrndIsle2_no_visibl_oil_ASDFRa_AREF.html,D:\usgs_splib07\../ASCIIdata/ASCIIdata_splib07a/ChapterS_SoilsAndMixtures/splib07a_Sand_GrndIsle2_no_visibl_oil_ASDFRa_AREF.txt,D:\usgs_splib07\../ASCIIdata/ASCIIdata_splib07a/errorbars/errorbars_for_splib07a_Sand_GrndIsle2_no_visibl_oil_ASDFRa_AREF.txt,D:\usgs_splib07\../ASCIIdata/ASCIIdata_splib07a/splib07a_Wavelengths_ASD_0.35-2.5_microns_2151_ch.txt,D:\usgs_splib07\../ASCIIdata/ASCIIdata_splib07a/splib07a_Bandpass_(FWHM)_ASDFR_StandardResolution.txt,D:\usgs_splib07\../GIFplots/GIFplots_splib07a/ChapterS_SoilsAndMixtures/splib07a_Sand_GrndIsle2_no_visibl_oil_ASDFRa_AREF.gif,D:\usgs_splib07\../GIFplots/GIFplots_splib07a/plots_by_wavelength_region/range1_uv_to_visible/splib07a_Sand_GrndIsle2_no_visibl_oil_ASDFRa_AREF_range1_uv_to_vis.gif,D:\usgs_splib07\../GIFplots/GIFplots_splib07a/plots_by_wavelength_region/range2_visible_to_swir/splib07a_Sand_GrndIsle2_no_visibl_oil_ASDFRa_AREF_range2_vis_to_swir.gif,D:\usgs_splib07\../GIFplots/GIFplots_splib07a/plots_by_wavelength_region/range3_swir/splib07a_Sand_GrndIsle2_no_visibl_oil_ASDFRa_AREF_range3_swir.gif,,,D:\usgs_splib07\../GIFplots/GIFplots_splib07a/splib07a_Wavelengths_ASD_0.35-2.5_microns_2151_ch.gif,D:\usgs_splib07\../GIFplots/GIFplots_splib07a/splib07a_Bandpass_(FWHM)_ASDFR_StandardResolution.gif
Sanidine+albite NMNH103200    BECKc AREF,D:\usgs_splib07\../HTMLmetadata/Sanidine+albite_NMNH103200_BECKc_AREF.html,D:\usgs_splib07\../ASCIIdata/ASCIIdata_splib07a/ChapterS_SoilsAndMixtures/splib07a_Sanidine+albite_NMNH103200_BECKc_AREF.txt,D:\usgs_splib07\../ASCIIdata/ASCIIdata_splib07a/errorbars/errorbars_for_splib07a_Sanidine+albite_NMNH103200_BECKc_AREF.txt,D:\usgs_splib07\../ASCIIdata/ASCIIdata_splib07a/splib07a_Wavelengths_BECK_Beckman_0.2-3.0_microns.txt,D:\usgs_splib07\../ASCIIdata/ASCIIdata_splib07a/splib07a_Bandpass_(FWHM)_BECK_Beckman_in_microns.txt,D:\usgs_splib07\../GIFplots/GIFplots_splib07a/ChapterS_SoilsAndMixtures/splib07a_Sanidine+albite_NMNH103200_BECKc_AREF.gif,D:\usgs_splib07\../GIFplots/GIFplots_splib07a/plots_by_wavelength_region/range1_uv_to_visible/splib07a_Sanidine+albite_NMNH103200_BECKc_AREF_range1_uv_to_vis.gif,D:\usgs_splib07\../GIFplots/GIFplots_splib07a/plots_by_wavelength_region/range2_visible_to_swir/splib07a_Sanidine+albite_NMNH103200_BECKc_AREF_range2_vis_to_swir.gif,D:\usgs_splib07\../GIFplots/GIFplots_splib07a/plots_by_wavelength_region/range3_swir/splib07a_Sanidine+albite_NMNH103200_BECKc_AREF_range3_swir.gif,,,D:\usgs_splib07\../GIFplots/GIFplots_splib07a/splib07a_Wavelengths_BECK_Beckman_0.2-3.0_microns.gif,D:\usgs_splib07\../GIFplots/GIFplots_splib07a/splib07a_Bandpass_(FWHM)_BECK_Beckman_in_microns.gif
Sanidine+albite NMNH103200   NIC4bb RREF,D:\usgs_splib07\../HTMLmetadata/Sanidine+albite_NMNH103200_NIC4bb_RREF.html,D:\usgs_splib07\../ASCIIdata/ASCIIdata_splib07a/ChapterS_SoilsAndMixtures/splib07a_Sanidine+albite_NMNH103200_NIC4bb_RREF.txt,,D:\usgs_splib07\../ASCIIdata/ASCIIdata_splib07a/splib07a_Wavelengths_NIC4_Nicolet_1.12-216microns.txt,D:\usgs_splib07\../ASCIIdata/ASCIIdata_splib07a/splib07a_Bandpass_(FWHM)_NIC4_Nicolet_in_microns.txt,D:\usgs_splib07\../GIFplots/GIFplots_splib07a/ChapterS_SoilsAndMixtures/splib07a_Sanidine+albite_NMNH103200_NIC4bb_RREF.gif,,D:\usgs_splib07\../GIFplots/GIFplots_splib07a/plots_by_wavelength_region/range2_visible_to_swir/splib07a_Sanidine+albite_NMNH103200_NIC4bb_RREF_range2_vis_to_swir.gif,D:\usgs_splib07\../GIFplots/GIFplots_splib07a/plots_by_wavelength_region/range3_swir/splib07a_Sanidine+albite_NMNH103200_NIC4bb_RREF_range3_swir.gif,D:\usgs_splib07\../GIFplots/GIFplots_splib07a/plots_by_wavelength_region/range4_swir_to_mir/splib07a_Sanidine+albite_NMNH103200_NIC4bb_RREF_range4_swir_to_mir.gif,D:\usgs_splib07\../GIFplots/GIFplots_splib07a/plots_by_wavelength_region/range5_swir_to_fir_wavenumber/splib07a_Sanidine+albite_NMNH103200_NIC4bb_RREF_range5_swir_to_fir_wavenumber.gif,D:\usgs_splib07\../GIFplots/GIFplots_splib07a/splib07a_Wavelengths_NIC4_Nicolet_1.12-216microns.gif,D:\usgs_splib07\../GIFplots/GIFplots_splib07a/splib07a_Bandpass_(FWHM)_NIC4_Nicolet_in_microns.gif
Stonewall_Playa CU93-52A a11  BECKa AREF,D:\usgs_splib07\../HTMLmetadata/Stonewall_Playa_CU93-52A_a11_BECKa_AREF.html,D:\usgs_splib07\../ASCIIdata/ASCIIdata_splib07a/ChapterS_SoilsAndMixtures/splib07a_Stonewall_Playa_CU93-52A_a11_BECKa_AREF.txt,,D:\usgs_splib07\../ASCIIdata/ASCIIdata_splib07a/splib07a_Wavelengths_BECK_Beckman_0.2-3.0_microns.txt,D:\usgs_splib07\../ASCIIdata/ASCIIdata_splib07a/splib07a_Bandpass_(FWHM)_BECK_Beckman_in_microns.txt,D:\usgs_splib07\../GIFplots/GIFplots_splib07a/ChapterS_SoilsAndMixtures/splib07a_Stonewall_Playa_CU93-52A_a11_BECKa_AREF.gif,D:\usgs_splib07\../GIFplots/GIFplots_splib07a/plots_by_wavelength_region/range1_uv_to_visible/splib07a_Stonewall_Playa_CU93-52A_a11_BECKa_AREF_range1_uv_to_vis.gif,D:\usgs_splib07\../GIFplots/GIFplots_splib07a/plots_by_wavelength_region/range2_visible_to_swir/splib07a_Stonewall_Playa_CU93-52A_a11_BECKa_AREF_range2_vis_to_swir.gif,D:\usgs_splib07\../GIFplots/GIFplots_splib07a/plots_by_wavelength_region/range3_swir/splib07a_Stonewall_Playa_CU93-52A_a11_BECKa_AREF_range3_swir.gif,,,D:\usgs_splib07\../GIFplots/GIFplots_splib07a/splib07a_Wavelengths_BECK_Beckman_0.2-3.0_microns.gif,D:\usgs_splib07\../GIFplots/GIFplots_splib07a/splib07a_Bandpass_(FWHM)_BECK_Beckman_in_microns.gif
Stonewall_Playa_Dry_Mud 2001 ASDFRa AREF,D:\usgs_splib07\../HTMLmetadata/Stonewall_Playa_Dry_Mud_2001_ASDFRa_AREF.html,D:\usgs_splib07\../ASCIIdata/ASCIIdata_splib07a/ChapterS_SoilsAndMixtures/splib07a_Stonewall_Playa_Dry_Mud_2001_ASDFRa_AREF.txt,,D:\usgs_splib07\../ASCIIdata/ASCIIdata_splib07a/splib07a_Wavelengths_ASD_0.35-2.5_microns_2151_ch.txt,D:\usgs_splib07\../ASCIIdata/ASCIIdata_splib07a/splib07a_Bandpass_(FWHM)_ASDFR_StandardResolution.txt,D:\usgs_splib07\../GIFplots/GIFplots_splib07a/ChapterS_SoilsAndMixtures/splib07a_Stonewall_Playa_Dry_Mud_2001_ASDFRa_AREF.gif,D:\usgs_splib07\../GIFplots/GIFplots_splib07a/plots_by_wavelength_region/range1_uv_to_visible/splib07a_Stonewall_Playa_Dry_Mud_2001_ASDFRa_AREF_range1_uv_to_vis.gif,D:\usgs_splib07\../GIFplots/GIFplots_splib07a/plots_by_wavelength_region/range2_visible_to_swir/splib07a_Stonewall_Playa_Dry_Mud_2001_ASDFRa_AREF_range2_vis_to_swir.gif,D:\usgs_splib07\../GIFplots/GIFplots_splib07a/plots_by_wavelength_region/range3_swir/splib07a_Stonewall_Playa_Dry_Mud_2001_ASDFRa_AREF_range3_swir.gif,,,D:\usgs_splib07\../GIFplots/GIFplots_splib07a/splib07a_Wavelengths_ASD_0.35-2.5_microns_2151_ch.gif,D:\usgs_splib07\../GIFplots/GIFplots_splib07a/splib07a_Bandpass_(FWHM)_ASDFR_StandardResolution.gif
Talc+Clinochlore HS327.3B     BECKa AREF,D:\usgs_splib07\../HTMLmetadata/Talc+Clinochlore_HS327.3B_BECKa_AREF.html,D:\usgs_splib07\../ASCIIdata/ASCIIdata_splib07a/ChapterS_SoilsAndMixtures/splib07a_Talc+Clinochlore_HS327.3B_BECKa_AREF.txt,,D:\usgs_splib07\../ASCIIdata/ASCIIdata_splib07a/splib07a_Wavelengths_BECK_Beckman_0.2-3.0_microns.txt,D:\usgs_splib07\../ASCIIdata/ASCIIdata_splib07a/splib07a_Bandpass_(FWHM)_BECK_Beckman_in_microns.txt,D:\usgs_splib07\../GIFplots/GIFplots_splib07a/ChapterS_SoilsAndMixtures/splib07a_Talc+Clinochlore_HS327.3B_BECKa_AREF.gif,D:\usgs_splib07\../GIFplots/GIFplots_splib07a/plots_by_wavelength_region/range1_uv_to_visible/splib07a_Talc+Clinochlore_HS327.3B_BECKa_AREF_range1_uv_to_vis.gif,D:\usgs_splib07\../GIFplots/GIFplots_splib07a/plots_by_wavelength_region/range2_visible_to_swir/splib07a_Talc+Clinochlore_HS327.3B_BECKa_AREF_range2_vis_to_swir.gif,D:\usgs_splib07\../GIFplots/GIFplots_splib07a/plots_by_wavelength_region/range3_swir/splib07a_Talc+Clinochlore_HS327.3B_BECKa_AREF_range3_swir.gif,,,D:\usgs_splib07\../GIFplots/GIFplots_splib07a/splib07a_Wavelengths_BECK_Beckman_0.2-3.0_microns.gif,D:\usgs_splib07\../GIFplots/GIFplots_splib07a/splib07a_Bandpass_(FWHM)_BECK_Beckman_in_microns.gif
Talc+Clinochlore HS327.3B    ASDFRa AREF,D:\usgs_splib07\../HTMLmetadata/Talc+Clinochlore_HS327.3B_ASDFRa_AREF.html,D:\usgs_splib07\../ASCIIdata/ASCIIdata_splib07a/ChapterS_SoilsAndMixtures/splib07a_Talc+Clinochlore_HS327.3B_ASDFRa_AREF.txt,,D:\usgs_splib07\../ASCIIdata/ASCIIdata_splib07a/splib07a_Wavelengths_ASD_0.35-2.5_microns_2151_ch.txt,D:\usgs_splib07\../ASCIIdata/ASCIIdata_splib07a/splib07a_Bandpass_(FWHM)_ASDFR_StandardResolution.txt,D:\usgs_splib07\../GIFplots/GIFplots_splib07a/ChapterS_SoilsAndMixtures/splib07a_Talc+Clinochlore_HS327.3B_ASDFRa_AREF.gif,D:\usgs_splib07\../GIFplots/GIFplots_splib07a/plots_by_wavelength_region/range1_uv_to_visible/splib07a_Talc+Clinochlore_HS327.3B_ASDFRa_AREF_range1_uv_to_vis.gif,D:\usgs_splib07\../GIFplots/GIFplots_splib07a/plots_by_wavelength_region/range2_visible_to_swir/splib07a_Talc+Clinochlore_HS327.3B_ASDFRa_AREF_range2_vis_to_swir.gif,D:\usgs_splib07\../GIFplots/GIFplots_splib07a/plots_by_wavelength_region/range3_swir/splib07a_Talc+Clinochlore_HS327.3B_ASDFRa_AREF_range3_swir.gif,,,D:\usgs_splib07\../GIFplots/GIFplots_splib07a/splib07a_Wavelengths_ASD_0.35-2.5_microns_2151_ch.gif,D:\usgs_splib07\../GIFplots/GIFplots_splib07a/splib07a_Bandpass_(FWHM)_ASDFR_StandardResolution.gif
Talc+Clinochlore HS327.3B   NIC4aaa RREF,D:\usgs_splib07\../HTMLmetadata/Talc+Clinochlore_HS327.3B_NIC4aaa_RREF.html,D:\usgs_splib07\../ASCIIdata/ASCIIdata_splib07a/ChapterS_SoilsAndMixtures/splib07a_Talc+Clinochlore_HS327.3B_NIC4aaa_RREF.txt,,D:\usgs_splib07\../ASCIIdata/ASCIIdata_splib07a/splib07a_Wavelengths_NIC4_Nicolet_1.12-216microns.txt,D:\usgs_splib07\../ASCIIdata/ASCIIdata_splib07a/splib07a_Bandpass_(FWHM)_NIC4_Nicolet_in_microns.txt,D:\usgs_splib07\../GIFplots/GIFplots_splib07a/ChapterS_SoilsAndMixtures/splib07a_Talc+Clinochlore_HS327.3B_NIC4aaa_RREF.gif,,D:\usgs_splib07\../GIFplots/GIFplots_splib07a/plots_by_wavelength_region/range2_visible_to_swir/splib07a_Talc+Clinochlore_HS327.3B_NIC4aaa_RREF_range2_vis_to_swir.gif,D:\usgs_splib07\../GIFplots/GIFplots_splib07a/plots_by_wavelength_region/range3_swir/splib07a_Talc+Clinochlore_HS327.3B_NIC4aaa_RREF_range3_swir.gif,D:\usgs_splib07\../GIFplots/GIFplots_splib07a/plots_by_wavelength_region/range4_swir_to_mir/splib07a_Talc+Clinochlore_HS327.3B_NIC4aaa_RREF_range4_swir_to_mir.gif,D:\usgs_splib07\../GIFplots/GIFplots_splib07a/plots_by_wavelength_region/range5_swir_to_fir_wavenumber/splib07a_Talc+Clinochlore_HS327.3B_NIC4aaa_RREF_range5_swir_to_fir_wavenumber.gif,D:\usgs_splib07\../GIFplots/GIFplots_splib07a/splib07a_Wavelengths_NIC4_Nicolet_1.12-216microns.gif,D:\usgs_splib07\../GIFplots/GIFplots_splib07a/splib07a_Bandpass_(FWHM)_NIC4_Nicolet_in_microns.gif
Teepleite+Trona NMNH102798    BECKa AREF,D:\usgs_splib07\../HTMLmetadata/Teepleite+Trona_NMNH102798_BECKa_AREF.html,D:\usgs_splib07\../ASCIIdata/ASCIIdata_splib07a/ChapterS_SoilsAndMixtures/splib07a_Teepleite+Trona_NMNH102798_BECKa_AREF.txt,D:\usgs_splib07\../ASCIIdata/ASCIIdata_splib07a/errorbars/errorbars_for_splib07a_Teepleite+Trona_NMNH102798_BECKa_AREF.txt,D:\usgs_splib07\../ASCIIdata/ASCIIdata_splib07a/splib07a_Wavelengths_BECK_Beckman_0.2-3.0_microns.txt,D:\usgs_splib07\../ASCIIdata/ASCIIdata_splib07a/splib07a_Bandpass_(FWHM)_BECK_Beckman_in_microns.txt,D:\usgs_splib07\../GIFplots/GIFplots_splib07a/ChapterS_SoilsAndMixtures/splib07a_Teepleite+Trona_NMNH102798_BECKa_AREF.gif,D:\usgs_splib07\../GIFplots/GIFplots_splib07a/plots_by_wavelength_region/range1_uv_to_visible/splib07a_Teepleite+Trona_NMNH102798_BECKa_AREF_range1_uv_to_vis.gif,D:\usgs_splib07\../GIFplots/GIFplots_splib07a/plots_by_wavelength_region/range2_visible_to_swir/splib07a_Teepleite+Trona_NMNH102798_BECKa_AREF_range2_vis_to_swir.gif,D:\usgs_splib07\../GIFplots/GIFplots_splib07a/plots_by_wavelength_region/range3_swir/splib07a_Teepleite+Trona_NMNH102798_BECKa_AREF_range3_swir.gif,,,D:\usgs_splib07\../GIFplots/GIFplots_splib07a/splib07a_Wavelengths_BECK_Beckman_0.2-3.0_microns.gif,D:\usgs_splib07\../GIFplots/GIFplots_splib07a/splib07a_Bandpass_(FWHM)_BECK_Beckman_in_microns.gif
Teepleite+Trona NMNH102798  NIC4aau RREF,D:\usgs_splib07\../HTMLmetadata/Teepleite+Trona_NMNH102798_NIC4aau_RREF.html,D:\usgs_splib07\../ASCIIdata/ASCIIdata_splib07a/ChapterS_SoilsAndMixtures/splib07a_Teepleite+Trona_NMNH102798_NIC4aau_RREF.txt,,D:\usgs_splib07\../ASCIIdata/ASCIIdata_splib07a/splib07a_Wavelengths_NIC4_Nicolet_1.12-216microns.txt,D:\usgs_splib07\../ASCIIdata/ASCIIdata_splib07a/splib07a_Bandpass_(FWHM)_NIC4_Nicolet_in_microns.txt,D:\usgs_splib07\../GIFplots/GIFplots_splib07a/ChapterS_SoilsAndMixtures/splib07a_Teepleite+Trona_NMNH102798_NIC4aau_RREF.gif,,D:\usgs_splib07\../GIFplots/GIFplots_splib07a/plots_by_wavelength_region/range2_visible_to_swir/splib07a_Teepleite+Trona_NMNH102798_NIC4aau_RREF_range2_vis_to_swir.gif,D:\usgs_splib07\../GIFplots/GIFplots_splib07a/plots_by_wavelength_region/range3_swir/splib07a_Teepleite+Trona_NMNH102798_NIC4aau_RREF_range3_swir.gif,D:\usgs_splib07\../GIFplots/GIFplots_splib07a/plots_by_wavelength_region/range4_swir_to_mir/splib07a_Teepleite+Trona_NMNH102798_NIC4aau_RREF_range4_swir_to_mir.gif,D:\usgs_splib07\../GIFplots/GIFplots_splib07a/plots_by_wavelength_region/range5_swir_to_fir_wavenumber/splib07a_Teepleite+Trona_NMNH102798_NIC4aau_RREF_range5_swir_to_fir_wavenumber.gif,D:\usgs_splib07\../GIFplots/GIFplots_splib07a/splib07a_Wavelengths_NIC4_Nicolet_1.12-216microns.gif,D:\usgs_splib07\../GIFplots/GIFplots_splib07a/splib07a_Bandpass_(FWHM)_NIC4_Nicolet_in_microns.gif
White_Crust LV30 starkeyite  ASDFRc AREF,D:\usgs_splib07\../HTMLmetadata/White_Crust_LV30_starkeyite_ASDFRc_AREF.html,D:\usgs_splib07\../ASCIIdata/ASCIIdata_splib07a/ChapterS_SoilsAndMixtures/splib07a_White_Crust_LV30_starkeyite_ASDFRc_AREF.txt,,D:\usgs_splib07\../ASCIIdata/ASCIIdata_splib07a/splib07a_Wavelengths_ASD_0.35-2.5_microns_2151_ch.txt,D:\usgs_splib07\../ASCIIdata/ASCIIdata_splib07a/splib07a_Bandpass_(FWHM)_ASDFR_StandardResolution.txt,D:\usgs_splib07\../GIFplots/GIFplots_splib07a/ChapterS_SoilsAndMixtures/splib07a_White_Crust_LV30_starkeyite_ASDFRc_AREF.gif,D:\usgs_splib07\../GIFplots/GIFplots_splib07a/plots_by_wavelength_region/range1_uv_to_visible/splib07a_White_Crust_LV30_starkeyite_ASDFRc_AREF_range1_uv_to_vis.gif,D:\usgs_splib07\../GIFplots/GIFplots_splib07a/plots_by_wavelength_region/range2_visible_to_swir/splib07a_White_Crust_LV30_starkeyite_ASDFRc_AREF_range2_vis_to_swir.gif,D:\usgs_splib07\../GIFplots/GIFplots_splib07a/plots_by_wavelength_region/range3_swir/splib07a_White_Crust_LV30_starkeyite_ASDFRc_AREF_range3_swir.gif,,,D:\usgs_splib07\../GIFplots/GIFplots_splib07a/splib07a_Wavelengths_ASD_0.35-2.5_microns_2151_ch.gif,D:\usgs_splib07\../GIFplots/GIFplots_splib07a/splib07a_Bandpass_(FWHM)_ASDFR_StandardResolution.gif
Xenotime+Monazite_REE WS384  ASDFRa AREF,D:\usgs_splib07\../HTMLmetadata/Xenotime+Monazite_REE_WS384_ASDFRa_AREF.html,D:\usgs_splib07\../ASCIIdata/ASCIIdata_splib07a/ChapterS_SoilsAndMixtures/splib07a_Xenotime+Monazite_REE_WS384_ASDFRa_AREF.txt,,D:\usgs_splib07\../ASCIIdata/ASCIIdata_splib07a/splib07a_Wavelengths_ASD_0.35-2.5_microns_2151_ch.txt,D:\usgs_splib07\../ASCIIdata/ASCIIdata_splib07a/splib07a_Bandpass_(FWHM)_ASDFR_StandardResolution.txt,D:\usgs_splib07\../GIFplots/GIFplots_splib07a/ChapterS_SoilsAndMixtures/splib07a_Xenotime+Monazite_REE_WS384_ASDFRa_AREF.gif,D:\usgs_splib07\../GIFplots/GIFplots_splib07a/plots_by_wavelength_region/range1_uv_to_visible/splib07a_Xenotime+Monazite_REE_WS384_ASDFRa_AREF_range1_uv_to_vis.gif,D:\usgs_splib07\../GIFplots/GIFplots_splib07a/plots_by_wavelength_region/range2_visible_to_swir/splib07a_Xenotime+Monazite_REE_WS384_ASDFRa_AREF_range2_vis_to_swir.gif,D:\usgs_splib07\../GIFplots/GIFplots_splib07a/plots_by_wavelength_region/range3_swir/splib07a_Xenotime+Monazite_REE_WS384_ASDFRa_AREF_range3_swir.gif,,,D:\usgs_splib07\../GIFplots/GIFplots_splib07a/splib07a_Wavelengths_ASD_0.35-2.5_microns_2151_ch.gif,D:\usgs_splib07\../GIFplots/GIFplots_splib07a/splib07a_Bandpass_(FWHM)_ASDFR_StandardResolution.gif
Zincite+Franklin HS147.1B    ASDFRb AREF,D:\usgs_splib07\../HTMLmetadata/Zincite+Franklin_HS147.1B_ASDFRb_AREF.html,D:\usgs_splib07\../ASCIIdata/ASCIIdata_splib07a/ChapterS_SoilsAndMixtures/splib07a_Zincite+Franklin_HS147.1B_ASDFRb_AREF.txt,,D:\usgs_splib07\../ASCIIdata/ASCIIdata_splib07a/splib07a_Wavelengths_ASD_0.35-2.5_microns_2151_ch.txt,D:\usgs_splib07\../ASCIIdata/ASCIIdata_splib07a/splib07a_Bandpass_(FWHM)_ASDFR_StandardResolution.txt,D:\usgs_splib07\../GIFplots/GIFplots_splib07a/ChapterS_SoilsAndMixtures/splib07a_Zincite+Franklin_HS147.1B_ASDFRb_AREF.gif,D:\usgs_splib07\../GIFplots/GIFplots_splib07a/plots_by_wavelength_region/range1_uv_to_visible/splib07a_Zincite+Franklin_HS147.1B_ASDFRb_AREF_range1_uv_to_vis.gif,D:\usgs_splib07\../GIFplots/GIFplots_splib07a/plots_by_wavelength_region/range2_visible_to_swir/splib07a_Zincite+Franklin_HS147.1B_ASDFRb_AREF_range2_vis_to_swir.gif,D:\usgs_splib07\../GIFplots/GIFplots_splib07a/plots_by_wavelength_region/range3_swir/splib07a_Zincite+Franklin_HS147.1B_ASDFRb_AREF_range3_swir.gif,,,D:\usgs_splib07\../GIFplots/GIFplots_splib07a/splib07a_Wavelengths_ASD_0.35-2.5_microns_2151_ch.gif,D:\usgs_splib07\../GIFplots/GIFplots_splib07a/splib07a_Bandpass_(FWHM)_ASDFR_StandardResolution.gif
Zincite+Franklin HS147.2B    ASDFRb AREF,D:\usgs_splib07\../HTMLmetadata/Zincite+Franklin_HS147.2B_ASDFRb_AREF.html,D:\usgs_splib07\../ASCIIdata/ASCIIdata_splib07a/ChapterS_SoilsAndMixtures/splib07a_Zincite+Franklin_HS147.2B_ASDFRb_AREF.txt,,D:\usgs_splib07\../ASCIIdata/ASCIIdata_splib07a/splib07a_Wavelengths_ASD_0.35-2.5_microns_2151_ch.txt,D:\usgs_splib07\../ASCIIdata/ASCIIdata_splib07a/splib07a_Bandpass_(FWHM)_ASDFR_StandardResolution.txt,D:\usgs_splib07\../GIFplots/GIFplots_splib07a/ChapterS_SoilsAndMixtures/splib07a_Zincite+Franklin_HS147.2B_ASDFRb_AREF.gif,D:\usgs_splib07\../GIFplots/GIFplots_splib07a/plots_by_wavelength_region/range1_uv_to_visible/splib07a_Zincite+Franklin_HS147.2B_ASDFRb_AREF_range1_uv_to_vis.gif,D:\usgs_splib07\../GIFplots/GIFplots_splib07a/plots_by_wavelength_region/range2_visible_to_swir/splib07a_Zincite+Franklin_HS147.2B_ASDFRb_AREF_range2_vis_to_swir.gif,D:\usgs_splib07\../GIFplots/GIFplots_splib07a/plots_by_wavelength_region/range3_swir/splib07a_Zincite+Franklin_HS147.2B_ASDFRb_AREF_range3_swir.gif,,,D:\usgs_splib07\../GIFplots/GIFplots_splib07a/splib07a_Wavelengths_ASD_0.35-2.5_microns_2151_ch.gif,D:\usgs_splib07\../GIFplots/GIFplots_splib07a/splib07a_Bandpass_(FWHM)_ASDFR_StandardResolution.gif
Zincite+Franklin HS147.3B     BECKb AREF,D:\usgs_splib07\../HTMLmetadata/Zincite+Franklin_HS147.3B_BECKb_AREF.html,D:\usgs_splib07\../ASCIIdata/ASCIIdata_splib07a/ChapterS_SoilsAndMixtures/splib07a_Zincite+Franklin_HS147.3B_BECKb_AREF.txt,D:\usgs_splib07\../ASCIIdata/ASCIIdata_splib07a/errorbars/errorbars_for_splib07a_Zincite+Franklin_HS147.3B_BECKb_AREF.txt,D:\usgs_splib07\../ASCIIdata/ASCIIdata_splib07a/splib07a_Wavelengths_BECK_Beckman_0.2-3.0_microns.txt,D:\usgs_splib07\../ASCIIdata/ASCIIdata_splib07a/splib07a_Bandpass_(FWHM)_BECK_Beckman_in_microns.txt,D:\usgs_splib07\../GIFplots/GIFplots_splib07a/ChapterS_SoilsAndMixtures/splib07a_Zincite+Franklin_HS147.3B_BECKb_AREF.gif,D:\usgs_splib07\../GIFplots/GIFplots_splib07a/plots_by_wavelength_region/range1_uv_to_visible/splib07a_Zincite+Franklin_HS147.3B_BECKb_AREF_range1_uv_to_vis.gif,D:\usgs_splib07\../GIFplots/GIFplots_splib07a/plots_by_wavelength_region/range2_visible_to_swir/splib07a_Zincite+Franklin_HS147.3B_BECKb_AREF_range2_vis_to_swir.gif,D:\usgs_splib07\../GIFplots/GIFplots_splib07a/plots_by_wavelength_region/range3_swir/splib07a_Zincite+Franklin_HS147.3B_BECKb_AREF_range3_swir.gif,,,D:\usgs_splib07\../GIFplots/GIFplots_splib07a/splib07a_Wavelengths_BECK_Beckman_0.2-3.0_microns.gif,D:\usgs_splib07\../GIFplots/GIFplots_splib07a/splib07a_Bandpass_(FWHM)_BECK_Beckman_in_microns.gif
Zincite+Franklin HS147.3B    ASDFRb AREF,D:\usgs_splib07\../HTMLmetadata/Zincite+Franklin_HS147.3B_ASDFRb_AREF.html,D:\usgs_splib07\../ASCIIdata/ASCIIdata_splib07a/ChapterS_SoilsAndMixtures/splib07a_Zincite+Franklin_HS147.3B_ASDFRb_AREF.txt,,D:\usgs_splib07\../ASCIIdata/ASCIIdata_splib07a/splib07a_Wavelengths_ASD_0.35-2.5_microns_2151_ch.txt,D:\usgs_splib07\../ASCIIdata/ASCIIdata_splib07a/splib07a_Bandpass_(FWHM)_ASDFR_StandardResolution.txt,D:\usgs_splib07\../GIFplots/GIFplots_splib07a/ChapterS_SoilsAndMixtures/splib07a_Zincite+Franklin_HS147.3B_ASDFRb_AREF.gif,D:\usgs_splib07\../GIFplots/GIFplots_splib07a/plots_by_wavelength_region/range1_uv_to_visible/splib07a_Zincite+Franklin_HS147.3B_ASDFRb_AREF_range1_uv_to_vis.gif,D:\usgs_splib07\../GIFplots/GIFplots_splib07a/plots_by_wavelength_region/range2_visible_to_swir/splib07a_Zincite+Franklin_HS147.3B_ASDFRb_AREF_range2_vis_to_swir.gif,D:\usgs_splib07\../GIFplots/GIFplots_splib07a/plots_by_wavelength_region/range3_swir/splib07a_Zincite+Franklin_HS147.3B_ASDFRb_AREF_range3_swir.gif,,,D:\usgs_splib07\../GIFplots/GIFplots_splib07a/splib07a_Wavelengths_ASD_0.35-2.5_microns_2151_ch.gif,D:\usgs_splib07\../GIFplots/GIFplots_splib07a/splib07a_Bandpass_(FWHM)_ASDFR_StandardResolution.gif
Zincite+Franklin HS147.3B    NIC4bb RREF,D:\usgs_splib07\../HTMLmetadata/Zincite+Franklin_HS147.3B_NIC4bb_RREF.html,D:\usgs_splib07\../ASCIIdata/ASCIIdata_splib07a/ChapterS_SoilsAndMixtures/splib07a_Zincite+Franklin_HS147.3B_NIC4bb_RREF.txt,,D:\usgs_splib07\../ASCIIdata/ASCIIdata_splib07a/splib07a_Wavelengths_NIC4_Nicolet_1.12-216microns.txt,D:\usgs_splib07\../ASCIIdata/ASCIIdata_splib07a/splib07a_Bandpass_(FWHM)_NIC4_Nicolet_in_microns.txt,D:\usgs_splib07\../GIFplots/GIFplots_splib07a/ChapterS_SoilsAndMixtures/splib07a_Zincite+Franklin_HS147.3B_NIC4bb_RREF.gif,,D:\usgs_splib07\../GIFplots/GIFplots_splib07a/plots_by_wavelength_region/range2_visible_to_swir/splib07a_Zincite+Franklin_HS147.3B_NIC4bb_RREF_range2_vis_to_swir.gif,D:\usgs_splib07\../GIFplots/GIFplots_splib07a/plots_by_wavelength_region/range3_swir/splib07a_Zincite+Franklin_HS147.3B_NIC4bb_RREF_range3_swir.gif,D:\usgs_splib07\../GIFplots/GIFplots_splib07a/plots_by_wavelength_region/range4_swir_to_mir/splib07a_Zincite+Franklin_HS147.3B_NIC4bb_RREF_range4_swir_to_mir.gif,D:\usgs_splib07\../GIFplots/GIFplots_splib07a/plots_by_wavelength_region/range5_swir_to_fir_wavenumber/splib07a_Zincite+Franklin_HS147.3B_NIC4bb_RREF_range5_swir_to_fir_wavenumber.gif,D:\usgs_splib07\../GIFplots/GIFplots_splib07a/splib07a_Wavelengths_NIC4_Nicolet_1.12-216microns.gif,D:\usgs_splib07\../GIFplots/GIFplots_splib07a/splib07a_Bandpass_(FWHM)_NIC4_Nicolet_in_microns.gif
Zincite+Franklin HS147.4B    ASDFRb AREF,D:\usgs_splib07\../HTMLmetadata/Zincite+Franklin_HS147.4B_ASDFRb_AREF.html,D:\usgs_splib07\../ASCIIdata/ASCIIdata_splib07a/ChapterS_SoilsAndMixtures/splib07a_Zincite+Franklin_HS147.4B_ASDFRb_AREF.txt,,D:\usgs_splib07\../ASCIIdata/ASCIIdata_splib07a/splib07a_Wavelengths_ASD_0.35-2.5_microns_2151_ch.txt,D:\usgs_splib07\../ASCIIdata/ASCIIdata_splib07a/splib07a_Bandpass_(FWHM)_ASDFR_StandardResolution.txt,D:\usgs_splib07\../GIFplots/GIFplots_splib07a/ChapterS_SoilsAndMixtures/splib07a_Zincite+Franklin_HS147.4B_ASDFRb_AREF.gif,D:\usgs_splib07\../GIFplots/GIFplots_splib07a/plots_by_wavelength_region/range1_uv_to_visible/splib07a_Zincite+Franklin_HS147.4B_ASDFRb_AREF_range1_uv_to_vis.gif,D:\usgs_splib07\../GIFplots/GIFplots_splib07a/plots_by_wavelength_region/range2_visible_to_swir/splib07a_Zincite+Franklin_HS147.4B_ASDFRb_AREF_range2_vis_to_swir.gif,D:\usgs_splib07\../GIFplots/GIFplots_splib07a/plots_by_wavelength_region/range3_swir/splib07a_Zincite+Franklin_HS147.4B_ASDFRb_AREF_range3_swir.gif,,,D:\usgs_splib07\../GIFplots/GIFplots_splib07a/splib07a_Wavelengths_ASD_0.35-2.5_microns_2151_ch.gif,D:\usgs_splib07\../GIFplots/GIFplots_splib07a/splib07a_Bandpass_(FWHM)_ASDFR_StandardResolution.gif
