Spectrum Title,HTML Description,ASCII Spectrum ,ASCII Spectrum Error Bars ,ASCII Wavelengths ,ASCII Bandpass ,Full Range Plot,Range 1 Plot: 0.2-1.0 microns,Range 2 Plot: 0.2-2.5 microns,Range 3 Plot: 1.5-5.5 microns,Range 4 Plot: 2.5-25 microns,Range 5 Plot: 4000-50 inverse centimeters,GIF Wavelengths  Plot,GIF Bandpass  Plot
Aspen Aspen-1 green-top      ASDFRa AREF,D:\usgs_splib07\../HTMLmetadata/Aspen_Aspen-1_green-top_ASDFRa_AREF.html,D:\usgs_splib07\../ASCIIdata/ASCIIdata_splib07a/ChapterV_Vegetation/splib07a_Aspen_Aspen-1_green-top_ASDFRa_AREF.txt,,D:\usgs_splib07\../ASCIIdata/ASCIIdata_splib07a/splib07a_Wavelengths_ASD_0.35-2.5_microns_2151_ch.txt,D:\usgs_splib07\../ASCIIdata/ASCIIdata_splib07a/splib07a_Bandpass_(FWHM)_ASDFR_StandardResolution.txt,D:\usgs_splib07\../GIFplots/GIFplots_splib07a/ChapterV_Vegetation/splib07a_Aspen_Aspen-1_green-top_ASDFRa_AREF.gif,D:\usgs_splib07\../GIFplots/GIFplots_splib07a/plots_by_wavelength_region/range1_uv_to_visible/splib07a_Aspen_Aspen-1_green-top_ASDFRa_AREF_range1_uv_to_vis.gif,D:\usgs_splib07\../GIFplots/GIFplots_splib07a/plots_by_wavelength_region/range2_visible_to_swir/splib07a_Aspen_Aspen-1_green-top_ASDFRa_AREF_range2_vis_to_swir.gif,D:\usgs_splib07\../GIFplots/GIFplots_splib07a/plots_by_wavelength_region/range3_swir/splib07a_Aspen_Aspen-1_green-top_ASDFRa_AREF_range3_swir.gif,,,D:\usgs_splib07\../GIFplots/GIFplots_splib07a/splib07a_Wavelengths_ASD_0.35-2.5_microns_2151_ch.gif,D:\usgs_splib07\../GIFplots/GIFplots_splib07a/splib07a_Bandpass_(FWHM)_ASDFR_StandardResolution.gif
Aspen Aspen-2 green-bottom   ASDFRa AREF,D:\usgs_splib07\../HTMLmetadata/Aspen_Aspen-2_green-bottom_ASDFRa_AREF.html,D:\usgs_splib07\../ASCIIdata/ASCIIdata_splib07a/ChapterV_Vegetation/splib07a_Aspen_Aspen-2_green-bottom_ASDFRa_AREF.txt,,D:\usgs_splib07\../ASCIIdata/ASCIIdata_splib07a/splib07a_Wavelengths_ASD_0.35-2.5_microns_2151_ch.txt,D:\usgs_splib07\../ASCIIdata/ASCIIdata_splib07a/splib07a_Bandpass_(FWHM)_ASDFR_StandardResolution.txt,D:\usgs_splib07\../GIFplots/GIFplots_splib07a/ChapterV_Vegetation/splib07a_Aspen_Aspen-2_green-bottom_ASDFRa_AREF.gif,D:\usgs_splib07\../GIFplots/GIFplots_splib07a/plots_by_wavelength_region/range1_uv_to_visible/splib07a_Aspen_Aspen-2_green-bottom_ASDFRa_AREF_range1_uv_to_vis.gif,D:\usgs_splib07\../GIFplots/GIFplots_splib07a/plots_by_wavelength_region/range2_visible_to_swir/splib07a_Aspen_Aspen-2_green-bottom_ASDFRa_AREF_range2_vis_to_swir.gif,D:\usgs_splib07\../GIFplots/GIFplots_splib07a/plots_by_wavelength_region/range3_swir/splib07a_Aspen_Aspen-2_green-bottom_ASDFRa_AREF_range3_swir.gif,,,D:\usgs_splib07\../GIFplots/GIFplots_splib07a/splib07a_Wavelengths_ASD_0.35-2.5_microns_2151_ch.gif,D:\usgs_splib07\../GIFplots/GIFplots_splib07a/splib07a_Bandpass_(FWHM)_ASDFR_StandardResolution.gif
Aspen Aspen-3 yellowGreenTop ASDFRa AREF,D:\usgs_splib07\../HTMLmetadata/Aspen_Aspen-3_yellowGreenTop_ASDFRa_AREF.html,D:\usgs_splib07\../ASCIIdata/ASCIIdata_splib07a/ChapterV_Vegetation/splib07a_Aspen_Aspen-3_yellowGreenTop_ASDFRa_AREF.txt,,D:\usgs_splib07\../ASCIIdata/ASCIIdata_splib07a/splib07a_Wavelengths_ASD_0.35-2.5_microns_2151_ch.txt,D:\usgs_splib07\../ASCIIdata/ASCIIdata_splib07a/splib07a_Bandpass_(FWHM)_ASDFR_StandardResolution.txt,D:\usgs_splib07\../GIFplots/GIFplots_splib07a/ChapterV_Vegetation/splib07a_Aspen_Aspen-3_yellowGreenTop_ASDFRa_AREF.gif,D:\usgs_splib07\../GIFplots/GIFplots_splib07a/plots_by_wavelength_region/range1_uv_to_visible/splib07a_Aspen_Aspen-3_yellowGreenTop_ASDFRa_AREF_range1_uv_to_vis.gif,D:\usgs_splib07\../GIFplots/GIFplots_splib07a/plots_by_wavelength_region/range2_visible_to_swir/splib07a_Aspen_Aspen-3_yellowGreenTop_ASDFRa_AREF_range2_vis_to_swir.gif,D:\usgs_splib07\../GIFplots/GIFplots_splib07a/plots_by_wavelength_region/range3_swir/splib07a_Aspen_Aspen-3_yellowGreenTop_ASDFRa_AREF_range3_swir.gif,,,D:\usgs_splib07\../GIFplots/GIFplots_splib07a/splib07a_Wavelengths_ASD_0.35-2.5_microns_2151_ch.gif,D:\usgs_splib07\../GIFplots/GIFplots_splib07a/splib07a_Bandpass_(FWHM)_ASDFR_StandardResolution.gif
Aspen Aspen-4 yellow-top     ASDFRa AREF,D:\usgs_splib07\../HTMLmetadata/Aspen_Aspen-4_yellow-top_ASDFRa_AREF.html,D:\usgs_splib07\../ASCIIdata/ASCIIdata_splib07a/ChapterV_Vegetation/splib07a_Aspen_Aspen-4_yellow-top_ASDFRa_AREF.txt,,D:\usgs_splib07\../ASCIIdata/ASCIIdata_splib07a/splib07a_Wavelengths_ASD_0.35-2.5_microns_2151_ch.txt,D:\usgs_splib07\../ASCIIdata/ASCIIdata_splib07a/splib07a_Bandpass_(FWHM)_ASDFR_StandardResolution.txt,D:\usgs_splib07\../GIFplots/GIFplots_splib07a/ChapterV_Vegetation/splib07a_Aspen_Aspen-4_yellow-top_ASDFRa_AREF.gif,D:\usgs_splib07\../GIFplots/GIFplots_splib07a/plots_by_wavelength_region/range1_uv_to_visible/splib07a_Aspen_Aspen-4_yellow-top_ASDFRa_AREF_range1_uv_to_vis.gif,D:\usgs_splib07\../GIFplots/GIFplots_splib07a/plots_by_wavelength_region/range2_visible_to_swir/splib07a_Aspen_Aspen-4_yellow-top_ASDFRa_AREF_range2_vis_to_swir.gif,D:\usgs_splib07\../GIFplots/GIFplots_splib07a/plots_by_wavelength_region/range3_swir/splib07a_Aspen_Aspen-4_yellow-top_ASDFRa_AREF_range3_swir.gif,,,D:\usgs_splib07\../GIFplots/GIFplots_splib07a/splib07a_Wavelengths_ASD_0.35-2.5_microns_2151_ch.gif,D:\usgs_splib07\../GIFplots/GIFplots_splib07a/splib07a_Bandpass_(FWHM)_ASDFR_StandardResolution.gif
Aspen_Leaf-A DW92-2           BECKa AREF,D:\usgs_splib07\../HTMLmetadata/Aspen_Leaf-A_DW92-2_BECKa_AREF.html,D:\usgs_splib07\../ASCIIdata/ASCIIdata_splib07a/ChapterV_Vegetation/splib07a_Aspen_Leaf-A_DW92-2_BECKa_AREF.txt,D:\usgs_splib07\../ASCIIdata/ASCIIdata_splib07a/errorbars/errorbars_for_splib07a_Aspen_Leaf-A_DW92-2_BECKa_AREF.txt,D:\usgs_splib07\../ASCIIdata/ASCIIdata_splib07a/splib07a_Wavelengths_BECK_Beckman_0.2-3.0_microns.txt,D:\usgs_splib07\../ASCIIdata/ASCIIdata_splib07a/splib07a_Bandpass_(FWHM)_BECK_Beckman_in_microns.txt,D:\usgs_splib07\../GIFplots/GIFplots_splib07a/ChapterV_Vegetation/splib07a_Aspen_Leaf-A_DW92-2_BECKa_AREF.gif,D:\usgs_splib07\../GIFplots/GIFplots_splib07a/plots_by_wavelength_region/range1_uv_to_visible/splib07a_Aspen_Leaf-A_DW92-2_BECKa_AREF_range1_uv_to_vis.gif,D:\usgs_splib07\../GIFplots/GIFplots_splib07a/plots_by_wavelength_region/range2_visible_to_swir/splib07a_Aspen_Leaf-A_DW92-2_BECKa_AREF_range2_vis_to_swir.gif,D:\usgs_splib07\../GIFplots/GIFplots_splib07a/plots_by_wavelength_region/range3_swir/splib07a_Aspen_Leaf-A_DW92-2_BECKa_AREF_range3_swir.gif,,,D:\usgs_splib07\../GIFplots/GIFplots_splib07a/splib07a_Wavelengths_BECK_Beckman_0.2-3.0_microns.gif,D:\usgs_splib07\../GIFplots/GIFplots_splib07a/splib07a_Bandpass_(FWHM)_BECK_Beckman_in_microns.gif
Aspen_Leaf-B DW92-3           BECKa AREF,D:\usgs_splib07\../HTMLmetadata/Aspen_Leaf-B_DW92-3_BECKa_AREF.html,D:\usgs_splib07\../ASCIIdata/ASCIIdata_splib07a/ChapterV_Vegetation/splib07a_Aspen_Leaf-B_DW92-3_BECKa_AREF.txt,D:\usgs_splib07\../ASCIIdata/ASCIIdata_splib07a/errorbars/errorbars_for_splib07a_Aspen_Leaf-B_DW92-3_BECKa_AREF.txt,D:\usgs_splib07\../ASCIIdata/ASCIIdata_splib07a/splib07a_Wavelengths_BECK_Beckman_0.2-3.0_microns.txt,D:\usgs_splib07\../ASCIIdata/ASCIIdata_splib07a/splib07a_Bandpass_(FWHM)_BECK_Beckman_in_microns.txt,D:\usgs_splib07\../GIFplots/GIFplots_splib07a/ChapterV_Vegetation/splib07a_Aspen_Leaf-B_DW92-3_BECKa_AREF.gif,D:\usgs_splib07\../GIFplots/GIFplots_splib07a/plots_by_wavelength_region/range1_uv_to_visible/splib07a_Aspen_Leaf-B_DW92-3_BECKa_AREF_range1_uv_to_vis.gif,D:\usgs_splib07\../GIFplots/GIFplots_splib07a/plots_by_wavelength_region/range2_visible_to_swir/splib07a_Aspen_Leaf-B_DW92-3_BECKa_AREF_range2_vis_to_swir.gif,D:\usgs_splib07\../GIFplots/GIFplots_splib07a/plots_by_wavelength_region/range3_swir/splib07a_Aspen_Leaf-B_DW92-3_BECKa_AREF_range3_swir.gif,,,D:\usgs_splib07\../GIFplots/GIFplots_splib07a/splib07a_Wavelengths_BECK_Beckman_0.2-3.0_microns.gif,D:\usgs_splib07\../GIFplots/GIFplots_splib07a/splib07a_Bandpass_(FWHM)_BECK_Beckman_in_microns.gif
Aspen YNP-AS-1 forest       AVIRISb RTGC,D:\usgs_splib07\../HTMLmetadata/Aspen_YNP-AS-1_forest_AVIRISb_RTGC.html,D:\usgs_splib07\../ASCIIdata/ASCIIdata_splib07a/ChapterV_Vegetation/splib07a_Aspen_YNP-AS-1_forest_AVIRISb_RTGC.txt,,D:\usgs_splib07\../ASCIIdata/ASCIIdata_splib07a/splib07a_Wavelengths_AVIRIS_1996_0.37-2.5_microns.txt,D:\usgs_splib07\../ASCIIdata/ASCIIdata_splib07a/splib07a_Bandpass_(FWHM)_AVIRIS_1996_in_microns.txt,D:\usgs_splib07\../GIFplots/GIFplots_splib07a/ChapterV_Vegetation/splib07a_Aspen_YNP-AS-1_forest_AVIRISb_RTGC.gif,D:\usgs_splib07\../GIFplots/GIFplots_splib07a/plots_by_wavelength_region/range1_uv_to_visible/splib07a_Aspen_YNP-AS-1_forest_AVIRISb_RTGC_range1_uv_to_vis.gif,D:\usgs_splib07\../GIFplots/GIFplots_splib07a/plots_by_wavelength_region/range2_visible_to_swir/splib07a_Aspen_YNP-AS-1_forest_AVIRISb_RTGC_range2_vis_to_swir.gif,D:\usgs_splib07\../GIFplots/GIFplots_splib07a/plots_by_wavelength_region/range3_swir/splib07a_Aspen_YNP-AS-1_forest_AVIRISb_RTGC_range3_swir.gif,,,D:\usgs_splib07\../GIFplots/GIFplots_splib07a/splib07a_Wavelengths_AVIRIS_1996_0.37-2.5_microns.gif,D:\usgs_splib07\../GIFplots/GIFplots_splib07a/splib07a_Bandpass_(FWHM)_AVIRIS_1996_in_microns.gif
Bacterial_mat YNP-B1        AVIRISb RTGC,D:\usgs_splib07\../HTMLmetadata/Bacterial_mat_YNP-B1_AVIRISb_RTGC.html,D:\usgs_splib07\../ASCIIdata/ASCIIdata_splib07a/ChapterV_Vegetation/splib07a_Bacterial_mat_YNP-B1_AVIRISb_RTGC.txt,,D:\usgs_splib07\../ASCIIdata/ASCIIdata_splib07a/splib07a_Wavelengths_AVIRIS_1996_0.37-2.5_microns.txt,D:\usgs_splib07\../ASCIIdata/ASCIIdata_splib07a/splib07a_Bandpass_(FWHM)_AVIRIS_1996_in_microns.txt,D:\usgs_splib07\../GIFplots/GIFplots_splib07a/ChapterV_Vegetation/splib07a_Bacterial_mat_YNP-B1_AVIRISb_RTGC.gif,D:\usgs_splib07\../GIFplots/GIFplots_splib07a/plots_by_wavelength_region/range1_uv_to_visible/splib07a_Bacterial_mat_YNP-B1_AVIRISb_RTGC_range1_uv_to_vis.gif,D:\usgs_splib07\../GIFplots/GIFplots_splib07a/plots_by_wavelength_region/range2_visible_to_swir/splib07a_Bacterial_mat_YNP-B1_AVIRISb_RTGC_range2_vis_to_swir.gif,D:\usgs_splib07\../GIFplots/GIFplots_splib07a/plots_by_wavelength_region/range3_swir/splib07a_Bacterial_mat_YNP-B1_AVIRISb_RTGC_range3_swir.gif,,,D:\usgs_splib07\../GIFplots/GIFplots_splib07a/splib07a_Wavelengths_AVIRIS_1996_0.37-2.5_microns.gif,D:\usgs_splib07\../GIFplots/GIFplots_splib07a/splib07a_Bandpass_(FWHM)_AVIRIS_1996_in_microns.gif
Blackbrush ANP92-9A leaves    BECKa AREF,D:\usgs_splib07\../HTMLmetadata/Blackbrush_ANP92-9A_leaves_BECKa_AREF.html,D:\usgs_splib07\../ASCIIdata/ASCIIdata_splib07a/ChapterV_Vegetation/splib07a_Blackbrush_ANP92-9A_leaves_BECKa_AREF.txt,D:\usgs_splib07\../ASCIIdata/ASCIIdata_splib07a/errorbars/errorbars_for_splib07a_Blackbrush_ANP92-9A_leaves_BECKa_AREF.txt,D:\usgs_splib07\../ASCIIdata/ASCIIdata_splib07a/splib07a_Wavelengths_BECK_Beckman_0.2-3.0_microns.txt,D:\usgs_splib07\../ASCIIdata/ASCIIdata_splib07a/splib07a_Bandpass_(FWHM)_BECK_Beckman_in_microns.txt,D:\usgs_splib07\../GIFplots/GIFplots_splib07a/ChapterV_Vegetation/splib07a_Blackbrush_ANP92-9A_leaves_BECKa_AREF.gif,D:\usgs_splib07\../GIFplots/GIFplots_splib07a/plots_by_wavelength_region/range1_uv_to_visible/splib07a_Blackbrush_ANP92-9A_leaves_BECKa_AREF_range1_uv_to_vis.gif,D:\usgs_splib07\../GIFplots/GIFplots_splib07a/plots_by_wavelength_region/range2_visible_to_swir/splib07a_Blackbrush_ANP92-9A_leaves_BECKa_AREF_range2_vis_to_swir.gif,D:\usgs_splib07\../GIFplots/GIFplots_splib07a/plots_by_wavelength_region/range3_swir/splib07a_Blackbrush_ANP92-9A_leaves_BECKa_AREF_range3_swir.gif,,,D:\usgs_splib07\../GIFplots/GIFplots_splib07a/splib07a_Wavelengths_BECK_Beckman_0.2-3.0_microns.gif,D:\usgs_splib07\../GIFplots/GIFplots_splib07a/splib07a_Bandpass_(FWHM)_BECK_Beckman_in_microns.gif
Blue_Spruce DW92-5 needles    BECKa AREF,D:\usgs_splib07\../HTMLmetadata/Blue_Spruce_DW92-5_needles_BECKa_AREF.html,D:\usgs_splib07\../ASCIIdata/ASCIIdata_splib07a/ChapterV_Vegetation/splib07a_Blue_Spruce_DW92-5_needles_BECKa_AREF.txt,D:\usgs_splib07\../ASCIIdata/ASCIIdata_splib07a/errorbars/errorbars_for_splib07a_Blue_Spruce_DW92-5_needles_BECKa_AREF.txt,D:\usgs_splib07\../ASCIIdata/ASCIIdata_splib07a/splib07a_Wavelengths_BECK_Beckman_0.2-3.0_microns.txt,D:\usgs_splib07\../ASCIIdata/ASCIIdata_splib07a/splib07a_Bandpass_(FWHM)_BECK_Beckman_in_microns.txt,D:\usgs_splib07\../GIFplots/GIFplots_splib07a/ChapterV_Vegetation/splib07a_Blue_Spruce_DW92-5_needles_BECKa_AREF.gif,D:\usgs_splib07\../GIFplots/GIFplots_splib07a/plots_by_wavelength_region/range1_uv_to_visible/splib07a_Blue_Spruce_DW92-5_needles_BECKa_AREF_range1_uv_to_vis.gif,D:\usgs_splib07\../GIFplots/GIFplots_splib07a/plots_by_wavelength_region/range2_visible_to_swir/splib07a_Blue_Spruce_DW92-5_needles_BECKa_AREF_range2_vis_to_swir.gif,D:\usgs_splib07\../GIFplots/GIFplots_splib07a/plots_by_wavelength_region/range3_swir/splib07a_Blue_Spruce_DW92-5_needles_BECKa_AREF_range3_swir.gif,,,D:\usgs_splib07\../GIFplots/GIFplots_splib07a/splib07a_Wavelengths_BECK_Beckman_0.2-3.0_microns.gif,D:\usgs_splib07\../GIFplots/GIFplots_splib07a/splib07a_Bandpass_(FWHM)_BECK_Beckman_in_microns.gif
Buckbrush CA01-CECU-1 bush 1 ASDFRa AREF,D:\usgs_splib07\../HTMLmetadata/Buckbrush_CA01-CECU-1_bush_1_ASDFRa_AREF.html,D:\usgs_splib07\../ASCIIdata/ASCIIdata_splib07a/ChapterV_Vegetation/splib07a_Buckbrush_CA01-CECU-1_bush_1_ASDFRa_AREF.txt,D:\usgs_splib07\../ASCIIdata/ASCIIdata_splib07a/errorbars/errorbars_for_splib07a_Buckbrush_CA01-CECU-1_bush_1_ASDFRa_AREF.txt,D:\usgs_splib07\../ASCIIdata/ASCIIdata_splib07a/splib07a_Wavelengths_ASD_0.35-2.5_microns_2151_ch.txt,D:\usgs_splib07\../ASCIIdata/ASCIIdata_splib07a/splib07a_Bandpass_(FWHM)_ASDFR_StandardResolution.txt,D:\usgs_splib07\../GIFplots/GIFplots_splib07a/ChapterV_Vegetation/splib07a_Buckbrush_CA01-CECU-1_bush_1_ASDFRa_AREF.gif,D:\usgs_splib07\../GIFplots/GIFplots_splib07a/plots_by_wavelength_region/range1_uv_to_visible/splib07a_Buckbrush_CA01-CECU-1_bush_1_ASDFRa_AREF_range1_uv_to_vis.gif,D:\usgs_splib07\../GIFplots/GIFplots_splib07a/plots_by_wavelength_region/range2_visible_to_swir/splib07a_Buckbrush_CA01-CECU-1_bush_1_ASDFRa_AREF_range2_vis_to_swir.gif,D:\usgs_splib07\../GIFplots/GIFplots_splib07a/plots_by_wavelength_region/range3_swir/splib07a_Buckbrush_CA01-CECU-1_bush_1_ASDFRa_AREF_range3_swir.gif,,,D:\usgs_splib07\../GIFplots/GIFplots_splib07a/splib07a_Wavelengths_ASD_0.35-2.5_microns_2151_ch.gif,D:\usgs_splib07\../GIFplots/GIFplots_splib07a/splib07a_Bandpass_(FWHM)_ASDFR_StandardResolution.gif
Buckbrush CA01-CECU-2 bush 2 ASDFRa AREF,D:\usgs_splib07\../HTMLmetadata/Buckbrush_CA01-CECU-2_bush_2_ASDFRa_AREF.html,D:\usgs_splib07\../ASCIIdata/ASCIIdata_splib07a/ChapterV_Vegetation/splib07a_Buckbrush_CA01-CECU-2_bush_2_ASDFRa_AREF.txt,D:\usgs_splib07\../ASCIIdata/ASCIIdata_splib07a/errorbars/errorbars_for_splib07a_Buckbrush_CA01-CECU-2_bush_2_ASDFRa_AREF.txt,D:\usgs_splib07\../ASCIIdata/ASCIIdata_splib07a/splib07a_Wavelengths_ASD_0.35-2.5_microns_2151_ch.txt,D:\usgs_splib07\../ASCIIdata/ASCIIdata_splib07a/splib07a_Bandpass_(FWHM)_ASDFR_StandardResolution.txt,D:\usgs_splib07\../GIFplots/GIFplots_splib07a/ChapterV_Vegetation/splib07a_Buckbrush_CA01-CECU-2_bush_2_ASDFRa_AREF.gif,D:\usgs_splib07\../GIFplots/GIFplots_splib07a/plots_by_wavelength_region/range1_uv_to_visible/splib07a_Buckbrush_CA01-CECU-2_bush_2_ASDFRa_AREF_range1_uv_to_vis.gif,D:\usgs_splib07\../GIFplots/GIFplots_splib07a/plots_by_wavelength_region/range2_visible_to_swir/splib07a_Buckbrush_CA01-CECU-2_bush_2_ASDFRa_AREF_range2_vis_to_swir.gif,D:\usgs_splib07\../GIFplots/GIFplots_splib07a/plots_by_wavelength_region/range3_swir/splib07a_Buckbrush_CA01-CECU-2_bush_2_ASDFRa_AREF_range3_swir.gif,,,D:\usgs_splib07\../GIFplots/GIFplots_splib07a/splib07a_Wavelengths_ASD_0.35-2.5_microns_2151_ch.gif,D:\usgs_splib07\../GIFplots/GIFplots_splib07a/splib07a_Bandpass_(FWHM)_ASDFR_StandardResolution.gif
Buckbrush CA01-CECU-3 bush 3 ASDFRa AREF,D:\usgs_splib07\../HTMLmetadata/Buckbrush_CA01-CECU-3_bush_3_ASDFRa_AREF.html,D:\usgs_splib07\../ASCIIdata/ASCIIdata_splib07a/ChapterV_Vegetation/splib07a_Buckbrush_CA01-CECU-3_bush_3_ASDFRa_AREF.txt,D:\usgs_splib07\../ASCIIdata/ASCIIdata_splib07a/errorbars/errorbars_for_splib07a_Buckbrush_CA01-CECU-3_bush_3_ASDFRa_AREF.txt,D:\usgs_splib07\../ASCIIdata/ASCIIdata_splib07a/splib07a_Wavelengths_ASD_0.35-2.5_microns_2151_ch.txt,D:\usgs_splib07\../ASCIIdata/ASCIIdata_splib07a/splib07a_Bandpass_(FWHM)_ASDFR_StandardResolution.txt,D:\usgs_splib07\../GIFplots/GIFplots_splib07a/ChapterV_Vegetation/splib07a_Buckbrush_CA01-CECU-3_bush_3_ASDFRa_AREF.gif,D:\usgs_splib07\../GIFplots/GIFplots_splib07a/plots_by_wavelength_region/range1_uv_to_visible/splib07a_Buckbrush_CA01-CECU-3_bush_3_ASDFRa_AREF_range1_uv_to_vis.gif,D:\usgs_splib07\../GIFplots/GIFplots_splib07a/plots_by_wavelength_region/range2_visible_to_swir/splib07a_Buckbrush_CA01-CECU-3_bush_3_ASDFRa_AREF_range2_vis_to_swir.gif,D:\usgs_splib07\../GIFplots/GIFplots_splib07a/plots_by_wavelength_region/range3_swir/splib07a_Buckbrush_CA01-CECU-3_bush_3_ASDFRa_AREF_range3_swir.gif,,,D:\usgs_splib07\../GIFplots/GIFplots_splib07a/splib07a_Wavelengths_ASD_0.35-2.5_microns_2151_ch.gif,D:\usgs_splib07\../GIFplots/GIFplots_splib07a/splib07a_Bandpass_(FWHM)_ASDFR_StandardResolution.gif
Cactus Opuntia-1 purple_pad  ASDFRa AREF,D:\usgs_splib07\../HTMLmetadata/Cactus_Opuntia-1_purple_pad_ASDFRa_AREF.html,D:\usgs_splib07\../ASCIIdata/ASCIIdata_splib07a/ChapterV_Vegetation/splib07a_Cactus_Opuntia-1_purple_pad_ASDFRa_AREF.txt,,D:\usgs_splib07\../ASCIIdata/ASCIIdata_splib07a/splib07a_Wavelengths_ASD_0.35-2.5_microns_2151_ch.txt,D:\usgs_splib07\../ASCIIdata/ASCIIdata_splib07a/splib07a_Bandpass_(FWHM)_ASDFR_StandardResolution.txt,D:\usgs_splib07\../GIFplots/GIFplots_splib07a/ChapterV_Vegetation/splib07a_Cactus_Opuntia-1_purple_pad_ASDFRa_AREF.gif,D:\usgs_splib07\../GIFplots/GIFplots_splib07a/plots_by_wavelength_region/range1_uv_to_visible/splib07a_Cactus_Opuntia-1_purple_pad_ASDFRa_AREF_range1_uv_to_vis.gif,D:\usgs_splib07\../GIFplots/GIFplots_splib07a/plots_by_wavelength_region/range2_visible_to_swir/splib07a_Cactus_Opuntia-1_purple_pad_ASDFRa_AREF_range2_vis_to_swir.gif,D:\usgs_splib07\../GIFplots/GIFplots_splib07a/plots_by_wavelength_region/range3_swir/splib07a_Cactus_Opuntia-1_purple_pad_ASDFRa_AREF_range3_swir.gif,,,D:\usgs_splib07\../GIFplots/GIFplots_splib07a/splib07a_Wavelengths_ASD_0.35-2.5_microns_2151_ch.gif,D:\usgs_splib07\../GIFplots/GIFplots_splib07a/splib07a_Bandpass_(FWHM)_ASDFR_StandardResolution.gif
Cattail YNP-CT-1            AVIRISb RTGC,D:\usgs_splib07\../HTMLmetadata/Cattail_YNP-CT-1_AVIRISb_RTGC.html,D:\usgs_splib07\../ASCIIdata/ASCIIdata_splib07a/ChapterV_Vegetation/splib07a_Cattail_YNP-CT-1_AVIRISb_RTGC.txt,,D:\usgs_splib07\../ASCIIdata/ASCIIdata_splib07a/splib07a_Wavelengths_AVIRIS_1996_0.37-2.5_microns.txt,D:\usgs_splib07\../ASCIIdata/ASCIIdata_splib07a/splib07a_Bandpass_(FWHM)_AVIRIS_1996_in_microns.txt,D:\usgs_splib07\../GIFplots/GIFplots_splib07a/ChapterV_Vegetation/splib07a_Cattail_YNP-CT-1_AVIRISb_RTGC.gif,D:\usgs_splib07\../GIFplots/GIFplots_splib07a/plots_by_wavelength_region/range1_uv_to_visible/splib07a_Cattail_YNP-CT-1_AVIRISb_RTGC_range1_uv_to_vis.gif,D:\usgs_splib07\../GIFplots/GIFplots_splib07a/plots_by_wavelength_region/range2_visible_to_swir/splib07a_Cattail_YNP-CT-1_AVIRISb_RTGC_range2_vis_to_swir.gif,D:\usgs_splib07\../GIFplots/GIFplots_splib07a/plots_by_wavelength_region/range3_swir/splib07a_Cattail_YNP-CT-1_AVIRISb_RTGC_range3_swir.gif,,,D:\usgs_splib07\../GIFplots/GIFplots_splib07a/splib07a_Wavelengths_AVIRIS_1996_0.37-2.5_microns.gif,D:\usgs_splib07\../GIFplots/GIFplots_splib07a/splib07a_Bandpass_(FWHM)_AVIRIS_1996_in_microns.gif
Chamise CA01-ADFA-1 bush 1   ASDFRa AREF,D:\usgs_splib07\../HTMLmetadata/Chamise_CA01-ADFA-1_bush_1_ASDFRa_AREF.html,D:\usgs_splib07\../ASCIIdata/ASCIIdata_splib07a/ChapterV_Vegetation/splib07a_Chamise_CA01-ADFA-1_bush_1_ASDFRa_AREF.txt,D:\usgs_splib07\../ASCIIdata/ASCIIdata_splib07a/errorbars/errorbars_for_splib07a_Chamise_CA01-ADFA-1_bush_1_ASDFRa_AREF.txt,D:\usgs_splib07\../ASCIIdata/ASCIIdata_splib07a/splib07a_Wavelengths_ASD_0.35-2.5_microns_2151_ch.txt,D:\usgs_splib07\../ASCIIdata/ASCIIdata_splib07a/splib07a_Bandpass_(FWHM)_ASDFR_StandardResolution.txt,D:\usgs_splib07\../GIFplots/GIFplots_splib07a/ChapterV_Vegetation/splib07a_Chamise_CA01-ADFA-1_bush_1_ASDFRa_AREF.gif,D:\usgs_splib07\../GIFplots/GIFplots_splib07a/plots_by_wavelength_region/range1_uv_to_visible/splib07a_Chamise_CA01-ADFA-1_bush_1_ASDFRa_AREF_range1_uv_to_vis.gif,D:\usgs_splib07\../GIFplots/GIFplots_splib07a/plots_by_wavelength_region/range2_visible_to_swir/splib07a_Chamise_CA01-ADFA-1_bush_1_ASDFRa_AREF_range2_vis_to_swir.gif,D:\usgs_splib07\../GIFplots/GIFplots_splib07a/plots_by_wavelength_region/range3_swir/splib07a_Chamise_CA01-ADFA-1_bush_1_ASDFRa_AREF_range3_swir.gif,,,D:\usgs_splib07\../GIFplots/GIFplots_splib07a/splib07a_Wavelengths_ASD_0.35-2.5_microns_2151_ch.gif,D:\usgs_splib07\../GIFplots/GIFplots_splib07a/splib07a_Bandpass_(FWHM)_ASDFR_StandardResolution.gif
Chamise CA01-ADFA-2 bush 2   ASDFRa AREF,D:\usgs_splib07\../HTMLmetadata/Chamise_CA01-ADFA-2_bush_2_ASDFRa_AREF.html,D:\usgs_splib07\../ASCIIdata/ASCIIdata_splib07a/ChapterV_Vegetation/splib07a_Chamise_CA01-ADFA-2_bush_2_ASDFRa_AREF.txt,D:\usgs_splib07\../ASCIIdata/ASCIIdata_splib07a/errorbars/errorbars_for_splib07a_Chamise_CA01-ADFA-2_bush_2_ASDFRa_AREF.txt,D:\usgs_splib07\../ASCIIdata/ASCIIdata_splib07a/splib07a_Wavelengths_ASD_0.35-2.5_microns_2151_ch.txt,D:\usgs_splib07\../ASCIIdata/ASCIIdata_splib07a/splib07a_Bandpass_(FWHM)_ASDFR_StandardResolution.txt,D:\usgs_splib07\../GIFplots/GIFplots_splib07a/ChapterV_Vegetation/splib07a_Chamise_CA01-ADFA-2_bush_2_ASDFRa_AREF.gif,D:\usgs_splib07\../GIFplots/GIFplots_splib07a/plots_by_wavelength_region/range1_uv_to_visible/splib07a_Chamise_CA01-ADFA-2_bush_2_ASDFRa_AREF_range1_uv_to_vis.gif,D:\usgs_splib07\../GIFplots/GIFplots_splib07a/plots_by_wavelength_region/range2_visible_to_swir/splib07a_Chamise_CA01-ADFA-2_bush_2_ASDFRa_AREF_range2_vis_to_swir.gif,D:\usgs_splib07\../GIFplots/GIFplots_splib07a/plots_by_wavelength_region/range3_swir/splib07a_Chamise_CA01-ADFA-2_bush_2_ASDFRa_AREF_range3_swir.gif,,,D:\usgs_splib07\../GIFplots/GIFplots_splib07a/splib07a_Wavelengths_ASD_0.35-2.5_microns_2151_ch.gif,D:\usgs_splib07\../GIFplots/GIFplots_splib07a/splib07a_Bandpass_(FWHM)_ASDFR_StandardResolution.gif
Cheatgrass ANP92-11A          BECKa AREF,D:\usgs_splib07\../HTMLmetadata/Cheatgrass_ANP92-11A_BECKa_AREF.html,D:\usgs_splib07\../ASCIIdata/ASCIIdata_splib07a/ChapterV_Vegetation/splib07a_Cheatgrass_ANP92-11A_BECKa_AREF.txt,D:\usgs_splib07\../ASCIIdata/ASCIIdata_splib07a/errorbars/errorbars_for_splib07a_Cheatgrass_ANP92-11A_BECKa_AREF.txt,D:\usgs_splib07\../ASCIIdata/ASCIIdata_splib07a/splib07a_Wavelengths_BECK_Beckman_0.2-3.0_microns.txt,D:\usgs_splib07\../ASCIIdata/ASCIIdata_splib07a/splib07a_Bandpass_(FWHM)_BECK_Beckman_in_microns.txt,D:\usgs_splib07\../GIFplots/GIFplots_splib07a/ChapterV_Vegetation/splib07a_Cheatgrass_ANP92-11A_BECKa_AREF.gif,D:\usgs_splib07\../GIFplots/GIFplots_splib07a/plots_by_wavelength_region/range1_uv_to_visible/splib07a_Cheatgrass_ANP92-11A_BECKa_AREF_range1_uv_to_vis.gif,D:\usgs_splib07\../GIFplots/GIFplots_splib07a/plots_by_wavelength_region/range2_visible_to_swir/splib07a_Cheatgrass_ANP92-11A_BECKa_AREF_range2_vis_to_swir.gif,D:\usgs_splib07\../GIFplots/GIFplots_splib07a/plots_by_wavelength_region/range3_swir/splib07a_Cheatgrass_ANP92-11A_BECKa_AREF_range3_swir.gif,,,D:\usgs_splib07\../GIFplots/GIFplots_splib07a/splib07a_Wavelengths_BECK_Beckman_0.2-3.0_microns.gif,D:\usgs_splib07\../GIFplots/GIFplots_splib07a/splib07a_Bandpass_(FWHM)_BECK_Beckman_in_microns.gif
Cheatgrass ANPC1 field calib ASDFRa AREF,D:\usgs_splib07\../HTMLmetadata/Cheatgrass_ANPC1_field_calib_ASDFRa_AREF.html,D:\usgs_splib07\../ASCIIdata/ASCIIdata_splib07a/ChapterV_Vegetation/splib07a_Cheatgrass_ANPC1_field_calib_ASDFRa_AREF.txt,,D:\usgs_splib07\../ASCIIdata/ASCIIdata_splib07a/splib07a_Wavelengths_ASD_0.35-2.5_microns_2151_ch.txt,D:\usgs_splib07\../ASCIIdata/ASCIIdata_splib07a/splib07a_Bandpass_(FWHM)_ASDFR_StandardResolution.txt,D:\usgs_splib07\../GIFplots/GIFplots_splib07a/ChapterV_Vegetation/splib07a_Cheatgrass_ANPC1_field_calib_ASDFRa_AREF.gif,D:\usgs_splib07\../GIFplots/GIFplots_splib07a/plots_by_wavelength_region/range1_uv_to_visible/splib07a_Cheatgrass_ANPC1_field_calib_ASDFRa_AREF_range1_uv_to_vis.gif,D:\usgs_splib07\../GIFplots/GIFplots_splib07a/plots_by_wavelength_region/range2_visible_to_swir/splib07a_Cheatgrass_ANPC1_field_calib_ASDFRa_AREF_range2_vis_to_swir.gif,D:\usgs_splib07\../GIFplots/GIFplots_splib07a/plots_by_wavelength_region/range3_swir/splib07a_Cheatgrass_ANPC1_field_calib_ASDFRa_AREF_range3_swir.gif,,,D:\usgs_splib07\../GIFplots/GIFplots_splib07a/splib07a_Wavelengths_ASD_0.35-2.5_microns_2151_ch.gif,D:\usgs_splib07\../GIFplots/GIFplots_splib07a/splib07a_Bandpass_(FWHM)_ASDFR_StandardResolution.gif
Conifer-Meadow-Mix YNP-CM-1 AVIRISb RTGC,D:\usgs_splib07\../HTMLmetadata/Conifer-Meadow-Mix_YNP-CM-1_AVIRISb_RTGC.html,D:\usgs_splib07\../ASCIIdata/ASCIIdata_splib07a/ChapterV_Vegetation/splib07a_Conifer-Meadow-Mix_YNP-CM-1_AVIRISb_RTGC.txt,,D:\usgs_splib07\../ASCIIdata/ASCIIdata_splib07a/splib07a_Wavelengths_AVIRIS_1996_0.37-2.5_microns.txt,D:\usgs_splib07\../ASCIIdata/ASCIIdata_splib07a/splib07a_Bandpass_(FWHM)_AVIRIS_1996_in_microns.txt,D:\usgs_splib07\../GIFplots/GIFplots_splib07a/ChapterV_Vegetation/splib07a_Conifer-Meadow-Mix_YNP-CM-1_AVIRISb_RTGC.gif,D:\usgs_splib07\../GIFplots/GIFplots_splib07a/plots_by_wavelength_region/range1_uv_to_visible/splib07a_Conifer-Meadow-Mix_YNP-CM-1_AVIRISb_RTGC_range1_uv_to_vis.gif,D:\usgs_splib07\../GIFplots/GIFplots_splib07a/plots_by_wavelength_region/range2_visible_to_swir/splib07a_Conifer-Meadow-Mix_YNP-CM-1_AVIRISb_RTGC_range2_vis_to_swir.gif,D:\usgs_splib07\../GIFplots/GIFplots_splib07a/plots_by_wavelength_region/range3_swir/splib07a_Conifer-Meadow-Mix_YNP-CM-1_AVIRISb_RTGC_range3_swir.gif,,,D:\usgs_splib07\../GIFplots/GIFplots_splib07a/splib07a_Wavelengths_AVIRIS_1996_0.37-2.5_microns.gif,D:\usgs_splib07\../GIFplots/GIFplots_splib07a/splib07a_Bandpass_(FWHM)_AVIRIS_1996_in_microns.gif
D.spicata DWV6-0511 dryNPV.a ASDFRa AREF,D:\usgs_splib07\../HTMLmetadata/D.spicata_DWV6-0511_dryNPV.a_ASDFRa_AREF.html,D:\usgs_splib07\../ASCIIdata/ASCIIdata_splib07a/ChapterV_Vegetation/splib07a_D.spicata_DWV6-0511_dryNPV.a_ASDFRa_AREF.txt,,D:\usgs_splib07\../ASCIIdata/ASCIIdata_splib07a/splib07a_Wavelengths_ASD_0.35-2.5_microns_2151_ch.txt,D:\usgs_splib07\../ASCIIdata/ASCIIdata_splib07a/splib07a_Bandpass_(FWHM)_ASDFR_StandardResolution.txt,D:\usgs_splib07\../GIFplots/GIFplots_splib07a/ChapterV_Vegetation/splib07a_D.spicata_DWV6-0511_dryNPV.a_ASDFRa_AREF.gif,D:\usgs_splib07\../GIFplots/GIFplots_splib07a/plots_by_wavelength_region/range1_uv_to_visible/splib07a_D.spicata_DWV6-0511_dryNPV.a_ASDFRa_AREF_range1_uv_to_vis.gif,D:\usgs_splib07\../GIFplots/GIFplots_splib07a/plots_by_wavelength_region/range2_visible_to_swir/splib07a_D.spicata_DWV6-0511_dryNPV.a_ASDFRa_AREF_range2_vis_to_swir.gif,D:\usgs_splib07\../GIFplots/GIFplots_splib07a/plots_by_wavelength_region/range3_swir/splib07a_D.spicata_DWV6-0511_dryNPV.a_ASDFRa_AREF_range3_swir.gif,,,D:\usgs_splib07\../GIFplots/GIFplots_splib07a/splib07a_Wavelengths_ASD_0.35-2.5_microns_2151_ch.gif,D:\usgs_splib07\../GIFplots/GIFplots_splib07a/splib07a_Bandpass_(FWHM)_ASDFR_StandardResolution.gif
Douglas-Fir YNP-DF-1 forest AVIRISb RTGC,D:\usgs_splib07\../HTMLmetadata/Douglas-Fir_YNP-DF-1_forest_AVIRISb_RTGC.html,D:\usgs_splib07\../ASCIIdata/ASCIIdata_splib07a/ChapterV_Vegetation/splib07a_Douglas-Fir_YNP-DF-1_forest_AVIRISb_RTGC.txt,,D:\usgs_splib07\../ASCIIdata/ASCIIdata_splib07a/splib07a_Wavelengths_AVIRIS_1996_0.37-2.5_microns.txt,D:\usgs_splib07\../ASCIIdata/ASCIIdata_splib07a/splib07a_Bandpass_(FWHM)_AVIRIS_1996_in_microns.txt,D:\usgs_splib07\../GIFplots/GIFplots_splib07a/ChapterV_Vegetation/splib07a_Douglas-Fir_YNP-DF-1_forest_AVIRISb_RTGC.gif,D:\usgs_splib07\../GIFplots/GIFplots_splib07a/plots_by_wavelength_region/range1_uv_to_visible/splib07a_Douglas-Fir_YNP-DF-1_forest_AVIRISb_RTGC_range1_uv_to_vis.gif,D:\usgs_splib07\../GIFplots/GIFplots_splib07a/plots_by_wavelength_region/range2_visible_to_swir/splib07a_Douglas-Fir_YNP-DF-1_forest_AVIRISb_RTGC_range2_vis_to_swir.gif,D:\usgs_splib07\../GIFplots/GIFplots_splib07a/plots_by_wavelength_region/range3_swir/splib07a_Douglas-Fir_YNP-DF-1_forest_AVIRISb_RTGC_range3_swir.gif,,,D:\usgs_splib07\../GIFplots/GIFplots_splib07a/splib07a_Wavelengths_AVIRIS_1996_0.37-2.5_microns.gif,D:\usgs_splib07\../GIFplots/GIFplots_splib07a/splib07a_Bandpass_(FWHM)_AVIRIS_1996_in_microns.gif
Douglas-Fir YNP-DF-2 forest AVIRISb RTGC,D:\usgs_splib07\../HTMLmetadata/Douglas-Fir_YNP-DF-2_forest_AVIRISb_RTGC.html,D:\usgs_splib07\../ASCIIdata/ASCIIdata_splib07a/ChapterV_Vegetation/splib07a_Douglas-Fir_YNP-DF-2_forest_AVIRISb_RTGC.txt,,D:\usgs_splib07\../ASCIIdata/ASCIIdata_splib07a/splib07a_Wavelengths_AVIRIS_1996_0.37-2.5_microns.txt,D:\usgs_splib07\../ASCIIdata/ASCIIdata_splib07a/splib07a_Bandpass_(FWHM)_AVIRIS_1996_in_microns.txt,D:\usgs_splib07\../GIFplots/GIFplots_splib07a/ChapterV_Vegetation/splib07a_Douglas-Fir_YNP-DF-2_forest_AVIRISb_RTGC.gif,D:\usgs_splib07\../GIFplots/GIFplots_splib07a/plots_by_wavelength_region/range1_uv_to_visible/splib07a_Douglas-Fir_YNP-DF-2_forest_AVIRISb_RTGC_range1_uv_to_vis.gif,D:\usgs_splib07\../GIFplots/GIFplots_splib07a/plots_by_wavelength_region/range2_visible_to_swir/splib07a_Douglas-Fir_YNP-DF-2_forest_AVIRISb_RTGC_range2_vis_to_swir.gif,D:\usgs_splib07\../GIFplots/GIFplots_splib07a/plots_by_wavelength_region/range3_swir/splib07a_Douglas-Fir_YNP-DF-2_forest_AVIRISb_RTGC_range3_swir.gif,,,D:\usgs_splib07\../GIFplots/GIFplots_splib07a/splib07a_Wavelengths_AVIRIS_1996_0.37-2.5_microns.gif,D:\usgs_splib07\../GIFplots/GIFplots_splib07a/splib07a_Bandpass_(FWHM)_AVIRIS_1996_in_microns.gif
Douglas-Fir YNP-DF-3 forest AVIRISb RTGC,D:\usgs_splib07\../HTMLmetadata/Douglas-Fir_YNP-DF-3_forest_AVIRISb_RTGC.html,D:\usgs_splib07\../ASCIIdata/ASCIIdata_splib07a/ChapterV_Vegetation/splib07a_Douglas-Fir_YNP-DF-3_forest_AVIRISb_RTGC.txt,,D:\usgs_splib07\../ASCIIdata/ASCIIdata_splib07a/splib07a_Wavelengths_AVIRIS_1996_0.37-2.5_microns.txt,D:\usgs_splib07\../ASCIIdata/ASCIIdata_splib07a/splib07a_Bandpass_(FWHM)_AVIRIS_1996_in_microns.txt,D:\usgs_splib07\../GIFplots/GIFplots_splib07a/ChapterV_Vegetation/splib07a_Douglas-Fir_YNP-DF-3_forest_AVIRISb_RTGC.gif,D:\usgs_splib07\../GIFplots/GIFplots_splib07a/plots_by_wavelength_region/range1_uv_to_visible/splib07a_Douglas-Fir_YNP-DF-3_forest_AVIRISb_RTGC_range1_uv_to_vis.gif,D:\usgs_splib07\../GIFplots/GIFplots_splib07a/plots_by_wavelength_region/range2_visible_to_swir/splib07a_Douglas-Fir_YNP-DF-3_forest_AVIRISb_RTGC_range2_vis_to_swir.gif,D:\usgs_splib07\../GIFplots/GIFplots_splib07a/plots_by_wavelength_region/range3_swir/splib07a_Douglas-Fir_YNP-DF-3_forest_AVIRISb_RTGC_range3_swir.gif,,,D:\usgs_splib07\../GIFplots/GIFplots_splib07a/splib07a_Wavelengths_AVIRIS_1996_0.37-2.5_microns.gif,D:\usgs_splib07\../GIFplots/GIFplots_splib07a/splib07a_Bandpass_(FWHM)_AVIRIS_1996_in_microns.gif
Engelmann-Spruce ES-Needls-1 ASDFRa AREF,D:\usgs_splib07\../HTMLmetadata/Engelmann-Spruce_ES-Needls-1_ASDFRa_AREF.html,D:\usgs_splib07\../ASCIIdata/ASCIIdata_splib07a/ChapterV_Vegetation/splib07a_Engelmann-Spruce_ES-Needls-1_ASDFRa_AREF.txt,,D:\usgs_splib07\../ASCIIdata/ASCIIdata_splib07a/splib07a_Wavelengths_ASD_0.35-2.5_microns_2151_ch.txt,D:\usgs_splib07\../ASCIIdata/ASCIIdata_splib07a/splib07a_Bandpass_(FWHM)_ASDFR_StandardResolution.txt,D:\usgs_splib07\../GIFplots/GIFplots_splib07a/ChapterV_Vegetation/splib07a_Engelmann-Spruce_ES-Needls-1_ASDFRa_AREF.gif,D:\usgs_splib07\../GIFplots/GIFplots_splib07a/plots_by_wavelength_region/range1_uv_to_visible/splib07a_Engelmann-Spruce_ES-Needls-1_ASDFRa_AREF_range1_uv_to_vis.gif,D:\usgs_splib07\../GIFplots/GIFplots_splib07a/plots_by_wavelength_region/range2_visible_to_swir/splib07a_Engelmann-Spruce_ES-Needls-1_ASDFRa_AREF_range2_vis_to_swir.gif,D:\usgs_splib07\../GIFplots/GIFplots_splib07a/plots_by_wavelength_region/range3_swir/splib07a_Engelmann-Spruce_ES-Needls-1_ASDFRa_AREF_range3_swir.gif,,,D:\usgs_splib07\../GIFplots/GIFplots_splib07a/splib07a_Wavelengths_ASD_0.35-2.5_microns_2151_ch.gif,D:\usgs_splib07\../GIFplots/GIFplots_splib07a/splib07a_Bandpass_(FWHM)_ASDFR_StandardResolution.gif
Espruce-Sfir YNP-SF-1 forst AVIRISb RTGC,D:\usgs_splib07\../HTMLmetadata/Espruce-Sfir_YNP-SF-1_forst_AVIRISb_RTGC.html,D:\usgs_splib07\../ASCIIdata/ASCIIdata_splib07a/ChapterV_Vegetation/splib07a_Espruce-Sfir_YNP-SF-1_forst_AVIRISb_RTGC.txt,,D:\usgs_splib07\../ASCIIdata/ASCIIdata_splib07a/splib07a_Wavelengths_AVIRIS_1996_0.37-2.5_microns.txt,D:\usgs_splib07\../ASCIIdata/ASCIIdata_splib07a/splib07a_Bandpass_(FWHM)_AVIRIS_1996_in_microns.txt,D:\usgs_splib07\../GIFplots/GIFplots_splib07a/ChapterV_Vegetation/splib07a_Espruce-Sfir_YNP-SF-1_forst_AVIRISb_RTGC.gif,D:\usgs_splib07\../GIFplots/GIFplots_splib07a/plots_by_wavelength_region/range1_uv_to_visible/splib07a_Espruce-Sfir_YNP-SF-1_forst_AVIRISb_RTGC_range1_uv_to_vis.gif,D:\usgs_splib07\../GIFplots/GIFplots_splib07a/plots_by_wavelength_region/range2_visible_to_swir/splib07a_Espruce-Sfir_YNP-SF-1_forst_AVIRISb_RTGC_range2_vis_to_swir.gif,D:\usgs_splib07\../GIFplots/GIFplots_splib07a/plots_by_wavelength_region/range3_swir/splib07a_Espruce-Sfir_YNP-SF-1_forst_AVIRISb_RTGC_range3_swir.gif,,,D:\usgs_splib07\../GIFplots/GIFplots_splib07a/splib07a_Wavelengths_AVIRIS_1996_0.37-2.5_microns.gif,D:\usgs_splib07\../GIFplots/GIFplots_splib07a/splib07a_Bandpass_(FWHM)_AVIRIS_1996_in_microns.gif
Espruce-Sfir YNP-SF-2 forst AVIRISb RTGC,D:\usgs_splib07\../HTMLmetadata/Espruce-Sfir_YNP-SF-2_forst_AVIRISb_RTGC.html,D:\usgs_splib07\../ASCIIdata/ASCIIdata_splib07a/ChapterV_Vegetation/splib07a_Espruce-Sfir_YNP-SF-2_forst_AVIRISb_RTGC.txt,,D:\usgs_splib07\../ASCIIdata/ASCIIdata_splib07a/splib07a_Wavelengths_AVIRIS_1996_0.37-2.5_microns.txt,D:\usgs_splib07\../ASCIIdata/ASCIIdata_splib07a/splib07a_Bandpass_(FWHM)_AVIRIS_1996_in_microns.txt,D:\usgs_splib07\../GIFplots/GIFplots_splib07a/ChapterV_Vegetation/splib07a_Espruce-Sfir_YNP-SF-2_forst_AVIRISb_RTGC.gif,D:\usgs_splib07\../GIFplots/GIFplots_splib07a/plots_by_wavelength_region/range1_uv_to_visible/splib07a_Espruce-Sfir_YNP-SF-2_forst_AVIRISb_RTGC_range1_uv_to_vis.gif,D:\usgs_splib07\../GIFplots/GIFplots_splib07a/plots_by_wavelength_region/range2_visible_to_swir/splib07a_Espruce-Sfir_YNP-SF-2_forst_AVIRISb_RTGC_range2_vis_to_swir.gif,D:\usgs_splib07\../GIFplots/GIFplots_splib07a/plots_by_wavelength_region/range3_swir/splib07a_Espruce-Sfir_YNP-SF-2_forst_AVIRISb_RTGC_range3_swir.gif,,,D:\usgs_splib07\../GIFplots/GIFplots_splib07a/splib07a_Wavelengths_AVIRIS_1996_0.37-2.5_microns.gif,D:\usgs_splib07\../GIFplots/GIFplots_splib07a/splib07a_Bandpass_(FWHM)_AVIRIS_1996_in_microns.gif
Espruce-Sfir YNP-SF-3 forst AVIRISb RTGC,D:\usgs_splib07\../HTMLmetadata/Espruce-Sfir_YNP-SF-3_forst_AVIRISb_RTGC.html,D:\usgs_splib07\../ASCIIdata/ASCIIdata_splib07a/ChapterV_Vegetation/splib07a_Espruce-Sfir_YNP-SF-3_forst_AVIRISb_RTGC.txt,,D:\usgs_splib07\../ASCIIdata/ASCIIdata_splib07a/splib07a_Wavelengths_AVIRIS_1996_0.37-2.5_microns.txt,D:\usgs_splib07\../ASCIIdata/ASCIIdata_splib07a/splib07a_Bandpass_(FWHM)_AVIRIS_1996_in_microns.txt,D:\usgs_splib07\../GIFplots/GIFplots_splib07a/ChapterV_Vegetation/splib07a_Espruce-Sfir_YNP-SF-3_forst_AVIRISb_RTGC.gif,D:\usgs_splib07\../GIFplots/GIFplots_splib07a/plots_by_wavelength_region/range1_uv_to_visible/splib07a_Espruce-Sfir_YNP-SF-3_forst_AVIRISb_RTGC_range1_uv_to_vis.gif,D:\usgs_splib07\../GIFplots/GIFplots_splib07a/plots_by_wavelength_region/range2_visible_to_swir/splib07a_Espruce-Sfir_YNP-SF-3_forst_AVIRISb_RTGC_range2_vis_to_swir.gif,D:\usgs_splib07\../GIFplots/GIFplots_splib07a/plots_by_wavelength_region/range3_swir/splib07a_Espruce-Sfir_YNP-SF-3_forst_AVIRISb_RTGC_range3_swir.gif,,,D:\usgs_splib07\../GIFplots/GIFplots_splib07a/splib07a_Wavelengths_AVIRIS_1996_0.37-2.5_microns.gif,D:\usgs_splib07\../GIFplots/GIFplots_splib07a/splib07a_Bandpass_(FWHM)_AVIRIS_1996_in_microns.gif
Espruce-Sfir YNP-SF-4 forst AVIRISb RTGC,D:\usgs_splib07\../HTMLmetadata/Espruce-Sfir_YNP-SF-4_forst_AVIRISb_RTGC.html,D:\usgs_splib07\../ASCIIdata/ASCIIdata_splib07a/ChapterV_Vegetation/splib07a_Espruce-Sfir_YNP-SF-4_forst_AVIRISb_RTGC.txt,,D:\usgs_splib07\../ASCIIdata/ASCIIdata_splib07a/splib07a_Wavelengths_AVIRIS_1996_0.37-2.5_microns.txt,D:\usgs_splib07\../ASCIIdata/ASCIIdata_splib07a/splib07a_Bandpass_(FWHM)_AVIRIS_1996_in_microns.txt,D:\usgs_splib07\../GIFplots/GIFplots_splib07a/ChapterV_Vegetation/splib07a_Espruce-Sfir_YNP-SF-4_forst_AVIRISb_RTGC.gif,D:\usgs_splib07\../GIFplots/GIFplots_splib07a/plots_by_wavelength_region/range1_uv_to_visible/splib07a_Espruce-Sfir_YNP-SF-4_forst_AVIRISb_RTGC_range1_uv_to_vis.gif,D:\usgs_splib07\../GIFplots/GIFplots_splib07a/plots_by_wavelength_region/range2_visible_to_swir/splib07a_Espruce-Sfir_YNP-SF-4_forst_AVIRISb_RTGC_range2_vis_to_swir.gif,D:\usgs_splib07\../GIFplots/GIFplots_splib07a/plots_by_wavelength_region/range3_swir/splib07a_Espruce-Sfir_YNP-SF-4_forst_AVIRISb_RTGC_range3_swir.gif,,,D:\usgs_splib07\../GIFplots/GIFplots_splib07a/splib07a_Wavelengths_AVIRIS_1996_0.37-2.5_microns.gif,D:\usgs_splib07\../GIFplots/GIFplots_splib07a/splib07a_Bandpass_(FWHM)_AVIRIS_1996_in_microns.gif
Espruce-Sfir YNP-SF-5 forst AVIRISb RTGC,D:\usgs_splib07\../HTMLmetadata/Espruce-Sfir_YNP-SF-5_forst_AVIRISb_RTGC.html,D:\usgs_splib07\../ASCIIdata/ASCIIdata_splib07a/ChapterV_Vegetation/splib07a_Espruce-Sfir_YNP-SF-5_forst_AVIRISb_RTGC.txt,,D:\usgs_splib07\../ASCIIdata/ASCIIdata_splib07a/splib07a_Wavelengths_AVIRIS_1996_0.37-2.5_microns.txt,D:\usgs_splib07\../ASCIIdata/ASCIIdata_splib07a/splib07a_Bandpass_(FWHM)_AVIRIS_1996_in_microns.txt,D:\usgs_splib07\../GIFplots/GIFplots_splib07a/ChapterV_Vegetation/splib07a_Espruce-Sfir_YNP-SF-5_forst_AVIRISb_RTGC.gif,D:\usgs_splib07\../GIFplots/GIFplots_splib07a/plots_by_wavelength_region/range1_uv_to_visible/splib07a_Espruce-Sfir_YNP-SF-5_forst_AVIRISb_RTGC_range1_uv_to_vis.gif,D:\usgs_splib07\../GIFplots/GIFplots_splib07a/plots_by_wavelength_region/range2_visible_to_swir/splib07a_Espruce-Sfir_YNP-SF-5_forst_AVIRISb_RTGC_range2_vis_to_swir.gif,D:\usgs_splib07\../GIFplots/GIFplots_splib07a/plots_by_wavelength_region/range3_swir/splib07a_Espruce-Sfir_YNP-SF-5_forst_AVIRISb_RTGC_range3_swir.gif,,,D:\usgs_splib07\../GIFplots/GIFplots_splib07a/splib07a_Wavelengths_AVIRIS_1996_0.37-2.5_microns.gif,D:\usgs_splib07\../GIFplots/GIFplots_splib07a/splib07a_Bandpass_(FWHM)_AVIRIS_1996_in_microns.gif
Flower Geranium-1 Red-Orange ASDFRa AREF,D:\usgs_splib07\../HTMLmetadata/Flower_Geranium-1_Red-Orange_ASDFRa_AREF.html,D:\usgs_splib07\../ASCIIdata/ASCIIdata_splib07a/ChapterV_Vegetation/splib07a_Flower_Geranium-1_Red-Orange_ASDFRa_AREF.txt,,D:\usgs_splib07\../ASCIIdata/ASCIIdata_splib07a/splib07a_Wavelengths_ASD_0.35-2.5_microns_2151_ch.txt,D:\usgs_splib07\../ASCIIdata/ASCIIdata_splib07a/splib07a_Bandpass_(FWHM)_ASDFR_StandardResolution.txt,D:\usgs_splib07\../GIFplots/GIFplots_splib07a/ChapterV_Vegetation/splib07a_Flower_Geranium-1_Red-Orange_ASDFRa_AREF.gif,D:\usgs_splib07\../GIFplots/GIFplots_splib07a/plots_by_wavelength_region/range1_uv_to_visible/splib07a_Flower_Geranium-1_Red-Orange_ASDFRa_AREF_range1_uv_to_vis.gif,D:\usgs_splib07\../GIFplots/GIFplots_splib07a/plots_by_wavelength_region/range2_visible_to_swir/splib07a_Flower_Geranium-1_Red-Orange_ASDFRa_AREF_range2_vis_to_swir.gif,D:\usgs_splib07\../GIFplots/GIFplots_splib07a/plots_by_wavelength_region/range3_swir/splib07a_Flower_Geranium-1_Red-Orange_ASDFRa_AREF_range3_swir.gif,,,D:\usgs_splib07\../GIFplots/GIFplots_splib07a/splib07a_Wavelengths_ASD_0.35-2.5_microns_2151_ch.gif,D:\usgs_splib07\../GIFplots/GIFplots_splib07a/splib07a_Bandpass_(FWHM)_ASDFR_StandardResolution.gif
Flower Pansy-1 Yellow        ASDFRa AREF,D:\usgs_splib07\../HTMLmetadata/Flower_Pansy-1_Yellow_ASDFRa_AREF.html,D:\usgs_splib07\../ASCIIdata/ASCIIdata_splib07a/ChapterV_Vegetation/splib07a_Flower_Pansy-1_Yellow_ASDFRa_AREF.txt,,D:\usgs_splib07\../ASCIIdata/ASCIIdata_splib07a/splib07a_Wavelengths_ASD_0.35-2.5_microns_2151_ch.txt,D:\usgs_splib07\../ASCIIdata/ASCIIdata_splib07a/splib07a_Bandpass_(FWHM)_ASDFR_StandardResolution.txt,D:\usgs_splib07\../GIFplots/GIFplots_splib07a/ChapterV_Vegetation/splib07a_Flower_Pansy-1_Yellow_ASDFRa_AREF.gif,D:\usgs_splib07\../GIFplots/GIFplots_splib07a/plots_by_wavelength_region/range1_uv_to_visible/splib07a_Flower_Pansy-1_Yellow_ASDFRa_AREF_range1_uv_to_vis.gif,D:\usgs_splib07\../GIFplots/GIFplots_splib07a/plots_by_wavelength_region/range2_visible_to_swir/splib07a_Flower_Pansy-1_Yellow_ASDFRa_AREF_range2_vis_to_swir.gif,D:\usgs_splib07\../GIFplots/GIFplots_splib07a/plots_by_wavelength_region/range3_swir/splib07a_Flower_Pansy-1_Yellow_ASDFRa_AREF_range3_swir.gif,,,D:\usgs_splib07\../GIFplots/GIFplots_splib07a/splib07a_Wavelengths_ASD_0.35-2.5_microns_2151_ch.gif,D:\usgs_splib07\../GIFplots/GIFplots_splib07a/splib07a_Bandpass_(FWHM)_ASDFR_StandardResolution.gif
Flower Petunia-1 Pink        ASDFRa AREF,D:\usgs_splib07\../HTMLmetadata/Flower_Petunia-1_Pink_ASDFRa_AREF.html,D:\usgs_splib07\../ASCIIdata/ASCIIdata_splib07a/ChapterV_Vegetation/splib07a_Flower_Petunia-1_Pink_ASDFRa_AREF.txt,,D:\usgs_splib07\../ASCIIdata/ASCIIdata_splib07a/splib07a_Wavelengths_ASD_0.35-2.5_microns_2151_ch.txt,D:\usgs_splib07\../ASCIIdata/ASCIIdata_splib07a/splib07a_Bandpass_(FWHM)_ASDFR_StandardResolution.txt,D:\usgs_splib07\../GIFplots/GIFplots_splib07a/ChapterV_Vegetation/splib07a_Flower_Petunia-1_Pink_ASDFRa_AREF.gif,D:\usgs_splib07\../GIFplots/GIFplots_splib07a/plots_by_wavelength_region/range1_uv_to_visible/splib07a_Flower_Petunia-1_Pink_ASDFRa_AREF_range1_uv_to_vis.gif,D:\usgs_splib07\../GIFplots/GIFplots_splib07a/plots_by_wavelength_region/range2_visible_to_swir/splib07a_Flower_Petunia-1_Pink_ASDFRa_AREF_range2_vis_to_swir.gif,D:\usgs_splib07\../GIFplots/GIFplots_splib07a/plots_by_wavelength_region/range3_swir/splib07a_Flower_Petunia-1_Pink_ASDFRa_AREF_range3_swir.gif,,,D:\usgs_splib07\../GIFplots/GIFplots_splib07a/splib07a_Wavelengths_ASD_0.35-2.5_microns_2151_ch.gif,D:\usgs_splib07\../GIFplots/GIFplots_splib07a/splib07a_Bandpass_(FWHM)_ASDFR_StandardResolution.gif
Flower Petunia-2 Purple      ASDFRa AREF,D:\usgs_splib07\../HTMLmetadata/Flower_Petunia-2_Purple_ASDFRa_AREF.html,D:\usgs_splib07\../ASCIIdata/ASCIIdata_splib07a/ChapterV_Vegetation/splib07a_Flower_Petunia-2_Purple_ASDFRa_AREF.txt,,D:\usgs_splib07\../ASCIIdata/ASCIIdata_splib07a/splib07a_Wavelengths_ASD_0.35-2.5_microns_2151_ch.txt,D:\usgs_splib07\../ASCIIdata/ASCIIdata_splib07a/splib07a_Bandpass_(FWHM)_ASDFR_StandardResolution.txt,D:\usgs_splib07\../GIFplots/GIFplots_splib07a/ChapterV_Vegetation/splib07a_Flower_Petunia-2_Purple_ASDFRa_AREF.gif,D:\usgs_splib07\../GIFplots/GIFplots_splib07a/plots_by_wavelength_region/range1_uv_to_visible/splib07a_Flower_Petunia-2_Purple_ASDFRa_AREF_range1_uv_to_vis.gif,D:\usgs_splib07\../GIFplots/GIFplots_splib07a/plots_by_wavelength_region/range2_visible_to_swir/splib07a_Flower_Petunia-2_Purple_ASDFRa_AREF_range2_vis_to_swir.gif,D:\usgs_splib07\../GIFplots/GIFplots_splib07a/plots_by_wavelength_region/range3_swir/splib07a_Flower_Petunia-2_Purple_ASDFRa_AREF_range3_swir.gif,,,D:\usgs_splib07\../GIFplots/GIFplots_splib07a/splib07a_Wavelengths_ASD_0.35-2.5_microns_2151_ch.gif,D:\usgs_splib07\../GIFplots/GIFplots_splib07a/splib07a_Bandpass_(FWHM)_ASDFR_StandardResolution.gif
Flower Petunia-3 White       ASDFRa AREF,D:\usgs_splib07\../HTMLmetadata/Flower_Petunia-3_White_ASDFRa_AREF.html,D:\usgs_splib07\../ASCIIdata/ASCIIdata_splib07a/ChapterV_Vegetation/splib07a_Flower_Petunia-3_White_ASDFRa_AREF.txt,,D:\usgs_splib07\../ASCIIdata/ASCIIdata_splib07a/splib07a_Wavelengths_ASD_0.35-2.5_microns_2151_ch.txt,D:\usgs_splib07\../ASCIIdata/ASCIIdata_splib07a/splib07a_Bandpass_(FWHM)_ASDFR_StandardResolution.txt,D:\usgs_splib07\../GIFplots/GIFplots_splib07a/ChapterV_Vegetation/splib07a_Flower_Petunia-3_White_ASDFRa_AREF.gif,D:\usgs_splib07\../GIFplots/GIFplots_splib07a/plots_by_wavelength_region/range1_uv_to_visible/splib07a_Flower_Petunia-3_White_ASDFRa_AREF_range1_uv_to_vis.gif,D:\usgs_splib07\../GIFplots/GIFplots_splib07a/plots_by_wavelength_region/range2_visible_to_swir/splib07a_Flower_Petunia-3_White_ASDFRa_AREF_range2_vis_to_swir.gif,D:\usgs_splib07\../GIFplots/GIFplots_splib07a/plots_by_wavelength_region/range3_swir/splib07a_Flower_Petunia-3_White_ASDFRa_AREF_range3_swir.gif,,,D:\usgs_splib07\../GIFplots/GIFplots_splib07a/splib07a_Wavelengths_ASD_0.35-2.5_microns_2151_ch.gif,D:\usgs_splib07\../GIFplots/GIFplots_splib07a/splib07a_Bandpass_(FWHM)_ASDFR_StandardResolution.gif
Flower Platycodon-1 Purple   ASDFRa AREF,D:\usgs_splib07\../HTMLmetadata/Flower_Platycodon-1_Purple_ASDFRa_AREF.html,D:\usgs_splib07\../ASCIIdata/ASCIIdata_splib07a/ChapterV_Vegetation/splib07a_Flower_Platycodon-1_Purple_ASDFRa_AREF.txt,,D:\usgs_splib07\../ASCIIdata/ASCIIdata_splib07a/splib07a_Wavelengths_ASD_0.35-2.5_microns_2151_ch.txt,D:\usgs_splib07\../ASCIIdata/ASCIIdata_splib07a/splib07a_Bandpass_(FWHM)_ASDFR_StandardResolution.txt,D:\usgs_splib07\../GIFplots/GIFplots_splib07a/ChapterV_Vegetation/splib07a_Flower_Platycodon-1_Purple_ASDFRa_AREF.gif,D:\usgs_splib07\../GIFplots/GIFplots_splib07a/plots_by_wavelength_region/range1_uv_to_visible/splib07a_Flower_Platycodon-1_Purple_ASDFRa_AREF_range1_uv_to_vis.gif,D:\usgs_splib07\../GIFplots/GIFplots_splib07a/plots_by_wavelength_region/range2_visible_to_swir/splib07a_Flower_Platycodon-1_Purple_ASDFRa_AREF_range2_vis_to_swir.gif,D:\usgs_splib07\../GIFplots/GIFplots_splib07a/plots_by_wavelength_region/range3_swir/splib07a_Flower_Platycodon-1_Purple_ASDFRa_AREF_range3_swir.gif,,,D:\usgs_splib07\../GIFplots/GIFplots_splib07a/splib07a_Wavelengths_ASD_0.35-2.5_microns_2151_ch.gif,D:\usgs_splib07\../GIFplots/GIFplots_splib07a/splib07a_Bandpass_(FWHM)_ASDFR_StandardResolution.gif
Flower Platycodon-2 White    ASDFRa AREF,D:\usgs_splib07\../HTMLmetadata/Flower_Platycodon-2_White_ASDFRa_AREF.html,D:\usgs_splib07\../ASCIIdata/ASCIIdata_splib07a/ChapterV_Vegetation/splib07a_Flower_Platycodon-2_White_ASDFRa_AREF.txt,,D:\usgs_splib07\../ASCIIdata/ASCIIdata_splib07a/splib07a_Wavelengths_ASD_0.35-2.5_microns_2151_ch.txt,D:\usgs_splib07\../ASCIIdata/ASCIIdata_splib07a/splib07a_Bandpass_(FWHM)_ASDFR_StandardResolution.txt,D:\usgs_splib07\../GIFplots/GIFplots_splib07a/ChapterV_Vegetation/splib07a_Flower_Platycodon-2_White_ASDFRa_AREF.gif,D:\usgs_splib07\../GIFplots/GIFplots_splib07a/plots_by_wavelength_region/range1_uv_to_visible/splib07a_Flower_Platycodon-2_White_ASDFRa_AREF_range1_uv_to_vis.gif,D:\usgs_splib07\../GIFplots/GIFplots_splib07a/plots_by_wavelength_region/range2_visible_to_swir/splib07a_Flower_Platycodon-2_White_ASDFRa_AREF_range2_vis_to_swir.gif,D:\usgs_splib07\../GIFplots/GIFplots_splib07a/plots_by_wavelength_region/range3_swir/splib07a_Flower_Platycodon-2_White_ASDFRa_AREF_range3_swir.gif,,,D:\usgs_splib07\../GIFplots/GIFplots_splib07a/splib07a_Wavelengths_ASD_0.35-2.5_microns_2151_ch.gif,D:\usgs_splib07\../GIFplots/GIFplots_splib07a/splib07a_Bandpass_(FWHM)_ASDFR_StandardResolution.gif
Grass_AETR95 CA01-AETR-1 NPV ASDFRa AREF,D:\usgs_splib07\../HTMLmetadata/Grass_AETR95_CA01-AETR-1_NPV_ASDFRa_AREF.html,D:\usgs_splib07\../ASCIIdata/ASCIIdata_splib07a/ChapterV_Vegetation/splib07a_Grass_AETR95_CA01-AETR-1_NPV_ASDFRa_AREF.txt,D:\usgs_splib07\../ASCIIdata/ASCIIdata_splib07a/errorbars/errorbars_for_splib07a_Grass_AETR95_CA01-AETR-1_NPV_ASDFRa_AREF.txt,D:\usgs_splib07\../ASCIIdata/ASCIIdata_splib07a/splib07a_Wavelengths_ASD_0.35-2.5_microns_2151_ch.txt,D:\usgs_splib07\../ASCIIdata/ASCIIdata_splib07a/splib07a_Bandpass_(FWHM)_ASDFR_StandardResolution.txt,D:\usgs_splib07\../GIFplots/GIFplots_splib07a/ChapterV_Vegetation/splib07a_Grass_AETR95_CA01-AETR-1_NPV_ASDFRa_AREF.gif,D:\usgs_splib07\../GIFplots/GIFplots_splib07a/plots_by_wavelength_region/range1_uv_to_visible/splib07a_Grass_AETR95_CA01-AETR-1_NPV_ASDFRa_AREF_range1_uv_to_vis.gif,D:\usgs_splib07\../GIFplots/GIFplots_splib07a/plots_by_wavelength_region/range2_visible_to_swir/splib07a_Grass_AETR95_CA01-AETR-1_NPV_ASDFRa_AREF_range2_vis_to_swir.gif,D:\usgs_splib07\../GIFplots/GIFplots_splib07a/plots_by_wavelength_region/range3_swir/splib07a_Grass_AETR95_CA01-AETR-1_NPV_ASDFRa_AREF_range3_swir.gif,,,D:\usgs_splib07\../GIFplots/GIFplots_splib07a/splib07a_Wavelengths_ASD_0.35-2.5_microns_2151_ch.gif,D:\usgs_splib07\../GIFplots/GIFplots_splib07a/splib07a_Bandpass_(FWHM)_ASDFR_StandardResolution.gif
Grass_AETR70 CA01-AETR-2 NPV ASDFRa AREF,D:\usgs_splib07\../HTMLmetadata/Grass_AETR70_CA01-AETR-2_NPV_ASDFRa_AREF.html,D:\usgs_splib07\../ASCIIdata/ASCIIdata_splib07a/ChapterV_Vegetation/splib07a_Grass_AETR70_CA01-AETR-2_NPV_ASDFRa_AREF.txt,D:\usgs_splib07\../ASCIIdata/ASCIIdata_splib07a/errorbars/errorbars_for_splib07a_Grass_AETR70_CA01-AETR-2_NPV_ASDFRa_AREF.txt,D:\usgs_splib07\../ASCIIdata/ASCIIdata_splib07a/splib07a_Wavelengths_ASD_0.35-2.5_microns_2151_ch.txt,D:\usgs_splib07\../ASCIIdata/ASCIIdata_splib07a/splib07a_Bandpass_(FWHM)_ASDFR_StandardResolution.txt,D:\usgs_splib07\../GIFplots/GIFplots_splib07a/ChapterV_Vegetation/splib07a_Grass_AETR70_CA01-AETR-2_NPV_ASDFRa_AREF.gif,D:\usgs_splib07\../GIFplots/GIFplots_splib07a/plots_by_wavelength_region/range1_uv_to_visible/splib07a_Grass_AETR70_CA01-AETR-2_NPV_ASDFRa_AREF_range1_uv_to_vis.gif,D:\usgs_splib07\../GIFplots/GIFplots_splib07a/plots_by_wavelength_region/range2_visible_to_swir/splib07a_Grass_AETR70_CA01-AETR-2_NPV_ASDFRa_AREF_range2_vis_to_swir.gif,D:\usgs_splib07\../GIFplots/GIFplots_splib07a/plots_by_wavelength_region/range3_swir/splib07a_Grass_AETR70_CA01-AETR-2_NPV_ASDFRa_AREF_range3_swir.gif,,,D:\usgs_splib07\../GIFplots/GIFplots_splib07a/splib07a_Wavelengths_ASD_0.35-2.5_microns_2151_ch.gif,D:\usgs_splib07\../GIFplots/GIFplots_splib07a/splib07a_Bandpass_(FWHM)_ASDFR_StandardResolution.gif
Grass CA01-TACA-1 meadow NPV ASDFRa AREF,D:\usgs_splib07\../HTMLmetadata/Grass_CA01-TACA-1_meadow_NPV_ASDFRa_AREF.html,D:\usgs_splib07\../ASCIIdata/ASCIIdata_splib07a/ChapterV_Vegetation/splib07a_Grass_CA01-TACA-1_meadow_NPV_ASDFRa_AREF.txt,D:\usgs_splib07\../ASCIIdata/ASCIIdata_splib07a/errorbars/errorbars_for_splib07a_Grass_CA01-TACA-1_meadow_NPV_ASDFRa_AREF.txt,D:\usgs_splib07\../ASCIIdata/ASCIIdata_splib07a/splib07a_Wavelengths_ASD_0.35-2.5_microns_2151_ch.txt,D:\usgs_splib07\../ASCIIdata/ASCIIdata_splib07a/splib07a_Bandpass_(FWHM)_ASDFR_StandardResolution.txt,D:\usgs_splib07\../GIFplots/GIFplots_splib07a/ChapterV_Vegetation/splib07a_Grass_CA01-TACA-1_meadow_NPV_ASDFRa_AREF.gif,D:\usgs_splib07\../GIFplots/GIFplots_splib07a/plots_by_wavelength_region/range1_uv_to_visible/splib07a_Grass_CA01-TACA-1_meadow_NPV_ASDFRa_AREF_range1_uv_to_vis.gif,D:\usgs_splib07\../GIFplots/GIFplots_splib07a/plots_by_wavelength_region/range2_visible_to_swir/splib07a_Grass_CA01-TACA-1_meadow_NPV_ASDFRa_AREF_range2_vis_to_swir.gif,D:\usgs_splib07\../GIFplots/GIFplots_splib07a/plots_by_wavelength_region/range3_swir/splib07a_Grass_CA01-TACA-1_meadow_NPV_ASDFRa_AREF_range3_swir.gif,,,D:\usgs_splib07\../GIFplots/GIFplots_splib07a/splib07a_Wavelengths_ASD_0.35-2.5_microns_2151_ch.gif,D:\usgs_splib07\../GIFplots/GIFplots_splib07a/splib07a_Bandpass_(FWHM)_ASDFR_StandardResolution.gif
Grass_Golden_Dry GDS480      ASDFRa AREF,D:\usgs_splib07\../HTMLmetadata/Grass_Golden_Dry_GDS480_ASDFRa_AREF.html,D:\usgs_splib07\../ASCIIdata/ASCIIdata_splib07a/ChapterV_Vegetation/splib07a_Grass_Golden_Dry_GDS480_ASDFRa_AREF.txt,,D:\usgs_splib07\../ASCIIdata/ASCIIdata_splib07a/splib07a_Wavelengths_ASD_0.35-2.5_microns_2151_ch.txt,D:\usgs_splib07\../ASCIIdata/ASCIIdata_splib07a/splib07a_Bandpass_(FWHM)_ASDFR_StandardResolution.txt,D:\usgs_splib07\../GIFplots/GIFplots_splib07a/ChapterV_Vegetation/splib07a_Grass_Golden_Dry_GDS480_ASDFRa_AREF.gif,D:\usgs_splib07\../GIFplots/GIFplots_splib07a/plots_by_wavelength_region/range1_uv_to_visible/splib07a_Grass_Golden_Dry_GDS480_ASDFRa_AREF_range1_uv_to_vis.gif,D:\usgs_splib07\../GIFplots/GIFplots_splib07a/plots_by_wavelength_region/range2_visible_to_swir/splib07a_Grass_Golden_Dry_GDS480_ASDFRa_AREF_range2_vis_to_swir.gif,D:\usgs_splib07\../GIFplots/GIFplots_splib07a/plots_by_wavelength_region/range3_swir/splib07a_Grass_Golden_Dry_GDS480_ASDFRa_AREF_range3_swir.gif,,,D:\usgs_splib07\../GIFplots/GIFplots_splib07a/splib07a_Wavelengths_ASD_0.35-2.5_microns_2151_ch.gif,D:\usgs_splib07\../GIFplots/GIFplots_splib07a/splib07a_Bandpass_(FWHM)_ASDFR_StandardResolution.gif
Grass-FescueNeedlg YNP-FN-1 AVIRISb RTGC,D:\usgs_splib07\../HTMLmetadata/Grass-FescueNeedlg_YNP-FN-1_AVIRISb_RTGC.html,D:\usgs_splib07\../ASCIIdata/ASCIIdata_splib07a/ChapterV_Vegetation/splib07a_Grass-FescueNeedlg_YNP-FN-1_AVIRISb_RTGC.txt,,D:\usgs_splib07\../ASCIIdata/ASCIIdata_splib07a/splib07a_Wavelengths_AVIRIS_1996_0.37-2.5_microns.txt,D:\usgs_splib07\../ASCIIdata/ASCIIdata_splib07a/splib07a_Bandpass_(FWHM)_AVIRIS_1996_in_microns.txt,D:\usgs_splib07\../GIFplots/GIFplots_splib07a/ChapterV_Vegetation/splib07a_Grass-FescueNeedlg_YNP-FN-1_AVIRISb_RTGC.gif,D:\usgs_splib07\../GIFplots/GIFplots_splib07a/plots_by_wavelength_region/range1_uv_to_visible/splib07a_Grass-FescueNeedlg_YNP-FN-1_AVIRISb_RTGC_range1_uv_to_vis.gif,D:\usgs_splib07\../GIFplots/GIFplots_splib07a/plots_by_wavelength_region/range2_visible_to_swir/splib07a_Grass-FescueNeedlg_YNP-FN-1_AVIRISb_RTGC_range2_vis_to_swir.gif,D:\usgs_splib07\../GIFplots/GIFplots_splib07a/plots_by_wavelength_region/range3_swir/splib07a_Grass-FescueNeedlg_YNP-FN-1_AVIRISb_RTGC_range3_swir.gif,,,D:\usgs_splib07\../GIFplots/GIFplots_splib07a/splib07a_Wavelengths_AVIRIS_1996_0.37-2.5_microns.gif,D:\usgs_splib07\../GIFplots/GIFplots_splib07a/splib07a_Bandpass_(FWHM)_AVIRIS_1996_in_microns.gif
Grass-FescueWheatg YNP-FW-1 AVIRISb RTGC,D:\usgs_splib07\../HTMLmetadata/Grass-FescueWheatg_YNP-FW-1_AVIRISb_RTGC.html,D:\usgs_splib07\../ASCIIdata/ASCIIdata_splib07a/ChapterV_Vegetation/splib07a_Grass-FescueWheatg_YNP-FW-1_AVIRISb_RTGC.txt,,D:\usgs_splib07\../ASCIIdata/ASCIIdata_splib07a/splib07a_Wavelengths_AVIRIS_1996_0.37-2.5_microns.txt,D:\usgs_splib07\../ASCIIdata/ASCIIdata_splib07a/splib07a_Bandpass_(FWHM)_AVIRIS_1996_in_microns.txt,D:\usgs_splib07\../GIFplots/GIFplots_splib07a/ChapterV_Vegetation/splib07a_Grass-FescueWheatg_YNP-FW-1_AVIRISb_RTGC.gif,D:\usgs_splib07\../GIFplots/GIFplots_splib07a/plots_by_wavelength_region/range1_uv_to_visible/splib07a_Grass-FescueWheatg_YNP-FW-1_AVIRISb_RTGC_range1_uv_to_vis.gif,D:\usgs_splib07\../GIFplots/GIFplots_splib07a/plots_by_wavelength_region/range2_visible_to_swir/splib07a_Grass-FescueWheatg_YNP-FW-1_AVIRISb_RTGC_range2_vis_to_swir.gif,D:\usgs_splib07\../GIFplots/GIFplots_splib07a/plots_by_wavelength_region/range3_swir/splib07a_Grass-FescueWheatg_YNP-FW-1_AVIRISb_RTGC_range3_swir.gif,,,D:\usgs_splib07\../GIFplots/GIFplots_splib07a/splib07a_Wavelengths_AVIRIS_1996_0.37-2.5_microns.gif,D:\usgs_splib07\../GIFplots/GIFplots_splib07a/splib07a_Bandpass_(FWHM)_AVIRIS_1996_in_microns.gif
Grass-FescueWheatg YNP-FW-2 AVIRISb RTGC,D:\usgs_splib07\../HTMLmetadata/Grass-FescueWheatg_YNP-FW-2_AVIRISb_RTGC.html,D:\usgs_splib07\../ASCIIdata/ASCIIdata_splib07a/ChapterV_Vegetation/splib07a_Grass-FescueWheatg_YNP-FW-2_AVIRISb_RTGC.txt,,D:\usgs_splib07\../ASCIIdata/ASCIIdata_splib07a/splib07a_Wavelengths_AVIRIS_1996_0.37-2.5_microns.txt,D:\usgs_splib07\../ASCIIdata/ASCIIdata_splib07a/splib07a_Bandpass_(FWHM)_AVIRIS_1996_in_microns.txt,D:\usgs_splib07\../GIFplots/GIFplots_splib07a/ChapterV_Vegetation/splib07a_Grass-FescueWheatg_YNP-FW-2_AVIRISb_RTGC.gif,D:\usgs_splib07\../GIFplots/GIFplots_splib07a/plots_by_wavelength_region/range1_uv_to_visible/splib07a_Grass-FescueWheatg_YNP-FW-2_AVIRISb_RTGC_range1_uv_to_vis.gif,D:\usgs_splib07\../GIFplots/GIFplots_splib07a/plots_by_wavelength_region/range2_visible_to_swir/splib07a_Grass-FescueWheatg_YNP-FW-2_AVIRISb_RTGC_range2_vis_to_swir.gif,D:\usgs_splib07\../GIFplots/GIFplots_splib07a/plots_by_wavelength_region/range3_swir/splib07a_Grass-FescueWheatg_YNP-FW-2_AVIRISb_RTGC_range3_swir.gif,,,D:\usgs_splib07\../GIFplots/GIFplots_splib07a/splib07a_Wavelengths_AVIRIS_1996_0.37-2.5_microns.gif,D:\usgs_splib07\../GIFplots/GIFplots_splib07a/splib07a_Bandpass_(FWHM)_AVIRIS_1996_in_microns.gif
Grass-FescueWheatg YNP-FW-3 AVIRISb RTGC,D:\usgs_splib07\../HTMLmetadata/Grass-FescueWheatg_YNP-FW-3_AVIRISb_RTGC.html,D:\usgs_splib07\../ASCIIdata/ASCIIdata_splib07a/ChapterV_Vegetation/splib07a_Grass-FescueWheatg_YNP-FW-3_AVIRISb_RTGC.txt,,D:\usgs_splib07\../ASCIIdata/ASCIIdata_splib07a/splib07a_Wavelengths_AVIRIS_1996_0.37-2.5_microns.txt,D:\usgs_splib07\../ASCIIdata/ASCIIdata_splib07a/splib07a_Bandpass_(FWHM)_AVIRIS_1996_in_microns.txt,D:\usgs_splib07\../GIFplots/GIFplots_splib07a/ChapterV_Vegetation/splib07a_Grass-FescueWheatg_YNP-FW-3_AVIRISb_RTGC.gif,D:\usgs_splib07\../GIFplots/GIFplots_splib07a/plots_by_wavelength_region/range1_uv_to_visible/splib07a_Grass-FescueWheatg_YNP-FW-3_AVIRISb_RTGC_range1_uv_to_vis.gif,D:\usgs_splib07\../GIFplots/GIFplots_splib07a/plots_by_wavelength_region/range2_visible_to_swir/splib07a_Grass-FescueWheatg_YNP-FW-3_AVIRISb_RTGC_range2_vis_to_swir.gif,D:\usgs_splib07\../GIFplots/GIFplots_splib07a/plots_by_wavelength_region/range3_swir/splib07a_Grass-FescueWheatg_YNP-FW-3_AVIRISb_RTGC_range3_swir.gif,,,D:\usgs_splib07\../GIFplots/GIFplots_splib07a/splib07a_Wavelengths_AVIRIS_1996_0.37-2.5_microns.gif,D:\usgs_splib07\../GIFplots/GIFplots_splib07a/splib07a_Bandpass_(FWHM)_AVIRIS_1996_in_microns.gif
Grass-Smoothbrome YNP-SB-1  AVIRISb RTGC,D:\usgs_splib07\../HTMLmetadata/Grass-Smoothbrome_YNP-SB-1_AVIRISb_RTGC.html,D:\usgs_splib07\../ASCIIdata/ASCIIdata_splib07a/ChapterV_Vegetation/splib07a_Grass-Smoothbrome_YNP-SB-1_AVIRISb_RTGC.txt,,D:\usgs_splib07\../ASCIIdata/ASCIIdata_splib07a/splib07a_Wavelengths_AVIRIS_1996_0.37-2.5_microns.txt,D:\usgs_splib07\../ASCIIdata/ASCIIdata_splib07a/splib07a_Bandpass_(FWHM)_AVIRIS_1996_in_microns.txt,D:\usgs_splib07\../GIFplots/GIFplots_splib07a/ChapterV_Vegetation/splib07a_Grass-Smoothbrome_YNP-SB-1_AVIRISb_RTGC.gif,D:\usgs_splib07\../GIFplots/GIFplots_splib07a/plots_by_wavelength_region/range1_uv_to_visible/splib07a_Grass-Smoothbrome_YNP-SB-1_AVIRISb_RTGC_range1_uv_to_vis.gif,D:\usgs_splib07\../GIFplots/GIFplots_splib07a/plots_by_wavelength_region/range2_visible_to_swir/splib07a_Grass-Smoothbrome_YNP-SB-1_AVIRISb_RTGC_range2_vis_to_swir.gif,D:\usgs_splib07\../GIFplots/GIFplots_splib07a/plots_by_wavelength_region/range3_swir/splib07a_Grass-Smoothbrome_YNP-SB-1_AVIRISb_RTGC_range3_swir.gif,,,D:\usgs_splib07\../GIFplots/GIFplots_splib07a/splib07a_Wavelengths_AVIRIS_1996_0.37-2.5_microns.gif,D:\usgs_splib07\../GIFplots/GIFplots_splib07a/splib07a_Bandpass_(FWHM)_AVIRIS_1996_in_microns.gif
Gray-Pine CA01-PISA-1 branch ASDFRa AREF,D:\usgs_splib07\../HTMLmetadata/Gray-Pine_CA01-PISA-1_branch_ASDFRa_AREF.html,D:\usgs_splib07\../ASCIIdata/ASCIIdata_splib07a/ChapterV_Vegetation/splib07a_Gray-Pine_CA01-PISA-1_branch_ASDFRa_AREF.txt,D:\usgs_splib07\../ASCIIdata/ASCIIdata_splib07a/errorbars/errorbars_for_splib07a_Gray-Pine_CA01-PISA-1_branch_ASDFRa_AREF.txt,D:\usgs_splib07\../ASCIIdata/ASCIIdata_splib07a/splib07a_Wavelengths_ASD_0.35-2.5_microns_2151_ch.txt,D:\usgs_splib07\../ASCIIdata/ASCIIdata_splib07a/splib07a_Bandpass_(FWHM)_ASDFR_StandardResolution.txt,D:\usgs_splib07\../GIFplots/GIFplots_splib07a/ChapterV_Vegetation/splib07a_Gray-Pine_CA01-PISA-1_branch_ASDFRa_AREF.gif,D:\usgs_splib07\../GIFplots/GIFplots_splib07a/plots_by_wavelength_region/range1_uv_to_visible/splib07a_Gray-Pine_CA01-PISA-1_branch_ASDFRa_AREF_range1_uv_to_vis.gif,D:\usgs_splib07\../GIFplots/GIFplots_splib07a/plots_by_wavelength_region/range2_visible_to_swir/splib07a_Gray-Pine_CA01-PISA-1_branch_ASDFRa_AREF_range2_vis_to_swir.gif,D:\usgs_splib07\../GIFplots/GIFplots_splib07a/plots_by_wavelength_region/range3_swir/splib07a_Gray-Pine_CA01-PISA-1_branch_ASDFRa_AREF_range3_swir.gif,,,D:\usgs_splib07\../GIFplots/GIFplots_splib07a/splib07a_Wavelengths_ASD_0.35-2.5_microns_2151_ch.gif,D:\usgs_splib07\../GIFplots/GIFplots_splib07a/splib07a_Bandpass_(FWHM)_ASDFR_StandardResolution.gif
Gray-Pine CA01-PISA-2 branch ASDFRa AREF,D:\usgs_splib07\../HTMLmetadata/Gray-Pine_CA01-PISA-2_branch_ASDFRa_AREF.html,D:\usgs_splib07\../ASCIIdata/ASCIIdata_splib07a/ChapterV_Vegetation/splib07a_Gray-Pine_CA01-PISA-2_branch_ASDFRa_AREF.txt,D:\usgs_splib07\../ASCIIdata/ASCIIdata_splib07a/errorbars/errorbars_for_splib07a_Gray-Pine_CA01-PISA-2_branch_ASDFRa_AREF.txt,D:\usgs_splib07\../ASCIIdata/ASCIIdata_splib07a/splib07a_Wavelengths_ASD_0.35-2.5_microns_2151_ch.txt,D:\usgs_splib07\../ASCIIdata/ASCIIdata_splib07a/splib07a_Bandpass_(FWHM)_ASDFR_StandardResolution.txt,D:\usgs_splib07\../GIFplots/GIFplots_splib07a/ChapterV_Vegetation/splib07a_Gray-Pine_CA01-PISA-2_branch_ASDFRa_AREF.gif,D:\usgs_splib07\../GIFplots/GIFplots_splib07a/plots_by_wavelength_region/range1_uv_to_visible/splib07a_Gray-Pine_CA01-PISA-2_branch_ASDFRa_AREF_range1_uv_to_vis.gif,D:\usgs_splib07\../GIFplots/GIFplots_splib07a/plots_by_wavelength_region/range2_visible_to_swir/splib07a_Gray-Pine_CA01-PISA-2_branch_ASDFRa_AREF_range2_vis_to_swir.gif,D:\usgs_splib07\../GIFplots/GIFplots_splib07a/plots_by_wavelength_region/range3_swir/splib07a_Gray-Pine_CA01-PISA-2_branch_ASDFRa_AREF_range3_swir.gif,,,D:\usgs_splib07\../GIFplots/GIFplots_splib07a/splib07a_Wavelengths_ASD_0.35-2.5_microns_2151_ch.gif,D:\usgs_splib07\../GIFplots/GIFplots_splib07a/splib07a_Bandpass_(FWHM)_ASDFR_StandardResolution.gif
Gray-Pine CA01-PISA-3 needls ASDFRa AREF,D:\usgs_splib07\../HTMLmetadata/Gray-Pine_CA01-PISA-3_needls_ASDFRa_AREF.html,D:\usgs_splib07\../ASCIIdata/ASCIIdata_splib07a/ChapterV_Vegetation/splib07a_Gray-Pine_CA01-PISA-3_needls_ASDFRa_AREF.txt,D:\usgs_splib07\../ASCIIdata/ASCIIdata_splib07a/errorbars/errorbars_for_splib07a_Gray-Pine_CA01-PISA-3_needls_ASDFRa_AREF.txt,D:\usgs_splib07\../ASCIIdata/ASCIIdata_splib07a/splib07a_Wavelengths_ASD_0.35-2.5_microns_2151_ch.txt,D:\usgs_splib07\../ASCIIdata/ASCIIdata_splib07a/splib07a_Bandpass_(FWHM)_ASDFR_StandardResolution.txt,D:\usgs_splib07\../GIFplots/GIFplots_splib07a/ChapterV_Vegetation/splib07a_Gray-Pine_CA01-PISA-3_needls_ASDFRa_AREF.gif,D:\usgs_splib07\../GIFplots/GIFplots_splib07a/plots_by_wavelength_region/range1_uv_to_visible/splib07a_Gray-Pine_CA01-PISA-3_needls_ASDFRa_AREF_range1_uv_to_vis.gif,D:\usgs_splib07\../GIFplots/GIFplots_splib07a/plots_by_wavelength_region/range2_visible_to_swir/splib07a_Gray-Pine_CA01-PISA-3_needls_ASDFRa_AREF_range2_vis_to_swir.gif,D:\usgs_splib07\../GIFplots/GIFplots_splib07a/plots_by_wavelength_region/range3_swir/splib07a_Gray-Pine_CA01-PISA-3_needls_ASDFRa_AREF_range3_swir.gif,,,D:\usgs_splib07\../GIFplots/GIFplots_splib07a/splib07a_Wavelengths_ASD_0.35-2.5_microns_2151_ch.gif,D:\usgs_splib07\../GIFplots/GIFplots_splib07a/splib07a_Bandpass_(FWHM)_ASDFR_StandardResolution.gif
Hyacinth DWO-3-DEL-2 leaf.a  ASDFRa AREF,D:\usgs_splib07\../HTMLmetadata/Hyacinth_DWO-3-DEL-2_leaf.a_ASDFRa_AREF.html,D:\usgs_splib07\../ASCIIdata/ASCIIdata_splib07a/ChapterV_Vegetation/splib07a_Hyacinth_DWO-3-DEL-2_leaf.a_ASDFRa_AREF.txt,D:\usgs_splib07\../ASCIIdata/ASCIIdata_splib07a/errorbars/errorbars_for_splib07a_Hyacinth_DWO-3-DEL-2_leaf.a_ASDFRa_AREF.txt,D:\usgs_splib07\../ASCIIdata/ASCIIdata_splib07a/splib07a_Wavelengths_ASD_0.35-2.5_microns_2151_ch.txt,D:\usgs_splib07\../ASCIIdata/ASCIIdata_splib07a/splib07a_Bandpass_(FWHM)_ASDFR_StandardResolution.txt,D:\usgs_splib07\../GIFplots/GIFplots_splib07a/ChapterV_Vegetation/splib07a_Hyacinth_DWO-3-DEL-2_leaf.a_ASDFRa_AREF.gif,D:\usgs_splib07\../GIFplots/GIFplots_splib07a/plots_by_wavelength_region/range1_uv_to_visible/splib07a_Hyacinth_DWO-3-DEL-2_leaf.a_ASDFRa_AREF_range1_uv_to_vis.gif,D:\usgs_splib07\../GIFplots/GIFplots_splib07a/plots_by_wavelength_region/range2_visible_to_swir/splib07a_Hyacinth_DWO-3-DEL-2_leaf.a_ASDFRa_AREF_range2_vis_to_swir.gif,D:\usgs_splib07\../GIFplots/GIFplots_splib07a/plots_by_wavelength_region/range3_swir/splib07a_Hyacinth_DWO-3-DEL-2_leaf.a_ASDFRa_AREF_range3_swir.gif,,,D:\usgs_splib07\../GIFplots/GIFplots_splib07a/splib07a_Wavelengths_ASD_0.35-2.5_microns_2151_ch.gif,D:\usgs_splib07\../GIFplots/GIFplots_splib07a/splib07a_Bandpass_(FWHM)_ASDFR_StandardResolution.gif
J.roemer. DWV1-0511a gr.a    ASDFRa AREF,D:\usgs_splib07\../HTMLmetadata/J.roemer._DWV1-0511a_gr.a_ASDFRa_AREF.html,D:\usgs_splib07\../ASCIIdata/ASCIIdata_splib07a/ChapterV_Vegetation/splib07a_J.roemer._DWV1-0511a_gr.a_ASDFRa_AREF.txt,,D:\usgs_splib07\../ASCIIdata/ASCIIdata_splib07a/splib07a_Wavelengths_ASD_0.35-2.5_microns_2151_ch.txt,D:\usgs_splib07\../ASCIIdata/ASCIIdata_splib07a/splib07a_Bandpass_(FWHM)_ASDFR_StandardResolution.txt,D:\usgs_splib07\../GIFplots/GIFplots_splib07a/ChapterV_Vegetation/splib07a_J.roemer._DWV1-0511a_gr.a_ASDFRa_AREF.gif,D:\usgs_splib07\../GIFplots/GIFplots_splib07a/plots_by_wavelength_region/range1_uv_to_visible/splib07a_J.roemer._DWV1-0511a_gr.a_ASDFRa_AREF_range1_uv_to_vis.gif,D:\usgs_splib07\../GIFplots/GIFplots_splib07a/plots_by_wavelength_region/range2_visible_to_swir/splib07a_J.roemer._DWV1-0511a_gr.a_ASDFRa_AREF_range2_vis_to_swir.gif,D:\usgs_splib07\../GIFplots/GIFplots_splib07a/plots_by_wavelength_region/range3_swir/splib07a_J.roemer._DWV1-0511a_gr.a_ASDFRa_AREF_range3_swir.gif,,,D:\usgs_splib07\../GIFplots/GIFplots_splib07a/splib07a_Wavelengths_ASD_0.35-2.5_microns_2151_ch.gif,D:\usgs_splib07\../GIFplots/GIFplots_splib07a/splib07a_Bandpass_(FWHM)_ASDFR_StandardResolution.gif
J.roemer. DWV1-0511b dkgrn.a ASDFRa AREF,D:\usgs_splib07\../HTMLmetadata/J.roemer._DWV1-0511b_dkgrn.a_ASDFRa_AREF.html,D:\usgs_splib07\../ASCIIdata/ASCIIdata_splib07a/ChapterV_Vegetation/splib07a_J.roemer._DWV1-0511b_dkgrn.a_ASDFRa_AREF.txt,,D:\usgs_splib07\../ASCIIdata/ASCIIdata_splib07a/splib07a_Wavelengths_ASD_0.35-2.5_microns_2151_ch.txt,D:\usgs_splib07\../ASCIIdata/ASCIIdata_splib07a/splib07a_Bandpass_(FWHM)_ASDFR_StandardResolution.txt,D:\usgs_splib07\../GIFplots/GIFplots_splib07a/ChapterV_Vegetation/splib07a_J.roemer._DWV1-0511b_dkgrn.a_ASDFRa_AREF.gif,D:\usgs_splib07\../GIFplots/GIFplots_splib07a/plots_by_wavelength_region/range1_uv_to_visible/splib07a_J.roemer._DWV1-0511b_dkgrn.a_ASDFRa_AREF_range1_uv_to_vis.gif,D:\usgs_splib07\../GIFplots/GIFplots_splib07a/plots_by_wavelength_region/range2_visible_to_swir/splib07a_J.roemer._DWV1-0511b_dkgrn.a_ASDFRa_AREF_range2_vis_to_swir.gif,D:\usgs_splib07\../GIFplots/GIFplots_splib07a/plots_by_wavelength_region/range3_swir/splib07a_J.roemer._DWV1-0511b_dkgrn.a_ASDFRa_AREF_range3_swir.gif,,,D:\usgs_splib07\../GIFplots/GIFplots_splib07a/splib07a_Wavelengths_ASD_0.35-2.5_microns_2151_ch.gif,D:\usgs_splib07\../GIFplots/GIFplots_splib07a/splib07a_Bandpass_(FWHM)_ASDFR_StandardResolution.gif
J.roemer. DWV1-0511c grbrn.a ASDFRa AREF,D:\usgs_splib07\../HTMLmetadata/J.roemer._DWV1-0511c_grbrn.a_ASDFRa_AREF.html,D:\usgs_splib07\../ASCIIdata/ASCIIdata_splib07a/ChapterV_Vegetation/splib07a_J.roemer._DWV1-0511c_grbrn.a_ASDFRa_AREF.txt,,D:\usgs_splib07\../ASCIIdata/ASCIIdata_splib07a/splib07a_Wavelengths_ASD_0.35-2.5_microns_2151_ch.txt,D:\usgs_splib07\../ASCIIdata/ASCIIdata_splib07a/splib07a_Bandpass_(FWHM)_ASDFR_StandardResolution.txt,D:\usgs_splib07\../GIFplots/GIFplots_splib07a/ChapterV_Vegetation/splib07a_J.roemer._DWV1-0511c_grbrn.a_ASDFRa_AREF.gif,D:\usgs_splib07\../GIFplots/GIFplots_splib07a/plots_by_wavelength_region/range1_uv_to_visible/splib07a_J.roemer._DWV1-0511c_grbrn.a_ASDFRa_AREF_range1_uv_to_vis.gif,D:\usgs_splib07\../GIFplots/GIFplots_splib07a/plots_by_wavelength_region/range2_visible_to_swir/splib07a_J.roemer._DWV1-0511c_grbrn.a_ASDFRa_AREF_range2_vis_to_swir.gif,D:\usgs_splib07\../GIFplots/GIFplots_splib07a/plots_by_wavelength_region/range3_swir/splib07a_J.roemer._DWV1-0511c_grbrn.a_ASDFRa_AREF_range3_swir.gif,,,D:\usgs_splib07\../GIFplots/GIFplots_splib07a/splib07a_Wavelengths_ASD_0.35-2.5_microns_2151_ch.gif,D:\usgs_splib07\../GIFplots/GIFplots_splib07a/splib07a_Bandpass_(FWHM)_ASDFR_StandardResolution.gif
J.roemer. DWV1-0511d NPV.a   ASDFRa AREF,D:\usgs_splib07\../HTMLmetadata/J.roemer._DWV1-0511d_NPV.a_ASDFRa_AREF.html,D:\usgs_splib07\../ASCIIdata/ASCIIdata_splib07a/ChapterV_Vegetation/splib07a_J.roemer._DWV1-0511d_NPV.a_ASDFRa_AREF.txt,D:\usgs_splib07\../ASCIIdata/ASCIIdata_splib07a/errorbars/errorbars_for_splib07a_J.roemer._DWV1-0511d_NPV.a_ASDFRa_AREF.txt,D:\usgs_splib07\../ASCIIdata/ASCIIdata_splib07a/splib07a_Wavelengths_ASD_0.35-2.5_microns_2151_ch.txt,D:\usgs_splib07\../ASCIIdata/ASCIIdata_splib07a/splib07a_Bandpass_(FWHM)_ASDFR_StandardResolution.txt,D:\usgs_splib07\../GIFplots/GIFplots_splib07a/ChapterV_Vegetation/splib07a_J.roemer._DWV1-0511d_NPV.a_ASDFRa_AREF.gif,D:\usgs_splib07\../GIFplots/GIFplots_splib07a/plots_by_wavelength_region/range1_uv_to_visible/splib07a_J.roemer._DWV1-0511d_NPV.a_ASDFRa_AREF_range1_uv_to_vis.gif,D:\usgs_splib07\../GIFplots/GIFplots_splib07a/plots_by_wavelength_region/range2_visible_to_swir/splib07a_J.roemer._DWV1-0511d_NPV.a_ASDFRa_AREF_range2_vis_to_swir.gif,D:\usgs_splib07\../GIFplots/GIFplots_splib07a/plots_by_wavelength_region/range3_swir/splib07a_J.roemer._DWV1-0511d_NPV.a_ASDFRa_AREF_range3_swir.gif,,,D:\usgs_splib07\../GIFplots/GIFplots_splib07a/splib07a_Wavelengths_ASD_0.35-2.5_microns_2151_ch.gif,D:\usgs_splib07\../GIFplots/GIFplots_splib07a/splib07a_Bandpass_(FWHM)_ASDFR_StandardResolution.gif
J.roemer. DWV6a2-0511 NPV.a  ASDFRa AREF,D:\usgs_splib07\../HTMLmetadata/J.roemer._DWV6a2-0511_NPV.a_ASDFRa_AREF.html,D:\usgs_splib07\../ASCIIdata/ASCIIdata_splib07a/ChapterV_Vegetation/splib07a_J.roemer._DWV6a2-0511_NPV.a_ASDFRa_AREF.txt,,D:\usgs_splib07\../ASCIIdata/ASCIIdata_splib07a/splib07a_Wavelengths_ASD_0.35-2.5_microns_2151_ch.txt,D:\usgs_splib07\../ASCIIdata/ASCIIdata_splib07a/splib07a_Bandpass_(FWHM)_ASDFR_StandardResolution.txt,D:\usgs_splib07\../GIFplots/GIFplots_splib07a/ChapterV_Vegetation/splib07a_J.roemer._DWV6a2-0511_NPV.a_ASDFRa_AREF.gif,D:\usgs_splib07\../GIFplots/GIFplots_splib07a/plots_by_wavelength_region/range1_uv_to_visible/splib07a_J.roemer._DWV6a2-0511_NPV.a_ASDFRa_AREF_range1_uv_to_vis.gif,D:\usgs_splib07\../GIFplots/GIFplots_splib07a/plots_by_wavelength_region/range2_visible_to_swir/splib07a_J.roemer._DWV6a2-0511_NPV.a_ASDFRa_AREF_range2_vis_to_swir.gif,D:\usgs_splib07\../GIFplots/GIFplots_splib07a/plots_by_wavelength_region/range3_swir/splib07a_J.roemer._DWV6a2-0511_NPV.a_ASDFRa_AREF_range3_swir.gif,,,D:\usgs_splib07\../GIFplots/GIFplots_splib07a/splib07a_Wavelengths_ASD_0.35-2.5_microns_2151_ch.gif,D:\usgs_splib07\../GIFplots/GIFplots_splib07a/splib07a_Bandpass_(FWHM)_ASDFR_StandardResolution.gif
Juniper IH91-4B               BECKa AREF,D:\usgs_splib07\../HTMLmetadata/Juniper_IH91-4B_BECKa_AREF.html,D:\usgs_splib07\../ASCIIdata/ASCIIdata_splib07a/ChapterV_Vegetation/splib07a_Juniper_IH91-4B_BECKa_AREF.txt,D:\usgs_splib07\../ASCIIdata/ASCIIdata_splib07a/errorbars/errorbars_for_splib07a_Juniper_IH91-4B_BECKa_AREF.txt,D:\usgs_splib07\../ASCIIdata/ASCIIdata_splib07a/splib07a_Wavelengths_BECK_Beckman_0.2-3.0_microns.txt,D:\usgs_splib07\../ASCIIdata/ASCIIdata_splib07a/splib07a_Bandpass_(FWHM)_BECK_Beckman_in_microns.txt,D:\usgs_splib07\../GIFplots/GIFplots_splib07a/ChapterV_Vegetation/splib07a_Juniper_IH91-4B_BECKa_AREF.gif,D:\usgs_splib07\../GIFplots/GIFplots_splib07a/plots_by_wavelength_region/range1_uv_to_visible/splib07a_Juniper_IH91-4B_BECKa_AREF_range1_uv_to_vis.gif,D:\usgs_splib07\../GIFplots/GIFplots_splib07a/plots_by_wavelength_region/range2_visible_to_swir/splib07a_Juniper_IH91-4B_BECKa_AREF_range2_vis_to_swir.gif,D:\usgs_splib07\../GIFplots/GIFplots_splib07a/plots_by_wavelength_region/range3_swir/splib07a_Juniper_IH91-4B_BECKa_AREF_range3_swir.gif,,,D:\usgs_splib07\../GIFplots/GIFplots_splib07a/splib07a_Wavelengths_BECK_Beckman_0.2-3.0_microns.gif,D:\usgs_splib07\../GIFplots/GIFplots_splib07a/splib07a_Bandpass_(FWHM)_BECK_Beckman_in_microns.gif
Lawn_Grass GDS91 green        BECKa AREF,D:\usgs_splib07\../HTMLmetadata/Lawn_Grass_GDS91_green_BECKa_AREF.html,D:\usgs_splib07\../ASCIIdata/ASCIIdata_splib07a/ChapterV_Vegetation/splib07a_Lawn_Grass_GDS91_green_BECKa_AREF.txt,D:\usgs_splib07\../ASCIIdata/ASCIIdata_splib07a/errorbars/errorbars_for_splib07a_Lawn_Grass_GDS91_green_BECKa_AREF.txt,D:\usgs_splib07\../ASCIIdata/ASCIIdata_splib07a/splib07a_Wavelengths_BECK_Beckman_0.2-3.0_microns.txt,D:\usgs_splib07\../ASCIIdata/ASCIIdata_splib07a/splib07a_Bandpass_(FWHM)_BECK_Beckman_in_microns.txt,D:\usgs_splib07\../GIFplots/GIFplots_splib07a/ChapterV_Vegetation/splib07a_Lawn_Grass_GDS91_green_BECKa_AREF.gif,D:\usgs_splib07\../GIFplots/GIFplots_splib07a/plots_by_wavelength_region/range1_uv_to_visible/splib07a_Lawn_Grass_GDS91_green_BECKa_AREF_range1_uv_to_vis.gif,D:\usgs_splib07\../GIFplots/GIFplots_splib07a/plots_by_wavelength_region/range2_visible_to_swir/splib07a_Lawn_Grass_GDS91_green_BECKa_AREF_range2_vis_to_swir.gif,D:\usgs_splib07\../GIFplots/GIFplots_splib07a/plots_by_wavelength_region/range3_swir/splib07a_Lawn_Grass_GDS91_green_BECKa_AREF_range3_swir.gif,,,D:\usgs_splib07\../GIFplots/GIFplots_splib07a/splib07a_Wavelengths_BECK_Beckman_0.2-3.0_microns.gif,D:\usgs_splib07\../GIFplots/GIFplots_splib07a/splib07a_Bandpass_(FWHM)_BECK_Beckman_in_microns.gif
LeafySpurge Spurge-A1-Jul98  ASDFRa AREF,D:\usgs_splib07\../HTMLmetadata/LeafySpurge_Spurge-A1-Jul98_ASDFRa_AREF.html,D:\usgs_splib07\../ASCIIdata/ASCIIdata_splib07a/ChapterV_Vegetation/splib07a_LeafySpurge_Spurge-A1-Jul98_ASDFRa_AREF.txt,,D:\usgs_splib07\../ASCIIdata/ASCIIdata_splib07a/splib07a_Wavelengths_ASD_0.35-2.5_microns_2151_ch.txt,D:\usgs_splib07\../ASCIIdata/ASCIIdata_splib07a/splib07a_Bandpass_(FWHM)_ASDFR_StandardResolution.txt,D:\usgs_splib07\../GIFplots/GIFplots_splib07a/ChapterV_Vegetation/splib07a_LeafySpurge_Spurge-A1-Jul98_ASDFRa_AREF.gif,D:\usgs_splib07\../GIFplots/GIFplots_splib07a/plots_by_wavelength_region/range1_uv_to_visible/splib07a_LeafySpurge_Spurge-A1-Jul98_ASDFRa_AREF_range1_uv_to_vis.gif,D:\usgs_splib07\../GIFplots/GIFplots_splib07a/plots_by_wavelength_region/range2_visible_to_swir/splib07a_LeafySpurge_Spurge-A1-Jul98_ASDFRa_AREF_range2_vis_to_swir.gif,D:\usgs_splib07\../GIFplots/GIFplots_splib07a/plots_by_wavelength_region/range3_swir/splib07a_LeafySpurge_Spurge-A1-Jul98_ASDFRa_AREF_range3_swir.gif,,,D:\usgs_splib07\../GIFplots/GIFplots_splib07a/splib07a_Wavelengths_ASD_0.35-2.5_microns_2151_ch.gif,D:\usgs_splib07\../GIFplots/GIFplots_splib07a/splib07a_Bandpass_(FWHM)_ASDFR_StandardResolution.gif
LeafySpurge Spurge-A1-Jun98  ASDFRa AREF,D:\usgs_splib07\../HTMLmetadata/LeafySpurge_Spurge-A1-Jun98_ASDFRa_AREF.html,D:\usgs_splib07\../ASCIIdata/ASCIIdata_splib07a/ChapterV_Vegetation/splib07a_LeafySpurge_Spurge-A1-Jun98_ASDFRa_AREF.txt,,D:\usgs_splib07\../ASCIIdata/ASCIIdata_splib07a/splib07a_Wavelengths_ASD_0.35-2.5_microns_2151_ch.txt,D:\usgs_splib07\../ASCIIdata/ASCIIdata_splib07a/splib07a_Bandpass_(FWHM)_ASDFR_StandardResolution.txt,D:\usgs_splib07\../GIFplots/GIFplots_splib07a/ChapterV_Vegetation/splib07a_LeafySpurge_Spurge-A1-Jun98_ASDFRa_AREF.gif,D:\usgs_splib07\../GIFplots/GIFplots_splib07a/plots_by_wavelength_region/range1_uv_to_visible/splib07a_LeafySpurge_Spurge-A1-Jun98_ASDFRa_AREF_range1_uv_to_vis.gif,D:\usgs_splib07\../GIFplots/GIFplots_splib07a/plots_by_wavelength_region/range2_visible_to_swir/splib07a_LeafySpurge_Spurge-A1-Jun98_ASDFRa_AREF_range2_vis_to_swir.gif,D:\usgs_splib07\../GIFplots/GIFplots_splib07a/plots_by_wavelength_region/range3_swir/splib07a_LeafySpurge_Spurge-A1-Jun98_ASDFRa_AREF_range3_swir.gif,,,D:\usgs_splib07\../GIFplots/GIFplots_splib07a/splib07a_Wavelengths_ASD_0.35-2.5_microns_2151_ch.gif,D:\usgs_splib07\../GIFplots/GIFplots_splib07a/splib07a_Bandpass_(FWHM)_ASDFR_StandardResolution.gif
LeafySpurge Spurge-A1-Oct97  ASDFRa AREF,D:\usgs_splib07\../HTMLmetadata/LeafySpurge_Spurge-A1-Oct97_ASDFRa_AREF.html,D:\usgs_splib07\../ASCIIdata/ASCIIdata_splib07a/ChapterV_Vegetation/splib07a_LeafySpurge_Spurge-A1-Oct97_ASDFRa_AREF.txt,,D:\usgs_splib07\../ASCIIdata/ASCIIdata_splib07a/splib07a_Wavelengths_ASD_0.35-2.5_microns_2151_ch.txt,D:\usgs_splib07\../ASCIIdata/ASCIIdata_splib07a/splib07a_Bandpass_(FWHM)_ASDFR_StandardResolution.txt,D:\usgs_splib07\../GIFplots/GIFplots_splib07a/ChapterV_Vegetation/splib07a_LeafySpurge_Spurge-A1-Oct97_ASDFRa_AREF.gif,D:\usgs_splib07\../GIFplots/GIFplots_splib07a/plots_by_wavelength_region/range1_uv_to_visible/splib07a_LeafySpurge_Spurge-A1-Oct97_ASDFRa_AREF_range1_uv_to_vis.gif,D:\usgs_splib07\../GIFplots/GIFplots_splib07a/plots_by_wavelength_region/range2_visible_to_swir/splib07a_LeafySpurge_Spurge-A1-Oct97_ASDFRa_AREF_range2_vis_to_swir.gif,D:\usgs_splib07\../GIFplots/GIFplots_splib07a/plots_by_wavelength_region/range3_swir/splib07a_LeafySpurge_Spurge-A1-Oct97_ASDFRa_AREF_range3_swir.gif,,,D:\usgs_splib07\../GIFplots/GIFplots_splib07a/splib07a_Wavelengths_ASD_0.35-2.5_microns_2151_ch.gif,D:\usgs_splib07\../GIFplots/GIFplots_splib07a/splib07a_Bandpass_(FWHM)_ASDFR_StandardResolution.gif
LeafySpurge Spurge-A1-Sep97  ASDFRa AREF,D:\usgs_splib07\../HTMLmetadata/LeafySpurge_Spurge-A1-Sep97_ASDFRa_AREF.html,D:\usgs_splib07\../ASCIIdata/ASCIIdata_splib07a/ChapterV_Vegetation/splib07a_LeafySpurge_Spurge-A1-Sep97_ASDFRa_AREF.txt,,D:\usgs_splib07\../ASCIIdata/ASCIIdata_splib07a/splib07a_Wavelengths_ASD_0.35-2.5_microns_2151_ch.txt,D:\usgs_splib07\../ASCIIdata/ASCIIdata_splib07a/splib07a_Bandpass_(FWHM)_ASDFR_StandardResolution.txt,D:\usgs_splib07\../GIFplots/GIFplots_splib07a/ChapterV_Vegetation/splib07a_LeafySpurge_Spurge-A1-Sep97_ASDFRa_AREF.gif,D:\usgs_splib07\../GIFplots/GIFplots_splib07a/plots_by_wavelength_region/range1_uv_to_visible/splib07a_LeafySpurge_Spurge-A1-Sep97_ASDFRa_AREF_range1_uv_to_vis.gif,D:\usgs_splib07\../GIFplots/GIFplots_splib07a/plots_by_wavelength_region/range2_visible_to_swir/splib07a_LeafySpurge_Spurge-A1-Sep97_ASDFRa_AREF_range2_vis_to_swir.gif,D:\usgs_splib07\../GIFplots/GIFplots_splib07a/plots_by_wavelength_region/range3_swir/splib07a_LeafySpurge_Spurge-A1-Sep97_ASDFRa_AREF_range3_swir.gif,,,D:\usgs_splib07\../GIFplots/GIFplots_splib07a/splib07a_Wavelengths_ASD_0.35-2.5_microns_2151_ch.gif,D:\usgs_splib07\../GIFplots/GIFplots_splib07a/splib07a_Bandpass_(FWHM)_ASDFR_StandardResolution.gif
LeafySpurge Spurge-A2-Jun98  ASDFRa AREF,D:\usgs_splib07\../HTMLmetadata/LeafySpurge_Spurge-A2-Jun98_ASDFRa_AREF.html,D:\usgs_splib07\../ASCIIdata/ASCIIdata_splib07a/ChapterV_Vegetation/splib07a_LeafySpurge_Spurge-A2-Jun98_ASDFRa_AREF.txt,,D:\usgs_splib07\../ASCIIdata/ASCIIdata_splib07a/splib07a_Wavelengths_ASD_0.35-2.5_microns_2151_ch.txt,D:\usgs_splib07\../ASCIIdata/ASCIIdata_splib07a/splib07a_Bandpass_(FWHM)_ASDFR_StandardResolution.txt,D:\usgs_splib07\../GIFplots/GIFplots_splib07a/ChapterV_Vegetation/splib07a_LeafySpurge_Spurge-A2-Jun98_ASDFRa_AREF.gif,D:\usgs_splib07\../GIFplots/GIFplots_splib07a/plots_by_wavelength_region/range1_uv_to_visible/splib07a_LeafySpurge_Spurge-A2-Jun98_ASDFRa_AREF_range1_uv_to_vis.gif,D:\usgs_splib07\../GIFplots/GIFplots_splib07a/plots_by_wavelength_region/range2_visible_to_swir/splib07a_LeafySpurge_Spurge-A2-Jun98_ASDFRa_AREF_range2_vis_to_swir.gif,D:\usgs_splib07\../GIFplots/GIFplots_splib07a/plots_by_wavelength_region/range3_swir/splib07a_LeafySpurge_Spurge-A2-Jun98_ASDFRa_AREF_range3_swir.gif,,,D:\usgs_splib07\../GIFplots/GIFplots_splib07a/splib07a_Wavelengths_ASD_0.35-2.5_microns_2151_ch.gif,D:\usgs_splib07\../GIFplots/GIFplots_splib07a/splib07a_Bandpass_(FWHM)_ASDFR_StandardResolution.gif
LeafySpurge Spurge-B1-Jul98  ASDFRa AREF,D:\usgs_splib07\../HTMLmetadata/LeafySpurge_Spurge-B1-Jul98_ASDFRa_AREF.html,D:\usgs_splib07\../ASCIIdata/ASCIIdata_splib07a/ChapterV_Vegetation/splib07a_LeafySpurge_Spurge-B1-Jul98_ASDFRa_AREF.txt,,D:\usgs_splib07\../ASCIIdata/ASCIIdata_splib07a/splib07a_Wavelengths_ASD_0.35-2.5_microns_2151_ch.txt,D:\usgs_splib07\../ASCIIdata/ASCIIdata_splib07a/splib07a_Bandpass_(FWHM)_ASDFR_StandardResolution.txt,D:\usgs_splib07\../GIFplots/GIFplots_splib07a/ChapterV_Vegetation/splib07a_LeafySpurge_Spurge-B1-Jul98_ASDFRa_AREF.gif,D:\usgs_splib07\../GIFplots/GIFplots_splib07a/plots_by_wavelength_region/range1_uv_to_visible/splib07a_LeafySpurge_Spurge-B1-Jul98_ASDFRa_AREF_range1_uv_to_vis.gif,D:\usgs_splib07\../GIFplots/GIFplots_splib07a/plots_by_wavelength_region/range2_visible_to_swir/splib07a_LeafySpurge_Spurge-B1-Jul98_ASDFRa_AREF_range2_vis_to_swir.gif,D:\usgs_splib07\../GIFplots/GIFplots_splib07a/plots_by_wavelength_region/range3_swir/splib07a_LeafySpurge_Spurge-B1-Jul98_ASDFRa_AREF_range3_swir.gif,,,D:\usgs_splib07\../GIFplots/GIFplots_splib07a/splib07a_Wavelengths_ASD_0.35-2.5_microns_2151_ch.gif,D:\usgs_splib07\../GIFplots/GIFplots_splib07a/splib07a_Bandpass_(FWHM)_ASDFR_StandardResolution.gif
LeafySpurge Spurge-B1-Oct97  ASDFRa AREF,D:\usgs_splib07\../HTMLmetadata/LeafySpurge_Spurge-B1-Oct97_ASDFRa_AREF.html,D:\usgs_splib07\../ASCIIdata/ASCIIdata_splib07a/ChapterV_Vegetation/splib07a_LeafySpurge_Spurge-B1-Oct97_ASDFRa_AREF.txt,,D:\usgs_splib07\../ASCIIdata/ASCIIdata_splib07a/splib07a_Wavelengths_ASD_0.35-2.5_microns_2151_ch.txt,D:\usgs_splib07\../ASCIIdata/ASCIIdata_splib07a/splib07a_Bandpass_(FWHM)_ASDFR_StandardResolution.txt,D:\usgs_splib07\../GIFplots/GIFplots_splib07a/ChapterV_Vegetation/splib07a_LeafySpurge_Spurge-B1-Oct97_ASDFRa_AREF.gif,D:\usgs_splib07\../GIFplots/GIFplots_splib07a/plots_by_wavelength_region/range1_uv_to_visible/splib07a_LeafySpurge_Spurge-B1-Oct97_ASDFRa_AREF_range1_uv_to_vis.gif,D:\usgs_splib07\../GIFplots/GIFplots_splib07a/plots_by_wavelength_region/range2_visible_to_swir/splib07a_LeafySpurge_Spurge-B1-Oct97_ASDFRa_AREF_range2_vis_to_swir.gif,D:\usgs_splib07\../GIFplots/GIFplots_splib07a/plots_by_wavelength_region/range3_swir/splib07a_LeafySpurge_Spurge-B1-Oct97_ASDFRa_AREF_range3_swir.gif,,,D:\usgs_splib07\../GIFplots/GIFplots_splib07a/splib07a_Wavelengths_ASD_0.35-2.5_microns_2151_ch.gif,D:\usgs_splib07\../GIFplots/GIFplots_splib07a/splib07a_Bandpass_(FWHM)_ASDFR_StandardResolution.gif
LeafySpurge Spurge-B2-Jul98  ASDFRa AREF,D:\usgs_splib07\../HTMLmetadata/LeafySpurge_Spurge-B2-Jul98_ASDFRa_AREF.html,D:\usgs_splib07\../ASCIIdata/ASCIIdata_splib07a/ChapterV_Vegetation/splib07a_LeafySpurge_Spurge-B2-Jul98_ASDFRa_AREF.txt,,D:\usgs_splib07\../ASCIIdata/ASCIIdata_splib07a/splib07a_Wavelengths_ASD_0.35-2.5_microns_2151_ch.txt,D:\usgs_splib07\../ASCIIdata/ASCIIdata_splib07a/splib07a_Bandpass_(FWHM)_ASDFR_StandardResolution.txt,D:\usgs_splib07\../GIFplots/GIFplots_splib07a/ChapterV_Vegetation/splib07a_LeafySpurge_Spurge-B2-Jul98_ASDFRa_AREF.gif,D:\usgs_splib07\../GIFplots/GIFplots_splib07a/plots_by_wavelength_region/range1_uv_to_visible/splib07a_LeafySpurge_Spurge-B2-Jul98_ASDFRa_AREF_range1_uv_to_vis.gif,D:\usgs_splib07\../GIFplots/GIFplots_splib07a/plots_by_wavelength_region/range2_visible_to_swir/splib07a_LeafySpurge_Spurge-B2-Jul98_ASDFRa_AREF_range2_vis_to_swir.gif,D:\usgs_splib07\../GIFplots/GIFplots_splib07a/plots_by_wavelength_region/range3_swir/splib07a_LeafySpurge_Spurge-B2-Jul98_ASDFRa_AREF_range3_swir.gif,,,D:\usgs_splib07\../GIFplots/GIFplots_splib07a/splib07a_Wavelengths_ASD_0.35-2.5_microns_2151_ch.gif,D:\usgs_splib07\../GIFplots/GIFplots_splib07a/splib07a_Bandpass_(FWHM)_ASDFR_StandardResolution.gif
LeafySpurge Spurge-B3-Jul98  ASDFRa AREF,D:\usgs_splib07\../HTMLmetadata/LeafySpurge_Spurge-B3-Jul98_ASDFRa_AREF.html,D:\usgs_splib07\../ASCIIdata/ASCIIdata_splib07a/ChapterV_Vegetation/splib07a_LeafySpurge_Spurge-B3-Jul98_ASDFRa_AREF.txt,,D:\usgs_splib07\../ASCIIdata/ASCIIdata_splib07a/splib07a_Wavelengths_ASD_0.35-2.5_microns_2151_ch.txt,D:\usgs_splib07\../ASCIIdata/ASCIIdata_splib07a/splib07a_Bandpass_(FWHM)_ASDFR_StandardResolution.txt,D:\usgs_splib07\../GIFplots/GIFplots_splib07a/ChapterV_Vegetation/splib07a_LeafySpurge_Spurge-B3-Jul98_ASDFRa_AREF.gif,D:\usgs_splib07\../GIFplots/GIFplots_splib07a/plots_by_wavelength_region/range1_uv_to_visible/splib07a_LeafySpurge_Spurge-B3-Jul98_ASDFRa_AREF_range1_uv_to_vis.gif,D:\usgs_splib07\../GIFplots/GIFplots_splib07a/plots_by_wavelength_region/range2_visible_to_swir/splib07a_LeafySpurge_Spurge-B3-Jul98_ASDFRa_AREF_range2_vis_to_swir.gif,D:\usgs_splib07\../GIFplots/GIFplots_splib07a/plots_by_wavelength_region/range3_swir/splib07a_LeafySpurge_Spurge-B3-Jul98_ASDFRa_AREF_range3_swir.gif,,,D:\usgs_splib07\../GIFplots/GIFplots_splib07a/splib07a_Wavelengths_ASD_0.35-2.5_microns_2151_ch.gif,D:\usgs_splib07\../GIFplots/GIFplots_splib07a/splib07a_Bandpass_(FWHM)_ASDFR_StandardResolution.gif
LeafySpurge Spurge-C1-Oct97  ASDFRa AREF,D:\usgs_splib07\../HTMLmetadata/LeafySpurge_Spurge-C1-Oct97_ASDFRa_AREF.html,D:\usgs_splib07\../ASCIIdata/ASCIIdata_splib07a/ChapterV_Vegetation/splib07a_LeafySpurge_Spurge-C1-Oct97_ASDFRa_AREF.txt,,D:\usgs_splib07\../ASCIIdata/ASCIIdata_splib07a/splib07a_Wavelengths_ASD_0.35-2.5_microns_2151_ch.txt,D:\usgs_splib07\../ASCIIdata/ASCIIdata_splib07a/splib07a_Bandpass_(FWHM)_ASDFR_StandardResolution.txt,D:\usgs_splib07\../GIFplots/GIFplots_splib07a/ChapterV_Vegetation/splib07a_LeafySpurge_Spurge-C1-Oct97_ASDFRa_AREF.gif,D:\usgs_splib07\../GIFplots/GIFplots_splib07a/plots_by_wavelength_region/range1_uv_to_visible/splib07a_LeafySpurge_Spurge-C1-Oct97_ASDFRa_AREF_range1_uv_to_vis.gif,D:\usgs_splib07\../GIFplots/GIFplots_splib07a/plots_by_wavelength_region/range2_visible_to_swir/splib07a_LeafySpurge_Spurge-C1-Oct97_ASDFRa_AREF_range2_vis_to_swir.gif,D:\usgs_splib07\../GIFplots/GIFplots_splib07a/plots_by_wavelength_region/range3_swir/splib07a_LeafySpurge_Spurge-C1-Oct97_ASDFRa_AREF_range3_swir.gif,,,D:\usgs_splib07\../GIFplots/GIFplots_splib07a/splib07a_Wavelengths_ASD_0.35-2.5_microns_2151_ch.gif,D:\usgs_splib07\../GIFplots/GIFplots_splib07a/splib07a_Bandpass_(FWHM)_ASDFR_StandardResolution.gif
Lichen Acarospora-1          ASDFRb AREF,D:\usgs_splib07\../HTMLmetadata/Lichen_Acarospora-1_ASDFRb_AREF.html,D:\usgs_splib07\../ASCIIdata/ASCIIdata_splib07a/ChapterV_Vegetation/splib07a_Lichen_Acarospora-1_ASDFRb_AREF.txt,,D:\usgs_splib07\../ASCIIdata/ASCIIdata_splib07a/splib07a_Wavelengths_ASD_0.35-2.5_microns_2151_ch.txt,D:\usgs_splib07\../ASCIIdata/ASCIIdata_splib07a/splib07a_Bandpass_(FWHM)_ASDFR_StandardResolution.txt,D:\usgs_splib07\../GIFplots/GIFplots_splib07a/ChapterV_Vegetation/splib07a_Lichen_Acarospora-1_ASDFRb_AREF.gif,D:\usgs_splib07\../GIFplots/GIFplots_splib07a/plots_by_wavelength_region/range1_uv_to_visible/splib07a_Lichen_Acarospora-1_ASDFRb_AREF_range1_uv_to_vis.gif,D:\usgs_splib07\../GIFplots/GIFplots_splib07a/plots_by_wavelength_region/range2_visible_to_swir/splib07a_Lichen_Acarospora-1_ASDFRb_AREF_range2_vis_to_swir.gif,D:\usgs_splib07\../GIFplots/GIFplots_splib07a/plots_by_wavelength_region/range3_swir/splib07a_Lichen_Acarospora-1_ASDFRb_AREF_range3_swir.gif,,,D:\usgs_splib07\../GIFplots/GIFplots_splib07a/splib07a_Wavelengths_ASD_0.35-2.5_microns_2151_ch.gif,D:\usgs_splib07\../GIFplots/GIFplots_splib07a/splib07a_Bandpass_(FWHM)_ASDFR_StandardResolution.gif
Lichen Licedea-1             ASDFRb AREF,D:\usgs_splib07\../HTMLmetadata/Lichen_Licedea-1_ASDFRb_AREF.html,D:\usgs_splib07\../ASCIIdata/ASCIIdata_splib07a/ChapterV_Vegetation/splib07a_Lichen_Licedea-1_ASDFRb_AREF.txt,,D:\usgs_splib07\../ASCIIdata/ASCIIdata_splib07a/splib07a_Wavelengths_ASD_0.35-2.5_microns_2151_ch.txt,D:\usgs_splib07\../ASCIIdata/ASCIIdata_splib07a/splib07a_Bandpass_(FWHM)_ASDFR_StandardResolution.txt,D:\usgs_splib07\../GIFplots/GIFplots_splib07a/ChapterV_Vegetation/splib07a_Lichen_Licedea-1_ASDFRb_AREF.gif,D:\usgs_splib07\../GIFplots/GIFplots_splib07a/plots_by_wavelength_region/range1_uv_to_visible/splib07a_Lichen_Licedea-1_ASDFRb_AREF_range1_uv_to_vis.gif,D:\usgs_splib07\../GIFplots/GIFplots_splib07a/plots_by_wavelength_region/range2_visible_to_swir/splib07a_Lichen_Licedea-1_ASDFRb_AREF_range2_vis_to_swir.gif,D:\usgs_splib07\../GIFplots/GIFplots_splib07a/plots_by_wavelength_region/range3_swir/splib07a_Lichen_Licedea-1_ASDFRb_AREF_range3_swir.gif,,,D:\usgs_splib07\../GIFplots/GIFplots_splib07a/splib07a_Wavelengths_ASD_0.35-2.5_microns_2151_ch.gif,D:\usgs_splib07\../GIFplots/GIFplots_splib07a/splib07a_Bandpass_(FWHM)_ASDFR_StandardResolution.gif
Lichen Licedea-2             ASDFRb AREF,D:\usgs_splib07\../HTMLmetadata/Lichen_Licedea-2_ASDFRb_AREF.html,D:\usgs_splib07\../ASCIIdata/ASCIIdata_splib07a/ChapterV_Vegetation/splib07a_Lichen_Licedea-2_ASDFRb_AREF.txt,,D:\usgs_splib07\../ASCIIdata/ASCIIdata_splib07a/splib07a_Wavelengths_ASD_0.35-2.5_microns_2151_ch.txt,D:\usgs_splib07\../ASCIIdata/ASCIIdata_splib07a/splib07a_Bandpass_(FWHM)_ASDFR_StandardResolution.txt,D:\usgs_splib07\../GIFplots/GIFplots_splib07a/ChapterV_Vegetation/splib07a_Lichen_Licedea-2_ASDFRb_AREF.gif,D:\usgs_splib07\../GIFplots/GIFplots_splib07a/plots_by_wavelength_region/range1_uv_to_visible/splib07a_Lichen_Licedea-2_ASDFRb_AREF_range1_uv_to_vis.gif,D:\usgs_splib07\../GIFplots/GIFplots_splib07a/plots_by_wavelength_region/range2_visible_to_swir/splib07a_Lichen_Licedea-2_ASDFRb_AREF_range2_vis_to_swir.gif,D:\usgs_splib07\../GIFplots/GIFplots_splib07a/plots_by_wavelength_region/range3_swir/splib07a_Lichen_Licedea-2_ASDFRb_AREF_range3_swir.gif,,,D:\usgs_splib07\../GIFplots/GIFplots_splib07a/splib07a_Wavelengths_ASD_0.35-2.5_microns_2151_ch.gif,D:\usgs_splib07\../GIFplots/GIFplots_splib07a/splib07a_Bandpass_(FWHM)_ASDFR_StandardResolution.gif
Lichen Xanthoparmelia-1      ASDFRb AREF,D:\usgs_splib07\../HTMLmetadata/Lichen_Xanthoparmelia-1_ASDFRb_AREF.html,D:\usgs_splib07\../ASCIIdata/ASCIIdata_splib07a/ChapterV_Vegetation/splib07a_Lichen_Xanthoparmelia-1_ASDFRb_AREF.txt,,D:\usgs_splib07\../ASCIIdata/ASCIIdata_splib07a/splib07a_Wavelengths_ASD_0.35-2.5_microns_2151_ch.txt,D:\usgs_splib07\../ASCIIdata/ASCIIdata_splib07a/splib07a_Bandpass_(FWHM)_ASDFR_StandardResolution.txt,D:\usgs_splib07\../GIFplots/GIFplots_splib07a/ChapterV_Vegetation/splib07a_Lichen_Xanthoparmelia-1_ASDFRb_AREF.gif,D:\usgs_splib07\../GIFplots/GIFplots_splib07a/plots_by_wavelength_region/range1_uv_to_visible/splib07a_Lichen_Xanthoparmelia-1_ASDFRb_AREF_range1_uv_to_vis.gif,D:\usgs_splib07\../GIFplots/GIFplots_splib07a/plots_by_wavelength_region/range2_visible_to_swir/splib07a_Lichen_Xanthoparmelia-1_ASDFRb_AREF_range2_vis_to_swir.gif,D:\usgs_splib07\../GIFplots/GIFplots_splib07a/plots_by_wavelength_region/range3_swir/splib07a_Lichen_Xanthoparmelia-1_ASDFRb_AREF_range3_swir.gif,,,D:\usgs_splib07\../GIFplots/GIFplots_splib07a/splib07a_Wavelengths_ASD_0.35-2.5_microns_2151_ch.gif,D:\usgs_splib07\../GIFplots/GIFplots_splib07a/splib07a_Bandpass_(FWHM)_ASDFR_StandardResolution.gif
Lichen Xanthoparmelia-2      ASDFRb AREF,D:\usgs_splib07\../HTMLmetadata/Lichen_Xanthoparmelia-2_ASDFRb_AREF.html,D:\usgs_splib07\../ASCIIdata/ASCIIdata_splib07a/ChapterV_Vegetation/splib07a_Lichen_Xanthoparmelia-2_ASDFRb_AREF.txt,,D:\usgs_splib07\../ASCIIdata/ASCIIdata_splib07a/splib07a_Wavelengths_ASD_0.35-2.5_microns_2151_ch.txt,D:\usgs_splib07\../ASCIIdata/ASCIIdata_splib07a/splib07a_Bandpass_(FWHM)_ASDFR_StandardResolution.txt,D:\usgs_splib07\../GIFplots/GIFplots_splib07a/ChapterV_Vegetation/splib07a_Lichen_Xanthoparmelia-2_ASDFRb_AREF.gif,D:\usgs_splib07\../GIFplots/GIFplots_splib07a/plots_by_wavelength_region/range1_uv_to_visible/splib07a_Lichen_Xanthoparmelia-2_ASDFRb_AREF_range1_uv_to_vis.gif,D:\usgs_splib07\../GIFplots/GIFplots_splib07a/plots_by_wavelength_region/range2_visible_to_swir/splib07a_Lichen_Xanthoparmelia-2_ASDFRb_AREF_range2_vis_to_swir.gif,D:\usgs_splib07\../GIFplots/GIFplots_splib07a/plots_by_wavelength_region/range3_swir/splib07a_Lichen_Xanthoparmelia-2_ASDFRb_AREF_range3_swir.gif,,,D:\usgs_splib07\../GIFplots/GIFplots_splib07a/splib07a_Wavelengths_ASD_0.35-2.5_microns_2151_ch.gif,D:\usgs_splib07\../GIFplots/GIFplots_splib07a/splib07a_Bandpass_(FWHM)_ASDFR_StandardResolution.gif
Lichen Xanthoria-1           ASDFRb AREF,D:\usgs_splib07\../HTMLmetadata/Lichen_Xanthoria-1_ASDFRb_AREF.html,D:\usgs_splib07\../ASCIIdata/ASCIIdata_splib07a/ChapterV_Vegetation/splib07a_Lichen_Xanthoria-1_ASDFRb_AREF.txt,,D:\usgs_splib07\../ASCIIdata/ASCIIdata_splib07a/splib07a_Wavelengths_ASD_0.35-2.5_microns_2151_ch.txt,D:\usgs_splib07\../ASCIIdata/ASCIIdata_splib07a/splib07a_Bandpass_(FWHM)_ASDFR_StandardResolution.txt,D:\usgs_splib07\../GIFplots/GIFplots_splib07a/ChapterV_Vegetation/splib07a_Lichen_Xanthoria-1_ASDFRb_AREF.gif,D:\usgs_splib07\../GIFplots/GIFplots_splib07a/plots_by_wavelength_region/range1_uv_to_visible/splib07a_Lichen_Xanthoria-1_ASDFRb_AREF_range1_uv_to_vis.gif,D:\usgs_splib07\../GIFplots/GIFplots_splib07a/plots_by_wavelength_region/range2_visible_to_swir/splib07a_Lichen_Xanthoria-1_ASDFRb_AREF_range2_vis_to_swir.gif,D:\usgs_splib07\../GIFplots/GIFplots_splib07a/plots_by_wavelength_region/range3_swir/splib07a_Lichen_Xanthoria-1_ASDFRb_AREF_range3_swir.gif,,,D:\usgs_splib07\../GIFplots/GIFplots_splib07a/splib07a_Wavelengths_ASD_0.35-2.5_microns_2151_ch.gif,D:\usgs_splib07\../GIFplots/GIFplots_splib07a/splib07a_Bandpass_(FWHM)_ASDFR_StandardResolution.gif
Lodgepole-Pine LP-Needles-1  ASDFRa AREF,D:\usgs_splib07\../HTMLmetadata/Lodgepole-Pine_LP-Needles-1_ASDFRa_AREF.html,D:\usgs_splib07\../ASCIIdata/ASCIIdata_splib07a/ChapterV_Vegetation/splib07a_Lodgepole-Pine_LP-Needles-1_ASDFRa_AREF.txt,D:\usgs_splib07\../ASCIIdata/ASCIIdata_splib07a/errorbars/errorbars_for_splib07a_Lodgepole-Pine_LP-Needles-1_ASDFRa_AREF.txt,D:\usgs_splib07\../ASCIIdata/ASCIIdata_splib07a/splib07a_Wavelengths_ASD_0.35-2.5_microns_2151_ch.txt,D:\usgs_splib07\../ASCIIdata/ASCIIdata_splib07a/splib07a_Bandpass_(FWHM)_ASDFR_StandardResolution.txt,D:\usgs_splib07\../GIFplots/GIFplots_splib07a/ChapterV_Vegetation/splib07a_Lodgepole-Pine_LP-Needles-1_ASDFRa_AREF.gif,D:\usgs_splib07\../GIFplots/GIFplots_splib07a/plots_by_wavelength_region/range1_uv_to_visible/splib07a_Lodgepole-Pine_LP-Needles-1_ASDFRa_AREF_range1_uv_to_vis.gif,D:\usgs_splib07\../GIFplots/GIFplots_splib07a/plots_by_wavelength_region/range2_visible_to_swir/splib07a_Lodgepole-Pine_LP-Needles-1_ASDFRa_AREF_range2_vis_to_swir.gif,D:\usgs_splib07\../GIFplots/GIFplots_splib07a/plots_by_wavelength_region/range3_swir/splib07a_Lodgepole-Pine_LP-Needles-1_ASDFRa_AREF_range3_swir.gif,,,D:\usgs_splib07\../GIFplots/GIFplots_splib07a/splib07a_Wavelengths_ASD_0.35-2.5_microns_2151_ch.gif,D:\usgs_splib07\../GIFplots/GIFplots_splib07a/splib07a_Bandpass_(FWHM)_ASDFR_StandardResolution.gif
Lodgepole-Pine LP-Needles-2  ASDFRa AREF,D:\usgs_splib07\../HTMLmetadata/Lodgepole-Pine_LP-Needles-2_ASDFRa_AREF.html,D:\usgs_splib07\../ASCIIdata/ASCIIdata_splib07a/ChapterV_Vegetation/splib07a_Lodgepole-Pine_LP-Needles-2_ASDFRa_AREF.txt,D:\usgs_splib07\../ASCIIdata/ASCIIdata_splib07a/errorbars/errorbars_for_splib07a_Lodgepole-Pine_LP-Needles-2_ASDFRa_AREF.txt,D:\usgs_splib07\../ASCIIdata/ASCIIdata_splib07a/splib07a_Wavelengths_ASD_0.35-2.5_microns_2151_ch.txt,D:\usgs_splib07\../ASCIIdata/ASCIIdata_splib07a/splib07a_Bandpass_(FWHM)_ASDFR_StandardResolution.txt,D:\usgs_splib07\../GIFplots/GIFplots_splib07a/ChapterV_Vegetation/splib07a_Lodgepole-Pine_LP-Needles-2_ASDFRa_AREF.gif,D:\usgs_splib07\../GIFplots/GIFplots_splib07a/plots_by_wavelength_region/range1_uv_to_visible/splib07a_Lodgepole-Pine_LP-Needles-2_ASDFRa_AREF_range1_uv_to_vis.gif,D:\usgs_splib07\../GIFplots/GIFplots_splib07a/plots_by_wavelength_region/range2_visible_to_swir/splib07a_Lodgepole-Pine_LP-Needles-2_ASDFRa_AREF_range2_vis_to_swir.gif,D:\usgs_splib07\../GIFplots/GIFplots_splib07a/plots_by_wavelength_region/range3_swir/splib07a_Lodgepole-Pine_LP-Needles-2_ASDFRa_AREF_range3_swir.gif,,,D:\usgs_splib07\../GIFplots/GIFplots_splib07a/splib07a_Wavelengths_ASD_0.35-2.5_microns_2151_ch.gif,D:\usgs_splib07\../GIFplots/GIFplots_splib07a/splib07a_Bandpass_(FWHM)_ASDFR_StandardResolution.gif
Lodgepole-Pine LP-Needles-3  ASDFRa AREF,D:\usgs_splib07\../HTMLmetadata/Lodgepole-Pine_LP-Needles-3_ASDFRa_AREF.html,D:\usgs_splib07\../ASCIIdata/ASCIIdata_splib07a/ChapterV_Vegetation/splib07a_Lodgepole-Pine_LP-Needles-3_ASDFRa_AREF.txt,D:\usgs_splib07\../ASCIIdata/ASCIIdata_splib07a/errorbars/errorbars_for_splib07a_Lodgepole-Pine_LP-Needles-3_ASDFRa_AREF.txt,D:\usgs_splib07\../ASCIIdata/ASCIIdata_splib07a/splib07a_Wavelengths_ASD_0.35-2.5_microns_2151_ch.txt,D:\usgs_splib07\../ASCIIdata/ASCIIdata_splib07a/splib07a_Bandpass_(FWHM)_ASDFR_StandardResolution.txt,D:\usgs_splib07\../GIFplots/GIFplots_splib07a/ChapterV_Vegetation/splib07a_Lodgepole-Pine_LP-Needles-3_ASDFRa_AREF.gif,D:\usgs_splib07\../GIFplots/GIFplots_splib07a/plots_by_wavelength_region/range1_uv_to_visible/splib07a_Lodgepole-Pine_LP-Needles-3_ASDFRa_AREF_range1_uv_to_vis.gif,D:\usgs_splib07\../GIFplots/GIFplots_splib07a/plots_by_wavelength_region/range2_visible_to_swir/splib07a_Lodgepole-Pine_LP-Needles-3_ASDFRa_AREF_range2_vis_to_swir.gif,D:\usgs_splib07\../GIFplots/GIFplots_splib07a/plots_by_wavelength_region/range3_swir/splib07a_Lodgepole-Pine_LP-Needles-3_ASDFRa_AREF_range3_swir.gif,,,D:\usgs_splib07\../GIFplots/GIFplots_splib07a/splib07a_Wavelengths_ASD_0.35-2.5_microns_2151_ch.gif,D:\usgs_splib07\../GIFplots/GIFplots_splib07a/splib07a_Bandpass_(FWHM)_ASDFR_StandardResolution.gif
Lodgepole-Pine YNP-LP       AVIRISb RTGC,D:\usgs_splib07\../HTMLmetadata/Lodgepole-Pine_YNP-LP_AVIRISb_RTGC.html,D:\usgs_splib07\../ASCIIdata/ASCIIdata_splib07a/ChapterV_Vegetation/splib07a_Lodgepole-Pine_YNP-LP_AVIRISb_RTGC.txt,,D:\usgs_splib07\../ASCIIdata/ASCIIdata_splib07a/splib07a_Wavelengths_AVIRIS_1996_0.37-2.5_microns.txt,D:\usgs_splib07\../ASCIIdata/ASCIIdata_splib07a/splib07a_Bandpass_(FWHM)_AVIRIS_1996_in_microns.txt,D:\usgs_splib07\../GIFplots/GIFplots_splib07a/ChapterV_Vegetation/splib07a_Lodgepole-Pine_YNP-LP_AVIRISb_RTGC.gif,D:\usgs_splib07\../GIFplots/GIFplots_splib07a/plots_by_wavelength_region/range1_uv_to_visible/splib07a_Lodgepole-Pine_YNP-LP_AVIRISb_RTGC_range1_uv_to_vis.gif,D:\usgs_splib07\../GIFplots/GIFplots_splib07a/plots_by_wavelength_region/range2_visible_to_swir/splib07a_Lodgepole-Pine_YNP-LP_AVIRISb_RTGC_range2_vis_to_swir.gif,D:\usgs_splib07\../GIFplots/GIFplots_splib07a/plots_by_wavelength_region/range3_swir/splib07a_Lodgepole-Pine_YNP-LP_AVIRISb_RTGC_range3_swir.gif,,,D:\usgs_splib07\../GIFplots/GIFplots_splib07a/splib07a_Wavelengths_AVIRIS_1996_0.37-2.5_microns.gif,D:\usgs_splib07\../GIFplots/GIFplots_splib07a/splib07a_Bandpass_(FWHM)_AVIRIS_1996_in_microns.gif
Lodgepole-Pine YNP-LP0-MOD  AVIRISb RTGC,D:\usgs_splib07\../HTMLmetadata/Lodgepole-Pine_YNP-LP0-MOD_AVIRISb_RTGC.html,D:\usgs_splib07\../ASCIIdata/ASCIIdata_splib07a/ChapterV_Vegetation/splib07a_Lodgepole-Pine_YNP-LP0-MOD_AVIRISb_RTGC.txt,,D:\usgs_splib07\../ASCIIdata/ASCIIdata_splib07a/splib07a_Wavelengths_AVIRIS_1996_0.37-2.5_microns.txt,D:\usgs_splib07\../ASCIIdata/ASCIIdata_splib07a/splib07a_Bandpass_(FWHM)_AVIRIS_1996_in_microns.txt,D:\usgs_splib07\../GIFplots/GIFplots_splib07a/ChapterV_Vegetation/splib07a_Lodgepole-Pine_YNP-LP0-MOD_AVIRISb_RTGC.gif,D:\usgs_splib07\../GIFplots/GIFplots_splib07a/plots_by_wavelength_region/range1_uv_to_visible/splib07a_Lodgepole-Pine_YNP-LP0-MOD_AVIRISb_RTGC_range1_uv_to_vis.gif,D:\usgs_splib07\../GIFplots/GIFplots_splib07a/plots_by_wavelength_region/range2_visible_to_swir/splib07a_Lodgepole-Pine_YNP-LP0-MOD_AVIRISb_RTGC_range2_vis_to_swir.gif,D:\usgs_splib07\../GIFplots/GIFplots_splib07a/plots_by_wavelength_region/range3_swir/splib07a_Lodgepole-Pine_YNP-LP0-MOD_AVIRISb_RTGC_range3_swir.gif,,,D:\usgs_splib07\../GIFplots/GIFplots_splib07a/splib07a_Wavelengths_AVIRIS_1996_0.37-2.5_microns.gif,D:\usgs_splib07\../GIFplots/GIFplots_splib07a/splib07a_Bandpass_(FWHM)_AVIRIS_1996_in_microns.gif
Lodgepole-Pine YNP-LP0-VIG  AVIRISb RTGC,D:\usgs_splib07\../HTMLmetadata/Lodgepole-Pine_YNP-LP0-VIG_AVIRISb_RTGC.html,D:\usgs_splib07\../ASCIIdata/ASCIIdata_splib07a/ChapterV_Vegetation/splib07a_Lodgepole-Pine_YNP-LP0-VIG_AVIRISb_RTGC.txt,,D:\usgs_splib07\../ASCIIdata/ASCIIdata_splib07a/splib07a_Wavelengths_AVIRIS_1996_0.37-2.5_microns.txt,D:\usgs_splib07\../ASCIIdata/ASCIIdata_splib07a/splib07a_Bandpass_(FWHM)_AVIRIS_1996_in_microns.txt,D:\usgs_splib07\../GIFplots/GIFplots_splib07a/ChapterV_Vegetation/splib07a_Lodgepole-Pine_YNP-LP0-VIG_AVIRISb_RTGC.gif,D:\usgs_splib07\../GIFplots/GIFplots_splib07a/plots_by_wavelength_region/range1_uv_to_visible/splib07a_Lodgepole-Pine_YNP-LP0-VIG_AVIRISb_RTGC_range1_uv_to_vis.gif,D:\usgs_splib07\../GIFplots/GIFplots_splib07a/plots_by_wavelength_region/range2_visible_to_swir/splib07a_Lodgepole-Pine_YNP-LP0-VIG_AVIRISb_RTGC_range2_vis_to_swir.gif,D:\usgs_splib07\../GIFplots/GIFplots_splib07a/plots_by_wavelength_region/range3_swir/splib07a_Lodgepole-Pine_YNP-LP0-VIG_AVIRISb_RTGC_range3_swir.gif,,,D:\usgs_splib07\../GIFplots/GIFplots_splib07a/splib07a_Wavelengths_AVIRIS_1996_0.37-2.5_microns.gif,D:\usgs_splib07\../GIFplots/GIFplots_splib07a/splib07a_Bandpass_(FWHM)_AVIRIS_1996_in_microns.gif
Lodgepole-Pine YNP-LP1-A    AVIRISb RTGC,D:\usgs_splib07\../HTMLmetadata/Lodgepole-Pine_YNP-LP1-A_AVIRISb_RTGC.html,D:\usgs_splib07\../ASCIIdata/ASCIIdata_splib07a/ChapterV_Vegetation/splib07a_Lodgepole-Pine_YNP-LP1-A_AVIRISb_RTGC.txt,,D:\usgs_splib07\../ASCIIdata/ASCIIdata_splib07a/splib07a_Wavelengths_AVIRIS_1996_0.37-2.5_microns.txt,D:\usgs_splib07\../ASCIIdata/ASCIIdata_splib07a/splib07a_Bandpass_(FWHM)_AVIRIS_1996_in_microns.txt,D:\usgs_splib07\../GIFplots/GIFplots_splib07a/ChapterV_Vegetation/splib07a_Lodgepole-Pine_YNP-LP1-A_AVIRISb_RTGC.gif,D:\usgs_splib07\../GIFplots/GIFplots_splib07a/plots_by_wavelength_region/range1_uv_to_visible/splib07a_Lodgepole-Pine_YNP-LP1-A_AVIRISb_RTGC_range1_uv_to_vis.gif,D:\usgs_splib07\../GIFplots/GIFplots_splib07a/plots_by_wavelength_region/range2_visible_to_swir/splib07a_Lodgepole-Pine_YNP-LP1-A_AVIRISb_RTGC_range2_vis_to_swir.gif,D:\usgs_splib07\../GIFplots/GIFplots_splib07a/plots_by_wavelength_region/range3_swir/splib07a_Lodgepole-Pine_YNP-LP1-A_AVIRISb_RTGC_range3_swir.gif,,,D:\usgs_splib07\../GIFplots/GIFplots_splib07a/splib07a_Wavelengths_AVIRIS_1996_0.37-2.5_microns.gif,D:\usgs_splib07\../GIFplots/GIFplots_splib07a/splib07a_Bandpass_(FWHM)_AVIRIS_1996_in_microns.gif
Lodgepole-Pine YNP-LP1-B    AVIRISb RTGC,D:\usgs_splib07\../HTMLmetadata/Lodgepole-Pine_YNP-LP1-B_AVIRISb_RTGC.html,D:\usgs_splib07\../ASCIIdata/ASCIIdata_splib07a/ChapterV_Vegetation/splib07a_Lodgepole-Pine_YNP-LP1-B_AVIRISb_RTGC.txt,,D:\usgs_splib07\../ASCIIdata/ASCIIdata_splib07a/splib07a_Wavelengths_AVIRIS_1996_0.37-2.5_microns.txt,D:\usgs_splib07\../ASCIIdata/ASCIIdata_splib07a/splib07a_Bandpass_(FWHM)_AVIRIS_1996_in_microns.txt,D:\usgs_splib07\../GIFplots/GIFplots_splib07a/ChapterV_Vegetation/splib07a_Lodgepole-Pine_YNP-LP1-B_AVIRISb_RTGC.gif,D:\usgs_splib07\../GIFplots/GIFplots_splib07a/plots_by_wavelength_region/range1_uv_to_visible/splib07a_Lodgepole-Pine_YNP-LP1-B_AVIRISb_RTGC_range1_uv_to_vis.gif,D:\usgs_splib07\../GIFplots/GIFplots_splib07a/plots_by_wavelength_region/range2_visible_to_swir/splib07a_Lodgepole-Pine_YNP-LP1-B_AVIRISb_RTGC_range2_vis_to_swir.gif,D:\usgs_splib07\../GIFplots/GIFplots_splib07a/plots_by_wavelength_region/range3_swir/splib07a_Lodgepole-Pine_YNP-LP1-B_AVIRISb_RTGC_range3_swir.gif,,,D:\usgs_splib07\../GIFplots/GIFplots_splib07a/splib07a_Wavelengths_AVIRIS_1996_0.37-2.5_microns.gif,D:\usgs_splib07\../GIFplots/GIFplots_splib07a/splib07a_Bandpass_(FWHM)_AVIRIS_1996_in_microns.gif
Lodgepole-Pine YNP-LP1-C    AVIRISb RTGC,D:\usgs_splib07\../HTMLmetadata/Lodgepole-Pine_YNP-LP1-C_AVIRISb_RTGC.html,D:\usgs_splib07\../ASCIIdata/ASCIIdata_splib07a/ChapterV_Vegetation/splib07a_Lodgepole-Pine_YNP-LP1-C_AVIRISb_RTGC.txt,,D:\usgs_splib07\../ASCIIdata/ASCIIdata_splib07a/splib07a_Wavelengths_AVIRIS_1996_0.37-2.5_microns.txt,D:\usgs_splib07\../ASCIIdata/ASCIIdata_splib07a/splib07a_Bandpass_(FWHM)_AVIRIS_1996_in_microns.txt,D:\usgs_splib07\../GIFplots/GIFplots_splib07a/ChapterV_Vegetation/splib07a_Lodgepole-Pine_YNP-LP1-C_AVIRISb_RTGC.gif,D:\usgs_splib07\../GIFplots/GIFplots_splib07a/plots_by_wavelength_region/range1_uv_to_visible/splib07a_Lodgepole-Pine_YNP-LP1-C_AVIRISb_RTGC_range1_uv_to_vis.gif,D:\usgs_splib07\../GIFplots/GIFplots_splib07a/plots_by_wavelength_region/range2_visible_to_swir/splib07a_Lodgepole-Pine_YNP-LP1-C_AVIRISb_RTGC_range2_vis_to_swir.gif,D:\usgs_splib07\../GIFplots/GIFplots_splib07a/plots_by_wavelength_region/range3_swir/splib07a_Lodgepole-Pine_YNP-LP1-C_AVIRISb_RTGC_range3_swir.gif,,,D:\usgs_splib07\../GIFplots/GIFplots_splib07a/splib07a_Wavelengths_AVIRIS_1996_0.37-2.5_microns.gif,D:\usgs_splib07\../GIFplots/GIFplots_splib07a/splib07a_Bandpass_(FWHM)_AVIRIS_1996_in_microns.gif
Lodgepole-Pine YNP-LP1-D    AVIRISb RTGC,D:\usgs_splib07\../HTMLmetadata/Lodgepole-Pine_YNP-LP1-D_AVIRISb_RTGC.html,D:\usgs_splib07\../ASCIIdata/ASCIIdata_splib07a/ChapterV_Vegetation/splib07a_Lodgepole-Pine_YNP-LP1-D_AVIRISb_RTGC.txt,,D:\usgs_splib07\../ASCIIdata/ASCIIdata_splib07a/splib07a_Wavelengths_AVIRIS_1996_0.37-2.5_microns.txt,D:\usgs_splib07\../ASCIIdata/ASCIIdata_splib07a/splib07a_Bandpass_(FWHM)_AVIRIS_1996_in_microns.txt,D:\usgs_splib07\../GIFplots/GIFplots_splib07a/ChapterV_Vegetation/splib07a_Lodgepole-Pine_YNP-LP1-D_AVIRISb_RTGC.gif,D:\usgs_splib07\../GIFplots/GIFplots_splib07a/plots_by_wavelength_region/range1_uv_to_visible/splib07a_Lodgepole-Pine_YNP-LP1-D_AVIRISb_RTGC_range1_uv_to_vis.gif,D:\usgs_splib07\../GIFplots/GIFplots_splib07a/plots_by_wavelength_region/range2_visible_to_swir/splib07a_Lodgepole-Pine_YNP-LP1-D_AVIRISb_RTGC_range2_vis_to_swir.gif,D:\usgs_splib07\../GIFplots/GIFplots_splib07a/plots_by_wavelength_region/range3_swir/splib07a_Lodgepole-Pine_YNP-LP1-D_AVIRISb_RTGC_range3_swir.gif,,,D:\usgs_splib07\../GIFplots/GIFplots_splib07a/splib07a_Wavelengths_AVIRIS_1996_0.37-2.5_microns.gif,D:\usgs_splib07\../GIFplots/GIFplots_splib07a/splib07a_Bandpass_(FWHM)_AVIRIS_1996_in_microns.gif
Lodgepole-Pine YNP-LP2-A    AVIRISb RTGC,D:\usgs_splib07\../HTMLmetadata/Lodgepole-Pine_YNP-LP2-A_AVIRISb_RTGC.html,D:\usgs_splib07\../ASCIIdata/ASCIIdata_splib07a/ChapterV_Vegetation/splib07a_Lodgepole-Pine_YNP-LP2-A_AVIRISb_RTGC.txt,,D:\usgs_splib07\../ASCIIdata/ASCIIdata_splib07a/splib07a_Wavelengths_AVIRIS_1996_0.37-2.5_microns.txt,D:\usgs_splib07\../ASCIIdata/ASCIIdata_splib07a/splib07a_Bandpass_(FWHM)_AVIRIS_1996_in_microns.txt,D:\usgs_splib07\../GIFplots/GIFplots_splib07a/ChapterV_Vegetation/splib07a_Lodgepole-Pine_YNP-LP2-A_AVIRISb_RTGC.gif,D:\usgs_splib07\../GIFplots/GIFplots_splib07a/plots_by_wavelength_region/range1_uv_to_visible/splib07a_Lodgepole-Pine_YNP-LP2-A_AVIRISb_RTGC_range1_uv_to_vis.gif,D:\usgs_splib07\../GIFplots/GIFplots_splib07a/plots_by_wavelength_region/range2_visible_to_swir/splib07a_Lodgepole-Pine_YNP-LP2-A_AVIRISb_RTGC_range2_vis_to_swir.gif,D:\usgs_splib07\../GIFplots/GIFplots_splib07a/plots_by_wavelength_region/range3_swir/splib07a_Lodgepole-Pine_YNP-LP2-A_AVIRISb_RTGC_range3_swir.gif,,,D:\usgs_splib07\../GIFplots/GIFplots_splib07a/splib07a_Wavelengths_AVIRIS_1996_0.37-2.5_microns.gif,D:\usgs_splib07\../GIFplots/GIFplots_splib07a/splib07a_Bandpass_(FWHM)_AVIRIS_1996_in_microns.gif
Lodgepole-Pine YNP-LP2-B    AVIRISb RTGC,D:\usgs_splib07\../HTMLmetadata/Lodgepole-Pine_YNP-LP2-B_AVIRISb_RTGC.html,D:\usgs_splib07\../ASCIIdata/ASCIIdata_splib07a/ChapterV_Vegetation/splib07a_Lodgepole-Pine_YNP-LP2-B_AVIRISb_RTGC.txt,,D:\usgs_splib07\../ASCIIdata/ASCIIdata_splib07a/splib07a_Wavelengths_AVIRIS_1996_0.37-2.5_microns.txt,D:\usgs_splib07\../ASCIIdata/ASCIIdata_splib07a/splib07a_Bandpass_(FWHM)_AVIRIS_1996_in_microns.txt,D:\usgs_splib07\../GIFplots/GIFplots_splib07a/ChapterV_Vegetation/splib07a_Lodgepole-Pine_YNP-LP2-B_AVIRISb_RTGC.gif,D:\usgs_splib07\../GIFplots/GIFplots_splib07a/plots_by_wavelength_region/range1_uv_to_visible/splib07a_Lodgepole-Pine_YNP-LP2-B_AVIRISb_RTGC_range1_uv_to_vis.gif,D:\usgs_splib07\../GIFplots/GIFplots_splib07a/plots_by_wavelength_region/range2_visible_to_swir/splib07a_Lodgepole-Pine_YNP-LP2-B_AVIRISb_RTGC_range2_vis_to_swir.gif,D:\usgs_splib07\../GIFplots/GIFplots_splib07a/plots_by_wavelength_region/range3_swir/splib07a_Lodgepole-Pine_YNP-LP2-B_AVIRISb_RTGC_range3_swir.gif,,,D:\usgs_splib07\../GIFplots/GIFplots_splib07a/splib07a_Wavelengths_AVIRIS_1996_0.37-2.5_microns.gif,D:\usgs_splib07\../GIFplots/GIFplots_splib07a/splib07a_Bandpass_(FWHM)_AVIRIS_1996_in_microns.gif
Lodgepole-Pine YNP-LP3-A    AVIRISb RTGC,D:\usgs_splib07\../HTMLmetadata/Lodgepole-Pine_YNP-LP3-A_AVIRISb_RTGC.html,D:\usgs_splib07\../ASCIIdata/ASCIIdata_splib07a/ChapterV_Vegetation/splib07a_Lodgepole-Pine_YNP-LP3-A_AVIRISb_RTGC.txt,,D:\usgs_splib07\../ASCIIdata/ASCIIdata_splib07a/splib07a_Wavelengths_AVIRIS_1996_0.37-2.5_microns.txt,D:\usgs_splib07\../ASCIIdata/ASCIIdata_splib07a/splib07a_Bandpass_(FWHM)_AVIRIS_1996_in_microns.txt,D:\usgs_splib07\../GIFplots/GIFplots_splib07a/ChapterV_Vegetation/splib07a_Lodgepole-Pine_YNP-LP3-A_AVIRISb_RTGC.gif,D:\usgs_splib07\../GIFplots/GIFplots_splib07a/plots_by_wavelength_region/range1_uv_to_visible/splib07a_Lodgepole-Pine_YNP-LP3-A_AVIRISb_RTGC_range1_uv_to_vis.gif,D:\usgs_splib07\../GIFplots/GIFplots_splib07a/plots_by_wavelength_region/range2_visible_to_swir/splib07a_Lodgepole-Pine_YNP-LP3-A_AVIRISb_RTGC_range2_vis_to_swir.gif,D:\usgs_splib07\../GIFplots/GIFplots_splib07a/plots_by_wavelength_region/range3_swir/splib07a_Lodgepole-Pine_YNP-LP3-A_AVIRISb_RTGC_range3_swir.gif,,,D:\usgs_splib07\../GIFplots/GIFplots_splib07a/splib07a_Wavelengths_AVIRIS_1996_0.37-2.5_microns.gif,D:\usgs_splib07\../GIFplots/GIFplots_splib07a/splib07a_Bandpass_(FWHM)_AVIRIS_1996_in_microns.gif
Lodgepole-Pine YNP-LP3-B    AVIRISb RTGC,D:\usgs_splib07\../HTMLmetadata/Lodgepole-Pine_YNP-LP3-B_AVIRISb_RTGC.html,D:\usgs_splib07\../ASCIIdata/ASCIIdata_splib07a/ChapterV_Vegetation/splib07a_Lodgepole-Pine_YNP-LP3-B_AVIRISb_RTGC.txt,,D:\usgs_splib07\../ASCIIdata/ASCIIdata_splib07a/splib07a_Wavelengths_AVIRIS_1996_0.37-2.5_microns.txt,D:\usgs_splib07\../ASCIIdata/ASCIIdata_splib07a/splib07a_Bandpass_(FWHM)_AVIRIS_1996_in_microns.txt,D:\usgs_splib07\../GIFplots/GIFplots_splib07a/ChapterV_Vegetation/splib07a_Lodgepole-Pine_YNP-LP3-B_AVIRISb_RTGC.gif,D:\usgs_splib07\../GIFplots/GIFplots_splib07a/plots_by_wavelength_region/range1_uv_to_visible/splib07a_Lodgepole-Pine_YNP-LP3-B_AVIRISb_RTGC_range1_uv_to_vis.gif,D:\usgs_splib07\../GIFplots/GIFplots_splib07a/plots_by_wavelength_region/range2_visible_to_swir/splib07a_Lodgepole-Pine_YNP-LP3-B_AVIRISb_RTGC_range2_vis_to_swir.gif,D:\usgs_splib07\../GIFplots/GIFplots_splib07a/plots_by_wavelength_region/range3_swir/splib07a_Lodgepole-Pine_YNP-LP3-B_AVIRISb_RTGC_range3_swir.gif,,,D:\usgs_splib07\../GIFplots/GIFplots_splib07a/splib07a_Wavelengths_AVIRIS_1996_0.37-2.5_microns.gif,D:\usgs_splib07\../GIFplots/GIFplots_splib07a/splib07a_Bandpass_(FWHM)_AVIRIS_1996_in_microns.gif
Lythr.lineare CRMS326v59 grn ASDFRa AREF,D:\usgs_splib07\../HTMLmetadata/Lythr.lineare_CRMS326v59_grn_ASDFRa_AREF.html,D:\usgs_splib07\../ASCIIdata/ASCIIdata_splib07a/ChapterV_Vegetation/splib07a_Lythr.lineare_CRMS326v59_grn_ASDFRa_AREF.txt,D:\usgs_splib07\../ASCIIdata/ASCIIdata_splib07a/errorbars/errorbars_for_splib07a_Lythr.lineare_CRMS326v59_grn_ASDFRa_AREF.txt,D:\usgs_splib07\../ASCIIdata/ASCIIdata_splib07a/splib07a_Wavelengths_ASD_0.35-2.5_microns_2151_ch.txt,D:\usgs_splib07\../ASCIIdata/ASCIIdata_splib07a/splib07a_Bandpass_(FWHM)_ASDFR_StandardResolution.txt,D:\usgs_splib07\../GIFplots/GIFplots_splib07a/ChapterV_Vegetation/splib07a_Lythr.lineare_CRMS326v59_grn_ASDFRa_AREF.gif,D:\usgs_splib07\../GIFplots/GIFplots_splib07a/plots_by_wavelength_region/range1_uv_to_visible/splib07a_Lythr.lineare_CRMS326v59_grn_ASDFRa_AREF_range1_uv_to_vis.gif,D:\usgs_splib07\../GIFplots/GIFplots_splib07a/plots_by_wavelength_region/range2_visible_to_swir/splib07a_Lythr.lineare_CRMS326v59_grn_ASDFRa_AREF_range2_vis_to_swir.gif,D:\usgs_splib07\../GIFplots/GIFplots_splib07a/plots_by_wavelength_region/range3_swir/splib07a_Lythr.lineare_CRMS326v59_grn_ASDFRa_AREF_range3_swir.gif,,,D:\usgs_splib07\../GIFplots/GIFplots_splib07a/splib07a_Wavelengths_ASD_0.35-2.5_microns_2151_ch.gif,D:\usgs_splib07\../GIFplots/GIFplots_splib07a/splib07a_Bandpass_(FWHM)_ASDFR_StandardResolution.gif
Manzanita CA01-ARVI-1 bush 1 ASDFRa AREF,D:\usgs_splib07\../HTMLmetadata/Manzanita_CA01-ARVI-1_bush_1_ASDFRa_AREF.html,D:\usgs_splib07\../ASCIIdata/ASCIIdata_splib07a/ChapterV_Vegetation/splib07a_Manzanita_CA01-ARVI-1_bush_1_ASDFRa_AREF.txt,D:\usgs_splib07\../ASCIIdata/ASCIIdata_splib07a/errorbars/errorbars_for_splib07a_Manzanita_CA01-ARVI-1_bush_1_ASDFRa_AREF.txt,D:\usgs_splib07\../ASCIIdata/ASCIIdata_splib07a/splib07a_Wavelengths_ASD_0.35-2.5_microns_2151_ch.txt,D:\usgs_splib07\../ASCIIdata/ASCIIdata_splib07a/splib07a_Bandpass_(FWHM)_ASDFR_StandardResolution.txt,D:\usgs_splib07\../GIFplots/GIFplots_splib07a/ChapterV_Vegetation/splib07a_Manzanita_CA01-ARVI-1_bush_1_ASDFRa_AREF.gif,D:\usgs_splib07\../GIFplots/GIFplots_splib07a/plots_by_wavelength_region/range1_uv_to_visible/splib07a_Manzanita_CA01-ARVI-1_bush_1_ASDFRa_AREF_range1_uv_to_vis.gif,D:\usgs_splib07\../GIFplots/GIFplots_splib07a/plots_by_wavelength_region/range2_visible_to_swir/splib07a_Manzanita_CA01-ARVI-1_bush_1_ASDFRa_AREF_range2_vis_to_swir.gif,D:\usgs_splib07\../GIFplots/GIFplots_splib07a/plots_by_wavelength_region/range3_swir/splib07a_Manzanita_CA01-ARVI-1_bush_1_ASDFRa_AREF_range3_swir.gif,,,D:\usgs_splib07\../GIFplots/GIFplots_splib07a/splib07a_Wavelengths_ASD_0.35-2.5_microns_2151_ch.gif,D:\usgs_splib07\../GIFplots/GIFplots_splib07a/splib07a_Bandpass_(FWHM)_ASDFR_StandardResolution.gif
Manzanita CA01-ARVI-2 bush 2 ASDFRa AREF,D:\usgs_splib07\../HTMLmetadata/Manzanita_CA01-ARVI-2_bush_2_ASDFRa_AREF.html,D:\usgs_splib07\../ASCIIdata/ASCIIdata_splib07a/ChapterV_Vegetation/splib07a_Manzanita_CA01-ARVI-2_bush_2_ASDFRa_AREF.txt,D:\usgs_splib07\../ASCIIdata/ASCIIdata_splib07a/errorbars/errorbars_for_splib07a_Manzanita_CA01-ARVI-2_bush_2_ASDFRa_AREF.txt,D:\usgs_splib07\../ASCIIdata/ASCIIdata_splib07a/splib07a_Wavelengths_ASD_0.35-2.5_microns_2151_ch.txt,D:\usgs_splib07\../ASCIIdata/ASCIIdata_splib07a/splib07a_Bandpass_(FWHM)_ASDFR_StandardResolution.txt,D:\usgs_splib07\../GIFplots/GIFplots_splib07a/ChapterV_Vegetation/splib07a_Manzanita_CA01-ARVI-2_bush_2_ASDFRa_AREF.gif,D:\usgs_splib07\../GIFplots/GIFplots_splib07a/plots_by_wavelength_region/range1_uv_to_visible/splib07a_Manzanita_CA01-ARVI-2_bush_2_ASDFRa_AREF_range1_uv_to_vis.gif,D:\usgs_splib07\../GIFplots/GIFplots_splib07a/plots_by_wavelength_region/range2_visible_to_swir/splib07a_Manzanita_CA01-ARVI-2_bush_2_ASDFRa_AREF_range2_vis_to_swir.gif,D:\usgs_splib07\../GIFplots/GIFplots_splib07a/plots_by_wavelength_region/range3_swir/splib07a_Manzanita_CA01-ARVI-2_bush_2_ASDFRa_AREF_range3_swir.gif,,,D:\usgs_splib07\../GIFplots/GIFplots_splib07a/splib07a_Wavelengths_ASD_0.35-2.5_microns_2151_ch.gif,D:\usgs_splib07\../GIFplots/GIFplots_splib07a/splib07a_Bandpass_(FWHM)_ASDFR_StandardResolution.gif
Manzanita CA01-ARVI-3 bush 3 ASDFRa AREF,D:\usgs_splib07\../HTMLmetadata/Manzanita_CA01-ARVI-3_bush_3_ASDFRa_AREF.html,D:\usgs_splib07\../ASCIIdata/ASCIIdata_splib07a/ChapterV_Vegetation/splib07a_Manzanita_CA01-ARVI-3_bush_3_ASDFRa_AREF.txt,D:\usgs_splib07\../ASCIIdata/ASCIIdata_splib07a/errorbars/errorbars_for_splib07a_Manzanita_CA01-ARVI-3_bush_3_ASDFRa_AREF.txt,D:\usgs_splib07\../ASCIIdata/ASCIIdata_splib07a/splib07a_Wavelengths_ASD_0.35-2.5_microns_2151_ch.txt,D:\usgs_splib07\../ASCIIdata/ASCIIdata_splib07a/splib07a_Bandpass_(FWHM)_ASDFR_StandardResolution.txt,D:\usgs_splib07\../GIFplots/GIFplots_splib07a/ChapterV_Vegetation/splib07a_Manzanita_CA01-ARVI-3_bush_3_ASDFRa_AREF.gif,D:\usgs_splib07\../GIFplots/GIFplots_splib07a/plots_by_wavelength_region/range1_uv_to_visible/splib07a_Manzanita_CA01-ARVI-3_bush_3_ASDFRa_AREF_range1_uv_to_vis.gif,D:\usgs_splib07\../GIFplots/GIFplots_splib07a/plots_by_wavelength_region/range2_visible_to_swir/splib07a_Manzanita_CA01-ARVI-3_bush_3_ASDFRa_AREF_range2_vis_to_swir.gif,D:\usgs_splib07\../GIFplots/GIFplots_splib07a/plots_by_wavelength_region/range3_swir/splib07a_Manzanita_CA01-ARVI-3_bush_3_ASDFRa_AREF_range3_swir.gif,,,D:\usgs_splib07\../GIFplots/GIFplots_splib07a/splib07a_Wavelengths_ASD_0.35-2.5_microns_2151_ch.gif,D:\usgs_splib07\../GIFplots/GIFplots_splib07a/splib07a_Bandpass_(FWHM)_ASDFR_StandardResolution.gif
Manzanita CA01-ARVI-4 bush 4 ASDFRa AREF,D:\usgs_splib07\../HTMLmetadata/Manzanita_CA01-ARVI-4_bush_4_ASDFRa_AREF.html,D:\usgs_splib07\../ASCIIdata/ASCIIdata_splib07a/ChapterV_Vegetation/splib07a_Manzanita_CA01-ARVI-4_bush_4_ASDFRa_AREF.txt,D:\usgs_splib07\../ASCIIdata/ASCIIdata_splib07a/errorbars/errorbars_for_splib07a_Manzanita_CA01-ARVI-4_bush_4_ASDFRa_AREF.txt,D:\usgs_splib07\../ASCIIdata/ASCIIdata_splib07a/splib07a_Wavelengths_ASD_0.35-2.5_microns_2151_ch.txt,D:\usgs_splib07\../ASCIIdata/ASCIIdata_splib07a/splib07a_Bandpass_(FWHM)_ASDFR_StandardResolution.txt,D:\usgs_splib07\../GIFplots/GIFplots_splib07a/ChapterV_Vegetation/splib07a_Manzanita_CA01-ARVI-4_bush_4_ASDFRa_AREF.gif,D:\usgs_splib07\../GIFplots/GIFplots_splib07a/plots_by_wavelength_region/range1_uv_to_visible/splib07a_Manzanita_CA01-ARVI-4_bush_4_ASDFRa_AREF_range1_uv_to_vis.gif,D:\usgs_splib07\../GIFplots/GIFplots_splib07a/plots_by_wavelength_region/range2_visible_to_swir/splib07a_Manzanita_CA01-ARVI-4_bush_4_ASDFRa_AREF_range2_vis_to_swir.gif,D:\usgs_splib07\../GIFplots/GIFplots_splib07a/plots_by_wavelength_region/range3_swir/splib07a_Manzanita_CA01-ARVI-4_bush_4_ASDFRa_AREF_range3_swir.gif,,,D:\usgs_splib07\../GIFplots/GIFplots_splib07a/splib07a_Wavelengths_ASD_0.35-2.5_microns_2151_ch.gif,D:\usgs_splib07\../GIFplots/GIFplots_splib07a/splib07a_Bandpass_(FWHM)_ASDFR_StandardResolution.gif
Manzanita CA01-ARVI-5 bush 5 ASDFRa AREF,D:\usgs_splib07\../HTMLmetadata/Manzanita_CA01-ARVI-5_bush_5_ASDFRa_AREF.html,D:\usgs_splib07\../ASCIIdata/ASCIIdata_splib07a/ChapterV_Vegetation/splib07a_Manzanita_CA01-ARVI-5_bush_5_ASDFRa_AREF.txt,D:\usgs_splib07\../ASCIIdata/ASCIIdata_splib07a/errorbars/errorbars_for_splib07a_Manzanita_CA01-ARVI-5_bush_5_ASDFRa_AREF.txt,D:\usgs_splib07\../ASCIIdata/ASCIIdata_splib07a/splib07a_Wavelengths_ASD_0.35-2.5_microns_2151_ch.txt,D:\usgs_splib07\../ASCIIdata/ASCIIdata_splib07a/splib07a_Bandpass_(FWHM)_ASDFR_StandardResolution.txt,D:\usgs_splib07\../GIFplots/GIFplots_splib07a/ChapterV_Vegetation/splib07a_Manzanita_CA01-ARVI-5_bush_5_ASDFRa_AREF.gif,D:\usgs_splib07\../GIFplots/GIFplots_splib07a/plots_by_wavelength_region/range1_uv_to_visible/splib07a_Manzanita_CA01-ARVI-5_bush_5_ASDFRa_AREF_range1_uv_to_vis.gif,D:\usgs_splib07\../GIFplots/GIFplots_splib07a/plots_by_wavelength_region/range2_visible_to_swir/splib07a_Manzanita_CA01-ARVI-5_bush_5_ASDFRa_AREF_range2_vis_to_swir.gif,D:\usgs_splib07\../GIFplots/GIFplots_splib07a/plots_by_wavelength_region/range3_swir/splib07a_Manzanita_CA01-ARVI-5_bush_5_ASDFRa_AREF_range3_swir.gif,,,D:\usgs_splib07\../GIFplots/GIFplots_splib07a/splib07a_Wavelengths_ASD_0.35-2.5_microns_2151_ch.gif,D:\usgs_splib07\../GIFplots/GIFplots_splib07a/splib07a_Bandpass_(FWHM)_ASDFR_StandardResolution.gif
Manzanita CA01-ARVI-6 bush 6 ASDFRa AREF,D:\usgs_splib07\../HTMLmetadata/Manzanita_CA01-ARVI-6_bush_6_ASDFRa_AREF.html,D:\usgs_splib07\../ASCIIdata/ASCIIdata_splib07a/ChapterV_Vegetation/splib07a_Manzanita_CA01-ARVI-6_bush_6_ASDFRa_AREF.txt,D:\usgs_splib07\../ASCIIdata/ASCIIdata_splib07a/errorbars/errorbars_for_splib07a_Manzanita_CA01-ARVI-6_bush_6_ASDFRa_AREF.txt,D:\usgs_splib07\../ASCIIdata/ASCIIdata_splib07a/splib07a_Wavelengths_ASD_0.35-2.5_microns_2151_ch.txt,D:\usgs_splib07\../ASCIIdata/ASCIIdata_splib07a/splib07a_Bandpass_(FWHM)_ASDFR_StandardResolution.txt,D:\usgs_splib07\../GIFplots/GIFplots_splib07a/ChapterV_Vegetation/splib07a_Manzanita_CA01-ARVI-6_bush_6_ASDFRa_AREF.gif,D:\usgs_splib07\../GIFplots/GIFplots_splib07a/plots_by_wavelength_region/range1_uv_to_visible/splib07a_Manzanita_CA01-ARVI-6_bush_6_ASDFRa_AREF_range1_uv_to_vis.gif,D:\usgs_splib07\../GIFplots/GIFplots_splib07a/plots_by_wavelength_region/range2_visible_to_swir/splib07a_Manzanita_CA01-ARVI-6_bush_6_ASDFRa_AREF_range2_vis_to_swir.gif,D:\usgs_splib07\../GIFplots/GIFplots_splib07a/plots_by_wavelength_region/range3_swir/splib07a_Manzanita_CA01-ARVI-6_bush_6_ASDFRa_AREF_range3_swir.gif,,,D:\usgs_splib07\../GIFplots/GIFplots_splib07a/splib07a_Wavelengths_ASD_0.35-2.5_microns_2151_ch.gif,D:\usgs_splib07\../GIFplots/GIFplots_splib07a/splib07a_Bandpass_(FWHM)_ASDFR_StandardResolution.gif
Manzanita CA01-ARVI-7 leaves ASDFRa AREF,D:\usgs_splib07\../HTMLmetadata/Manzanita_CA01-ARVI-7_leaves_ASDFRa_AREF.html,D:\usgs_splib07\../ASCIIdata/ASCIIdata_splib07a/ChapterV_Vegetation/splib07a_Manzanita_CA01-ARVI-7_leaves_ASDFRa_AREF.txt,D:\usgs_splib07\../ASCIIdata/ASCIIdata_splib07a/errorbars/errorbars_for_splib07a_Manzanita_CA01-ARVI-7_leaves_ASDFRa_AREF.txt,D:\usgs_splib07\../ASCIIdata/ASCIIdata_splib07a/splib07a_Wavelengths_ASD_0.35-2.5_microns_2151_ch.txt,D:\usgs_splib07\../ASCIIdata/ASCIIdata_splib07a/splib07a_Bandpass_(FWHM)_ASDFR_StandardResolution.txt,D:\usgs_splib07\../GIFplots/GIFplots_splib07a/ChapterV_Vegetation/splib07a_Manzanita_CA01-ARVI-7_leaves_ASDFRa_AREF.gif,D:\usgs_splib07\../GIFplots/GIFplots_splib07a/plots_by_wavelength_region/range1_uv_to_visible/splib07a_Manzanita_CA01-ARVI-7_leaves_ASDFRa_AREF_range1_uv_to_vis.gif,D:\usgs_splib07\../GIFplots/GIFplots_splib07a/plots_by_wavelength_region/range2_visible_to_swir/splib07a_Manzanita_CA01-ARVI-7_leaves_ASDFRa_AREF_range2_vis_to_swir.gif,D:\usgs_splib07\../GIFplots/GIFplots_splib07a/plots_by_wavelength_region/range3_swir/splib07a_Manzanita_CA01-ARVI-7_leaves_ASDFRa_AREF_range3_swir.gif,,,D:\usgs_splib07\../GIFplots/GIFplots_splib07a/splib07a_Wavelengths_ASD_0.35-2.5_microns_2151_ch.gif,D:\usgs_splib07\../GIFplots/GIFplots_splib07a/splib07a_Bandpass_(FWHM)_ASDFR_StandardResolution.gif
Maple_Leaves DW92-1           BECKa AREF,D:\usgs_splib07\../HTMLmetadata/Maple_Leaves_DW92-1_BECKa_AREF.html,D:\usgs_splib07\../ASCIIdata/ASCIIdata_splib07a/ChapterV_Vegetation/splib07a_Maple_Leaves_DW92-1_BECKa_AREF.txt,D:\usgs_splib07\../ASCIIdata/ASCIIdata_splib07a/errorbars/errorbars_for_splib07a_Maple_Leaves_DW92-1_BECKa_AREF.txt,D:\usgs_splib07\../ASCIIdata/ASCIIdata_splib07a/splib07a_Wavelengths_BECK_Beckman_0.2-3.0_microns.txt,D:\usgs_splib07\../ASCIIdata/ASCIIdata_splib07a/splib07a_Bandpass_(FWHM)_BECK_Beckman_in_microns.txt,D:\usgs_splib07\../GIFplots/GIFplots_splib07a/ChapterV_Vegetation/splib07a_Maple_Leaves_DW92-1_BECKa_AREF.gif,D:\usgs_splib07\../GIFplots/GIFplots_splib07a/plots_by_wavelength_region/range1_uv_to_visible/splib07a_Maple_Leaves_DW92-1_BECKa_AREF_range1_uv_to_vis.gif,D:\usgs_splib07\../GIFplots/GIFplots_splib07a/plots_by_wavelength_region/range2_visible_to_swir/splib07a_Maple_Leaves_DW92-1_BECKa_AREF_range2_vis_to_swir.gif,D:\usgs_splib07\../GIFplots/GIFplots_splib07a/plots_by_wavelength_region/range3_swir/splib07a_Maple_Leaves_DW92-1_BECKa_AREF_range3_swir.gif,,,D:\usgs_splib07\../GIFplots/GIFplots_splib07a/splib07a_Wavelengths_BECK_Beckman_0.2-3.0_microns.gif,D:\usgs_splib07\../GIFplots/GIFplots_splib07a/splib07a_Bandpass_(FWHM)_BECK_Beckman_in_microns.gif
Oak Oak-Leaf-1 fresh         ASDFRa AREF,D:\usgs_splib07\../HTMLmetadata/Oak_Oak-Leaf-1_fresh_ASDFRa_AREF.html,D:\usgs_splib07\../ASCIIdata/ASCIIdata_splib07a/ChapterV_Vegetation/splib07a_Oak_Oak-Leaf-1_fresh_ASDFRa_AREF.txt,,D:\usgs_splib07\../ASCIIdata/ASCIIdata_splib07a/splib07a_Wavelengths_ASD_0.35-2.5_microns_2151_ch.txt,D:\usgs_splib07\../ASCIIdata/ASCIIdata_splib07a/splib07a_Bandpass_(FWHM)_ASDFR_StandardResolution.txt,D:\usgs_splib07\../GIFplots/GIFplots_splib07a/ChapterV_Vegetation/splib07a_Oak_Oak-Leaf-1_fresh_ASDFRa_AREF.gif,D:\usgs_splib07\../GIFplots/GIFplots_splib07a/plots_by_wavelength_region/range1_uv_to_visible/splib07a_Oak_Oak-Leaf-1_fresh_ASDFRa_AREF_range1_uv_to_vis.gif,D:\usgs_splib07\../GIFplots/GIFplots_splib07a/plots_by_wavelength_region/range2_visible_to_swir/splib07a_Oak_Oak-Leaf-1_fresh_ASDFRa_AREF_range2_vis_to_swir.gif,D:\usgs_splib07\../GIFplots/GIFplots_splib07a/plots_by_wavelength_region/range3_swir/splib07a_Oak_Oak-Leaf-1_fresh_ASDFRa_AREF_range3_swir.gif,,,D:\usgs_splib07\../GIFplots/GIFplots_splib07a/splib07a_Wavelengths_ASD_0.35-2.5_microns_2151_ch.gif,D:\usgs_splib07\../GIFplots/GIFplots_splib07a/splib07a_Bandpass_(FWHM)_ASDFR_StandardResolution.gif
Oak Oak-Leaf-2 dried         ASDFRa AREF,D:\usgs_splib07\../HTMLmetadata/Oak_Oak-Leaf-2_dried_ASDFRa_AREF.html,D:\usgs_splib07\../ASCIIdata/ASCIIdata_splib07a/ChapterV_Vegetation/splib07a_Oak_Oak-Leaf-2_dried_ASDFRa_AREF.txt,,D:\usgs_splib07\../ASCIIdata/ASCIIdata_splib07a/splib07a_Wavelengths_ASD_0.35-2.5_microns_2151_ch.txt,D:\usgs_splib07\../ASCIIdata/ASCIIdata_splib07a/splib07a_Bandpass_(FWHM)_ASDFR_StandardResolution.txt,D:\usgs_splib07\../GIFplots/GIFplots_splib07a/ChapterV_Vegetation/splib07a_Oak_Oak-Leaf-2_dried_ASDFRa_AREF.gif,D:\usgs_splib07\../GIFplots/GIFplots_splib07a/plots_by_wavelength_region/range1_uv_to_visible/splib07a_Oak_Oak-Leaf-2_dried_ASDFRa_AREF_range1_uv_to_vis.gif,D:\usgs_splib07\../GIFplots/GIFplots_splib07a/plots_by_wavelength_region/range2_visible_to_swir/splib07a_Oak_Oak-Leaf-2_dried_ASDFRa_AREF_range2_vis_to_swir.gif,D:\usgs_splib07\../GIFplots/GIFplots_splib07a/plots_by_wavelength_region/range3_swir/splib07a_Oak_Oak-Leaf-2_dried_ASDFRa_AREF_range3_swir.gif,,,D:\usgs_splib07\../GIFplots/GIFplots_splib07a/splib07a_Wavelengths_ASD_0.35-2.5_microns_2151_ch.gif,D:\usgs_splib07\../GIFplots/GIFplots_splib07a/splib07a_Bandpass_(FWHM)_ASDFR_StandardResolution.gif
Oak QUDU CA01-QUDU-1 bush 1  ASDFRa AREF,D:\usgs_splib07\../HTMLmetadata/Oak_QUDU_CA01-QUDU-1_bush_1_ASDFRa_AREF.html,D:\usgs_splib07\../ASCIIdata/ASCIIdata_splib07a/ChapterV_Vegetation/splib07a_Oak_QUDU_CA01-QUDU-1_bush_1_ASDFRa_AREF.txt,D:\usgs_splib07\../ASCIIdata/ASCIIdata_splib07a/errorbars/errorbars_for_splib07a_Oak_QUDU_CA01-QUDU-1_bush_1_ASDFRa_AREF.txt,D:\usgs_splib07\../ASCIIdata/ASCIIdata_splib07a/splib07a_Wavelengths_ASD_0.35-2.5_microns_2151_ch.txt,D:\usgs_splib07\../ASCIIdata/ASCIIdata_splib07a/splib07a_Bandpass_(FWHM)_ASDFR_StandardResolution.txt,D:\usgs_splib07\../GIFplots/GIFplots_splib07a/ChapterV_Vegetation/splib07a_Oak_QUDU_CA01-QUDU-1_bush_1_ASDFRa_AREF.gif,D:\usgs_splib07\../GIFplots/GIFplots_splib07a/plots_by_wavelength_region/range1_uv_to_visible/splib07a_Oak_QUDU_CA01-QUDU-1_bush_1_ASDFRa_AREF_range1_uv_to_vis.gif,D:\usgs_splib07\../GIFplots/GIFplots_splib07a/plots_by_wavelength_region/range2_visible_to_swir/splib07a_Oak_QUDU_CA01-QUDU-1_bush_1_ASDFRa_AREF_range2_vis_to_swir.gif,D:\usgs_splib07\../GIFplots/GIFplots_splib07a/plots_by_wavelength_region/range3_swir/splib07a_Oak_QUDU_CA01-QUDU-1_bush_1_ASDFRa_AREF_range3_swir.gif,,,D:\usgs_splib07\../GIFplots/GIFplots_splib07a/splib07a_Wavelengths_ASD_0.35-2.5_microns_2151_ch.gif,D:\usgs_splib07\../GIFplots/GIFplots_splib07a/splib07a_Bandpass_(FWHM)_ASDFR_StandardResolution.gif
Oak QUDU CA01-QUDU-2 bush 2  ASDFRa AREF,D:\usgs_splib07\../HTMLmetadata/Oak_QUDU_CA01-QUDU-2_bush_2_ASDFRa_AREF.html,D:\usgs_splib07\../ASCIIdata/ASCIIdata_splib07a/ChapterV_Vegetation/splib07a_Oak_QUDU_CA01-QUDU-2_bush_2_ASDFRa_AREF.txt,D:\usgs_splib07\../ASCIIdata/ASCIIdata_splib07a/errorbars/errorbars_for_splib07a_Oak_QUDU_CA01-QUDU-2_bush_2_ASDFRa_AREF.txt,D:\usgs_splib07\../ASCIIdata/ASCIIdata_splib07a/splib07a_Wavelengths_ASD_0.35-2.5_microns_2151_ch.txt,D:\usgs_splib07\../ASCIIdata/ASCIIdata_splib07a/splib07a_Bandpass_(FWHM)_ASDFR_StandardResolution.txt,D:\usgs_splib07\../GIFplots/GIFplots_splib07a/ChapterV_Vegetation/splib07a_Oak_QUDU_CA01-QUDU-2_bush_2_ASDFRa_AREF.gif,D:\usgs_splib07\../GIFplots/GIFplots_splib07a/plots_by_wavelength_region/range1_uv_to_visible/splib07a_Oak_QUDU_CA01-QUDU-2_bush_2_ASDFRa_AREF_range1_uv_to_vis.gif,D:\usgs_splib07\../GIFplots/GIFplots_splib07a/plots_by_wavelength_region/range2_visible_to_swir/splib07a_Oak_QUDU_CA01-QUDU-2_bush_2_ASDFRa_AREF_range2_vis_to_swir.gif,D:\usgs_splib07\../GIFplots/GIFplots_splib07a/plots_by_wavelength_region/range3_swir/splib07a_Oak_QUDU_CA01-QUDU-2_bush_2_ASDFRa_AREF_range3_swir.gif,,,D:\usgs_splib07\../GIFplots/GIFplots_splib07a/splib07a_Wavelengths_ASD_0.35-2.5_microns_2151_ch.gif,D:\usgs_splib07\../GIFplots/GIFplots_splib07a/splib07a_Bandpass_(FWHM)_ASDFR_StandardResolution.gif
Oak QUDU CA01-QUDU-3 bush 3  ASDFRa AREF,D:\usgs_splib07\../HTMLmetadata/Oak_QUDU_CA01-QUDU-3_bush_3_ASDFRa_AREF.html,D:\usgs_splib07\../ASCIIdata/ASCIIdata_splib07a/ChapterV_Vegetation/splib07a_Oak_QUDU_CA01-QUDU-3_bush_3_ASDFRa_AREF.txt,D:\usgs_splib07\../ASCIIdata/ASCIIdata_splib07a/errorbars/errorbars_for_splib07a_Oak_QUDU_CA01-QUDU-3_bush_3_ASDFRa_AREF.txt,D:\usgs_splib07\../ASCIIdata/ASCIIdata_splib07a/splib07a_Wavelengths_ASD_0.35-2.5_microns_2151_ch.txt,D:\usgs_splib07\../ASCIIdata/ASCIIdata_splib07a/splib07a_Bandpass_(FWHM)_ASDFR_StandardResolution.txt,D:\usgs_splib07\../GIFplots/GIFplots_splib07a/ChapterV_Vegetation/splib07a_Oak_QUDU_CA01-QUDU-3_bush_3_ASDFRa_AREF.gif,D:\usgs_splib07\../GIFplots/GIFplots_splib07a/plots_by_wavelength_region/range1_uv_to_visible/splib07a_Oak_QUDU_CA01-QUDU-3_bush_3_ASDFRa_AREF_range1_uv_to_vis.gif,D:\usgs_splib07\../GIFplots/GIFplots_splib07a/plots_by_wavelength_region/range2_visible_to_swir/splib07a_Oak_QUDU_CA01-QUDU-3_bush_3_ASDFRa_AREF_range2_vis_to_swir.gif,D:\usgs_splib07\../GIFplots/GIFplots_splib07a/plots_by_wavelength_region/range3_swir/splib07a_Oak_QUDU_CA01-QUDU-3_bush_3_ASDFRa_AREF_range3_swir.gif,,,D:\usgs_splib07\../GIFplots/GIFplots_splib07a/splib07a_Wavelengths_ASD_0.35-2.5_microns_2151_ch.gif,D:\usgs_splib07\../GIFplots/GIFplots_splib07a/splib07a_Bandpass_(FWHM)_ASDFR_StandardResolution.gif
P.australis CRMS-0153 dryNPV ASDFRa AREF,D:\usgs_splib07\../HTMLmetadata/P.australis_CRMS-0153_dryNPV_ASDFRa_AREF.html,D:\usgs_splib07\../ASCIIdata/ASCIIdata_splib07a/ChapterV_Vegetation/splib07a_P.australis_CRMS-0153_dryNPV_ASDFRa_AREF.txt,,D:\usgs_splib07\../ASCIIdata/ASCIIdata_splib07a/splib07a_Wavelengths_ASD_0.35-2.5_microns_2151_ch.txt,D:\usgs_splib07\../ASCIIdata/ASCIIdata_splib07a/splib07a_Bandpass_(FWHM)_ASDFR_StandardResolution.txt,D:\usgs_splib07\../GIFplots/GIFplots_splib07a/ChapterV_Vegetation/splib07a_P.australis_CRMS-0153_dryNPV_ASDFRa_AREF.gif,D:\usgs_splib07\../GIFplots/GIFplots_splib07a/plots_by_wavelength_region/range1_uv_to_visible/splib07a_P.australis_CRMS-0153_dryNPV_ASDFRa_AREF_range1_uv_to_vis.gif,D:\usgs_splib07\../GIFplots/GIFplots_splib07a/plots_by_wavelength_region/range2_visible_to_swir/splib07a_P.australis_CRMS-0153_dryNPV_ASDFRa_AREF_range2_vis_to_swir.gif,D:\usgs_splib07\../GIFplots/GIFplots_splib07a/plots_by_wavelength_region/range3_swir/splib07a_P.australis_CRMS-0153_dryNPV_ASDFRa_AREF_range3_swir.gif,,,D:\usgs_splib07\../GIFplots/GIFplots_splib07a/splib07a_Wavelengths_ASD_0.35-2.5_microns_2151_ch.gif,D:\usgs_splib07\../GIFplots/GIFplots_splib07a/splib07a_Bandpass_(FWHM)_ASDFR_StandardResolution.gif
P.austr. DWO-3-DEL-2a stems  ASDFRa AREF,D:\usgs_splib07\../HTMLmetadata/P.austr._DWO-3-DEL-2a_stems_ASDFRa_AREF.html,D:\usgs_splib07\../ASCIIdata/ASCIIdata_splib07a/ChapterV_Vegetation/splib07a_P.austr._DWO-3-DEL-2a_stems_ASDFRa_AREF.txt,D:\usgs_splib07\../ASCIIdata/ASCIIdata_splib07a/errorbars/errorbars_for_splib07a_P.austr._DWO-3-DEL-2a_stems_ASDFRa_AREF.txt,D:\usgs_splib07\../ASCIIdata/ASCIIdata_splib07a/splib07a_Wavelengths_ASD_0.35-2.5_microns_2151_ch.txt,D:\usgs_splib07\../ASCIIdata/ASCIIdata_splib07a/splib07a_Bandpass_(FWHM)_ASDFR_StandardResolution.txt,D:\usgs_splib07\../GIFplots/GIFplots_splib07a/ChapterV_Vegetation/splib07a_P.austr._DWO-3-DEL-2a_stems_ASDFRa_AREF.gif,D:\usgs_splib07\../GIFplots/GIFplots_splib07a/plots_by_wavelength_region/range1_uv_to_visible/splib07a_P.austr._DWO-3-DEL-2a_stems_ASDFRa_AREF_range1_uv_to_vis.gif,D:\usgs_splib07\../GIFplots/GIFplots_splib07a/plots_by_wavelength_region/range2_visible_to_swir/splib07a_P.austr._DWO-3-DEL-2a_stems_ASDFRa_AREF_range2_vis_to_swir.gif,D:\usgs_splib07\../GIFplots/GIFplots_splib07a/plots_by_wavelength_region/range3_swir/splib07a_P.austr._DWO-3-DEL-2a_stems_ASDFRa_AREF_range3_swir.gif,,,D:\usgs_splib07\../GIFplots/GIFplots_splib07a/splib07a_Wavelengths_ASD_0.35-2.5_microns_2151_ch.gif,D:\usgs_splib07\../GIFplots/GIFplots_splib07a/splib07a_Bandpass_(FWHM)_ASDFR_StandardResolution.gif
P.austr. DWO-3-DEL-2b grn.a  ASDFRa AREF,D:\usgs_splib07\../HTMLmetadata/P.austr._DWO-3-DEL-2b_grn.a_ASDFRa_AREF.html,D:\usgs_splib07\../ASCIIdata/ASCIIdata_splib07a/ChapterV_Vegetation/splib07a_P.austr._DWO-3-DEL-2b_grn.a_ASDFRa_AREF.txt,D:\usgs_splib07\../ASCIIdata/ASCIIdata_splib07a/errorbars/errorbars_for_splib07a_P.austr._DWO-3-DEL-2b_grn.a_ASDFRa_AREF.txt,D:\usgs_splib07\../ASCIIdata/ASCIIdata_splib07a/splib07a_Wavelengths_ASD_0.35-2.5_microns_2151_ch.txt,D:\usgs_splib07\../ASCIIdata/ASCIIdata_splib07a/splib07a_Bandpass_(FWHM)_ASDFR_StandardResolution.txt,D:\usgs_splib07\../GIFplots/GIFplots_splib07a/ChapterV_Vegetation/splib07a_P.austr._DWO-3-DEL-2b_grn.a_ASDFRa_AREF.gif,D:\usgs_splib07\../GIFplots/GIFplots_splib07a/plots_by_wavelength_region/range1_uv_to_visible/splib07a_P.austr._DWO-3-DEL-2b_grn.a_ASDFRa_AREF_range1_uv_to_vis.gif,D:\usgs_splib07\../GIFplots/GIFplots_splib07a/plots_by_wavelength_region/range2_visible_to_swir/splib07a_P.austr._DWO-3-DEL-2b_grn.a_ASDFRa_AREF_range2_vis_to_swir.gif,D:\usgs_splib07\../GIFplots/GIFplots_splib07a/plots_by_wavelength_region/range3_swir/splib07a_P.austr._DWO-3-DEL-2b_grn.a_ASDFRa_AREF_range3_swir.gif,,,D:\usgs_splib07\../GIFplots/GIFplots_splib07a/splib07a_Wavelengths_ASD_0.35-2.5_microns_2151_ch.gif,D:\usgs_splib07\../GIFplots/GIFplots_splib07a/splib07a_Bandpass_(FWHM)_ASDFR_StandardResolution.gif
P.austr. DWO-3-DEL-2c stem.a ASDFRa AREF,D:\usgs_splib07\../HTMLmetadata/P.austr._DWO-3-DEL-2c_stem.a_ASDFRa_AREF.html,D:\usgs_splib07\../ASCIIdata/ASCIIdata_splib07a/ChapterV_Vegetation/splib07a_P.austr._DWO-3-DEL-2c_stem.a_ASDFRa_AREF.txt,D:\usgs_splib07\../ASCIIdata/ASCIIdata_splib07a/errorbars/errorbars_for_splib07a_P.austr._DWO-3-DEL-2c_stem.a_ASDFRa_AREF.txt,D:\usgs_splib07\../ASCIIdata/ASCIIdata_splib07a/splib07a_Wavelengths_ASD_0.35-2.5_microns_2151_ch.txt,D:\usgs_splib07\../ASCIIdata/ASCIIdata_splib07a/splib07a_Bandpass_(FWHM)_ASDFR_StandardResolution.txt,D:\usgs_splib07\../GIFplots/GIFplots_splib07a/ChapterV_Vegetation/splib07a_P.austr._DWO-3-DEL-2c_stem.a_ASDFRa_AREF.gif,D:\usgs_splib07\../GIFplots/GIFplots_splib07a/plots_by_wavelength_region/range1_uv_to_visible/splib07a_P.austr._DWO-3-DEL-2c_stem.a_ASDFRa_AREF_range1_uv_to_vis.gif,D:\usgs_splib07\../GIFplots/GIFplots_splib07a/plots_by_wavelength_region/range2_visible_to_swir/splib07a_P.austr._DWO-3-DEL-2c_stem.a_ASDFRa_AREF_range2_vis_to_swir.gif,D:\usgs_splib07\../GIFplots/GIFplots_splib07a/plots_by_wavelength_region/range3_swir/splib07a_P.austr._DWO-3-DEL-2c_stem.a_ASDFRa_AREF_range3_swir.gif,,,D:\usgs_splib07\../GIFplots/GIFplots_splib07a/splib07a_Wavelengths_ASD_0.35-2.5_microns_2151_ch.gif,D:\usgs_splib07\../GIFplots/GIFplots_splib07a/splib07a_Bandpass_(FWHM)_ASDFR_StandardResolution.gif
P.aus. DWO-3-DEL-2d dryNPV.a ASDFRa AREF,D:\usgs_splib07\../HTMLmetadata/P.aus._DWO-3-DEL-2d_dryNPV.a_ASDFRa_AREF.html,D:\usgs_splib07\../ASCIIdata/ASCIIdata_splib07a/ChapterV_Vegetation/splib07a_P.aus._DWO-3-DEL-2d_dryNPV.a_ASDFRa_AREF.txt,D:\usgs_splib07\../ASCIIdata/ASCIIdata_splib07a/errorbars/errorbars_for_splib07a_P.aus._DWO-3-DEL-2d_dryNPV.a_ASDFRa_AREF.txt,D:\usgs_splib07\../ASCIIdata/ASCIIdata_splib07a/splib07a_Wavelengths_ASD_0.35-2.5_microns_2151_ch.txt,D:\usgs_splib07\../ASCIIdata/ASCIIdata_splib07a/splib07a_Bandpass_(FWHM)_ASDFR_StandardResolution.txt,D:\usgs_splib07\../GIFplots/GIFplots_splib07a/ChapterV_Vegetation/splib07a_P.aus._DWO-3-DEL-2d_dryNPV.a_ASDFRa_AREF.gif,D:\usgs_splib07\../GIFplots/GIFplots_splib07a/plots_by_wavelength_region/range1_uv_to_visible/splib07a_P.aus._DWO-3-DEL-2d_dryNPV.a_ASDFRa_AREF_range1_uv_to_vis.gif,D:\usgs_splib07\../GIFplots/GIFplots_splib07a/plots_by_wavelength_region/range2_visible_to_swir/splib07a_P.aus._DWO-3-DEL-2d_dryNPV.a_ASDFRa_AREF_range2_vis_to_swir.gif,D:\usgs_splib07\../GIFplots/GIFplots_splib07a/plots_by_wavelength_region/range3_swir/splib07a_P.aus._DWO-3-DEL-2d_dryNPV.a_ASDFRa_AREF_range3_swir.gif,,,D:\usgs_splib07\../GIFplots/GIFplots_splib07a/splib07a_Wavelengths_ASD_0.35-2.5_microns_2151_ch.gif,D:\usgs_splib07\../GIFplots/GIFplots_splib07a/splib07a_Bandpass_(FWHM)_ASDFR_StandardResolution.gif
Pinon_Pine ANP92-14A needle   BECKa AREF,D:\usgs_splib07\../HTMLmetadata/Pinon_Pine_ANP92-14A_needle_BECKa_AREF.html,D:\usgs_splib07\../ASCIIdata/ASCIIdata_splib07a/ChapterV_Vegetation/splib07a_Pinon_Pine_ANP92-14A_needle_BECKa_AREF.txt,D:\usgs_splib07\../ASCIIdata/ASCIIdata_splib07a/errorbars/errorbars_for_splib07a_Pinon_Pine_ANP92-14A_needle_BECKa_AREF.txt,D:\usgs_splib07\../ASCIIdata/ASCIIdata_splib07a/splib07a_Wavelengths_BECK_Beckman_0.2-3.0_microns.txt,D:\usgs_splib07\../ASCIIdata/ASCIIdata_splib07a/splib07a_Bandpass_(FWHM)_BECK_Beckman_in_microns.txt,D:\usgs_splib07\../GIFplots/GIFplots_splib07a/ChapterV_Vegetation/splib07a_Pinon_Pine_ANP92-14A_needle_BECKa_AREF.gif,D:\usgs_splib07\../GIFplots/GIFplots_splib07a/plots_by_wavelength_region/range1_uv_to_visible/splib07a_Pinon_Pine_ANP92-14A_needle_BECKa_AREF_range1_uv_to_vis.gif,D:\usgs_splib07\../GIFplots/GIFplots_splib07a/plots_by_wavelength_region/range2_visible_to_swir/splib07a_Pinon_Pine_ANP92-14A_needle_BECKa_AREF_range2_vis_to_swir.gif,D:\usgs_splib07\../GIFplots/GIFplots_splib07a/plots_by_wavelength_region/range3_swir/splib07a_Pinon_Pine_ANP92-14A_needle_BECKa_AREF_range3_swir.gif,,,D:\usgs_splib07\../GIFplots/GIFplots_splib07a/splib07a_Wavelengths_BECK_Beckman_0.2-3.0_microns.gif,D:\usgs_splib07\../GIFplots/GIFplots_splib07a/splib07a_Bandpass_(FWHM)_BECK_Beckman_in_microns.gif
Rabbitbrush ANP92-27          BECKa AREF,D:\usgs_splib07\../HTMLmetadata/Rabbitbrush_ANP92-27_BECKa_AREF.html,D:\usgs_splib07\../ASCIIdata/ASCIIdata_splib07a/ChapterV_Vegetation/splib07a_Rabbitbrush_ANP92-27_BECKa_AREF.txt,D:\usgs_splib07\../ASCIIdata/ASCIIdata_splib07a/errorbars/errorbars_for_splib07a_Rabbitbrush_ANP92-27_BECKa_AREF.txt,D:\usgs_splib07\../ASCIIdata/ASCIIdata_splib07a/splib07a_Wavelengths_BECK_Beckman_0.2-3.0_microns.txt,D:\usgs_splib07\../ASCIIdata/ASCIIdata_splib07a/splib07a_Bandpass_(FWHM)_BECK_Beckman_in_microns.txt,D:\usgs_splib07\../GIFplots/GIFplots_splib07a/ChapterV_Vegetation/splib07a_Rabbitbrush_ANP92-27_BECKa_AREF.gif,D:\usgs_splib07\../GIFplots/GIFplots_splib07a/plots_by_wavelength_region/range1_uv_to_visible/splib07a_Rabbitbrush_ANP92-27_BECKa_AREF_range1_uv_to_vis.gif,D:\usgs_splib07\../GIFplots/GIFplots_splib07a/plots_by_wavelength_region/range2_visible_to_swir/splib07a_Rabbitbrush_ANP92-27_BECKa_AREF_range2_vis_to_swir.gif,D:\usgs_splib07\../GIFplots/GIFplots_splib07a/plots_by_wavelength_region/range3_swir/splib07a_Rabbitbrush_ANP92-27_BECKa_AREF_range3_swir.gif,,,D:\usgs_splib07\../GIFplots/GIFplots_splib07a/splib07a_Wavelengths_BECK_Beckman_0.2-3.0_microns.gif,D:\usgs_splib07\../GIFplots/GIFplots_splib07a/splib07a_Bandpass_(FWHM)_BECK_Beckman_in_microns.gif
Russian_Olive DW92-4          BECKa AREF,D:\usgs_splib07\../HTMLmetadata/Russian_Olive_DW92-4_BECKa_AREF.html,D:\usgs_splib07\../ASCIIdata/ASCIIdata_splib07a/ChapterV_Vegetation/splib07a_Russian_Olive_DW92-4_BECKa_AREF.txt,,D:\usgs_splib07\../ASCIIdata/ASCIIdata_splib07a/splib07a_Wavelengths_BECK_Beckman_0.2-3.0_microns.txt,D:\usgs_splib07\../ASCIIdata/ASCIIdata_splib07a/splib07a_Bandpass_(FWHM)_BECK_Beckman_in_microns.txt,D:\usgs_splib07\../GIFplots/GIFplots_splib07a/ChapterV_Vegetation/splib07a_Russian_Olive_DW92-4_BECKa_AREF.gif,D:\usgs_splib07\../GIFplots/GIFplots_splib07a/plots_by_wavelength_region/range1_uv_to_visible/splib07a_Russian_Olive_DW92-4_BECKa_AREF_range1_uv_to_vis.gif,D:\usgs_splib07\../GIFplots/GIFplots_splib07a/plots_by_wavelength_region/range2_visible_to_swir/splib07a_Russian_Olive_DW92-4_BECKa_AREF_range2_vis_to_swir.gif,D:\usgs_splib07\../GIFplots/GIFplots_splib07a/plots_by_wavelength_region/range3_swir/splib07a_Russian_Olive_DW92-4_BECKa_AREF_range3_swir.gif,,,D:\usgs_splib07\../GIFplots/GIFplots_splib07a/splib07a_Wavelengths_BECK_Beckman_0.2-3.0_microns.gif,D:\usgs_splib07\../GIFplots/GIFplots_splib07a/splib07a_Bandpass_(FWHM)_BECK_Beckman_in_microns.gif
S.alternif. CRMS322v06 grn.a ASDFRa AREF,D:\usgs_splib07\../HTMLmetadata/S.alternif._CRMS322v06_grn.a_ASDFRa_AREF.html,D:\usgs_splib07\../ASCIIdata/ASCIIdata_splib07a/ChapterV_Vegetation/splib07a_S.alternif._CRMS322v06_grn.a_ASDFRa_AREF.txt,D:\usgs_splib07\../ASCIIdata/ASCIIdata_splib07a/errorbars/errorbars_for_splib07a_S.alternif._CRMS322v06_grn.a_ASDFRa_AREF.txt,D:\usgs_splib07\../ASCIIdata/ASCIIdata_splib07a/splib07a_Wavelengths_ASD_0.35-2.5_microns_2151_ch.txt,D:\usgs_splib07\../ASCIIdata/ASCIIdata_splib07a/splib07a_Bandpass_(FWHM)_ASDFR_StandardResolution.txt,D:\usgs_splib07\../GIFplots/GIFplots_splib07a/ChapterV_Vegetation/splib07a_S.alternif._CRMS322v06_grn.a_ASDFRa_AREF.gif,D:\usgs_splib07\../GIFplots/GIFplots_splib07a/plots_by_wavelength_region/range1_uv_to_visible/splib07a_S.alternif._CRMS322v06_grn.a_ASDFRa_AREF_range1_uv_to_vis.gif,D:\usgs_splib07\../GIFplots/GIFplots_splib07a/plots_by_wavelength_region/range2_visible_to_swir/splib07a_S.alternif._CRMS322v06_grn.a_ASDFRa_AREF_range2_vis_to_swir.gif,D:\usgs_splib07\../GIFplots/GIFplots_splib07a/plots_by_wavelength_region/range3_swir/splib07a_S.alternif._CRMS322v06_grn.a_ASDFRa_AREF_range3_swir.gif,,,D:\usgs_splib07\../GIFplots/GIFplots_splib07a/splib07a_Wavelengths_ASD_0.35-2.5_microns_2151_ch.gif,D:\usgs_splib07\../GIFplots/GIFplots_splib07a/splib07a_Bandpass_(FWHM)_ASDFR_StandardResolution.gif
S.alterniflora CRMS322 NPV   ASDFRa AREF,D:\usgs_splib07\../HTMLmetadata/S.alterniflora_CRMS322_NPV_ASDFRa_AREF.html,D:\usgs_splib07\../ASCIIdata/ASCIIdata_splib07a/ChapterV_Vegetation/splib07a_S.alterniflora_CRMS322_NPV_ASDFRa_AREF.txt,,D:\usgs_splib07\../ASCIIdata/ASCIIdata_splib07a/splib07a_Wavelengths_ASD_0.35-2.5_microns_2151_ch.txt,D:\usgs_splib07\../ASCIIdata/ASCIIdata_splib07a/splib07a_Bandpass_(FWHM)_ASDFR_StandardResolution.txt,D:\usgs_splib07\../GIFplots/GIFplots_splib07a/ChapterV_Vegetation/splib07a_S.alterniflora_CRMS322_NPV_ASDFRa_AREF.gif,D:\usgs_splib07\../GIFplots/GIFplots_splib07a/plots_by_wavelength_region/range1_uv_to_visible/splib07a_S.alterniflora_CRMS322_NPV_ASDFRa_AREF_range1_uv_to_vis.gif,D:\usgs_splib07\../GIFplots/GIFplots_splib07a/plots_by_wavelength_region/range2_visible_to_swir/splib07a_S.alterniflora_CRMS322_NPV_ASDFRa_AREF_range2_vis_to_swir.gif,D:\usgs_splib07\../GIFplots/GIFplots_splib07a/plots_by_wavelength_region/range3_swir/splib07a_S.alterniflora_CRMS322_NPV_ASDFRa_AREF_range3_swir.gif,,,D:\usgs_splib07\../GIFplots/GIFplots_splib07a/splib07a_Wavelengths_ASD_0.35-2.5_microns_2151_ch.gif,D:\usgs_splib07\../GIFplots/GIFplots_splib07a/splib07a_Bandpass_(FWHM)_ASDFR_StandardResolution.gif
S.altern. DWV1-0511 NPV.a    ASDFRa AREF,D:\usgs_splib07\../HTMLmetadata/S.altern._DWV1-0511_NPV.a_ASDFRa_AREF.html,D:\usgs_splib07\../ASCIIdata/ASCIIdata_splib07a/ChapterV_Vegetation/splib07a_S.altern._DWV1-0511_NPV.a_ASDFRa_AREF.txt,D:\usgs_splib07\../ASCIIdata/ASCIIdata_splib07a/errorbars/errorbars_for_splib07a_S.altern._DWV1-0511_NPV.a_ASDFRa_AREF.txt,D:\usgs_splib07\../ASCIIdata/ASCIIdata_splib07a/splib07a_Wavelengths_ASD_0.35-2.5_microns_2151_ch.txt,D:\usgs_splib07\../ASCIIdata/ASCIIdata_splib07a/splib07a_Bandpass_(FWHM)_ASDFR_StandardResolution.txt,D:\usgs_splib07\../GIFplots/GIFplots_splib07a/ChapterV_Vegetation/splib07a_S.altern._DWV1-0511_NPV.a_ASDFRa_AREF.gif,D:\usgs_splib07\../GIFplots/GIFplots_splib07a/plots_by_wavelength_region/range1_uv_to_visible/splib07a_S.altern._DWV1-0511_NPV.a_ASDFRa_AREF_range1_uv_to_vis.gif,D:\usgs_splib07\../GIFplots/GIFplots_splib07a/plots_by_wavelength_region/range2_visible_to_swir/splib07a_S.altern._DWV1-0511_NPV.a_ASDFRa_AREF_range2_vis_to_swir.gif,D:\usgs_splib07\../GIFplots/GIFplots_splib07a/plots_by_wavelength_region/range3_swir/splib07a_S.altern._DWV1-0511_NPV.a_ASDFRa_AREF_range3_swir.gif,,,D:\usgs_splib07\../GIFplots/GIFplots_splib07a/splib07a_Wavelengths_ASD_0.35-2.5_microns_2151_ch.gif,D:\usgs_splib07\../GIFplots/GIFplots_splib07a/splib07a_Bandpass_(FWHM)_ASDFR_StandardResolution.gif
S.altern. DWV6a2-0511 stem.a ASDFRa AREF,D:\usgs_splib07\../HTMLmetadata/S.altern._DWV6a2-0511_stem.a_ASDFRa_AREF.html,D:\usgs_splib07\../ASCIIdata/ASCIIdata_splib07a/ChapterV_Vegetation/splib07a_S.altern._DWV6a2-0511_stem.a_ASDFRa_AREF.txt,D:\usgs_splib07\../ASCIIdata/ASCIIdata_splib07a/errorbars/errorbars_for_splib07a_S.altern._DWV6a2-0511_stem.a_ASDFRa_AREF.txt,D:\usgs_splib07\../ASCIIdata/ASCIIdata_splib07a/splib07a_Wavelengths_ASD_0.35-2.5_microns_2151_ch.txt,D:\usgs_splib07\../ASCIIdata/ASCIIdata_splib07a/splib07a_Bandpass_(FWHM)_ASDFR_StandardResolution.txt,D:\usgs_splib07\../GIFplots/GIFplots_splib07a/ChapterV_Vegetation/splib07a_S.altern._DWV6a2-0511_stem.a_ASDFRa_AREF.gif,D:\usgs_splib07\../GIFplots/GIFplots_splib07a/plots_by_wavelength_region/range1_uv_to_visible/splib07a_S.altern._DWV6a2-0511_stem.a_ASDFRa_AREF_range1_uv_to_vis.gif,D:\usgs_splib07\../GIFplots/GIFplots_splib07a/plots_by_wavelength_region/range2_visible_to_swir/splib07a_S.altern._DWV6a2-0511_stem.a_ASDFRa_AREF_range2_vis_to_swir.gif,D:\usgs_splib07\../GIFplots/GIFplots_splib07a/plots_by_wavelength_region/range3_swir/splib07a_S.altern._DWV6a2-0511_stem.a_ASDFRa_AREF_range3_swir.gif,,,D:\usgs_splib07\../GIFplots/GIFplots_splib07a/splib07a_Wavelengths_ASD_0.35-2.5_microns_2151_ch.gif,D:\usgs_splib07\../GIFplots/GIFplots_splib07a/splib07a_Bandpass_(FWHM)_ASDFR_StandardResolution.gif
S.altern. DWV6a4-0511 gray.a ASDFRa AREF,D:\usgs_splib07\../HTMLmetadata/S.altern._DWV6a4-0511_gray.a_ASDFRa_AREF.html,D:\usgs_splib07\../ASCIIdata/ASCIIdata_splib07a/ChapterV_Vegetation/splib07a_S.altern._DWV6a4-0511_gray.a_ASDFRa_AREF.txt,,D:\usgs_splib07\../ASCIIdata/ASCIIdata_splib07a/splib07a_Wavelengths_ASD_0.35-2.5_microns_2151_ch.txt,D:\usgs_splib07\../ASCIIdata/ASCIIdata_splib07a/splib07a_Bandpass_(FWHM)_ASDFR_StandardResolution.txt,D:\usgs_splib07\../GIFplots/GIFplots_splib07a/ChapterV_Vegetation/splib07a_S.altern._DWV6a4-0511_gray.a_ASDFRa_AREF.gif,D:\usgs_splib07\../GIFplots/GIFplots_splib07a/plots_by_wavelength_region/range1_uv_to_visible/splib07a_S.altern._DWV6a4-0511_gray.a_ASDFRa_AREF_range1_uv_to_vis.gif,D:\usgs_splib07\../GIFplots/GIFplots_splib07a/plots_by_wavelength_region/range2_visible_to_swir/splib07a_S.altern._DWV6a4-0511_gray.a_ASDFRa_AREF_range2_vis_to_swir.gif,D:\usgs_splib07\../GIFplots/GIFplots_splib07a/plots_by_wavelength_region/range3_swir/splib07a_S.altern._DWV6a4-0511_gray.a_ASDFRa_AREF_range3_swir.gif,,,D:\usgs_splib07\../GIFplots/GIFplots_splib07a/splib07a_Wavelengths_ASD_0.35-2.5_microns_2151_ch.gif,D:\usgs_splib07\../GIFplots/GIFplots_splib07a/splib07a_Bandpass_(FWHM)_ASDFR_StandardResolution.gif
S.altern. DWV6b3-0511 NPV.a  ASDFRa AREF,D:\usgs_splib07\../HTMLmetadata/S.altern._DWV6b3-0511_NPV.a_ASDFRa_AREF.html,D:\usgs_splib07\../ASCIIdata/ASCIIdata_splib07a/ChapterV_Vegetation/splib07a_S.altern._DWV6b3-0511_NPV.a_ASDFRa_AREF.txt,D:\usgs_splib07\../ASCIIdata/ASCIIdata_splib07a/errorbars/errorbars_for_splib07a_S.altern._DWV6b3-0511_NPV.a_ASDFRa_AREF.txt,D:\usgs_splib07\../ASCIIdata/ASCIIdata_splib07a/splib07a_Wavelengths_ASD_0.35-2.5_microns_2151_ch.txt,D:\usgs_splib07\../ASCIIdata/ASCIIdata_splib07a/splib07a_Bandpass_(FWHM)_ASDFR_StandardResolution.txt,D:\usgs_splib07\../GIFplots/GIFplots_splib07a/ChapterV_Vegetation/splib07a_S.altern._DWV6b3-0511_NPV.a_ASDFRa_AREF.gif,D:\usgs_splib07\../GIFplots/GIFplots_splib07a/plots_by_wavelength_region/range1_uv_to_visible/splib07a_S.altern._DWV6b3-0511_NPV.a_ASDFRa_AREF_range1_uv_to_vis.gif,D:\usgs_splib07\../GIFplots/GIFplots_splib07a/plots_by_wavelength_region/range2_visible_to_swir/splib07a_S.altern._DWV6b3-0511_NPV.a_ASDFRa_AREF_range2_vis_to_swir.gif,D:\usgs_splib07\../GIFplots/GIFplots_splib07a/plots_by_wavelength_region/range3_swir/splib07a_S.altern._DWV6b3-0511_NPV.a_ASDFRa_AREF_range3_swir.gif,,,D:\usgs_splib07\../GIFplots/GIFplots_splib07a/splib07a_Wavelengths_ASD_0.35-2.5_microns_2151_ch.gif,D:\usgs_splib07\../GIFplots/GIFplots_splib07a/splib07a_Bandpass_(FWHM)_ASDFR_StandardResolution.gif
S.americanus CRMS326v06 gr.a ASDFRa AREF,D:\usgs_splib07\../HTMLmetadata/S.americanus_CRMS326v06_gr.a_ASDFRa_AREF.html,D:\usgs_splib07\../ASCIIdata/ASCIIdata_splib07a/ChapterV_Vegetation/splib07a_S.americanus_CRMS326v06_gr.a_ASDFRa_AREF.txt,D:\usgs_splib07\../ASCIIdata/ASCIIdata_splib07a/errorbars/errorbars_for_splib07a_S.americanus_CRMS326v06_gr.a_ASDFRa_AREF.txt,D:\usgs_splib07\../ASCIIdata/ASCIIdata_splib07a/splib07a_Wavelengths_ASD_0.35-2.5_microns_2151_ch.txt,D:\usgs_splib07\../ASCIIdata/ASCIIdata_splib07a/splib07a_Bandpass_(FWHM)_ASDFR_StandardResolution.txt,D:\usgs_splib07\../GIFplots/GIFplots_splib07a/ChapterV_Vegetation/splib07a_S.americanus_CRMS326v06_gr.a_ASDFRa_AREF.gif,D:\usgs_splib07\../GIFplots/GIFplots_splib07a/plots_by_wavelength_region/range1_uv_to_visible/splib07a_S.americanus_CRMS326v06_gr.a_ASDFRa_AREF_range1_uv_to_vis.gif,D:\usgs_splib07\../GIFplots/GIFplots_splib07a/plots_by_wavelength_region/range2_visible_to_swir/splib07a_S.americanus_CRMS326v06_gr.a_ASDFRa_AREF_range2_vis_to_swir.gif,D:\usgs_splib07\../GIFplots/GIFplots_splib07a/plots_by_wavelength_region/range3_swir/splib07a_S.americanus_CRMS326v06_gr.a_ASDFRa_AREF_range3_swir.gif,,,D:\usgs_splib07\../GIFplots/GIFplots_splib07a/splib07a_Wavelengths_ASD_0.35-2.5_microns_2151_ch.gif,D:\usgs_splib07\../GIFplots/GIFplots_splib07a/splib07a_Bandpass_(FWHM)_ASDFR_StandardResolution.gif
S.america. CRMS121v38 yellow ASDFRa AREF,D:\usgs_splib07\../HTMLmetadata/S.america._CRMS121v38_yellow_ASDFRa_AREF.html,D:\usgs_splib07\../ASCIIdata/ASCIIdata_splib07a/ChapterV_Vegetation/splib07a_S.america._CRMS121v38_yellow_ASDFRa_AREF.txt,D:\usgs_splib07\../ASCIIdata/ASCIIdata_splib07a/errorbars/errorbars_for_splib07a_S.america._CRMS121v38_yellow_ASDFRa_AREF.txt,D:\usgs_splib07\../ASCIIdata/ASCIIdata_splib07a/splib07a_Wavelengths_ASD_0.35-2.5_microns_2151_ch.txt,D:\usgs_splib07\../ASCIIdata/ASCIIdata_splib07a/splib07a_Bandpass_(FWHM)_ASDFR_StandardResolution.txt,D:\usgs_splib07\../GIFplots/GIFplots_splib07a/ChapterV_Vegetation/splib07a_S.america._CRMS121v38_yellow_ASDFRa_AREF.gif,D:\usgs_splib07\../GIFplots/GIFplots_splib07a/plots_by_wavelength_region/range1_uv_to_visible/splib07a_S.america._CRMS121v38_yellow_ASDFRa_AREF_range1_uv_to_vis.gif,D:\usgs_splib07\../GIFplots/GIFplots_splib07a/plots_by_wavelength_region/range2_visible_to_swir/splib07a_S.america._CRMS121v38_yellow_ASDFRa_AREF_range2_vis_to_swir.gif,D:\usgs_splib07\../GIFplots/GIFplots_splib07a/plots_by_wavelength_region/range3_swir/splib07a_S.america._CRMS121v38_yellow_ASDFRa_AREF_range3_swir.gif,,,D:\usgs_splib07\../GIFplots/GIFplots_splib07a/splib07a_Wavelengths_ASD_0.35-2.5_microns_2151_ch.gif,D:\usgs_splib07\../GIFplots/GIFplots_splib07a/splib07a_Bandpass_(FWHM)_ASDFR_StandardResolution.gif
Sagebrush IH91-1B             BECKa AREF,D:\usgs_splib07\../HTMLmetadata/Sagebrush_IH91-1B_BECKa_AREF.html,D:\usgs_splib07\../ASCIIdata/ASCIIdata_splib07a/ChapterV_Vegetation/splib07a_Sagebrush_IH91-1B_BECKa_AREF.txt,D:\usgs_splib07\../ASCIIdata/ASCIIdata_splib07a/errorbars/errorbars_for_splib07a_Sagebrush_IH91-1B_BECKa_AREF.txt,D:\usgs_splib07\../ASCIIdata/ASCIIdata_splib07a/splib07a_Wavelengths_BECK_Beckman_0.2-3.0_microns.txt,D:\usgs_splib07\../ASCIIdata/ASCIIdata_splib07a/splib07a_Bandpass_(FWHM)_BECK_Beckman_in_microns.txt,D:\usgs_splib07\../GIFplots/GIFplots_splib07a/ChapterV_Vegetation/splib07a_Sagebrush_IH91-1B_BECKa_AREF.gif,D:\usgs_splib07\../GIFplots/GIFplots_splib07a/plots_by_wavelength_region/range1_uv_to_visible/splib07a_Sagebrush_IH91-1B_BECKa_AREF_range1_uv_to_vis.gif,D:\usgs_splib07\../GIFplots/GIFplots_splib07a/plots_by_wavelength_region/range2_visible_to_swir/splib07a_Sagebrush_IH91-1B_BECKa_AREF_range2_vis_to_swir.gif,D:\usgs_splib07\../GIFplots/GIFplots_splib07a/plots_by_wavelength_region/range3_swir/splib07a_Sagebrush_IH91-1B_BECKa_AREF_range3_swir.gif,,,D:\usgs_splib07\../GIFplots/GIFplots_splib07a/splib07a_Wavelengths_BECK_Beckman_0.2-3.0_microns.gif,D:\usgs_splib07\../GIFplots/GIFplots_splib07a/splib07a_Bandpass_(FWHM)_BECK_Beckman_in_microns.gif
Sagebrush Sage-Leaves-1 dry  ASDFRa AREF,D:\usgs_splib07\../HTMLmetadata/Sagebrush_Sage-Leaves-1_dry_ASDFRa_AREF.html,D:\usgs_splib07\../ASCIIdata/ASCIIdata_splib07a/ChapterV_Vegetation/splib07a_Sagebrush_Sage-Leaves-1_dry_ASDFRa_AREF.txt,D:\usgs_splib07\../ASCIIdata/ASCIIdata_splib07a/errorbars/errorbars_for_splib07a_Sagebrush_Sage-Leaves-1_dry_ASDFRa_AREF.txt,D:\usgs_splib07\../ASCIIdata/ASCIIdata_splib07a/splib07a_Wavelengths_ASD_0.35-2.5_microns_2151_ch.txt,D:\usgs_splib07\../ASCIIdata/ASCIIdata_splib07a/splib07a_Bandpass_(FWHM)_ASDFR_StandardResolution.txt,D:\usgs_splib07\../GIFplots/GIFplots_splib07a/ChapterV_Vegetation/splib07a_Sagebrush_Sage-Leaves-1_dry_ASDFRa_AREF.gif,D:\usgs_splib07\../GIFplots/GIFplots_splib07a/plots_by_wavelength_region/range1_uv_to_visible/splib07a_Sagebrush_Sage-Leaves-1_dry_ASDFRa_AREF_range1_uv_to_vis.gif,D:\usgs_splib07\../GIFplots/GIFplots_splib07a/plots_by_wavelength_region/range2_visible_to_swir/splib07a_Sagebrush_Sage-Leaves-1_dry_ASDFRa_AREF_range2_vis_to_swir.gif,D:\usgs_splib07\../GIFplots/GIFplots_splib07a/plots_by_wavelength_region/range3_swir/splib07a_Sagebrush_Sage-Leaves-1_dry_ASDFRa_AREF_range3_swir.gif,,,D:\usgs_splib07\../GIFplots/GIFplots_splib07a/splib07a_Wavelengths_ASD_0.35-2.5_microns_2151_ch.gif,D:\usgs_splib07\../GIFplots/GIFplots_splib07a/splib07a_Bandpass_(FWHM)_ASDFR_StandardResolution.gif
Sagebrush YNP-SS-1          AVIRISb RTGC,D:\usgs_splib07\../HTMLmetadata/Sagebrush_YNP-SS-1_AVIRISb_RTGC.html,D:\usgs_splib07\../ASCIIdata/ASCIIdata_splib07a/ChapterV_Vegetation/splib07a_Sagebrush_YNP-SS-1_AVIRISb_RTGC.txt,,D:\usgs_splib07\../ASCIIdata/ASCIIdata_splib07a/splib07a_Wavelengths_AVIRIS_1996_0.37-2.5_microns.txt,D:\usgs_splib07\../ASCIIdata/ASCIIdata_splib07a/splib07a_Bandpass_(FWHM)_AVIRIS_1996_in_microns.txt,D:\usgs_splib07\../GIFplots/GIFplots_splib07a/ChapterV_Vegetation/splib07a_Sagebrush_YNP-SS-1_AVIRISb_RTGC.gif,D:\usgs_splib07\../GIFplots/GIFplots_splib07a/plots_by_wavelength_region/range1_uv_to_visible/splib07a_Sagebrush_YNP-SS-1_AVIRISb_RTGC_range1_uv_to_vis.gif,D:\usgs_splib07\../GIFplots/GIFplots_splib07a/plots_by_wavelength_region/range2_visible_to_swir/splib07a_Sagebrush_YNP-SS-1_AVIRISb_RTGC_range2_vis_to_swir.gif,D:\usgs_splib07\../GIFplots/GIFplots_splib07a/plots_by_wavelength_region/range3_swir/splib07a_Sagebrush_YNP-SS-1_AVIRISb_RTGC_range3_swir.gif,,,D:\usgs_splib07\../GIFplots/GIFplots_splib07a/splib07a_Wavelengths_AVIRIS_1996_0.37-2.5_microns.gif,D:\usgs_splib07\../GIFplots/GIFplots_splib07a/splib07a_Bandpass_(FWHM)_AVIRIS_1996_in_microns.gif
Sagebrush YNP-SS-2          AVIRISb RTGC,D:\usgs_splib07\../HTMLmetadata/Sagebrush_YNP-SS-2_AVIRISb_RTGC.html,D:\usgs_splib07\../ASCIIdata/ASCIIdata_splib07a/ChapterV_Vegetation/splib07a_Sagebrush_YNP-SS-2_AVIRISb_RTGC.txt,,D:\usgs_splib07\../ASCIIdata/ASCIIdata_splib07a/splib07a_Wavelengths_AVIRIS_1996_0.37-2.5_microns.txt,D:\usgs_splib07\../ASCIIdata/ASCIIdata_splib07a/splib07a_Bandpass_(FWHM)_AVIRIS_1996_in_microns.txt,D:\usgs_splib07\../GIFplots/GIFplots_splib07a/ChapterV_Vegetation/splib07a_Sagebrush_YNP-SS-2_AVIRISb_RTGC.gif,D:\usgs_splib07\../GIFplots/GIFplots_splib07a/plots_by_wavelength_region/range1_uv_to_visible/splib07a_Sagebrush_YNP-SS-2_AVIRISb_RTGC_range1_uv_to_vis.gif,D:\usgs_splib07\../GIFplots/GIFplots_splib07a/plots_by_wavelength_region/range2_visible_to_swir/splib07a_Sagebrush_YNP-SS-2_AVIRISb_RTGC_range2_vis_to_swir.gif,D:\usgs_splib07\../GIFplots/GIFplots_splib07a/plots_by_wavelength_region/range3_swir/splib07a_Sagebrush_YNP-SS-2_AVIRISb_RTGC_range3_swir.gif,,,D:\usgs_splib07\../GIFplots/GIFplots_splib07a/splib07a_Wavelengths_AVIRIS_1996_0.37-2.5_microns.gif,D:\usgs_splib07\../GIFplots/GIFplots_splib07a/splib07a_Bandpass_(FWHM)_AVIRIS_1996_in_microns.gif
Sagebrush YNP-SS-3          AVIRISb RTGC,D:\usgs_splib07\../HTMLmetadata/Sagebrush_YNP-SS-3_AVIRISb_RTGC.html,D:\usgs_splib07\../ASCIIdata/ASCIIdata_splib07a/ChapterV_Vegetation/splib07a_Sagebrush_YNP-SS-3_AVIRISb_RTGC.txt,,D:\usgs_splib07\../ASCIIdata/ASCIIdata_splib07a/splib07a_Wavelengths_AVIRIS_1996_0.37-2.5_microns.txt,D:\usgs_splib07\../ASCIIdata/ASCIIdata_splib07a/splib07a_Bandpass_(FWHM)_AVIRIS_1996_in_microns.txt,D:\usgs_splib07\../GIFplots/GIFplots_splib07a/ChapterV_Vegetation/splib07a_Sagebrush_YNP-SS-3_AVIRISb_RTGC.gif,D:\usgs_splib07\../GIFplots/GIFplots_splib07a/plots_by_wavelength_region/range1_uv_to_visible/splib07a_Sagebrush_YNP-SS-3_AVIRISb_RTGC_range1_uv_to_vis.gif,D:\usgs_splib07\../GIFplots/GIFplots_splib07a/plots_by_wavelength_region/range2_visible_to_swir/splib07a_Sagebrush_YNP-SS-3_AVIRISb_RTGC_range2_vis_to_swir.gif,D:\usgs_splib07\../GIFplots/GIFplots_splib07a/plots_by_wavelength_region/range3_swir/splib07a_Sagebrush_YNP-SS-3_AVIRISb_RTGC_range3_swir.gif,,,D:\usgs_splib07\../GIFplots/GIFplots_splib07a/splib07a_Wavelengths_AVIRIS_1996_0.37-2.5_microns.gif,D:\usgs_splib07\../GIFplots/GIFplots_splib07a/splib07a_Bandpass_(FWHM)_AVIRIS_1996_in_microns.gif
Sagebrush YNP-SS-4          AVIRISb RTGC,D:\usgs_splib07\../HTMLmetadata/Sagebrush_YNP-SS-4_AVIRISb_RTGC.html,D:\usgs_splib07\../ASCIIdata/ASCIIdata_splib07a/ChapterV_Vegetation/splib07a_Sagebrush_YNP-SS-4_AVIRISb_RTGC.txt,,D:\usgs_splib07\../ASCIIdata/ASCIIdata_splib07a/splib07a_Wavelengths_AVIRIS_1996_0.37-2.5_microns.txt,D:\usgs_splib07\../ASCIIdata/ASCIIdata_splib07a/splib07a_Bandpass_(FWHM)_AVIRIS_1996_in_microns.txt,D:\usgs_splib07\../GIFplots/GIFplots_splib07a/ChapterV_Vegetation/splib07a_Sagebrush_YNP-SS-4_AVIRISb_RTGC.gif,D:\usgs_splib07\../GIFplots/GIFplots_splib07a/plots_by_wavelength_region/range1_uv_to_visible/splib07a_Sagebrush_YNP-SS-4_AVIRISb_RTGC_range1_uv_to_vis.gif,D:\usgs_splib07\../GIFplots/GIFplots_splib07a/plots_by_wavelength_region/range2_visible_to_swir/splib07a_Sagebrush_YNP-SS-4_AVIRISb_RTGC_range2_vis_to_swir.gif,D:\usgs_splib07\../GIFplots/GIFplots_splib07a/plots_by_wavelength_region/range3_swir/splib07a_Sagebrush_YNP-SS-4_AVIRISb_RTGC_range3_swir.gif,,,D:\usgs_splib07\../GIFplots/GIFplots_splib07a/splib07a_Wavelengths_AVIRIS_1996_0.37-2.5_microns.gif,D:\usgs_splib07\../GIFplots/GIFplots_splib07a/splib07a_Bandpass_(FWHM)_AVIRIS_1996_in_microns.gif
Saltbrush ANP92-31A           BECKa AREF,D:\usgs_splib07\../HTMLmetadata/Saltbrush_ANP92-31A_BECKa_AREF.html,D:\usgs_splib07\../ASCIIdata/ASCIIdata_splib07a/ChapterV_Vegetation/splib07a_Saltbrush_ANP92-31A_BECKa_AREF.txt,D:\usgs_splib07\../ASCIIdata/ASCIIdata_splib07a/errorbars/errorbars_for_splib07a_Saltbrush_ANP92-31A_BECKa_AREF.txt,D:\usgs_splib07\../ASCIIdata/ASCIIdata_splib07a/splib07a_Wavelengths_BECK_Beckman_0.2-3.0_microns.txt,D:\usgs_splib07\../ASCIIdata/ASCIIdata_splib07a/splib07a_Bandpass_(FWHM)_BECK_Beckman_in_microns.txt,D:\usgs_splib07\../GIFplots/GIFplots_splib07a/ChapterV_Vegetation/splib07a_Saltbrush_ANP92-31A_BECKa_AREF.gif,D:\usgs_splib07\../GIFplots/GIFplots_splib07a/plots_by_wavelength_region/range1_uv_to_visible/splib07a_Saltbrush_ANP92-31A_BECKa_AREF_range1_uv_to_vis.gif,D:\usgs_splib07\../GIFplots/GIFplots_splib07a/plots_by_wavelength_region/range2_visible_to_swir/splib07a_Saltbrush_ANP92-31A_BECKa_AREF_range2_vis_to_swir.gif,D:\usgs_splib07\../GIFplots/GIFplots_splib07a/plots_by_wavelength_region/range3_swir/splib07a_Saltbrush_ANP92-31A_BECKa_AREF_range3_swir.gif,,,D:\usgs_splib07\../GIFplots/GIFplots_splib07a/splib07a_Wavelengths_BECK_Beckman_0.2-3.0_microns.gif,D:\usgs_splib07\../GIFplots/GIFplots_splib07a/splib07a_Bandpass_(FWHM)_BECK_Beckman_in_microns.gif
Sedge YNP-SE-1              AVIRISb RTGC,D:\usgs_splib07\../HTMLmetadata/Sedge_YNP-SE-1_AVIRISb_RTGC.html,D:\usgs_splib07\../ASCIIdata/ASCIIdata_splib07a/ChapterV_Vegetation/splib07a_Sedge_YNP-SE-1_AVIRISb_RTGC.txt,,D:\usgs_splib07\../ASCIIdata/ASCIIdata_splib07a/splib07a_Wavelengths_AVIRIS_1996_0.37-2.5_microns.txt,D:\usgs_splib07\../ASCIIdata/ASCIIdata_splib07a/splib07a_Bandpass_(FWHM)_AVIRIS_1996_in_microns.txt,D:\usgs_splib07\../GIFplots/GIFplots_splib07a/ChapterV_Vegetation/splib07a_Sedge_YNP-SE-1_AVIRISb_RTGC.gif,D:\usgs_splib07\../GIFplots/GIFplots_splib07a/plots_by_wavelength_region/range1_uv_to_visible/splib07a_Sedge_YNP-SE-1_AVIRISb_RTGC_range1_uv_to_vis.gif,D:\usgs_splib07\../GIFplots/GIFplots_splib07a/plots_by_wavelength_region/range2_visible_to_swir/splib07a_Sedge_YNP-SE-1_AVIRISb_RTGC_range2_vis_to_swir.gif,D:\usgs_splib07\../GIFplots/GIFplots_splib07a/plots_by_wavelength_region/range3_swir/splib07a_Sedge_YNP-SE-1_AVIRISb_RTGC_range3_swir.gif,,,D:\usgs_splib07\../GIFplots/GIFplots_splib07a/splib07a_Wavelengths_AVIRIS_1996_0.37-2.5_microns.gif,D:\usgs_splib07\../GIFplots/GIFplots_splib07a/splib07a_Bandpass_(FWHM)_AVIRIS_1996_in_microns.gif
Spar.patens CRMS322v06 grn.a ASDFRa AREF,D:\usgs_splib07\../HTMLmetadata/Spar.patens_CRMS322v06_grn.a_ASDFRa_AREF.html,D:\usgs_splib07\../ASCIIdata/ASCIIdata_splib07a/ChapterV_Vegetation/splib07a_Spar.patens_CRMS322v06_grn.a_ASDFRa_AREF.txt,D:\usgs_splib07\../ASCIIdata/ASCIIdata_splib07a/errorbars/errorbars_for_splib07a_Spar.patens_CRMS322v06_grn.a_ASDFRa_AREF.txt,D:\usgs_splib07\../ASCIIdata/ASCIIdata_splib07a/splib07a_Wavelengths_ASD_0.35-2.5_microns_2151_ch.txt,D:\usgs_splib07\../ASCIIdata/ASCIIdata_splib07a/splib07a_Bandpass_(FWHM)_ASDFR_StandardResolution.txt,D:\usgs_splib07\../GIFplots/GIFplots_splib07a/ChapterV_Vegetation/splib07a_Spar.patens_CRMS322v06_grn.a_ASDFRa_AREF.gif,D:\usgs_splib07\../GIFplots/GIFplots_splib07a/plots_by_wavelength_region/range1_uv_to_visible/splib07a_Spar.patens_CRMS322v06_grn.a_ASDFRa_AREF_range1_uv_to_vis.gif,D:\usgs_splib07\../GIFplots/GIFplots_splib07a/plots_by_wavelength_region/range2_visible_to_swir/splib07a_Spar.patens_CRMS322v06_grn.a_ASDFRa_AREF_range2_vis_to_swir.gif,D:\usgs_splib07\../GIFplots/GIFplots_splib07a/plots_by_wavelength_region/range3_swir/splib07a_Spar.patens_CRMS322v06_grn.a_ASDFRa_AREF_range3_swir.gif,,,D:\usgs_splib07\../GIFplots/GIFplots_splib07a/splib07a_Wavelengths_ASD_0.35-2.5_microns_2151_ch.gif,D:\usgs_splib07\../GIFplots/GIFplots_splib07a/splib07a_Bandpass_(FWHM)_ASDFR_StandardResolution.gif
Toyon CA01-HEAR-1 bush       ASDFRa AREF,D:\usgs_splib07\../HTMLmetadata/Toyon_CA01-HEAR-1_bush_ASDFRa_AREF.html,D:\usgs_splib07\../ASCIIdata/ASCIIdata_splib07a/ChapterV_Vegetation/splib07a_Toyon_CA01-HEAR-1_bush_ASDFRa_AREF.txt,D:\usgs_splib07\../ASCIIdata/ASCIIdata_splib07a/errorbars/errorbars_for_splib07a_Toyon_CA01-HEAR-1_bush_ASDFRa_AREF.txt,D:\usgs_splib07\../ASCIIdata/ASCIIdata_splib07a/splib07a_Wavelengths_ASD_0.35-2.5_microns_2151_ch.txt,D:\usgs_splib07\../ASCIIdata/ASCIIdata_splib07a/splib07a_Bandpass_(FWHM)_ASDFR_StandardResolution.txt,D:\usgs_splib07\../GIFplots/GIFplots_splib07a/ChapterV_Vegetation/splib07a_Toyon_CA01-HEAR-1_bush_ASDFRa_AREF.gif,D:\usgs_splib07\../GIFplots/GIFplots_splib07a/plots_by_wavelength_region/range1_uv_to_visible/splib07a_Toyon_CA01-HEAR-1_bush_ASDFRa_AREF_range1_uv_to_vis.gif,D:\usgs_splib07\../GIFplots/GIFplots_splib07a/plots_by_wavelength_region/range2_visible_to_swir/splib07a_Toyon_CA01-HEAR-1_bush_ASDFRa_AREF_range2_vis_to_swir.gif,D:\usgs_splib07\../GIFplots/GIFplots_splib07a/plots_by_wavelength_region/range3_swir/splib07a_Toyon_CA01-HEAR-1_bush_ASDFRa_AREF_range3_swir.gif,,,D:\usgs_splib07\../GIFplots/GIFplots_splib07a/splib07a_Wavelengths_ASD_0.35-2.5_microns_2151_ch.gif,D:\usgs_splib07\../GIFplots/GIFplots_splib07a/splib07a_Bandpass_(FWHM)_ASDFR_StandardResolution.gif
Tumbleweed ANP92-2C Dry       BECKa AREF,D:\usgs_splib07\../HTMLmetadata/Tumbleweed_ANP92-2C_Dry_BECKa_AREF.html,D:\usgs_splib07\../ASCIIdata/ASCIIdata_splib07a/ChapterV_Vegetation/splib07a_Tumbleweed_ANP92-2C_Dry_BECKa_AREF.txt,D:\usgs_splib07\../ASCIIdata/ASCIIdata_splib07a/errorbars/errorbars_for_splib07a_Tumbleweed_ANP92-2C_Dry_BECKa_AREF.txt,D:\usgs_splib07\../ASCIIdata/ASCIIdata_splib07a/splib07a_Wavelengths_BECK_Beckman_0.2-3.0_microns.txt,D:\usgs_splib07\../ASCIIdata/ASCIIdata_splib07a/splib07a_Bandpass_(FWHM)_BECK_Beckman_in_microns.txt,D:\usgs_splib07\../GIFplots/GIFplots_splib07a/ChapterV_Vegetation/splib07a_Tumbleweed_ANP92-2C_Dry_BECKa_AREF.gif,D:\usgs_splib07\../GIFplots/GIFplots_splib07a/plots_by_wavelength_region/range1_uv_to_visible/splib07a_Tumbleweed_ANP92-2C_Dry_BECKa_AREF_range1_uv_to_vis.gif,D:\usgs_splib07\../GIFplots/GIFplots_splib07a/plots_by_wavelength_region/range2_visible_to_swir/splib07a_Tumbleweed_ANP92-2C_Dry_BECKa_AREF_range2_vis_to_swir.gif,D:\usgs_splib07\../GIFplots/GIFplots_splib07a/plots_by_wavelength_region/range3_swir/splib07a_Tumbleweed_ANP92-2C_Dry_BECKa_AREF_range3_swir.gif,,,D:\usgs_splib07\../GIFplots/GIFplots_splib07a/splib07a_Wavelengths_BECK_Beckman_0.2-3.0_microns.gif,D:\usgs_splib07\../GIFplots/GIFplots_splib07a/splib07a_Bandpass_(FWHM)_BECK_Beckman_in_microns.gif
Walnut_Leaf SUN (Green)       BECKa AREF,D:\usgs_splib07\../HTMLmetadata/Walnut_Leaf_SUN_(Green)_BECKa_AREF.html,D:\usgs_splib07\../ASCIIdata/ASCIIdata_splib07a/ChapterV_Vegetation/splib07a_Walnut_Leaf_SUN_(Green)_BECKa_AREF.txt,D:\usgs_splib07\../ASCIIdata/ASCIIdata_splib07a/errorbars/errorbars_for_splib07a_Walnut_Leaf_SUN_(Green)_BECKa_AREF.txt,D:\usgs_splib07\../ASCIIdata/ASCIIdata_splib07a/splib07a_Wavelengths_BECK_Beckman_0.2-3.0_microns.txt,D:\usgs_splib07\../ASCIIdata/ASCIIdata_splib07a/splib07a_Bandpass_(FWHM)_BECK_Beckman_in_microns.txt,D:\usgs_splib07\../GIFplots/GIFplots_splib07a/ChapterV_Vegetation/splib07a_Walnut_Leaf_SUN_(Green)_BECKa_AREF.gif,D:\usgs_splib07\../GIFplots/GIFplots_splib07a/plots_by_wavelength_region/range1_uv_to_visible/splib07a_Walnut_Leaf_SUN_(Green)_BECKa_AREF_range1_uv_to_vis.gif,D:\usgs_splib07\../GIFplots/GIFplots_splib07a/plots_by_wavelength_region/range2_visible_to_swir/splib07a_Walnut_Leaf_SUN_(Green)_BECKa_AREF_range2_vis_to_swir.gif,D:\usgs_splib07\../GIFplots/GIFplots_splib07a/plots_by_wavelength_region/range3_swir/splib07a_Walnut_Leaf_SUN_(Green)_BECKa_AREF_range3_swir.gif,,,D:\usgs_splib07\../GIFplots/GIFplots_splib07a/splib07a_Wavelengths_BECK_Beckman_0.2-3.0_microns.gif,D:\usgs_splib07\../GIFplots/GIFplots_splib07a/splib07a_Bandpass_(FWHM)_BECK_Beckman_in_microns.gif
Wetland YNP-WT-1            AVIRISb RTGC,D:\usgs_splib07\../HTMLmetadata/Wetland_YNP-WT-1_AVIRISb_RTGC.html,D:\usgs_splib07\../ASCIIdata/ASCIIdata_splib07a/ChapterV_Vegetation/splib07a_Wetland_YNP-WT-1_AVIRISb_RTGC.txt,,D:\usgs_splib07\../ASCIIdata/ASCIIdata_splib07a/splib07a_Wavelengths_AVIRIS_1996_0.37-2.5_microns.txt,D:\usgs_splib07\../ASCIIdata/ASCIIdata_splib07a/splib07a_Bandpass_(FWHM)_AVIRIS_1996_in_microns.txt,D:\usgs_splib07\../GIFplots/GIFplots_splib07a/ChapterV_Vegetation/splib07a_Wetland_YNP-WT-1_AVIRISb_RTGC.gif,D:\usgs_splib07\../GIFplots/GIFplots_splib07a/plots_by_wavelength_region/range1_uv_to_visible/splib07a_Wetland_YNP-WT-1_AVIRISb_RTGC_range1_uv_to_vis.gif,D:\usgs_splib07\../GIFplots/GIFplots_splib07a/plots_by_wavelength_region/range2_visible_to_swir/splib07a_Wetland_YNP-WT-1_AVIRISb_RTGC_range2_vis_to_swir.gif,D:\usgs_splib07\../GIFplots/GIFplots_splib07a/plots_by_wavelength_region/range3_swir/splib07a_Wetland_YNP-WT-1_AVIRISb_RTGC_range3_swir.gif,,,D:\usgs_splib07\../GIFplots/GIFplots_splib07a/splib07a_Wavelengths_AVIRIS_1996_0.37-2.5_microns.gif,D:\usgs_splib07\../GIFplots/GIFplots_splib07a/splib07a_Bandpass_(FWHM)_AVIRIS_1996_in_microns.gif
Wetland YNP-WT-2            AVIRISb RTGC,D:\usgs_splib07\../HTMLmetadata/Wetland_YNP-WT-2_AVIRISb_RTGC.html,D:\usgs_splib07\../ASCIIdata/ASCIIdata_splib07a/ChapterV_Vegetation/splib07a_Wetland_YNP-WT-2_AVIRISb_RTGC.txt,,D:\usgs_splib07\../ASCIIdata/ASCIIdata_splib07a/splib07a_Wavelengths_AVIRIS_1996_0.37-2.5_microns.txt,D:\usgs_splib07\../ASCIIdata/ASCIIdata_splib07a/splib07a_Bandpass_(FWHM)_AVIRIS_1996_in_microns.txt,D:\usgs_splib07\../GIFplots/GIFplots_splib07a/ChapterV_Vegetation/splib07a_Wetland_YNP-WT-2_AVIRISb_RTGC.gif,D:\usgs_splib07\../GIFplots/GIFplots_splib07a/plots_by_wavelength_region/range1_uv_to_visible/splib07a_Wetland_YNP-WT-2_AVIRISb_RTGC_range1_uv_to_vis.gif,D:\usgs_splib07\../GIFplots/GIFplots_splib07a/plots_by_wavelength_region/range2_visible_to_swir/splib07a_Wetland_YNP-WT-2_AVIRISb_RTGC_range2_vis_to_swir.gif,D:\usgs_splib07\../GIFplots/GIFplots_splib07a/plots_by_wavelength_region/range3_swir/splib07a_Wetland_YNP-WT-2_AVIRISb_RTGC_range3_swir.gif,,,D:\usgs_splib07\../GIFplots/GIFplots_splib07a/splib07a_Wavelengths_AVIRIS_1996_0.37-2.5_microns.gif,D:\usgs_splib07\../GIFplots/GIFplots_splib07a/splib07a_Bandpass_(FWHM)_AVIRIS_1996_in_microns.gif
WhitebarkPine YNP-WB-1 frst AVIRISb RTGC,D:\usgs_splib07\../HTMLmetadata/WhitebarkPine_YNP-WB-1_frst_AVIRISb_RTGC.html,D:\usgs_splib07\../ASCIIdata/ASCIIdata_splib07a/ChapterV_Vegetation/splib07a_WhitebarkPine_YNP-WB-1_frst_AVIRISb_RTGC.txt,,D:\usgs_splib07\../ASCIIdata/ASCIIdata_splib07a/splib07a_Wavelengths_AVIRIS_1996_0.37-2.5_microns.txt,D:\usgs_splib07\../ASCIIdata/ASCIIdata_splib07a/splib07a_Bandpass_(FWHM)_AVIRIS_1996_in_microns.txt,D:\usgs_splib07\../GIFplots/GIFplots_splib07a/ChapterV_Vegetation/splib07a_WhitebarkPine_YNP-WB-1_frst_AVIRISb_RTGC.gif,D:\usgs_splib07\../GIFplots/GIFplots_splib07a/plots_by_wavelength_region/range1_uv_to_visible/splib07a_WhitebarkPine_YNP-WB-1_frst_AVIRISb_RTGC_range1_uv_to_vis.gif,D:\usgs_splib07\../GIFplots/GIFplots_splib07a/plots_by_wavelength_region/range2_visible_to_swir/splib07a_WhitebarkPine_YNP-WB-1_frst_AVIRISb_RTGC_range2_vis_to_swir.gif,D:\usgs_splib07\../GIFplots/GIFplots_splib07a/plots_by_wavelength_region/range3_swir/splib07a_WhitebarkPine_YNP-WB-1_frst_AVIRISb_RTGC_range3_swir.gif,,,D:\usgs_splib07\../GIFplots/GIFplots_splib07a/splib07a_Wavelengths_AVIRIS_1996_0.37-2.5_microns.gif,D:\usgs_splib07\../GIFplots/GIFplots_splib07a/splib07a_Bandpass_(FWHM)_AVIRIS_1996_in_microns.gif
WhitebarkPine YNP-WB-2 frst AVIRISb RTGC,D:\usgs_splib07\../HTMLmetadata/WhitebarkPine_YNP-WB-2_frst_AVIRISb_RTGC.html,D:\usgs_splib07\../ASCIIdata/ASCIIdata_splib07a/ChapterV_Vegetation/splib07a_WhitebarkPine_YNP-WB-2_frst_AVIRISb_RTGC.txt,,D:\usgs_splib07\../ASCIIdata/ASCIIdata_splib07a/splib07a_Wavelengths_AVIRIS_1996_0.37-2.5_microns.txt,D:\usgs_splib07\../ASCIIdata/ASCIIdata_splib07a/splib07a_Bandpass_(FWHM)_AVIRIS_1996_in_microns.txt,D:\usgs_splib07\../GIFplots/GIFplots_splib07a/ChapterV_Vegetation/splib07a_WhitebarkPine_YNP-WB-2_frst_AVIRISb_RTGC.gif,D:\usgs_splib07\../GIFplots/GIFplots_splib07a/plots_by_wavelength_region/range1_uv_to_visible/splib07a_WhitebarkPine_YNP-WB-2_frst_AVIRISb_RTGC_range1_uv_to_vis.gif,D:\usgs_splib07\../GIFplots/GIFplots_splib07a/plots_by_wavelength_region/range2_visible_to_swir/splib07a_WhitebarkPine_YNP-WB-2_frst_AVIRISb_RTGC_range2_vis_to_swir.gif,D:\usgs_splib07\../GIFplots/GIFplots_splib07a/plots_by_wavelength_region/range3_swir/splib07a_WhitebarkPine_YNP-WB-2_frst_AVIRISb_RTGC_range3_swir.gif,,,D:\usgs_splib07\../GIFplots/GIFplots_splib07a/splib07a_Wavelengths_AVIRIS_1996_0.37-2.5_microns.gif,D:\usgs_splib07\../GIFplots/GIFplots_splib07a/splib07a_Bandpass_(FWHM)_AVIRIS_1996_in_microns.gif
Willow Willow-Leaves-1 dry   ASDFRa AREF,D:\usgs_splib07\../HTMLmetadata/Willow_Willow-Leaves-1_dry_ASDFRa_AREF.html,D:\usgs_splib07\../ASCIIdata/ASCIIdata_splib07a/ChapterV_Vegetation/splib07a_Willow_Willow-Leaves-1_dry_ASDFRa_AREF.txt,,D:\usgs_splib07\../ASCIIdata/ASCIIdata_splib07a/splib07a_Wavelengths_ASD_0.35-2.5_microns_2151_ch.txt,D:\usgs_splib07\../ASCIIdata/ASCIIdata_splib07a/splib07a_Bandpass_(FWHM)_ASDFR_StandardResolution.txt,D:\usgs_splib07\../GIFplots/GIFplots_splib07a/ChapterV_Vegetation/splib07a_Willow_Willow-Leaves-1_dry_ASDFRa_AREF.gif,D:\usgs_splib07\../GIFplots/GIFplots_splib07a/plots_by_wavelength_region/range1_uv_to_visible/splib07a_Willow_Willow-Leaves-1_dry_ASDFRa_AREF_range1_uv_to_vis.gif,D:\usgs_splib07\../GIFplots/GIFplots_splib07a/plots_by_wavelength_region/range2_visible_to_swir/splib07a_Willow_Willow-Leaves-1_dry_ASDFRa_AREF_range2_vis_to_swir.gif,D:\usgs_splib07\../GIFplots/GIFplots_splib07a/plots_by_wavelength_region/range3_swir/splib07a_Willow_Willow-Leaves-1_dry_ASDFRa_AREF_range3_swir.gif,,,D:\usgs_splib07\../GIFplots/GIFplots_splib07a/splib07a_Wavelengths_ASD_0.35-2.5_microns_2151_ch.gif,D:\usgs_splib07\../GIFplots/GIFplots_splib07a/splib07a_Bandpass_(FWHM)_ASDFR_StandardResolution.gif
Willow YNP-WI-1             AVIRISb RTGC,D:\usgs_splib07\../HTMLmetadata/Willow_YNP-WI-1_AVIRISb_RTGC.html,D:\usgs_splib07\../ASCIIdata/ASCIIdata_splib07a/ChapterV_Vegetation/splib07a_Willow_YNP-WI-1_AVIRISb_RTGC.txt,,D:\usgs_splib07\../ASCIIdata/ASCIIdata_splib07a/splib07a_Wavelengths_AVIRIS_1996_0.37-2.5_microns.txt,D:\usgs_splib07\../ASCIIdata/ASCIIdata_splib07a/splib07a_Bandpass_(FWHM)_AVIRIS_1996_in_microns.txt,D:\usgs_splib07\../GIFplots/GIFplots_splib07a/ChapterV_Vegetation/splib07a_Willow_YNP-WI-1_AVIRISb_RTGC.gif,D:\usgs_splib07\../GIFplots/GIFplots_splib07a/plots_by_wavelength_region/range1_uv_to_visible/splib07a_Willow_YNP-WI-1_AVIRISb_RTGC_range1_uv_to_vis.gif,D:\usgs_splib07\../GIFplots/GIFplots_splib07a/plots_by_wavelength_region/range2_visible_to_swir/splib07a_Willow_YNP-WI-1_AVIRISb_RTGC_range2_vis_to_swir.gif,D:\usgs_splib07\../GIFplots/GIFplots_splib07a/plots_by_wavelength_region/range3_swir/splib07a_Willow_YNP-WI-1_AVIRISb_RTGC_range3_swir.gif,,,D:\usgs_splib07\../GIFplots/GIFplots_splib07a/splib07a_Wavelengths_AVIRIS_1996_0.37-2.5_microns.gif,D:\usgs_splib07\../GIFplots/GIFplots_splib07a/splib07a_Bandpass_(FWHM)_AVIRIS_1996_in_microns.gif
Willow-Sedge-Mix YNP-WS-1   AVIRISb RTGC,D:\usgs_splib07\../HTMLmetadata/Willow-Sedge-Mix_YNP-WS-1_AVIRISb_RTGC.html,D:\usgs_splib07\../ASCIIdata/ASCIIdata_splib07a/ChapterV_Vegetation/splib07a_Willow-Sedge-Mix_YNP-WS-1_AVIRISb_RTGC.txt,,D:\usgs_splib07\../ASCIIdata/ASCIIdata_splib07a/splib07a_Wavelengths_AVIRIS_1996_0.37-2.5_microns.txt,D:\usgs_splib07\../ASCIIdata/ASCIIdata_splib07a/splib07a_Bandpass_(FWHM)_AVIRIS_1996_in_microns.txt,D:\usgs_splib07\../GIFplots/GIFplots_splib07a/ChapterV_Vegetation/splib07a_Willow-Sedge-Mix_YNP-WS-1_AVIRISb_RTGC.gif,D:\usgs_splib07\../GIFplots/GIFplots_splib07a/plots_by_wavelength_region/range1_uv_to_visible/splib07a_Willow-Sedge-Mix_YNP-WS-1_AVIRISb_RTGC_range1_uv_to_vis.gif,D:\usgs_splib07\../GIFplots/GIFplots_splib07a/plots_by_wavelength_region/range2_visible_to_swir/splib07a_Willow-Sedge-Mix_YNP-WS-1_AVIRISb_RTGC_range2_vis_to_swir.gif,D:\usgs_splib07\../GIFplots/GIFplots_splib07a/plots_by_wavelength_region/range3_swir/splib07a_Willow-Sedge-Mix_YNP-WS-1_AVIRISb_RTGC_range3_swir.gif,,,D:\usgs_splib07\../GIFplots/GIFplots_splib07a/splib07a_Wavelengths_AVIRIS_1996_0.37-2.5_microns.gif,D:\usgs_splib07\../GIFplots/GIFplots_splib07a/splib07a_Bandpass_(FWHM)_AVIRIS_1996_in_microns.gif
Yerba Santa CA01-ERCA-1 bush ASDFRa AREF,D:\usgs_splib07\../HTMLmetadata/Yerba_Santa_CA01-ERCA-1_bush_ASDFRa_AREF.html,D:\usgs_splib07\../ASCIIdata/ASCIIdata_splib07a/ChapterV_Vegetation/splib07a_Yerba_Santa_CA01-ERCA-1_bush_ASDFRa_AREF.txt,D:\usgs_splib07\../ASCIIdata/ASCIIdata_splib07a/errorbars/errorbars_for_splib07a_Yerba_Santa_CA01-ERCA-1_bush_ASDFRa_AREF.txt,D:\usgs_splib07\../ASCIIdata/ASCIIdata_splib07a/splib07a_Wavelengths_ASD_0.35-2.5_microns_2151_ch.txt,D:\usgs_splib07\../ASCIIdata/ASCIIdata_splib07a/splib07a_Bandpass_(FWHM)_ASDFR_StandardResolution.txt,D:\usgs_splib07\../GIFplots/GIFplots_splib07a/ChapterV_Vegetation/splib07a_Yerba_Santa_CA01-ERCA-1_bush_ASDFRa_AREF.gif,D:\usgs_splib07\../GIFplots/GIFplots_splib07a/plots_by_wavelength_region/range1_uv_to_visible/splib07a_Yerba_Santa_CA01-ERCA-1_bush_ASDFRa_AREF_range1_uv_to_vis.gif,D:\usgs_splib07\../GIFplots/GIFplots_splib07a/plots_by_wavelength_region/range2_visible_to_swir/splib07a_Yerba_Santa_CA01-ERCA-1_bush_ASDFRa_AREF_range2_vis_to_swir.gif,D:\usgs_splib07\../GIFplots/GIFplots_splib07a/plots_by_wavelength_region/range3_swir/splib07a_Yerba_Santa_CA01-ERCA-1_bush_ASDFRa_AREF_range3_swir.gif,,,D:\usgs_splib07\../GIFplots/GIFplots_splib07a/splib07a_Wavelengths_ASD_0.35-2.5_microns_2151_ch.gif,D:\usgs_splib07\../GIFplots/GIFplots_splib07a/splib07a_Bandpass_(FWHM)_ASDFR_StandardResolution.gif
Yerba Santa CA01-ERCA-2 bush ASDFRa AREF,D:\usgs_splib07\../HTMLmetadata/Yerba_Santa_CA01-ERCA-2_bush_ASDFRa_AREF.html,D:\usgs_splib07\../ASCIIdata/ASCIIdata_splib07a/ChapterV_Vegetation/splib07a_Yerba_Santa_CA01-ERCA-2_bush_ASDFRa_AREF.txt,D:\usgs_splib07\../ASCIIdata/ASCIIdata_splib07a/errorbars/errorbars_for_splib07a_Yerba_Santa_CA01-ERCA-2_bush_ASDFRa_AREF.txt,D:\usgs_splib07\../ASCIIdata/ASCIIdata_splib07a/splib07a_Wavelengths_ASD_0.35-2.5_microns_2151_ch.txt,D:\usgs_splib07\../ASCIIdata/ASCIIdata_splib07a/splib07a_Bandpass_(FWHM)_ASDFR_StandardResolution.txt,D:\usgs_splib07\../GIFplots/GIFplots_splib07a/ChapterV_Vegetation/splib07a_Yerba_Santa_CA01-ERCA-2_bush_ASDFRa_AREF.gif,D:\usgs_splib07\../GIFplots/GIFplots_splib07a/plots_by_wavelength_region/range1_uv_to_visible/splib07a_Yerba_Santa_CA01-ERCA-2_bush_ASDFRa_AREF_range1_uv_to_vis.gif,D:\usgs_splib07\../GIFplots/GIFplots_splib07a/plots_by_wavelength_region/range2_visible_to_swir/splib07a_Yerba_Santa_CA01-ERCA-2_bush_ASDFRa_AREF_range2_vis_to_swir.gif,D:\usgs_splib07\../GIFplots/GIFplots_splib07a/plots_by_wavelength_region/range3_swir/splib07a_Yerba_Santa_CA01-ERCA-2_bush_ASDFRa_AREF_range3_swir.gif,,,D:\usgs_splib07\../GIFplots/GIFplots_splib07a/splib07a_Wavelengths_ASD_0.35-2.5_microns_2151_ch.gif,D:\usgs_splib07\../GIFplots/GIFplots_splib07a/splib07a_Bandpass_(FWHM)_ASDFR_StandardResolution.gif
Marsh SPAL80%...a CRMS322v06 ASDFRa AREF,D:\usgs_splib07\../HTMLmetadata/Marsh_SPAL80%...a_CRMS322v06_ASDFRa_AREF.html,D:\usgs_splib07\../ASCIIdata/ASCIIdata_splib07a/ChapterV_Vegetation/splib07a_Marsh_SPAL80%...a_CRMS322v06_ASDFRa_AREF.txt,D:\usgs_splib07\../ASCIIdata/ASCIIdata_splib07a/errorbars/errorbars_for_splib07a_Marsh_SPAL80%...a_CRMS322v06_ASDFRa_AREF.txt,D:\usgs_splib07\../ASCIIdata/ASCIIdata_splib07a/splib07a_Wavelengths_ASD_0.35-2.5_microns_2151_ch.txt,D:\usgs_splib07\../ASCIIdata/ASCIIdata_splib07a/splib07a_Bandpass_(FWHM)_ASDFR_StandardResolution.txt,D:\usgs_splib07\../GIFplots/GIFplots_splib07a/ChapterV_Vegetation/splib07a_Marsh_SPAL80%...a_CRMS322v06_ASDFRa_AREF.gif,D:\usgs_splib07\../GIFplots/GIFplots_splib07a/plots_by_wavelength_region/range1_uv_to_visible/splib07a_Marsh_SPAL80%...a_CRMS322v06_ASDFRa_AREF_range1_uv_to_vis.gif,D:\usgs_splib07\../GIFplots/GIFplots_splib07a/plots_by_wavelength_region/range2_visible_to_swir/splib07a_Marsh_SPAL80%...a_CRMS322v06_ASDFRa_AREF_range2_vis_to_swir.gif,D:\usgs_splib07\../GIFplots/GIFplots_splib07a/plots_by_wavelength_region/range3_swir/splib07a_Marsh_SPAL80%...a_CRMS322v06_ASDFRa_AREF_range3_swir.gif,,,D:\usgs_splib07\../GIFplots/GIFplots_splib07a/splib07a_Wavelengths_ASD_0.35-2.5_microns_2151_ch.gif,D:\usgs_splib07\../GIFplots/GIFplots_splib07a/splib07a_Bandpass_(FWHM)_ASDFR_StandardResolution.gif
Marsh SPAL70%...a CRMS322v16 ASDFRa AREF,D:\usgs_splib07\../HTMLmetadata/Marsh_SPAL70%...a_CRMS322v16_ASDFRa_AREF.html,D:\usgs_splib07\../ASCIIdata/ASCIIdata_splib07a/ChapterV_Vegetation/splib07a_Marsh_SPAL70%...a_CRMS322v16_ASDFRa_AREF.txt,D:\usgs_splib07\../ASCIIdata/ASCIIdata_splib07a/errorbars/errorbars_for_splib07a_Marsh_SPAL70%...a_CRMS322v16_ASDFRa_AREF.txt,D:\usgs_splib07\../ASCIIdata/ASCIIdata_splib07a/splib07a_Wavelengths_ASD_0.35-2.5_microns_2151_ch.txt,D:\usgs_splib07\../ASCIIdata/ASCIIdata_splib07a/splib07a_Bandpass_(FWHM)_ASDFR_StandardResolution.txt,D:\usgs_splib07\../GIFplots/GIFplots_splib07a/ChapterV_Vegetation/splib07a_Marsh_SPAL70%...a_CRMS322v16_ASDFRa_AREF.gif,D:\usgs_splib07\../GIFplots/GIFplots_splib07a/plots_by_wavelength_region/range1_uv_to_visible/splib07a_Marsh_SPAL70%...a_CRMS322v16_ASDFRa_AREF_range1_uv_to_vis.gif,D:\usgs_splib07\../GIFplots/GIFplots_splib07a/plots_by_wavelength_region/range2_visible_to_swir/splib07a_Marsh_SPAL70%...a_CRMS322v16_ASDFRa_AREF_range2_vis_to_swir.gif,D:\usgs_splib07\../GIFplots/GIFplots_splib07a/plots_by_wavelength_region/range3_swir/splib07a_Marsh_SPAL70%...a_CRMS322v16_ASDFRa_AREF_range3_swir.gif,,,D:\usgs_splib07\../GIFplots/GIFplots_splib07a/splib07a_Wavelengths_ASD_0.35-2.5_microns_2151_ch.gif,D:\usgs_splib07\../GIFplots/GIFplots_splib07a/splib07a_Bandpass_(FWHM)_ASDFR_StandardResolution.gif
Marsh SPAL55%...a CRMS322v25 ASDFRa AREF,D:\usgs_splib07\../HTMLmetadata/Marsh_SPAL55%...a_CRMS322v25_ASDFRa_AREF.html,D:\usgs_splib07\../ASCIIdata/ASCIIdata_splib07a/ChapterV_Vegetation/splib07a_Marsh_SPAL55%...a_CRMS322v25_ASDFRa_AREF.txt,D:\usgs_splib07\../ASCIIdata/ASCIIdata_splib07a/errorbars/errorbars_for_splib07a_Marsh_SPAL55%...a_CRMS322v25_ASDFRa_AREF.txt,D:\usgs_splib07\../ASCIIdata/ASCIIdata_splib07a/splib07a_Wavelengths_ASD_0.35-2.5_microns_2151_ch.txt,D:\usgs_splib07\../ASCIIdata/ASCIIdata_splib07a/splib07a_Bandpass_(FWHM)_ASDFR_StandardResolution.txt,D:\usgs_splib07\../GIFplots/GIFplots_splib07a/ChapterV_Vegetation/splib07a_Marsh_SPAL55%...a_CRMS322v25_ASDFRa_AREF.gif,D:\usgs_splib07\../GIFplots/GIFplots_splib07a/plots_by_wavelength_region/range1_uv_to_visible/splib07a_Marsh_SPAL55%...a_CRMS322v25_ASDFRa_AREF_range1_uv_to_vis.gif,D:\usgs_splib07\../GIFplots/GIFplots_splib07a/plots_by_wavelength_region/range2_visible_to_swir/splib07a_Marsh_SPAL55%...a_CRMS322v25_ASDFRa_AREF_range2_vis_to_swir.gif,D:\usgs_splib07\../GIFplots/GIFplots_splib07a/plots_by_wavelength_region/range3_swir/splib07a_Marsh_SPAL55%...a_CRMS322v25_ASDFRa_AREF_range3_swir.gif,,,D:\usgs_splib07\../GIFplots/GIFplots_splib07a/splib07a_Wavelengths_ASD_0.35-2.5_microns_2151_ch.gif,D:\usgs_splib07\../GIFplots/GIFplots_splib07a/splib07a_Bandpass_(FWHM)_ASDFR_StandardResolution.gif
Marsh SPAL50%...  CRMS322v52 ASDFRa AREF,D:\usgs_splib07\../HTMLmetadata/Marsh_SPAL50%..._CRMS322v52_ASDFRa_AREF.html,D:\usgs_splib07\../ASCIIdata/ASCIIdata_splib07a/ChapterV_Vegetation/splib07a_Marsh_SPAL50%..._CRMS322v52_ASDFRa_AREF.txt,D:\usgs_splib07\../ASCIIdata/ASCIIdata_splib07a/errorbars/errorbars_for_splib07a_Marsh_SPAL50%..._CRMS322v52_ASDFRa_AREF.txt,D:\usgs_splib07\../ASCIIdata/ASCIIdata_splib07a/splib07a_Wavelengths_ASD_0.35-2.5_microns_2151_ch.txt,D:\usgs_splib07\../ASCIIdata/ASCIIdata_splib07a/splib07a_Bandpass_(FWHM)_ASDFR_StandardResolution.txt,D:\usgs_splib07\../GIFplots/GIFplots_splib07a/ChapterV_Vegetation/splib07a_Marsh_SPAL50%..._CRMS322v52_ASDFRa_AREF.gif,D:\usgs_splib07\../GIFplots/GIFplots_splib07a/plots_by_wavelength_region/range1_uv_to_visible/splib07a_Marsh_SPAL50%..._CRMS322v52_ASDFRa_AREF_range1_uv_to_vis.gif,D:\usgs_splib07\../GIFplots/GIFplots_splib07a/plots_by_wavelength_region/range2_visible_to_swir/splib07a_Marsh_SPAL50%..._CRMS322v52_ASDFRa_AREF_range2_vis_to_swir.gif,D:\usgs_splib07\../GIFplots/GIFplots_splib07a/plots_by_wavelength_region/range3_swir/splib07a_Marsh_SPAL50%..._CRMS322v52_ASDFRa_AREF_range3_swir.gif,,,D:\usgs_splib07\../GIFplots/GIFplots_splib07a/splib07a_Wavelengths_ASD_0.35-2.5_microns_2151_ch.gif,D:\usgs_splib07\../GIFplots/GIFplots_splib07a/splib07a_Bandpass_(FWHM)_ASDFR_StandardResolution.gif
Marsh SPAL50%...a CRMS322v52 ASDFRa AREF,D:\usgs_splib07\../HTMLmetadata/Marsh_SPAL50%...a_CRMS322v52_ASDFRa_AREF.html,D:\usgs_splib07\../ASCIIdata/ASCIIdata_splib07a/ChapterV_Vegetation/splib07a_Marsh_SPAL50%...a_CRMS322v52_ASDFRa_AREF.txt,D:\usgs_splib07\../ASCIIdata/ASCIIdata_splib07a/errorbars/errorbars_for_splib07a_Marsh_SPAL50%...a_CRMS322v52_ASDFRa_AREF.txt,D:\usgs_splib07\../ASCIIdata/ASCIIdata_splib07a/splib07a_Wavelengths_ASD_0.35-2.5_microns_2151_ch.txt,D:\usgs_splib07\../ASCIIdata/ASCIIdata_splib07a/splib07a_Bandpass_(FWHM)_ASDFR_StandardResolution.txt,D:\usgs_splib07\../GIFplots/GIFplots_splib07a/ChapterV_Vegetation/splib07a_Marsh_SPAL50%...a_CRMS322v52_ASDFRa_AREF.gif,D:\usgs_splib07\../GIFplots/GIFplots_splib07a/plots_by_wavelength_region/range1_uv_to_visible/splib07a_Marsh_SPAL50%...a_CRMS322v52_ASDFRa_AREF_range1_uv_to_vis.gif,D:\usgs_splib07\../GIFplots/GIFplots_splib07a/plots_by_wavelength_region/range2_visible_to_swir/splib07a_Marsh_SPAL50%...a_CRMS322v52_ASDFRa_AREF_range2_vis_to_swir.gif,D:\usgs_splib07\../GIFplots/GIFplots_splib07a/plots_by_wavelength_region/range3_swir/splib07a_Marsh_SPAL50%...a_CRMS322v52_ASDFRa_AREF_range3_swir.gif,,,D:\usgs_splib07\../GIFplots/GIFplots_splib07a/splib07a_Wavelengths_ASD_0.35-2.5_microns_2151_ch.gif,D:\usgs_splib07\../GIFplots/GIFplots_splib07a/splib07a_Bandpass_(FWHM)_ASDFR_StandardResolution.gif
Marsh SPAL60%...a CRMS322v55 ASDFRa AREF,D:\usgs_splib07\../HTMLmetadata/Marsh_SPAL60%...a_CRMS322v55_ASDFRa_AREF.html,D:\usgs_splib07\../ASCIIdata/ASCIIdata_splib07a/ChapterV_Vegetation/splib07a_Marsh_SPAL60%...a_CRMS322v55_ASDFRa_AREF.txt,D:\usgs_splib07\../ASCIIdata/ASCIIdata_splib07a/errorbars/errorbars_for_splib07a_Marsh_SPAL60%...a_CRMS322v55_ASDFRa_AREF.txt,D:\usgs_splib07\../ASCIIdata/ASCIIdata_splib07a/splib07a_Wavelengths_ASD_0.35-2.5_microns_2151_ch.txt,D:\usgs_splib07\../ASCIIdata/ASCIIdata_splib07a/splib07a_Bandpass_(FWHM)_ASDFR_StandardResolution.txt,D:\usgs_splib07\../GIFplots/GIFplots_splib07a/ChapterV_Vegetation/splib07a_Marsh_SPAL60%...a_CRMS322v55_ASDFRa_AREF.gif,D:\usgs_splib07\../GIFplots/GIFplots_splib07a/plots_by_wavelength_region/range1_uv_to_visible/splib07a_Marsh_SPAL60%...a_CRMS322v55_ASDFRa_AREF_range1_uv_to_vis.gif,D:\usgs_splib07\../GIFplots/GIFplots_splib07a/plots_by_wavelength_region/range2_visible_to_swir/splib07a_Marsh_SPAL60%...a_CRMS322v55_ASDFRa_AREF_range2_vis_to_swir.gif,D:\usgs_splib07\../GIFplots/GIFplots_splib07a/plots_by_wavelength_region/range3_swir/splib07a_Marsh_SPAL60%...a_CRMS322v55_ASDFRa_AREF_range3_swir.gif,,,D:\usgs_splib07\../GIFplots/GIFplots_splib07a/splib07a_Wavelengths_ASD_0.35-2.5_microns_2151_ch.gif,D:\usgs_splib07\../GIFplots/GIFplots_splib07a/splib07a_Bandpass_(FWHM)_ASDFR_StandardResolution.gif
Marsh SPAL95%...a CRMS322v68 ASDFRa AREF,D:\usgs_splib07\../HTMLmetadata/Marsh_SPAL95%...a_CRMS322v68_ASDFRa_AREF.html,D:\usgs_splib07\../ASCIIdata/ASCIIdata_splib07a/ChapterV_Vegetation/splib07a_Marsh_SPAL95%...a_CRMS322v68_ASDFRa_AREF.txt,D:\usgs_splib07\../ASCIIdata/ASCIIdata_splib07a/errorbars/errorbars_for_splib07a_Marsh_SPAL95%...a_CRMS322v68_ASDFRa_AREF.txt,D:\usgs_splib07\../ASCIIdata/ASCIIdata_splib07a/splib07a_Wavelengths_ASD_0.35-2.5_microns_2151_ch.txt,D:\usgs_splib07\../ASCIIdata/ASCIIdata_splib07a/splib07a_Bandpass_(FWHM)_ASDFR_StandardResolution.txt,D:\usgs_splib07\../GIFplots/GIFplots_splib07a/ChapterV_Vegetation/splib07a_Marsh_SPAL95%...a_CRMS322v68_ASDFRa_AREF.gif,D:\usgs_splib07\../GIFplots/GIFplots_splib07a/plots_by_wavelength_region/range1_uv_to_visible/splib07a_Marsh_SPAL95%...a_CRMS322v68_ASDFRa_AREF_range1_uv_to_vis.gif,D:\usgs_splib07\../GIFplots/GIFplots_splib07a/plots_by_wavelength_region/range2_visible_to_swir/splib07a_Marsh_SPAL95%...a_CRMS322v68_ASDFRa_AREF_range2_vis_to_swir.gif,D:\usgs_splib07\../GIFplots/GIFplots_splib07a/plots_by_wavelength_region/range3_swir/splib07a_Marsh_SPAL95%...a_CRMS322v68_ASDFRa_AREF_range3_swir.gif,,,D:\usgs_splib07\../GIFplots/GIFplots_splib07a/splib07a_Wavelengths_ASD_0.35-2.5_microns_2151_ch.gif,D:\usgs_splib07\../GIFplots/GIFplots_splib07a/splib07a_Bandpass_(FWHM)_ASDFR_StandardResolution.gif
Marsh SPAL92%...a CRMS322v78 ASDFRa AREF,D:\usgs_splib07\../HTMLmetadata/Marsh_SPAL92%...a_CRMS322v78_ASDFRa_AREF.html,D:\usgs_splib07\../ASCIIdata/ASCIIdata_splib07a/ChapterV_Vegetation/splib07a_Marsh_SPAL92%...a_CRMS322v78_ASDFRa_AREF.txt,D:\usgs_splib07\../ASCIIdata/ASCIIdata_splib07a/errorbars/errorbars_for_splib07a_Marsh_SPAL92%...a_CRMS322v78_ASDFRa_AREF.txt,D:\usgs_splib07\../ASCIIdata/ASCIIdata_splib07a/splib07a_Wavelengths_ASD_0.35-2.5_microns_2151_ch.txt,D:\usgs_splib07\../ASCIIdata/ASCIIdata_splib07a/splib07a_Bandpass_(FWHM)_ASDFR_StandardResolution.txt,D:\usgs_splib07\../GIFplots/GIFplots_splib07a/ChapterV_Vegetation/splib07a_Marsh_SPAL92%...a_CRMS322v78_ASDFRa_AREF.gif,D:\usgs_splib07\../GIFplots/GIFplots_splib07a/plots_by_wavelength_region/range1_uv_to_visible/splib07a_Marsh_SPAL92%...a_CRMS322v78_ASDFRa_AREF_range1_uv_to_vis.gif,D:\usgs_splib07\../GIFplots/GIFplots_splib07a/plots_by_wavelength_region/range2_visible_to_swir/splib07a_Marsh_SPAL92%...a_CRMS322v78_ASDFRa_AREF_range2_vis_to_swir.gif,D:\usgs_splib07\../GIFplots/GIFplots_splib07a/plots_by_wavelength_region/range3_swir/splib07a_Marsh_SPAL92%...a_CRMS322v78_ASDFRa_AREF_range3_swir.gif,,,D:\usgs_splib07\../GIFplots/GIFplots_splib07a/splib07a_Wavelengths_ASD_0.35-2.5_microns_2151_ch.gif,D:\usgs_splib07\../GIFplots/GIFplots_splib07a/splib07a_Bandpass_(FWHM)_ASDFR_StandardResolution.gif
Marsh SPAL70%...a CRMS322v79 ASDFRa AREF,D:\usgs_splib07\../HTMLmetadata/Marsh_SPAL70%...a_CRMS322v79_ASDFRa_AREF.html,D:\usgs_splib07\../ASCIIdata/ASCIIdata_splib07a/ChapterV_Vegetation/splib07a_Marsh_SPAL70%...a_CRMS322v79_ASDFRa_AREF.txt,D:\usgs_splib07\../ASCIIdata/ASCIIdata_splib07a/errorbars/errorbars_for_splib07a_Marsh_SPAL70%...a_CRMS322v79_ASDFRa_AREF.txt,D:\usgs_splib07\../ASCIIdata/ASCIIdata_splib07a/splib07a_Wavelengths_ASD_0.35-2.5_microns_2151_ch.txt,D:\usgs_splib07\../ASCIIdata/ASCIIdata_splib07a/splib07a_Bandpass_(FWHM)_ASDFR_StandardResolution.txt,D:\usgs_splib07\../GIFplots/GIFplots_splib07a/ChapterV_Vegetation/splib07a_Marsh_SPAL70%...a_CRMS322v79_ASDFRa_AREF.gif,D:\usgs_splib07\../GIFplots/GIFplots_splib07a/plots_by_wavelength_region/range1_uv_to_visible/splib07a_Marsh_SPAL70%...a_CRMS322v79_ASDFRa_AREF_range1_uv_to_vis.gif,D:\usgs_splib07\../GIFplots/GIFplots_splib07a/plots_by_wavelength_region/range2_visible_to_swir/splib07a_Marsh_SPAL70%...a_CRMS322v79_ASDFRa_AREF_range2_vis_to_swir.gif,D:\usgs_splib07\../GIFplots/GIFplots_splib07a/plots_by_wavelength_region/range3_swir/splib07a_Marsh_SPAL70%...a_CRMS322v79_ASDFRa_AREF_range3_swir.gif,,,D:\usgs_splib07\../GIFplots/GIFplots_splib07a/splib07a_Wavelengths_ASD_0.35-2.5_microns_2151_ch.gif,D:\usgs_splib07\../GIFplots/GIFplots_splib07a/splib07a_Bandpass_(FWHM)_ASDFR_StandardResolution.gif
Marsh SPAL77%...  CRMS322v83 ASDFRa AREF,D:\usgs_splib07\../HTMLmetadata/Marsh_SPAL77%..._CRMS322v83_ASDFRa_AREF.html,D:\usgs_splib07\../ASCIIdata/ASCIIdata_splib07a/ChapterV_Vegetation/splib07a_Marsh_SPAL77%..._CRMS322v83_ASDFRa_AREF.txt,D:\usgs_splib07\../ASCIIdata/ASCIIdata_splib07a/errorbars/errorbars_for_splib07a_Marsh_SPAL77%..._CRMS322v83_ASDFRa_AREF.txt,D:\usgs_splib07\../ASCIIdata/ASCIIdata_splib07a/splib07a_Wavelengths_ASD_0.35-2.5_microns_2151_ch.txt,D:\usgs_splib07\../ASCIIdata/ASCIIdata_splib07a/splib07a_Bandpass_(FWHM)_ASDFR_StandardResolution.txt,D:\usgs_splib07\../GIFplots/GIFplots_splib07a/ChapterV_Vegetation/splib07a_Marsh_SPAL77%..._CRMS322v83_ASDFRa_AREF.gif,D:\usgs_splib07\../GIFplots/GIFplots_splib07a/plots_by_wavelength_region/range1_uv_to_visible/splib07a_Marsh_SPAL77%..._CRMS322v83_ASDFRa_AREF_range1_uv_to_vis.gif,D:\usgs_splib07\../GIFplots/GIFplots_splib07a/plots_by_wavelength_region/range2_visible_to_swir/splib07a_Marsh_SPAL77%..._CRMS322v83_ASDFRa_AREF_range2_vis_to_swir.gif,D:\usgs_splib07\../GIFplots/GIFplots_splib07a/plots_by_wavelength_region/range3_swir/splib07a_Marsh_SPAL77%..._CRMS322v83_ASDFRa_AREF_range3_swir.gif,,,D:\usgs_splib07\../GIFplots/GIFplots_splib07a/splib07a_Wavelengths_ASD_0.35-2.5_microns_2151_ch.gif,D:\usgs_splib07\../GIFplots/GIFplots_splib07a/splib07a_Bandpass_(FWHM)_ASDFR_StandardResolution.gif
Marsh water75%... CRMS322v84 ASDFRa AREF,D:\usgs_splib07\../HTMLmetadata/Marsh_water75%..._CRMS322v84_ASDFRa_AREF.html,D:\usgs_splib07\../ASCIIdata/ASCIIdata_splib07a/ChapterV_Vegetation/splib07a_Marsh_water75%..._CRMS322v84_ASDFRa_AREF.txt,D:\usgs_splib07\../ASCIIdata/ASCIIdata_splib07a/errorbars/errorbars_for_splib07a_Marsh_water75%..._CRMS322v84_ASDFRa_AREF.txt,D:\usgs_splib07\../ASCIIdata/ASCIIdata_splib07a/splib07a_Wavelengths_ASD_0.35-2.5_microns_2151_ch.txt,D:\usgs_splib07\../ASCIIdata/ASCIIdata_splib07a/splib07a_Bandpass_(FWHM)_ASDFR_StandardResolution.txt,D:\usgs_splib07\../GIFplots/GIFplots_splib07a/ChapterV_Vegetation/splib07a_Marsh_water75%..._CRMS322v84_ASDFRa_AREF.gif,D:\usgs_splib07\../GIFplots/GIFplots_splib07a/plots_by_wavelength_region/range1_uv_to_visible/splib07a_Marsh_water75%..._CRMS322v84_ASDFRa_AREF_range1_uv_to_vis.gif,D:\usgs_splib07\../GIFplots/GIFplots_splib07a/plots_by_wavelength_region/range2_visible_to_swir/splib07a_Marsh_water75%..._CRMS322v84_ASDFRa_AREF_range2_vis_to_swir.gif,D:\usgs_splib07\../GIFplots/GIFplots_splib07a/plots_by_wavelength_region/range3_swir/splib07a_Marsh_water75%..._CRMS322v84_ASDFRa_AREF_range3_swir.gif,,,D:\usgs_splib07\../GIFplots/GIFplots_splib07a/splib07a_Wavelengths_ASD_0.35-2.5_microns_2151_ch.gif,D:\usgs_splib07\../GIFplots/GIFplots_splib07a/splib07a_Bandpass_(FWHM)_ASDFR_StandardResolution.gif
Marsh SPPA55%...a CRMS326v02 ASDFRa AREF,D:\usgs_splib07\../HTMLmetadata/Marsh_SPPA55%...a_CRMS326v02_ASDFRa_AREF.html,D:\usgs_splib07\../ASCIIdata/ASCIIdata_splib07a/ChapterV_Vegetation/splib07a_Marsh_SPPA55%...a_CRMS326v02_ASDFRa_AREF.txt,D:\usgs_splib07\../ASCIIdata/ASCIIdata_splib07a/errorbars/errorbars_for_splib07a_Marsh_SPPA55%...a_CRMS326v02_ASDFRa_AREF.txt,D:\usgs_splib07\../ASCIIdata/ASCIIdata_splib07a/splib07a_Wavelengths_ASD_0.35-2.5_microns_2151_ch.txt,D:\usgs_splib07\../ASCIIdata/ASCIIdata_splib07a/splib07a_Bandpass_(FWHM)_ASDFR_StandardResolution.txt,D:\usgs_splib07\../GIFplots/GIFplots_splib07a/ChapterV_Vegetation/splib07a_Marsh_SPPA55%...a_CRMS326v02_ASDFRa_AREF.gif,D:\usgs_splib07\../GIFplots/GIFplots_splib07a/plots_by_wavelength_region/range1_uv_to_visible/splib07a_Marsh_SPPA55%...a_CRMS326v02_ASDFRa_AREF_range1_uv_to_vis.gif,D:\usgs_splib07\../GIFplots/GIFplots_splib07a/plots_by_wavelength_region/range2_visible_to_swir/splib07a_Marsh_SPPA55%...a_CRMS326v02_ASDFRa_AREF_range2_vis_to_swir.gif,D:\usgs_splib07\../GIFplots/GIFplots_splib07a/plots_by_wavelength_region/range3_swir/splib07a_Marsh_SPPA55%...a_CRMS326v02_ASDFRa_AREF_range3_swir.gif,,,D:\usgs_splib07\../GIFplots/GIFplots_splib07a/splib07a_Wavelengths_ASD_0.35-2.5_microns_2151_ch.gif,D:\usgs_splib07\../GIFplots/GIFplots_splib07a/splib07a_Bandpass_(FWHM)_ASDFR_StandardResolution.gif
Marsh SPPA49%...a CRMS326v06 ASDFRa AREF,D:\usgs_splib07\../HTMLmetadata/Marsh_SPPA49%...a_CRMS326v06_ASDFRa_AREF.html,D:\usgs_splib07\../ASCIIdata/ASCIIdata_splib07a/ChapterV_Vegetation/splib07a_Marsh_SPPA49%...a_CRMS326v06_ASDFRa_AREF.txt,D:\usgs_splib07\../ASCIIdata/ASCIIdata_splib07a/errorbars/errorbars_for_splib07a_Marsh_SPPA49%...a_CRMS326v06_ASDFRa_AREF.txt,D:\usgs_splib07\../ASCIIdata/ASCIIdata_splib07a/splib07a_Wavelengths_ASD_0.35-2.5_microns_2151_ch.txt,D:\usgs_splib07\../ASCIIdata/ASCIIdata_splib07a/splib07a_Bandpass_(FWHM)_ASDFR_StandardResolution.txt,D:\usgs_splib07\../GIFplots/GIFplots_splib07a/ChapterV_Vegetation/splib07a_Marsh_SPPA49%...a_CRMS326v06_ASDFRa_AREF.gif,D:\usgs_splib07\../GIFplots/GIFplots_splib07a/plots_by_wavelength_region/range1_uv_to_visible/splib07a_Marsh_SPPA49%...a_CRMS326v06_ASDFRa_AREF_range1_uv_to_vis.gif,D:\usgs_splib07\../GIFplots/GIFplots_splib07a/plots_by_wavelength_region/range2_visible_to_swir/splib07a_Marsh_SPPA49%...a_CRMS326v06_ASDFRa_AREF_range2_vis_to_swir.gif,D:\usgs_splib07\../GIFplots/GIFplots_splib07a/plots_by_wavelength_region/range3_swir/splib07a_Marsh_SPPA49%...a_CRMS326v06_ASDFRa_AREF_range3_swir.gif,,,D:\usgs_splib07\../GIFplots/GIFplots_splib07a/splib07a_Wavelengths_ASD_0.35-2.5_microns_2151_ch.gif,D:\usgs_splib07\../GIFplots/GIFplots_splib07a/splib07a_Bandpass_(FWHM)_ASDFR_StandardResolution.gif
Marsh SPPA67%...a CRMS326v10 ASDFRa AREF,D:\usgs_splib07\../HTMLmetadata/Marsh_SPPA67%...a_CRMS326v10_ASDFRa_AREF.html,D:\usgs_splib07\../ASCIIdata/ASCIIdata_splib07a/ChapterV_Vegetation/splib07a_Marsh_SPPA67%...a_CRMS326v10_ASDFRa_AREF.txt,D:\usgs_splib07\../ASCIIdata/ASCIIdata_splib07a/errorbars/errorbars_for_splib07a_Marsh_SPPA67%...a_CRMS326v10_ASDFRa_AREF.txt,D:\usgs_splib07\../ASCIIdata/ASCIIdata_splib07a/splib07a_Wavelengths_ASD_0.35-2.5_microns_2151_ch.txt,D:\usgs_splib07\../ASCIIdata/ASCIIdata_splib07a/splib07a_Bandpass_(FWHM)_ASDFR_StandardResolution.txt,D:\usgs_splib07\../GIFplots/GIFplots_splib07a/ChapterV_Vegetation/splib07a_Marsh_SPPA67%...a_CRMS326v10_ASDFRa_AREF.gif,D:\usgs_splib07\../GIFplots/GIFplots_splib07a/plots_by_wavelength_region/range1_uv_to_visible/splib07a_Marsh_SPPA67%...a_CRMS326v10_ASDFRa_AREF_range1_uv_to_vis.gif,D:\usgs_splib07\../GIFplots/GIFplots_splib07a/plots_by_wavelength_region/range2_visible_to_swir/splib07a_Marsh_SPPA67%...a_CRMS326v10_ASDFRa_AREF_range2_vis_to_swir.gif,D:\usgs_splib07\../GIFplots/GIFplots_splib07a/plots_by_wavelength_region/range3_swir/splib07a_Marsh_SPPA67%...a_CRMS326v10_ASDFRa_AREF_range3_swir.gif,,,D:\usgs_splib07\../GIFplots/GIFplots_splib07a/splib07a_Wavelengths_ASD_0.35-2.5_microns_2151_ch.gif,D:\usgs_splib07\../GIFplots/GIFplots_splib07a/splib07a_Bandpass_(FWHM)_ASDFR_StandardResolution.gif
Marsh SCAM50%.... CRMS326v48 ASDFRa AREF,D:\usgs_splib07\../HTMLmetadata/Marsh_SCAM50%...._CRMS326v48_ASDFRa_AREF.html,D:\usgs_splib07\../ASCIIdata/ASCIIdata_splib07a/ChapterV_Vegetation/splib07a_Marsh_SCAM50%...._CRMS326v48_ASDFRa_AREF.txt,D:\usgs_splib07\../ASCIIdata/ASCIIdata_splib07a/errorbars/errorbars_for_splib07a_Marsh_SCAM50%...._CRMS326v48_ASDFRa_AREF.txt,D:\usgs_splib07\../ASCIIdata/ASCIIdata_splib07a/splib07a_Wavelengths_ASD_0.35-2.5_microns_2151_ch.txt,D:\usgs_splib07\../ASCIIdata/ASCIIdata_splib07a/splib07a_Bandpass_(FWHM)_ASDFR_StandardResolution.txt,D:\usgs_splib07\../GIFplots/GIFplots_splib07a/ChapterV_Vegetation/splib07a_Marsh_SCAM50%...._CRMS326v48_ASDFRa_AREF.gif,D:\usgs_splib07\../GIFplots/GIFplots_splib07a/plots_by_wavelength_region/range1_uv_to_visible/splib07a_Marsh_SCAM50%...._CRMS326v48_ASDFRa_AREF_range1_uv_to_vis.gif,D:\usgs_splib07\../GIFplots/GIFplots_splib07a/plots_by_wavelength_region/range2_visible_to_swir/splib07a_Marsh_SCAM50%...._CRMS326v48_ASDFRa_AREF_range2_vis_to_swir.gif,D:\usgs_splib07\../GIFplots/GIFplots_splib07a/plots_by_wavelength_region/range3_swir/splib07a_Marsh_SCAM50%...._CRMS326v48_ASDFRa_AREF_range3_swir.gif,,,D:\usgs_splib07\../GIFplots/GIFplots_splib07a/splib07a_Wavelengths_ASD_0.35-2.5_microns_2151_ch.gif,D:\usgs_splib07\../GIFplots/GIFplots_splib07a/splib07a_Bandpass_(FWHM)_ASDFR_StandardResolution.gif
Marsh SCAM/DISP..CRMS326v48a ASDFRa AREF,D:\usgs_splib07\../HTMLmetadata/Marsh_SCAM-DISP..CRMS326v48a_ASDFRa_AREF.html,D:\usgs_splib07\../ASCIIdata/ASCIIdata_splib07a/ChapterV_Vegetation/splib07a_Marsh_SCAM-DISP..CRMS326v48a_ASDFRa_AREF.txt,D:\usgs_splib07\../ASCIIdata/ASCIIdata_splib07a/errorbars/errorbars_for_splib07a_Marsh_SCAM-DISP..CRMS326v48a_ASDFRa_AREF.txt,D:\usgs_splib07\../ASCIIdata/ASCIIdata_splib07a/splib07a_Wavelengths_ASD_0.35-2.5_microns_2151_ch.txt,D:\usgs_splib07\../ASCIIdata/ASCIIdata_splib07a/splib07a_Bandpass_(FWHM)_ASDFR_StandardResolution.txt,D:\usgs_splib07\../GIFplots/GIFplots_splib07a/ChapterV_Vegetation/splib07a_Marsh_SCAM-DISP..CRMS326v48a_ASDFRa_AREF.gif,D:\usgs_splib07\../GIFplots/GIFplots_splib07a/plots_by_wavelength_region/range1_uv_to_visible/splib07a_Marsh_SCAM-DISP..CRMS326v48a_ASDFRa_AREF_range1_uv_to_vis.gif,D:\usgs_splib07\../GIFplots/GIFplots_splib07a/plots_by_wavelength_region/range2_visible_to_swir/splib07a_Marsh_SCAM-DISP..CRMS326v48a_ASDFRa_AREF_range2_vis_to_swir.gif,D:\usgs_splib07\../GIFplots/GIFplots_splib07a/plots_by_wavelength_region/range3_swir/splib07a_Marsh_SCAM-DISP..CRMS326v48a_ASDFRa_AREF_range3_swir.gif,,,D:\usgs_splib07\../GIFplots/GIFplots_splib07a/splib07a_Wavelengths_ASD_0.35-2.5_microns_2151_ch.gif,D:\usgs_splib07\../GIFplots/GIFplots_splib07a/splib07a_Bandpass_(FWHM)_ASDFR_StandardResolution.gif
Marsh SCAM42%.... CRMS326v50 ASDFRa AREF,D:\usgs_splib07\../HTMLmetadata/Marsh_SCAM42%...._CRMS326v50_ASDFRa_AREF.html,D:\usgs_splib07\../ASCIIdata/ASCIIdata_splib07a/ChapterV_Vegetation/splib07a_Marsh_SCAM42%...._CRMS326v50_ASDFRa_AREF.txt,D:\usgs_splib07\../ASCIIdata/ASCIIdata_splib07a/errorbars/errorbars_for_splib07a_Marsh_SCAM42%...._CRMS326v50_ASDFRa_AREF.txt,D:\usgs_splib07\../ASCIIdata/ASCIIdata_splib07a/splib07a_Wavelengths_ASD_0.35-2.5_microns_2151_ch.txt,D:\usgs_splib07\../ASCIIdata/ASCIIdata_splib07a/splib07a_Bandpass_(FWHM)_ASDFR_StandardResolution.txt,D:\usgs_splib07\../GIFplots/GIFplots_splib07a/ChapterV_Vegetation/splib07a_Marsh_SCAM42%...._CRMS326v50_ASDFRa_AREF.gif,D:\usgs_splib07\../GIFplots/GIFplots_splib07a/plots_by_wavelength_region/range1_uv_to_visible/splib07a_Marsh_SCAM42%...._CRMS326v50_ASDFRa_AREF_range1_uv_to_vis.gif,D:\usgs_splib07\../GIFplots/GIFplots_splib07a/plots_by_wavelength_region/range2_visible_to_swir/splib07a_Marsh_SCAM42%...._CRMS326v50_ASDFRa_AREF_range2_vis_to_swir.gif,D:\usgs_splib07\../GIFplots/GIFplots_splib07a/plots_by_wavelength_region/range3_swir/splib07a_Marsh_SCAM42%...._CRMS326v50_ASDFRa_AREF_range3_swir.gif,,,D:\usgs_splib07\../GIFplots/GIFplots_splib07a/splib07a_Wavelengths_ASD_0.35-2.5_microns_2151_ch.gif,D:\usgs_splib07\../GIFplots/GIFplots_splib07a/splib07a_Bandpass_(FWHM)_ASDFR_StandardResolution.gif
Marsh SCAM/DISP..CRMS326v50a ASDFRa AREF,D:\usgs_splib07\../HTMLmetadata/Marsh_SCAM-DISP..CRMS326v50a_ASDFRa_AREF.html,D:\usgs_splib07\../ASCIIdata/ASCIIdata_splib07a/ChapterV_Vegetation/splib07a_Marsh_SCAM-DISP..CRMS326v50a_ASDFRa_AREF.txt,D:\usgs_splib07\../ASCIIdata/ASCIIdata_splib07a/errorbars/errorbars_for_splib07a_Marsh_SCAM-DISP..CRMS326v50a_ASDFRa_AREF.txt,D:\usgs_splib07\../ASCIIdata/ASCIIdata_splib07a/splib07a_Wavelengths_ASD_0.35-2.5_microns_2151_ch.txt,D:\usgs_splib07\../ASCIIdata/ASCIIdata_splib07a/splib07a_Bandpass_(FWHM)_ASDFR_StandardResolution.txt,D:\usgs_splib07\../GIFplots/GIFplots_splib07a/ChapterV_Vegetation/splib07a_Marsh_SCAM-DISP..CRMS326v50a_ASDFRa_AREF.gif,D:\usgs_splib07\../GIFplots/GIFplots_splib07a/plots_by_wavelength_region/range1_uv_to_visible/splib07a_Marsh_SCAM-DISP..CRMS326v50a_ASDFRa_AREF_range1_uv_to_vis.gif,D:\usgs_splib07\../GIFplots/GIFplots_splib07a/plots_by_wavelength_region/range2_visible_to_swir/splib07a_Marsh_SCAM-DISP..CRMS326v50a_ASDFRa_AREF_range2_vis_to_swir.gif,D:\usgs_splib07\../GIFplots/GIFplots_splib07a/plots_by_wavelength_region/range3_swir/splib07a_Marsh_SCAM-DISP..CRMS326v50a_ASDFRa_AREF_range3_swir.gif,,,D:\usgs_splib07\../GIFplots/GIFplots_splib07a/splib07a_Wavelengths_ASD_0.35-2.5_microns_2151_ch.gif,D:\usgs_splib07\../GIFplots/GIFplots_splib07a/splib07a_Bandpass_(FWHM)_ASDFR_StandardResolution.gif
Marsh DISP60%.... CRMS326v59 ASDFRa AREF,D:\usgs_splib07\../HTMLmetadata/Marsh_DISP60%...._CRMS326v59_ASDFRa_AREF.html,D:\usgs_splib07\../ASCIIdata/ASCIIdata_splib07a/ChapterV_Vegetation/splib07a_Marsh_DISP60%...._CRMS326v59_ASDFRa_AREF.txt,D:\usgs_splib07\../ASCIIdata/ASCIIdata_splib07a/errorbars/errorbars_for_splib07a_Marsh_DISP60%...._CRMS326v59_ASDFRa_AREF.txt,D:\usgs_splib07\../ASCIIdata/ASCIIdata_splib07a/splib07a_Wavelengths_ASD_0.35-2.5_microns_2151_ch.txt,D:\usgs_splib07\../ASCIIdata/ASCIIdata_splib07a/splib07a_Bandpass_(FWHM)_ASDFR_StandardResolution.txt,D:\usgs_splib07\../GIFplots/GIFplots_splib07a/ChapterV_Vegetation/splib07a_Marsh_DISP60%...._CRMS326v59_ASDFRa_AREF.gif,D:\usgs_splib07\../GIFplots/GIFplots_splib07a/plots_by_wavelength_region/range1_uv_to_visible/splib07a_Marsh_DISP60%...._CRMS326v59_ASDFRa_AREF_range1_uv_to_vis.gif,D:\usgs_splib07\../GIFplots/GIFplots_splib07a/plots_by_wavelength_region/range2_visible_to_swir/splib07a_Marsh_DISP60%...._CRMS326v59_ASDFRa_AREF_range2_vis_to_swir.gif,D:\usgs_splib07\../GIFplots/GIFplots_splib07a/plots_by_wavelength_region/range3_swir/splib07a_Marsh_DISP60%...._CRMS326v59_ASDFRa_AREF_range3_swir.gif,,,D:\usgs_splib07\../GIFplots/GIFplots_splib07a/splib07a_Wavelengths_ASD_0.35-2.5_microns_2151_ch.gif,D:\usgs_splib07\../GIFplots/GIFplots_splib07a/splib07a_Bandpass_(FWHM)_ASDFR_StandardResolution.gif
Marsh DISP80%...  CRMS326v64 ASDFRa AREF,D:\usgs_splib07\../HTMLmetadata/Marsh_DISP80%..._CRMS326v64_ASDFRa_AREF.html,D:\usgs_splib07\../ASCIIdata/ASCIIdata_splib07a/ChapterV_Vegetation/splib07a_Marsh_DISP80%..._CRMS326v64_ASDFRa_AREF.txt,D:\usgs_splib07\../ASCIIdata/ASCIIdata_splib07a/errorbars/errorbars_for_splib07a_Marsh_DISP80%..._CRMS326v64_ASDFRa_AREF.txt,D:\usgs_splib07\../ASCIIdata/ASCIIdata_splib07a/splib07a_Wavelengths_ASD_0.35-2.5_microns_2151_ch.txt,D:\usgs_splib07\../ASCIIdata/ASCIIdata_splib07a/splib07a_Bandpass_(FWHM)_ASDFR_StandardResolution.txt,D:\usgs_splib07\../GIFplots/GIFplots_splib07a/ChapterV_Vegetation/splib07a_Marsh_DISP80%..._CRMS326v64_ASDFRa_AREF.gif,D:\usgs_splib07\../GIFplots/GIFplots_splib07a/plots_by_wavelength_region/range1_uv_to_visible/splib07a_Marsh_DISP80%..._CRMS326v64_ASDFRa_AREF_range1_uv_to_vis.gif,D:\usgs_splib07\../GIFplots/GIFplots_splib07a/plots_by_wavelength_region/range2_visible_to_swir/splib07a_Marsh_DISP80%..._CRMS326v64_ASDFRa_AREF_range2_vis_to_swir.gif,D:\usgs_splib07\../GIFplots/GIFplots_splib07a/plots_by_wavelength_region/range3_swir/splib07a_Marsh_DISP80%..._CRMS326v64_ASDFRa_AREF_range3_swir.gif,,,D:\usgs_splib07\../GIFplots/GIFplots_splib07a/splib07a_Wavelengths_ASD_0.35-2.5_microns_2151_ch.gif,D:\usgs_splib07\../GIFplots/GIFplots_splib07a/splib07a_Bandpass_(FWHM)_ASDFR_StandardResolution.gif
Marsh SCAM60%.... CRMS326v71 ASDFRa AREF,D:\usgs_splib07\../HTMLmetadata/Marsh_SCAM60%...._CRMS326v71_ASDFRa_AREF.html,D:\usgs_splib07\../ASCIIdata/ASCIIdata_splib07a/ChapterV_Vegetation/splib07a_Marsh_SCAM60%...._CRMS326v71_ASDFRa_AREF.txt,D:\usgs_splib07\../ASCIIdata/ASCIIdata_splib07a/errorbars/errorbars_for_splib07a_Marsh_SCAM60%...._CRMS326v71_ASDFRa_AREF.txt,D:\usgs_splib07\../ASCIIdata/ASCIIdata_splib07a/splib07a_Wavelengths_ASD_0.35-2.5_microns_2151_ch.txt,D:\usgs_splib07\../ASCIIdata/ASCIIdata_splib07a/splib07a_Bandpass_(FWHM)_ASDFR_StandardResolution.txt,D:\usgs_splib07\../GIFplots/GIFplots_splib07a/ChapterV_Vegetation/splib07a_Marsh_SCAM60%...._CRMS326v71_ASDFRa_AREF.gif,D:\usgs_splib07\../GIFplots/GIFplots_splib07a/plots_by_wavelength_region/range1_uv_to_visible/splib07a_Marsh_SCAM60%...._CRMS326v71_ASDFRa_AREF_range1_uv_to_vis.gif,D:\usgs_splib07\../GIFplots/GIFplots_splib07a/plots_by_wavelength_region/range2_visible_to_swir/splib07a_Marsh_SCAM60%...._CRMS326v71_ASDFRa_AREF_range2_vis_to_swir.gif,D:\usgs_splib07\../GIFplots/GIFplots_splib07a/plots_by_wavelength_region/range3_swir/splib07a_Marsh_SCAM60%...._CRMS326v71_ASDFRa_AREF_range3_swir.gif,,,D:\usgs_splib07\../GIFplots/GIFplots_splib07a/splib07a_Wavelengths_ASD_0.35-2.5_microns_2151_ch.gif,D:\usgs_splib07\../GIFplots/GIFplots_splib07a/splib07a_Bandpass_(FWHM)_ASDFR_StandardResolution.gif
Marsh SCAM/DISP..CRMS326v71a ASDFRa AREF,D:\usgs_splib07\../HTMLmetadata/Marsh_SCAM-DISP..CRMS326v71a_ASDFRa_AREF.html,D:\usgs_splib07\../ASCIIdata/ASCIIdata_splib07a/ChapterV_Vegetation/splib07a_Marsh_SCAM-DISP..CRMS326v71a_ASDFRa_AREF.txt,D:\usgs_splib07\../ASCIIdata/ASCIIdata_splib07a/errorbars/errorbars_for_splib07a_Marsh_SCAM-DISP..CRMS326v71a_ASDFRa_AREF.txt,D:\usgs_splib07\../ASCIIdata/ASCIIdata_splib07a/splib07a_Wavelengths_ASD_0.35-2.5_microns_2151_ch.txt,D:\usgs_splib07\../ASCIIdata/ASCIIdata_splib07a/splib07a_Bandpass_(FWHM)_ASDFR_StandardResolution.txt,D:\usgs_splib07\../GIFplots/GIFplots_splib07a/ChapterV_Vegetation/splib07a_Marsh_SCAM-DISP..CRMS326v71a_ASDFRa_AREF.gif,D:\usgs_splib07\../GIFplots/GIFplots_splib07a/plots_by_wavelength_region/range1_uv_to_visible/splib07a_Marsh_SCAM-DISP..CRMS326v71a_ASDFRa_AREF_range1_uv_to_vis.gif,D:\usgs_splib07\../GIFplots/GIFplots_splib07a/plots_by_wavelength_region/range2_visible_to_swir/splib07a_Marsh_SCAM-DISP..CRMS326v71a_ASDFRa_AREF_range2_vis_to_swir.gif,D:\usgs_splib07\../GIFplots/GIFplots_splib07a/plots_by_wavelength_region/range3_swir/splib07a_Marsh_SCAM-DISP..CRMS326v71a_ASDFRa_AREF_range3_swir.gif,,,D:\usgs_splib07\../GIFplots/GIFplots_splib07a/splib07a_Wavelengths_ASD_0.35-2.5_microns_2151_ch.gif,D:\usgs_splib07\../GIFplots/GIFplots_splib07a/splib07a_Bandpass_(FWHM)_ASDFR_StandardResolution.gif
Marsh SPPA35%...a CRMS326v81 ASDFRa AREF,D:\usgs_splib07\../HTMLmetadata/Marsh_SPPA35%...a_CRMS326v81_ASDFRa_AREF.html,D:\usgs_splib07\../ASCIIdata/ASCIIdata_splib07a/ChapterV_Vegetation/splib07a_Marsh_SPPA35%...a_CRMS326v81_ASDFRa_AREF.txt,D:\usgs_splib07\../ASCIIdata/ASCIIdata_splib07a/errorbars/errorbars_for_splib07a_Marsh_SPPA35%...a_CRMS326v81_ASDFRa_AREF.txt,D:\usgs_splib07\../ASCIIdata/ASCIIdata_splib07a/splib07a_Wavelengths_ASD_0.35-2.5_microns_2151_ch.txt,D:\usgs_splib07\../ASCIIdata/ASCIIdata_splib07a/splib07a_Bandpass_(FWHM)_ASDFR_StandardResolution.txt,D:\usgs_splib07\../GIFplots/GIFplots_splib07a/ChapterV_Vegetation/splib07a_Marsh_SPPA35%...a_CRMS326v81_ASDFRa_AREF.gif,D:\usgs_splib07\../GIFplots/GIFplots_splib07a/plots_by_wavelength_region/range1_uv_to_visible/splib07a_Marsh_SPPA35%...a_CRMS326v81_ASDFRa_AREF_range1_uv_to_vis.gif,D:\usgs_splib07\../GIFplots/GIFplots_splib07a/plots_by_wavelength_region/range2_visible_to_swir/splib07a_Marsh_SPPA35%...a_CRMS326v81_ASDFRa_AREF_range2_vis_to_swir.gif,D:\usgs_splib07\../GIFplots/GIFplots_splib07a/plots_by_wavelength_region/range3_swir/splib07a_Marsh_SPPA35%...a_CRMS326v81_ASDFRa_AREF_range3_swir.gif,,,D:\usgs_splib07\../GIFplots/GIFplots_splib07a/splib07a_Wavelengths_ASD_0.35-2.5_microns_2151_ch.gif,D:\usgs_splib07\../GIFplots/GIFplots_splib07a/splib07a_Bandpass_(FWHM)_ASDFR_StandardResolution.gif
Marsh DISP65%...a CRMS326v84 ASDFRa AREF,D:\usgs_splib07\../HTMLmetadata/Marsh_DISP65%...a_CRMS326v84_ASDFRa_AREF.html,D:\usgs_splib07\../ASCIIdata/ASCIIdata_splib07a/ChapterV_Vegetation/splib07a_Marsh_DISP65%...a_CRMS326v84_ASDFRa_AREF.txt,D:\usgs_splib07\../ASCIIdata/ASCIIdata_splib07a/errorbars/errorbars_for_splib07a_Marsh_DISP65%...a_CRMS326v84_ASDFRa_AREF.txt,D:\usgs_splib07\../ASCIIdata/ASCIIdata_splib07a/splib07a_Wavelengths_ASD_0.35-2.5_microns_2151_ch.txt,D:\usgs_splib07\../ASCIIdata/ASCIIdata_splib07a/splib07a_Bandpass_(FWHM)_ASDFR_StandardResolution.txt,D:\usgs_splib07\../GIFplots/GIFplots_splib07a/ChapterV_Vegetation/splib07a_Marsh_DISP65%...a_CRMS326v84_ASDFRa_AREF.gif,D:\usgs_splib07\../GIFplots/GIFplots_splib07a/plots_by_wavelength_region/range1_uv_to_visible/splib07a_Marsh_DISP65%...a_CRMS326v84_ASDFRa_AREF_range1_uv_to_vis.gif,D:\usgs_splib07\../GIFplots/GIFplots_splib07a/plots_by_wavelength_region/range2_visible_to_swir/splib07a_Marsh_DISP65%...a_CRMS326v84_ASDFRa_AREF_range2_vis_to_swir.gif,D:\usgs_splib07\../GIFplots/GIFplots_splib07a/plots_by_wavelength_region/range3_swir/splib07a_Marsh_DISP65%...a_CRMS326v84_ASDFRa_AREF_range3_swir.gif,,,D:\usgs_splib07\../GIFplots/GIFplots_splib07a/splib07a_Wavelengths_ASD_0.35-2.5_microns_2151_ch.gif,D:\usgs_splib07\../GIFplots/GIFplots_splib07a/splib07a_Bandpass_(FWHM)_ASDFR_StandardResolution.gif
Marsh water80%... CRMS121v23 ASDFRa AREF,D:\usgs_splib07\../HTMLmetadata/Marsh_water80%..._CRMS121v23_ASDFRa_AREF.html,D:\usgs_splib07\../ASCIIdata/ASCIIdata_splib07a/ChapterV_Vegetation/splib07a_Marsh_water80%..._CRMS121v23_ASDFRa_AREF.txt,D:\usgs_splib07\../ASCIIdata/ASCIIdata_splib07a/errorbars/errorbars_for_splib07a_Marsh_water80%..._CRMS121v23_ASDFRa_AREF.txt,D:\usgs_splib07\../ASCIIdata/ASCIIdata_splib07a/splib07a_Wavelengths_ASD_0.35-2.5_microns_2151_ch.txt,D:\usgs_splib07\../ASCIIdata/ASCIIdata_splib07a/splib07a_Bandpass_(FWHM)_ASDFR_StandardResolution.txt,D:\usgs_splib07\../GIFplots/GIFplots_splib07a/ChapterV_Vegetation/splib07a_Marsh_water80%..._CRMS121v23_ASDFRa_AREF.gif,D:\usgs_splib07\../GIFplots/GIFplots_splib07a/plots_by_wavelength_region/range1_uv_to_visible/splib07a_Marsh_water80%..._CRMS121v23_ASDFRa_AREF_range1_uv_to_vis.gif,D:\usgs_splib07\../GIFplots/GIFplots_splib07a/plots_by_wavelength_region/range2_visible_to_swir/splib07a_Marsh_water80%..._CRMS121v23_ASDFRa_AREF_range2_vis_to_swir.gif,D:\usgs_splib07\../GIFplots/GIFplots_splib07a/plots_by_wavelength_region/range3_swir/splib07a_Marsh_water80%..._CRMS121v23_ASDFRa_AREF_range3_swir.gif,,,D:\usgs_splib07\../GIFplots/GIFplots_splib07a/splib07a_Wavelengths_ASD_0.35-2.5_microns_2151_ch.gif,D:\usgs_splib07\../GIFplots/GIFplots_splib07a/splib07a_Bandpass_(FWHM)_ASDFR_StandardResolution.gif
Marsh SCAM45%...  CRMS121v28 ASDFRa AREF,D:\usgs_splib07\../HTMLmetadata/Marsh_SCAM45%..._CRMS121v28_ASDFRa_AREF.html,D:\usgs_splib07\../ASCIIdata/ASCIIdata_splib07a/ChapterV_Vegetation/splib07a_Marsh_SCAM45%..._CRMS121v28_ASDFRa_AREF.txt,D:\usgs_splib07\../ASCIIdata/ASCIIdata_splib07a/errorbars/errorbars_for_splib07a_Marsh_SCAM45%..._CRMS121v28_ASDFRa_AREF.txt,D:\usgs_splib07\../ASCIIdata/ASCIIdata_splib07a/splib07a_Wavelengths_ASD_0.35-2.5_microns_2151_ch.txt,D:\usgs_splib07\../ASCIIdata/ASCIIdata_splib07a/splib07a_Bandpass_(FWHM)_ASDFR_StandardResolution.txt,D:\usgs_splib07\../GIFplots/GIFplots_splib07a/ChapterV_Vegetation/splib07a_Marsh_SCAM45%..._CRMS121v28_ASDFRa_AREF.gif,D:\usgs_splib07\../GIFplots/GIFplots_splib07a/plots_by_wavelength_region/range1_uv_to_visible/splib07a_Marsh_SCAM45%..._CRMS121v28_ASDFRa_AREF_range1_uv_to_vis.gif,D:\usgs_splib07\../GIFplots/GIFplots_splib07a/plots_by_wavelength_region/range2_visible_to_swir/splib07a_Marsh_SCAM45%..._CRMS121v28_ASDFRa_AREF_range2_vis_to_swir.gif,D:\usgs_splib07\../GIFplots/GIFplots_splib07a/plots_by_wavelength_region/range3_swir/splib07a_Marsh_SCAM45%..._CRMS121v28_ASDFRa_AREF_range3_swir.gif,,,D:\usgs_splib07\../GIFplots/GIFplots_splib07a/splib07a_Wavelengths_ASD_0.35-2.5_microns_2151_ch.gif,D:\usgs_splib07\../GIFplots/GIFplots_splib07a/splib07a_Bandpass_(FWHM)_ASDFR_StandardResolution.gif
Marsh SCAM50%...  CRMS121v32 ASDFRa AREF,D:\usgs_splib07\../HTMLmetadata/Marsh_SCAM50%..._CRMS121v32_ASDFRa_AREF.html,D:\usgs_splib07\../ASCIIdata/ASCIIdata_splib07a/ChapterV_Vegetation/splib07a_Marsh_SCAM50%..._CRMS121v32_ASDFRa_AREF.txt,D:\usgs_splib07\../ASCIIdata/ASCIIdata_splib07a/errorbars/errorbars_for_splib07a_Marsh_SCAM50%..._CRMS121v32_ASDFRa_AREF.txt,D:\usgs_splib07\../ASCIIdata/ASCIIdata_splib07a/splib07a_Wavelengths_ASD_0.35-2.5_microns_2151_ch.txt,D:\usgs_splib07\../ASCIIdata/ASCIIdata_splib07a/splib07a_Bandpass_(FWHM)_ASDFR_StandardResolution.txt,D:\usgs_splib07\../GIFplots/GIFplots_splib07a/ChapterV_Vegetation/splib07a_Marsh_SCAM50%..._CRMS121v32_ASDFRa_AREF.gif,D:\usgs_splib07\../GIFplots/GIFplots_splib07a/plots_by_wavelength_region/range1_uv_to_visible/splib07a_Marsh_SCAM50%..._CRMS121v32_ASDFRa_AREF_range1_uv_to_vis.gif,D:\usgs_splib07\../GIFplots/GIFplots_splib07a/plots_by_wavelength_region/range2_visible_to_swir/splib07a_Marsh_SCAM50%..._CRMS121v32_ASDFRa_AREF_range2_vis_to_swir.gif,D:\usgs_splib07\../GIFplots/GIFplots_splib07a/plots_by_wavelength_region/range3_swir/splib07a_Marsh_SCAM50%..._CRMS121v32_ASDFRa_AREF_range3_swir.gif,,,D:\usgs_splib07\../GIFplots/GIFplots_splib07a/splib07a_Wavelengths_ASD_0.35-2.5_microns_2151_ch.gif,D:\usgs_splib07\../GIFplots/GIFplots_splib07a/splib07a_Bandpass_(FWHM)_ASDFR_StandardResolution.gif
Marsh SCAM72%...  CRMS121v33 ASDFRa AREF,D:\usgs_splib07\../HTMLmetadata/Marsh_SCAM72%..._CRMS121v33_ASDFRa_AREF.html,D:\usgs_splib07\../ASCIIdata/ASCIIdata_splib07a/ChapterV_Vegetation/splib07a_Marsh_SCAM72%..._CRMS121v33_ASDFRa_AREF.txt,D:\usgs_splib07\../ASCIIdata/ASCIIdata_splib07a/errorbars/errorbars_for_splib07a_Marsh_SCAM72%..._CRMS121v33_ASDFRa_AREF.txt,D:\usgs_splib07\../ASCIIdata/ASCIIdata_splib07a/splib07a_Wavelengths_ASD_0.35-2.5_microns_2151_ch.txt,D:\usgs_splib07\../ASCIIdata/ASCIIdata_splib07a/splib07a_Bandpass_(FWHM)_ASDFR_StandardResolution.txt,D:\usgs_splib07\../GIFplots/GIFplots_splib07a/ChapterV_Vegetation/splib07a_Marsh_SCAM72%..._CRMS121v33_ASDFRa_AREF.gif,D:\usgs_splib07\../GIFplots/GIFplots_splib07a/plots_by_wavelength_region/range1_uv_to_visible/splib07a_Marsh_SCAM72%..._CRMS121v33_ASDFRa_AREF_range1_uv_to_vis.gif,D:\usgs_splib07\../GIFplots/GIFplots_splib07a/plots_by_wavelength_region/range2_visible_to_swir/splib07a_Marsh_SCAM72%..._CRMS121v33_ASDFRa_AREF_range2_vis_to_swir.gif,D:\usgs_splib07\../GIFplots/GIFplots_splib07a/plots_by_wavelength_region/range3_swir/splib07a_Marsh_SCAM72%..._CRMS121v33_ASDFRa_AREF_range3_swir.gif,,,D:\usgs_splib07\../GIFplots/GIFplots_splib07a/splib07a_Wavelengths_ASD_0.35-2.5_microns_2151_ch.gif,D:\usgs_splib07\../GIFplots/GIFplots_splib07a/splib07a_Bandpass_(FWHM)_ASDFR_StandardResolution.gif
Marsh SCAM77%...  CRMS121v34 ASDFRa AREF,D:\usgs_splib07\../HTMLmetadata/Marsh_SCAM77%..._CRMS121v34_ASDFRa_AREF.html,D:\usgs_splib07\../ASCIIdata/ASCIIdata_splib07a/ChapterV_Vegetation/splib07a_Marsh_SCAM77%..._CRMS121v34_ASDFRa_AREF.txt,D:\usgs_splib07\../ASCIIdata/ASCIIdata_splib07a/errorbars/errorbars_for_splib07a_Marsh_SCAM77%..._CRMS121v34_ASDFRa_AREF.txt,D:\usgs_splib07\../ASCIIdata/ASCIIdata_splib07a/splib07a_Wavelengths_ASD_0.35-2.5_microns_2151_ch.txt,D:\usgs_splib07\../ASCIIdata/ASCIIdata_splib07a/splib07a_Bandpass_(FWHM)_ASDFR_StandardResolution.txt,D:\usgs_splib07\../GIFplots/GIFplots_splib07a/ChapterV_Vegetation/splib07a_Marsh_SCAM77%..._CRMS121v34_ASDFRa_AREF.gif,D:\usgs_splib07\../GIFplots/GIFplots_splib07a/plots_by_wavelength_region/range1_uv_to_visible/splib07a_Marsh_SCAM77%..._CRMS121v34_ASDFRa_AREF_range1_uv_to_vis.gif,D:\usgs_splib07\../GIFplots/GIFplots_splib07a/plots_by_wavelength_region/range2_visible_to_swir/splib07a_Marsh_SCAM77%..._CRMS121v34_ASDFRa_AREF_range2_vis_to_swir.gif,D:\usgs_splib07\../GIFplots/GIFplots_splib07a/plots_by_wavelength_region/range3_swir/splib07a_Marsh_SCAM77%..._CRMS121v34_ASDFRa_AREF_range3_swir.gif,,,D:\usgs_splib07\../GIFplots/GIFplots_splib07a/splib07a_Wavelengths_ASD_0.35-2.5_microns_2151_ch.gif,D:\usgs_splib07\../GIFplots/GIFplots_splib07a/splib07a_Bandpass_(FWHM)_ASDFR_StandardResolution.gif
Marsh SCAM81%...  CRMS121v37 ASDFRa AREF,D:\usgs_splib07\../HTMLmetadata/Marsh_SCAM81%..._CRMS121v37_ASDFRa_AREF.html,D:\usgs_splib07\../ASCIIdata/ASCIIdata_splib07a/ChapterV_Vegetation/splib07a_Marsh_SCAM81%..._CRMS121v37_ASDFRa_AREF.txt,D:\usgs_splib07\../ASCIIdata/ASCIIdata_splib07a/errorbars/errorbars_for_splib07a_Marsh_SCAM81%..._CRMS121v37_ASDFRa_AREF.txt,D:\usgs_splib07\../ASCIIdata/ASCIIdata_splib07a/splib07a_Wavelengths_ASD_0.35-2.5_microns_2151_ch.txt,D:\usgs_splib07\../ASCIIdata/ASCIIdata_splib07a/splib07a_Bandpass_(FWHM)_ASDFR_StandardResolution.txt,D:\usgs_splib07\../GIFplots/GIFplots_splib07a/ChapterV_Vegetation/splib07a_Marsh_SCAM81%..._CRMS121v37_ASDFRa_AREF.gif,D:\usgs_splib07\../GIFplots/GIFplots_splib07a/plots_by_wavelength_region/range1_uv_to_visible/splib07a_Marsh_SCAM81%..._CRMS121v37_ASDFRa_AREF_range1_uv_to_vis.gif,D:\usgs_splib07\../GIFplots/GIFplots_splib07a/plots_by_wavelength_region/range2_visible_to_swir/splib07a_Marsh_SCAM81%..._CRMS121v37_ASDFRa_AREF_range2_vis_to_swir.gif,D:\usgs_splib07\../GIFplots/GIFplots_splib07a/plots_by_wavelength_region/range3_swir/splib07a_Marsh_SCAM81%..._CRMS121v37_ASDFRa_AREF_range3_swir.gif,,,D:\usgs_splib07\../GIFplots/GIFplots_splib07a/splib07a_Wavelengths_ASD_0.35-2.5_microns_2151_ch.gif,D:\usgs_splib07\../GIFplots/GIFplots_splib07a/splib07a_Bandpass_(FWHM)_ASDFR_StandardResolution.gif
Marsh SCAM66%...  CRMS121v38 ASDFRa AREF,D:\usgs_splib07\../HTMLmetadata/Marsh_SCAM66%..._CRMS121v38_ASDFRa_AREF.html,D:\usgs_splib07\../ASCIIdata/ASCIIdata_splib07a/ChapterV_Vegetation/splib07a_Marsh_SCAM66%..._CRMS121v38_ASDFRa_AREF.txt,D:\usgs_splib07\../ASCIIdata/ASCIIdata_splib07a/errorbars/errorbars_for_splib07a_Marsh_SCAM66%..._CRMS121v38_ASDFRa_AREF.txt,D:\usgs_splib07\../ASCIIdata/ASCIIdata_splib07a/splib07a_Wavelengths_ASD_0.35-2.5_microns_2151_ch.txt,D:\usgs_splib07\../ASCIIdata/ASCIIdata_splib07a/splib07a_Bandpass_(FWHM)_ASDFR_StandardResolution.txt,D:\usgs_splib07\../GIFplots/GIFplots_splib07a/ChapterV_Vegetation/splib07a_Marsh_SCAM66%..._CRMS121v38_ASDFRa_AREF.gif,D:\usgs_splib07\../GIFplots/GIFplots_splib07a/plots_by_wavelength_region/range1_uv_to_visible/splib07a_Marsh_SCAM66%..._CRMS121v38_ASDFRa_AREF_range1_uv_to_vis.gif,D:\usgs_splib07\../GIFplots/GIFplots_splib07a/plots_by_wavelength_region/range2_visible_to_swir/splib07a_Marsh_SCAM66%..._CRMS121v38_ASDFRa_AREF_range2_vis_to_swir.gif,D:\usgs_splib07\../GIFplots/GIFplots_splib07a/plots_by_wavelength_region/range3_swir/splib07a_Marsh_SCAM66%..._CRMS121v38_ASDFRa_AREF_range3_swir.gif,,,D:\usgs_splib07\../GIFplots/GIFplots_splib07a/splib07a_Wavelengths_ASD_0.35-2.5_microns_2151_ch.gif,D:\usgs_splib07\../GIFplots/GIFplots_splib07a/splib07a_Bandpass_(FWHM)_ASDFR_StandardResolution.gif
Marsh water55%... CRMS121v47 ASDFRa AREF,D:\usgs_splib07\../HTMLmetadata/Marsh_water55%..._CRMS121v47_ASDFRa_AREF.html,D:\usgs_splib07\../ASCIIdata/ASCIIdata_splib07a/ChapterV_Vegetation/splib07a_Marsh_water55%..._CRMS121v47_ASDFRa_AREF.txt,D:\usgs_splib07\../ASCIIdata/ASCIIdata_splib07a/errorbars/errorbars_for_splib07a_Marsh_water55%..._CRMS121v47_ASDFRa_AREF.txt,D:\usgs_splib07\../ASCIIdata/ASCIIdata_splib07a/splib07a_Wavelengths_ASD_0.35-2.5_microns_2151_ch.txt,D:\usgs_splib07\../ASCIIdata/ASCIIdata_splib07a/splib07a_Bandpass_(FWHM)_ASDFR_StandardResolution.txt,D:\usgs_splib07\../GIFplots/GIFplots_splib07a/ChapterV_Vegetation/splib07a_Marsh_water55%..._CRMS121v47_ASDFRa_AREF.gif,D:\usgs_splib07\../GIFplots/GIFplots_splib07a/plots_by_wavelength_region/range1_uv_to_visible/splib07a_Marsh_water55%..._CRMS121v47_ASDFRa_AREF_range1_uv_to_vis.gif,D:\usgs_splib07\../GIFplots/GIFplots_splib07a/plots_by_wavelength_region/range2_visible_to_swir/splib07a_Marsh_water55%..._CRMS121v47_ASDFRa_AREF_range2_vis_to_swir.gif,D:\usgs_splib07\../GIFplots/GIFplots_splib07a/plots_by_wavelength_region/range3_swir/splib07a_Marsh_water55%..._CRMS121v47_ASDFRa_AREF_range3_swir.gif,,,D:\usgs_splib07\../GIFplots/GIFplots_splib07a/splib07a_Wavelengths_ASD_0.35-2.5_microns_2151_ch.gif,D:\usgs_splib07\../GIFplots/GIFplots_splib07a/splib07a_Bandpass_(FWHM)_ASDFR_StandardResolution.gif
Marsh SCAM71%...  CRMS121v49 ASDFRa AREF,D:\usgs_splib07\../HTMLmetadata/Marsh_SCAM71%..._CRMS121v49_ASDFRa_AREF.html,D:\usgs_splib07\../ASCIIdata/ASCIIdata_splib07a/ChapterV_Vegetation/splib07a_Marsh_SCAM71%..._CRMS121v49_ASDFRa_AREF.txt,D:\usgs_splib07\../ASCIIdata/ASCIIdata_splib07a/errorbars/errorbars_for_splib07a_Marsh_SCAM71%..._CRMS121v49_ASDFRa_AREF.txt,D:\usgs_splib07\../ASCIIdata/ASCIIdata_splib07a/splib07a_Wavelengths_ASD_0.35-2.5_microns_2151_ch.txt,D:\usgs_splib07\../ASCIIdata/ASCIIdata_splib07a/splib07a_Bandpass_(FWHM)_ASDFR_StandardResolution.txt,D:\usgs_splib07\../GIFplots/GIFplots_splib07a/ChapterV_Vegetation/splib07a_Marsh_SCAM71%..._CRMS121v49_ASDFRa_AREF.gif,D:\usgs_splib07\../GIFplots/GIFplots_splib07a/plots_by_wavelength_region/range1_uv_to_visible/splib07a_Marsh_SCAM71%..._CRMS121v49_ASDFRa_AREF_range1_uv_to_vis.gif,D:\usgs_splib07\../GIFplots/GIFplots_splib07a/plots_by_wavelength_region/range2_visible_to_swir/splib07a_Marsh_SCAM71%..._CRMS121v49_ASDFRa_AREF_range2_vis_to_swir.gif,D:\usgs_splib07\../GIFplots/GIFplots_splib07a/plots_by_wavelength_region/range3_swir/splib07a_Marsh_SCAM71%..._CRMS121v49_ASDFRa_AREF_range3_swir.gif,,,D:\usgs_splib07\../GIFplots/GIFplots_splib07a/splib07a_Wavelengths_ASD_0.35-2.5_microns_2151_ch.gif,D:\usgs_splib07\../GIFplots/GIFplots_splib07a/splib07a_Bandpass_(FWHM)_ASDFR_StandardResolution.gif
Marsh water40%... CRMS121v69 ASDFRa AREF,D:\usgs_splib07\../HTMLmetadata/Marsh_water40%..._CRMS121v69_ASDFRa_AREF.html,D:\usgs_splib07\../ASCIIdata/ASCIIdata_splib07a/ChapterV_Vegetation/splib07a_Marsh_water40%..._CRMS121v69_ASDFRa_AREF.txt,D:\usgs_splib07\../ASCIIdata/ASCIIdata_splib07a/errorbars/errorbars_for_splib07a_Marsh_water40%..._CRMS121v69_ASDFRa_AREF.txt,D:\usgs_splib07\../ASCIIdata/ASCIIdata_splib07a/splib07a_Wavelengths_ASD_0.35-2.5_microns_2151_ch.txt,D:\usgs_splib07\../ASCIIdata/ASCIIdata_splib07a/splib07a_Bandpass_(FWHM)_ASDFR_StandardResolution.txt,D:\usgs_splib07\../GIFplots/GIFplots_splib07a/ChapterV_Vegetation/splib07a_Marsh_water40%..._CRMS121v69_ASDFRa_AREF.gif,D:\usgs_splib07\../GIFplots/GIFplots_splib07a/plots_by_wavelength_region/range1_uv_to_visible/splib07a_Marsh_water40%..._CRMS121v69_ASDFRa_AREF_range1_uv_to_vis.gif,D:\usgs_splib07\../GIFplots/GIFplots_splib07a/plots_by_wavelength_region/range2_visible_to_swir/splib07a_Marsh_water40%..._CRMS121v69_ASDFRa_AREF_range2_vis_to_swir.gif,D:\usgs_splib07\../GIFplots/GIFplots_splib07a/plots_by_wavelength_region/range3_swir/splib07a_Marsh_water40%..._CRMS121v69_ASDFRa_AREF_range3_swir.gif,,,D:\usgs_splib07\../GIFplots/GIFplots_splib07a/splib07a_Wavelengths_ASD_0.35-2.5_microns_2151_ch.gif,D:\usgs_splib07\../GIFplots/GIFplots_splib07a/splib07a_Bandpass_(FWHM)_ASDFR_StandardResolution.gif
Marsh PHAU 100%  DWO-3-DEL-2 ASDFRa AREF,D:\usgs_splib07\../HTMLmetadata/Marsh_PHAU_100%_DWO-3-DEL-2_ASDFRa_AREF.html,D:\usgs_splib07\../ASCIIdata/ASCIIdata_splib07a/ChapterV_Vegetation/splib07a_Marsh_PHAU_100%_DWO-3-DEL-2_ASDFRa_AREF.txt,D:\usgs_splib07\../ASCIIdata/ASCIIdata_splib07a/errorbars/errorbars_for_splib07a_Marsh_PHAU_100%_DWO-3-DEL-2_ASDFRa_AREF.txt,D:\usgs_splib07\../ASCIIdata/ASCIIdata_splib07a/splib07a_Wavelengths_ASD_0.35-2.5_microns_2151_ch.txt,D:\usgs_splib07\../ASCIIdata/ASCIIdata_splib07a/splib07a_Bandpass_(FWHM)_ASDFR_StandardResolution.txt,D:\usgs_splib07\../GIFplots/GIFplots_splib07a/ChapterV_Vegetation/splib07a_Marsh_PHAU_100%_DWO-3-DEL-2_ASDFRa_AREF.gif,D:\usgs_splib07\../GIFplots/GIFplots_splib07a/plots_by_wavelength_region/range1_uv_to_visible/splib07a_Marsh_PHAU_100%_DWO-3-DEL-2_ASDFRa_AREF_range1_uv_to_vis.gif,D:\usgs_splib07\../GIFplots/GIFplots_splib07a/plots_by_wavelength_region/range2_visible_to_swir/splib07a_Marsh_PHAU_100%_DWO-3-DEL-2_ASDFRa_AREF_range2_vis_to_swir.gif,D:\usgs_splib07\../GIFplots/GIFplots_splib07a/plots_by_wavelength_region/range3_swir/splib07a_Marsh_PHAU_100%_DWO-3-DEL-2_ASDFRa_AREF_range3_swir.gif,,,D:\usgs_splib07\../GIFplots/GIFplots_splib07a/splib07a_Wavelengths_ASD_0.35-2.5_microns_2151_ch.gif,D:\usgs_splib07\../GIFplots/GIFplots_splib07a/splib07a_Bandpass_(FWHM)_ASDFR_StandardResolution.gif
Marsh sediment DWV3-0511 dry ASDFRa AREF,D:\usgs_splib07\../HTMLmetadata/Marsh_sediment_DWV3-0511_dry_ASDFRa_AREF.html,D:\usgs_splib07\../ASCIIdata/ASCIIdata_splib07a/ChapterV_Vegetation/splib07a_Marsh_sediment_DWV3-0511_dry_ASDFRa_AREF.txt,D:\usgs_splib07\../ASCIIdata/ASCIIdata_splib07a/errorbars/errorbars_for_splib07a_Marsh_sediment_DWV3-0511_dry_ASDFRa_AREF.txt,D:\usgs_splib07\../ASCIIdata/ASCIIdata_splib07a/splib07a_Wavelengths_ASD_0.35-2.5_microns_2151_ch.txt,D:\usgs_splib07\../ASCIIdata/ASCIIdata_splib07a/splib07a_Bandpass_(FWHM)_ASDFR_StandardResolution.txt,D:\usgs_splib07\../GIFplots/GIFplots_splib07a/ChapterV_Vegetation/splib07a_Marsh_sediment_DWV3-0511_dry_ASDFRa_AREF.gif,D:\usgs_splib07\../GIFplots/GIFplots_splib07a/plots_by_wavelength_region/range1_uv_to_visible/splib07a_Marsh_sediment_DWV3-0511_dry_ASDFRa_AREF_range1_uv_to_vis.gif,D:\usgs_splib07\../GIFplots/GIFplots_splib07a/plots_by_wavelength_region/range2_visible_to_swir/splib07a_Marsh_sediment_DWV3-0511_dry_ASDFRa_AREF_range2_vis_to_swir.gif,D:\usgs_splib07\../GIFplots/GIFplots_splib07a/plots_by_wavelength_region/range3_swir/splib07a_Marsh_sediment_DWV3-0511_dry_ASDFRa_AREF_range3_swir.gif,,,D:\usgs_splib07\../GIFplots/GIFplots_splib07a/splib07a_Wavelengths_ASD_0.35-2.5_microns_2151_ch.gif,D:\usgs_splib07\../GIFplots/GIFplots_splib07a/splib07a_Bandpass_(FWHM)_ASDFR_StandardResolution.gif
Marsh wrack DWV1-0511 NPV.a  ASDFRa AREF,D:\usgs_splib07\../HTMLmetadata/Marsh_wrack_DWV1-0511_NPV.a_ASDFRa_AREF.html,D:\usgs_splib07\../ASCIIdata/ASCIIdata_splib07a/ChapterV_Vegetation/splib07a_Marsh_wrack_DWV1-0511_NPV.a_ASDFRa_AREF.txt,,D:\usgs_splib07\../ASCIIdata/ASCIIdata_splib07a/splib07a_Wavelengths_ASD_0.35-2.5_microns_2151_ch.txt,D:\usgs_splib07\../ASCIIdata/ASCIIdata_splib07a/splib07a_Bandpass_(FWHM)_ASDFR_StandardResolution.txt,D:\usgs_splib07\../GIFplots/GIFplots_splib07a/ChapterV_Vegetation/splib07a_Marsh_wrack_DWV1-0511_NPV.a_ASDFRa_AREF.gif,D:\usgs_splib07\../GIFplots/GIFplots_splib07a/plots_by_wavelength_region/range1_uv_to_visible/splib07a_Marsh_wrack_DWV1-0511_NPV.a_ASDFRa_AREF_range1_uv_to_vis.gif,D:\usgs_splib07\../GIFplots/GIFplots_splib07a/plots_by_wavelength_region/range2_visible_to_swir/splib07a_Marsh_wrack_DWV1-0511_NPV.a_ASDFRa_AREF_range2_vis_to_swir.gif,D:\usgs_splib07\../GIFplots/GIFplots_splib07a/plots_by_wavelength_region/range3_swir/splib07a_Marsh_wrack_DWV1-0511_NPV.a_ASDFRa_AREF_range3_swir.gif,,,D:\usgs_splib07\../GIFplots/GIFplots_splib07a/splib07a_Wavelengths_ASD_0.35-2.5_microns_2151_ch.gif,D:\usgs_splib07\../GIFplots/GIFplots_splib07a/splib07a_Bandpass_(FWHM)_ASDFR_StandardResolution.gif
Marsh wrack DWV3-0511 dryNPV ASDFRa AREF,D:\usgs_splib07\../HTMLmetadata/Marsh_wrack_DWV3-0511_dryNPV_ASDFRa_AREF.html,D:\usgs_splib07\../ASCIIdata/ASCIIdata_splib07a/ChapterV_Vegetation/splib07a_Marsh_wrack_DWV3-0511_dryNPV_ASDFRa_AREF.txt,D:\usgs_splib07\../ASCIIdata/ASCIIdata_splib07a/errorbars/errorbars_for_splib07a_Marsh_wrack_DWV3-0511_dryNPV_ASDFRa_AREF.txt,D:\usgs_splib07\../ASCIIdata/ASCIIdata_splib07a/splib07a_Wavelengths_ASD_0.35-2.5_microns_2151_ch.txt,D:\usgs_splib07\../ASCIIdata/ASCIIdata_splib07a/splib07a_Bandpass_(FWHM)_ASDFR_StandardResolution.txt,D:\usgs_splib07\../GIFplots/GIFplots_splib07a/ChapterV_Vegetation/splib07a_Marsh_wrack_DWV3-0511_dryNPV_ASDFRa_AREF.gif,D:\usgs_splib07\../GIFplots/GIFplots_splib07a/plots_by_wavelength_region/range1_uv_to_visible/splib07a_Marsh_wrack_DWV3-0511_dryNPV_ASDFRa_AREF_range1_uv_to_vis.gif,D:\usgs_splib07\../GIFplots/GIFplots_splib07a/plots_by_wavelength_region/range2_visible_to_swir/splib07a_Marsh_wrack_DWV3-0511_dryNPV_ASDFRa_AREF_range2_vis_to_swir.gif,D:\usgs_splib07\../GIFplots/GIFplots_splib07a/plots_by_wavelength_region/range3_swir/splib07a_Marsh_wrack_DWV3-0511_dryNPV_ASDFRa_AREF_range3_swir.gif,,,D:\usgs_splib07\../GIFplots/GIFplots_splib07a/splib07a_Wavelengths_ASD_0.35-2.5_microns_2151_ch.gif,D:\usgs_splib07\../GIFplots/GIFplots_splib07a/splib07a_Bandpass_(FWHM)_ASDFR_StandardResolution.gif
Marsh water CRMS322v84a sunl ASDFRa AREF,D:\usgs_splib07\../HTMLmetadata/Marsh_water_CRMS322v84a_sunl_ASDFRa_AREF.html,D:\usgs_splib07\../ASCIIdata/ASCIIdata_splib07a/ChapterV_Vegetation/splib07a_Marsh_water_CRMS322v84a_sunl_ASDFRa_AREF.txt,D:\usgs_splib07\../ASCIIdata/ASCIIdata_splib07a/errorbars/errorbars_for_splib07a_Marsh_water_CRMS322v84a_sunl_ASDFRa_AREF.txt,D:\usgs_splib07\../ASCIIdata/ASCIIdata_splib07a/splib07a_Wavelengths_ASD_0.35-2.5_microns_2151_ch.txt,D:\usgs_splib07\../ASCIIdata/ASCIIdata_splib07a/splib07a_Bandpass_(FWHM)_ASDFR_StandardResolution.txt,D:\usgs_splib07\../GIFplots/GIFplots_splib07a/ChapterV_Vegetation/splib07a_Marsh_water_CRMS322v84a_sunl_ASDFRa_AREF.gif,D:\usgs_splib07\../GIFplots/GIFplots_splib07a/plots_by_wavelength_region/range1_uv_to_visible/splib07a_Marsh_water_CRMS322v84a_sunl_ASDFRa_AREF_range1_uv_to_vis.gif,D:\usgs_splib07\../GIFplots/GIFplots_splib07a/plots_by_wavelength_region/range2_visible_to_swir/splib07a_Marsh_water_CRMS322v84a_sunl_ASDFRa_AREF_range2_vis_to_swir.gif,D:\usgs_splib07\../GIFplots/GIFplots_splib07a/plots_by_wavelength_region/range3_swir/splib07a_Marsh_water_CRMS322v84a_sunl_ASDFRa_AREF_range3_swir.gif,,,D:\usgs_splib07\../GIFplots/GIFplots_splib07a/splib07a_Wavelengths_ASD_0.35-2.5_microns_2151_ch.gif,D:\usgs_splib07\../GIFplots/GIFplots_splib07a/splib07a_Bandpass_(FWHM)_ASDFR_StandardResolution.gif
Marsh water CRMS121v69-glint ASDFRa AREF,D:\usgs_splib07\../HTMLmetadata/Marsh_water_CRMS121v69-glint_ASDFRa_AREF.html,D:\usgs_splib07\../ASCIIdata/ASCIIdata_splib07a/ChapterV_Vegetation/splib07a_Marsh_water_CRMS121v69-glint_ASDFRa_AREF.txt,D:\usgs_splib07\../ASCIIdata/ASCIIdata_splib07a/errorbars/errorbars_for_splib07a_Marsh_water_CRMS121v69-glint_ASDFRa_AREF.txt,D:\usgs_splib07\../ASCIIdata/ASCIIdata_splib07a/splib07a_Wavelengths_ASD_0.35-2.5_microns_2151_ch.txt,D:\usgs_splib07\../ASCIIdata/ASCIIdata_splib07a/splib07a_Bandpass_(FWHM)_ASDFR_StandardResolution.txt,D:\usgs_splib07\../GIFplots/GIFplots_splib07a/ChapterV_Vegetation/splib07a_Marsh_water_CRMS121v69-glint_ASDFRa_AREF.gif,D:\usgs_splib07\../GIFplots/GIFplots_splib07a/plots_by_wavelength_region/range1_uv_to_visible/splib07a_Marsh_water_CRMS121v69-glint_ASDFRa_AREF_range1_uv_to_vis.gif,D:\usgs_splib07\../GIFplots/GIFplots_splib07a/plots_by_wavelength_region/range2_visible_to_swir/splib07a_Marsh_water_CRMS121v69-glint_ASDFRa_AREF_range2_vis_to_swir.gif,D:\usgs_splib07\../GIFplots/GIFplots_splib07a/plots_by_wavelength_region/range3_swir/splib07a_Marsh_water_CRMS121v69-glint_ASDFRa_AREF_range3_swir.gif,,,D:\usgs_splib07\../GIFplots/GIFplots_splib07a/splib07a_Wavelengths_ASD_0.35-2.5_microns_2151_ch.gif,D:\usgs_splib07\../GIFplots/GIFplots_splib07a/splib07a_Bandpass_(FWHM)_ASDFR_StandardResolution.gif
MarshWater CRMS121v69-NoGlnt ASDFRa AREF,D:\usgs_splib07\../HTMLmetadata/MarshWater_CRMS121v69-NoGlnt_ASDFRa_AREF.html,D:\usgs_splib07\../ASCIIdata/ASCIIdata_splib07a/ChapterV_Vegetation/splib07a_MarshWater_CRMS121v69-NoGlnt_ASDFRa_AREF.txt,D:\usgs_splib07\../ASCIIdata/ASCIIdata_splib07a/errorbars/errorbars_for_splib07a_MarshWater_CRMS121v69-NoGlnt_ASDFRa_AREF.txt,D:\usgs_splib07\../ASCIIdata/ASCIIdata_splib07a/splib07a_Wavelengths_ASD_0.35-2.5_microns_2151_ch.txt,D:\usgs_splib07\../ASCIIdata/ASCIIdata_splib07a/splib07a_Bandpass_(FWHM)_ASDFR_StandardResolution.txt,D:\usgs_splib07\../GIFplots/GIFplots_splib07a/ChapterV_Vegetation/splib07a_MarshWater_CRMS121v69-NoGlnt_ASDFRa_AREF.gif,D:\usgs_splib07\../GIFplots/GIFplots_splib07a/plots_by_wavelength_region/range1_uv_to_visible/splib07a_MarshWater_CRMS121v69-NoGlnt_ASDFRa_AREF_range1_uv_to_vis.gif,D:\usgs_splib07\../GIFplots/GIFplots_splib07a/plots_by_wavelength_region/range2_visible_to_swir/splib07a_MarshWater_CRMS121v69-NoGlnt_ASDFRa_AREF_range2_vis_to_swir.gif,D:\usgs_splib07\../GIFplots/GIFplots_splib07a/plots_by_wavelength_region/range3_swir/splib07a_MarshWater_CRMS121v69-NoGlnt_ASDFRa_AREF_range3_swir.gif,,,D:\usgs_splib07\../GIFplots/GIFplots_splib07a/splib07a_Wavelengths_ASD_0.35-2.5_microns_2151_ch.gif,D:\usgs_splib07\../GIFplots/GIFplots_splib07a/splib07a_Bandpass_(FWHM)_ASDFR_StandardResolution.gif
Rangeland C03-004 S08% G27%  ASDFRa AREF,D:\usgs_splib07\../HTMLmetadata/Rangeland_C03-004_S08%_G27%_ASDFRa_AREF.html,D:\usgs_splib07\../ASCIIdata/ASCIIdata_splib07a/ChapterV_Vegetation/splib07a_Rangeland_C03-004_S08%_G27%_ASDFRa_AREF.txt,,D:\usgs_splib07\../ASCIIdata/ASCIIdata_splib07a/splib07a_Wavelengths_ASD_0.35-2.5_microns_2151_ch.txt,D:\usgs_splib07\../ASCIIdata/ASCIIdata_splib07a/splib07a_Bandpass_(FWHM)_ASDFR_StandardResolution.txt,D:\usgs_splib07\../GIFplots/GIFplots_splib07a/ChapterV_Vegetation/splib07a_Rangeland_C03-004_S08%_G27%_ASDFRa_AREF.gif,D:\usgs_splib07\../GIFplots/GIFplots_splib07a/plots_by_wavelength_region/range1_uv_to_visible/splib07a_Rangeland_C03-004_S08%_G27%_ASDFRa_AREF_range1_uv_to_vis.gif,D:\usgs_splib07\../GIFplots/GIFplots_splib07a/plots_by_wavelength_region/range2_visible_to_swir/splib07a_Rangeland_C03-004_S08%_G27%_ASDFRa_AREF_range2_vis_to_swir.gif,D:\usgs_splib07\../GIFplots/GIFplots_splib07a/plots_by_wavelength_region/range3_swir/splib07a_Rangeland_C03-004_S08%_G27%_ASDFRa_AREF_range3_swir.gif,,,D:\usgs_splib07\../GIFplots/GIFplots_splib07a/splib07a_Wavelengths_ASD_0.35-2.5_microns_2151_ch.gif,D:\usgs_splib07\../GIFplots/GIFplots_splib07a/splib07a_Bandpass_(FWHM)_ASDFR_StandardResolution.gif
Rangeland C03-005 S25% G24%  ASDFRa AREF,D:\usgs_splib07\../HTMLmetadata/Rangeland_C03-005_S25%_G24%_ASDFRa_AREF.html,D:\usgs_splib07\../ASCIIdata/ASCIIdata_splib07a/ChapterV_Vegetation/splib07a_Rangeland_C03-005_S25%_G24%_ASDFRa_AREF.txt,,D:\usgs_splib07\../ASCIIdata/ASCIIdata_splib07a/splib07a_Wavelengths_ASD_0.35-2.5_microns_2151_ch.txt,D:\usgs_splib07\../ASCIIdata/ASCIIdata_splib07a/splib07a_Bandpass_(FWHM)_ASDFR_StandardResolution.txt,D:\usgs_splib07\../GIFplots/GIFplots_splib07a/ChapterV_Vegetation/splib07a_Rangeland_C03-005_S25%_G24%_ASDFRa_AREF.gif,D:\usgs_splib07\../GIFplots/GIFplots_splib07a/plots_by_wavelength_region/range1_uv_to_visible/splib07a_Rangeland_C03-005_S25%_G24%_ASDFRa_AREF_range1_uv_to_vis.gif,D:\usgs_splib07\../GIFplots/GIFplots_splib07a/plots_by_wavelength_region/range2_visible_to_swir/splib07a_Rangeland_C03-005_S25%_G24%_ASDFRa_AREF_range2_vis_to_swir.gif,D:\usgs_splib07\../GIFplots/GIFplots_splib07a/plots_by_wavelength_region/range3_swir/splib07a_Rangeland_C03-005_S25%_G24%_ASDFRa_AREF_range3_swir.gif,,,D:\usgs_splib07\../GIFplots/GIFplots_splib07a/splib07a_Wavelengths_ASD_0.35-2.5_microns_2151_ch.gif,D:\usgs_splib07\../GIFplots/GIFplots_splib07a/splib07a_Bandpass_(FWHM)_ASDFR_StandardResolution.gif
Rangeland C03-006 S01% G39%  ASDFRa AREF,D:\usgs_splib07\../HTMLmetadata/Rangeland_C03-006_S01%_G39%_ASDFRa_AREF.html,D:\usgs_splib07\../ASCIIdata/ASCIIdata_splib07a/ChapterV_Vegetation/splib07a_Rangeland_C03-006_S01%_G39%_ASDFRa_AREF.txt,,D:\usgs_splib07\../ASCIIdata/ASCIIdata_splib07a/splib07a_Wavelengths_ASD_0.35-2.5_microns_2151_ch.txt,D:\usgs_splib07\../ASCIIdata/ASCIIdata_splib07a/splib07a_Bandpass_(FWHM)_ASDFR_StandardResolution.txt,D:\usgs_splib07\../GIFplots/GIFplots_splib07a/ChapterV_Vegetation/splib07a_Rangeland_C03-006_S01%_G39%_ASDFRa_AREF.gif,D:\usgs_splib07\../GIFplots/GIFplots_splib07a/plots_by_wavelength_region/range1_uv_to_visible/splib07a_Rangeland_C03-006_S01%_G39%_ASDFRa_AREF_range1_uv_to_vis.gif,D:\usgs_splib07\../GIFplots/GIFplots_splib07a/plots_by_wavelength_region/range2_visible_to_swir/splib07a_Rangeland_C03-006_S01%_G39%_ASDFRa_AREF_range2_vis_to_swir.gif,D:\usgs_splib07\../GIFplots/GIFplots_splib07a/plots_by_wavelength_region/range3_swir/splib07a_Rangeland_C03-006_S01%_G39%_ASDFRa_AREF_range3_swir.gif,,,D:\usgs_splib07\../GIFplots/GIFplots_splib07a/splib07a_Wavelengths_ASD_0.35-2.5_microns_2151_ch.gif,D:\usgs_splib07\../GIFplots/GIFplots_splib07a/splib07a_Bandpass_(FWHM)_ASDFR_StandardResolution.gif
Rangeland C03-010 S12% G15%  ASDFRa AREF,D:\usgs_splib07\../HTMLmetadata/Rangeland_C03-010_S12%_G15%_ASDFRa_AREF.html,D:\usgs_splib07\../ASCIIdata/ASCIIdata_splib07a/ChapterV_Vegetation/splib07a_Rangeland_C03-010_S12%_G15%_ASDFRa_AREF.txt,,D:\usgs_splib07\../ASCIIdata/ASCIIdata_splib07a/splib07a_Wavelengths_ASD_0.35-2.5_microns_2151_ch.txt,D:\usgs_splib07\../ASCIIdata/ASCIIdata_splib07a/splib07a_Bandpass_(FWHM)_ASDFR_StandardResolution.txt,D:\usgs_splib07\../GIFplots/GIFplots_splib07a/ChapterV_Vegetation/splib07a_Rangeland_C03-010_S12%_G15%_ASDFRa_AREF.gif,D:\usgs_splib07\../GIFplots/GIFplots_splib07a/plots_by_wavelength_region/range1_uv_to_visible/splib07a_Rangeland_C03-010_S12%_G15%_ASDFRa_AREF_range1_uv_to_vis.gif,D:\usgs_splib07\../GIFplots/GIFplots_splib07a/plots_by_wavelength_region/range2_visible_to_swir/splib07a_Rangeland_C03-010_S12%_G15%_ASDFRa_AREF_range2_vis_to_swir.gif,D:\usgs_splib07\../GIFplots/GIFplots_splib07a/plots_by_wavelength_region/range3_swir/splib07a_Rangeland_C03-010_S12%_G15%_ASDFRa_AREF_range3_swir.gif,,,D:\usgs_splib07\../GIFplots/GIFplots_splib07a/splib07a_Wavelengths_ASD_0.35-2.5_microns_2151_ch.gif,D:\usgs_splib07\../GIFplots/GIFplots_splib07a/splib07a_Bandpass_(FWHM)_ASDFR_StandardResolution.gif
Rangeland C03-013 S06% G08%  ASDFRa AREF,D:\usgs_splib07\../HTMLmetadata/Rangeland_C03-013_S06%_G08%_ASDFRa_AREF.html,D:\usgs_splib07\../ASCIIdata/ASCIIdata_splib07a/ChapterV_Vegetation/splib07a_Rangeland_C03-013_S06%_G08%_ASDFRa_AREF.txt,,D:\usgs_splib07\../ASCIIdata/ASCIIdata_splib07a/splib07a_Wavelengths_ASD_0.35-2.5_microns_2151_ch.txt,D:\usgs_splib07\../ASCIIdata/ASCIIdata_splib07a/splib07a_Bandpass_(FWHM)_ASDFR_StandardResolution.txt,D:\usgs_splib07\../GIFplots/GIFplots_splib07a/ChapterV_Vegetation/splib07a_Rangeland_C03-013_S06%_G08%_ASDFRa_AREF.gif,D:\usgs_splib07\../GIFplots/GIFplots_splib07a/plots_by_wavelength_region/range1_uv_to_visible/splib07a_Rangeland_C03-013_S06%_G08%_ASDFRa_AREF_range1_uv_to_vis.gif,D:\usgs_splib07\../GIFplots/GIFplots_splib07a/plots_by_wavelength_region/range2_visible_to_swir/splib07a_Rangeland_C03-013_S06%_G08%_ASDFRa_AREF_range2_vis_to_swir.gif,D:\usgs_splib07\../GIFplots/GIFplots_splib07a/plots_by_wavelength_region/range3_swir/splib07a_Rangeland_C03-013_S06%_G08%_ASDFRa_AREF_range3_swir.gif,,,D:\usgs_splib07\../GIFplots/GIFplots_splib07a/splib07a_Wavelengths_ASD_0.35-2.5_microns_2151_ch.gif,D:\usgs_splib07\../GIFplots/GIFplots_splib07a/splib07a_Bandpass_(FWHM)_ASDFR_StandardResolution.gif
Rangeland C03-014 S26% G25%  ASDFRa AREF,D:\usgs_splib07\../HTMLmetadata/Rangeland_C03-014_S26%_G25%_ASDFRa_AREF.html,D:\usgs_splib07\../ASCIIdata/ASCIIdata_splib07a/ChapterV_Vegetation/splib07a_Rangeland_C03-014_S26%_G25%_ASDFRa_AREF.txt,,D:\usgs_splib07\../ASCIIdata/ASCIIdata_splib07a/splib07a_Wavelengths_ASD_0.35-2.5_microns_2151_ch.txt,D:\usgs_splib07\../ASCIIdata/ASCIIdata_splib07a/splib07a_Bandpass_(FWHM)_ASDFR_StandardResolution.txt,D:\usgs_splib07\../GIFplots/GIFplots_splib07a/ChapterV_Vegetation/splib07a_Rangeland_C03-014_S26%_G25%_ASDFRa_AREF.gif,D:\usgs_splib07\../GIFplots/GIFplots_splib07a/plots_by_wavelength_region/range1_uv_to_visible/splib07a_Rangeland_C03-014_S26%_G25%_ASDFRa_AREF_range1_uv_to_vis.gif,D:\usgs_splib07\../GIFplots/GIFplots_splib07a/plots_by_wavelength_region/range2_visible_to_swir/splib07a_Rangeland_C03-014_S26%_G25%_ASDFRa_AREF_range2_vis_to_swir.gif,D:\usgs_splib07\../GIFplots/GIFplots_splib07a/plots_by_wavelength_region/range3_swir/splib07a_Rangeland_C03-014_S26%_G25%_ASDFRa_AREF_range3_swir.gif,,,D:\usgs_splib07\../GIFplots/GIFplots_splib07a/splib07a_Wavelengths_ASD_0.35-2.5_microns_2151_ch.gif,D:\usgs_splib07\../GIFplots/GIFplots_splib07a/splib07a_Bandpass_(FWHM)_ASDFR_StandardResolution.gif
Rangeland C03-017 S20% G19%  ASDFRa AREF,D:\usgs_splib07\../HTMLmetadata/Rangeland_C03-017_S20%_G19%_ASDFRa_AREF.html,D:\usgs_splib07\../ASCIIdata/ASCIIdata_splib07a/ChapterV_Vegetation/splib07a_Rangeland_C03-017_S20%_G19%_ASDFRa_AREF.txt,,D:\usgs_splib07\../ASCIIdata/ASCIIdata_splib07a/splib07a_Wavelengths_ASD_0.35-2.5_microns_2151_ch.txt,D:\usgs_splib07\../ASCIIdata/ASCIIdata_splib07a/splib07a_Bandpass_(FWHM)_ASDFR_StandardResolution.txt,D:\usgs_splib07\../GIFplots/GIFplots_splib07a/ChapterV_Vegetation/splib07a_Rangeland_C03-017_S20%_G19%_ASDFRa_AREF.gif,D:\usgs_splib07\../GIFplots/GIFplots_splib07a/plots_by_wavelength_region/range1_uv_to_visible/splib07a_Rangeland_C03-017_S20%_G19%_ASDFRa_AREF_range1_uv_to_vis.gif,D:\usgs_splib07\../GIFplots/GIFplots_splib07a/plots_by_wavelength_region/range2_visible_to_swir/splib07a_Rangeland_C03-017_S20%_G19%_ASDFRa_AREF_range2_vis_to_swir.gif,D:\usgs_splib07\../GIFplots/GIFplots_splib07a/plots_by_wavelength_region/range3_swir/splib07a_Rangeland_C03-017_S20%_G19%_ASDFRa_AREF_range3_swir.gif,,,D:\usgs_splib07\../GIFplots/GIFplots_splib07a/splib07a_Wavelengths_ASD_0.35-2.5_microns_2151_ch.gif,D:\usgs_splib07\../GIFplots/GIFplots_splib07a/splib07a_Bandpass_(FWHM)_ASDFR_StandardResolution.gif
Rangeland C03-019 S20% G14%  ASDFRa AREF,D:\usgs_splib07\../HTMLmetadata/Rangeland_C03-019_S20%_G14%_ASDFRa_AREF.html,D:\usgs_splib07\../ASCIIdata/ASCIIdata_splib07a/ChapterV_Vegetation/splib07a_Rangeland_C03-019_S20%_G14%_ASDFRa_AREF.txt,,D:\usgs_splib07\../ASCIIdata/ASCIIdata_splib07a/splib07a_Wavelengths_ASD_0.35-2.5_microns_2151_ch.txt,D:\usgs_splib07\../ASCIIdata/ASCIIdata_splib07a/splib07a_Bandpass_(FWHM)_ASDFR_StandardResolution.txt,D:\usgs_splib07\../GIFplots/GIFplots_splib07a/ChapterV_Vegetation/splib07a_Rangeland_C03-019_S20%_G14%_ASDFRa_AREF.gif,D:\usgs_splib07\../GIFplots/GIFplots_splib07a/plots_by_wavelength_region/range1_uv_to_visible/splib07a_Rangeland_C03-019_S20%_G14%_ASDFRa_AREF_range1_uv_to_vis.gif,D:\usgs_splib07\../GIFplots/GIFplots_splib07a/plots_by_wavelength_region/range2_visible_to_swir/splib07a_Rangeland_C03-019_S20%_G14%_ASDFRa_AREF_range2_vis_to_swir.gif,D:\usgs_splib07\../GIFplots/GIFplots_splib07a/plots_by_wavelength_region/range3_swir/splib07a_Rangeland_C03-019_S20%_G14%_ASDFRa_AREF_range3_swir.gif,,,D:\usgs_splib07\../GIFplots/GIFplots_splib07a/splib07a_Wavelengths_ASD_0.35-2.5_microns_2151_ch.gif,D:\usgs_splib07\../GIFplots/GIFplots_splib07a/splib07a_Bandpass_(FWHM)_ASDFR_StandardResolution.gif
Rangeland C03-021 S11% G07%  ASDFRa AREF,D:\usgs_splib07\../HTMLmetadata/Rangeland_C03-021_S11%_G07%_ASDFRa_AREF.html,D:\usgs_splib07\../ASCIIdata/ASCIIdata_splib07a/ChapterV_Vegetation/splib07a_Rangeland_C03-021_S11%_G07%_ASDFRa_AREF.txt,,D:\usgs_splib07\../ASCIIdata/ASCIIdata_splib07a/splib07a_Wavelengths_ASD_0.35-2.5_microns_2151_ch.txt,D:\usgs_splib07\../ASCIIdata/ASCIIdata_splib07a/splib07a_Bandpass_(FWHM)_ASDFR_StandardResolution.txt,D:\usgs_splib07\../GIFplots/GIFplots_splib07a/ChapterV_Vegetation/splib07a_Rangeland_C03-021_S11%_G07%_ASDFRa_AREF.gif,D:\usgs_splib07\../GIFplots/GIFplots_splib07a/plots_by_wavelength_region/range1_uv_to_visible/splib07a_Rangeland_C03-021_S11%_G07%_ASDFRa_AREF_range1_uv_to_vis.gif,D:\usgs_splib07\../GIFplots/GIFplots_splib07a/plots_by_wavelength_region/range2_visible_to_swir/splib07a_Rangeland_C03-021_S11%_G07%_ASDFRa_AREF_range2_vis_to_swir.gif,D:\usgs_splib07\../GIFplots/GIFplots_splib07a/plots_by_wavelength_region/range3_swir/splib07a_Rangeland_C03-021_S11%_G07%_ASDFRa_AREF_range3_swir.gif,,,D:\usgs_splib07\../GIFplots/GIFplots_splib07a/splib07a_Wavelengths_ASD_0.35-2.5_microns_2151_ch.gif,D:\usgs_splib07\../GIFplots/GIFplots_splib07a/splib07a_Bandpass_(FWHM)_ASDFR_StandardResolution.gif
Rangeland C03-022 S12% G22%  ASDFRa AREF,D:\usgs_splib07\../HTMLmetadata/Rangeland_C03-022_S12%_G22%_ASDFRa_AREF.html,D:\usgs_splib07\../ASCIIdata/ASCIIdata_splib07a/ChapterV_Vegetation/splib07a_Rangeland_C03-022_S12%_G22%_ASDFRa_AREF.txt,,D:\usgs_splib07\../ASCIIdata/ASCIIdata_splib07a/splib07a_Wavelengths_ASD_0.35-2.5_microns_2151_ch.txt,D:\usgs_splib07\../ASCIIdata/ASCIIdata_splib07a/splib07a_Bandpass_(FWHM)_ASDFR_StandardResolution.txt,D:\usgs_splib07\../GIFplots/GIFplots_splib07a/ChapterV_Vegetation/splib07a_Rangeland_C03-022_S12%_G22%_ASDFRa_AREF.gif,D:\usgs_splib07\../GIFplots/GIFplots_splib07a/plots_by_wavelength_region/range1_uv_to_visible/splib07a_Rangeland_C03-022_S12%_G22%_ASDFRa_AREF_range1_uv_to_vis.gif,D:\usgs_splib07\../GIFplots/GIFplots_splib07a/plots_by_wavelength_region/range2_visible_to_swir/splib07a_Rangeland_C03-022_S12%_G22%_ASDFRa_AREF_range2_vis_to_swir.gif,D:\usgs_splib07\../GIFplots/GIFplots_splib07a/plots_by_wavelength_region/range3_swir/splib07a_Rangeland_C03-022_S12%_G22%_ASDFRa_AREF_range3_swir.gif,,,D:\usgs_splib07\../GIFplots/GIFplots_splib07a/splib07a_Wavelengths_ASD_0.35-2.5_microns_2151_ch.gif,D:\usgs_splib07\../GIFplots/GIFplots_splib07a/splib07a_Bandpass_(FWHM)_ASDFR_StandardResolution.gif
Rangeland C03-027 S27% G19%  ASDFRa AREF,D:\usgs_splib07\../HTMLmetadata/Rangeland_C03-027_S27%_G19%_ASDFRa_AREF.html,D:\usgs_splib07\../ASCIIdata/ASCIIdata_splib07a/ChapterV_Vegetation/splib07a_Rangeland_C03-027_S27%_G19%_ASDFRa_AREF.txt,,D:\usgs_splib07\../ASCIIdata/ASCIIdata_splib07a/splib07a_Wavelengths_ASD_0.35-2.5_microns_2151_ch.txt,D:\usgs_splib07\../ASCIIdata/ASCIIdata_splib07a/splib07a_Bandpass_(FWHM)_ASDFR_StandardResolution.txt,D:\usgs_splib07\../GIFplots/GIFplots_splib07a/ChapterV_Vegetation/splib07a_Rangeland_C03-027_S27%_G19%_ASDFRa_AREF.gif,D:\usgs_splib07\../GIFplots/GIFplots_splib07a/plots_by_wavelength_region/range1_uv_to_visible/splib07a_Rangeland_C03-027_S27%_G19%_ASDFRa_AREF_range1_uv_to_vis.gif,D:\usgs_splib07\../GIFplots/GIFplots_splib07a/plots_by_wavelength_region/range2_visible_to_swir/splib07a_Rangeland_C03-027_S27%_G19%_ASDFRa_AREF_range2_vis_to_swir.gif,D:\usgs_splib07\../GIFplots/GIFplots_splib07a/plots_by_wavelength_region/range3_swir/splib07a_Rangeland_C03-027_S27%_G19%_ASDFRa_AREF_range3_swir.gif,,,D:\usgs_splib07\../GIFplots/GIFplots_splib07a/splib07a_Wavelengths_ASD_0.35-2.5_microns_2151_ch.gif,D:\usgs_splib07\../GIFplots/GIFplots_splib07a/splib07a_Bandpass_(FWHM)_ASDFR_StandardResolution.gif
Rangeland C03-031 S15% G14%  ASDFRa AREF,D:\usgs_splib07\../HTMLmetadata/Rangeland_C03-031_S15%_G14%_ASDFRa_AREF.html,D:\usgs_splib07\../ASCIIdata/ASCIIdata_splib07a/ChapterV_Vegetation/splib07a_Rangeland_C03-031_S15%_G14%_ASDFRa_AREF.txt,,D:\usgs_splib07\../ASCIIdata/ASCIIdata_splib07a/splib07a_Wavelengths_ASD_0.35-2.5_microns_2151_ch.txt,D:\usgs_splib07\../ASCIIdata/ASCIIdata_splib07a/splib07a_Bandpass_(FWHM)_ASDFR_StandardResolution.txt,D:\usgs_splib07\../GIFplots/GIFplots_splib07a/ChapterV_Vegetation/splib07a_Rangeland_C03-031_S15%_G14%_ASDFRa_AREF.gif,D:\usgs_splib07\../GIFplots/GIFplots_splib07a/plots_by_wavelength_region/range1_uv_to_visible/splib07a_Rangeland_C03-031_S15%_G14%_ASDFRa_AREF_range1_uv_to_vis.gif,D:\usgs_splib07\../GIFplots/GIFplots_splib07a/plots_by_wavelength_region/range2_visible_to_swir/splib07a_Rangeland_C03-031_S15%_G14%_ASDFRa_AREF_range2_vis_to_swir.gif,D:\usgs_splib07\../GIFplots/GIFplots_splib07a/plots_by_wavelength_region/range3_swir/splib07a_Rangeland_C03-031_S15%_G14%_ASDFRa_AREF_range3_swir.gif,,,D:\usgs_splib07\../GIFplots/GIFplots_splib07a/splib07a_Wavelengths_ASD_0.35-2.5_microns_2151_ch.gif,D:\usgs_splib07\../GIFplots/GIFplots_splib07a/splib07a_Bandpass_(FWHM)_ASDFR_StandardResolution.gif
Rangeland C03-032 S34% G15%  ASDFRa AREF,D:\usgs_splib07\../HTMLmetadata/Rangeland_C03-032_S34%_G15%_ASDFRa_AREF.html,D:\usgs_splib07\../ASCIIdata/ASCIIdata_splib07a/ChapterV_Vegetation/splib07a_Rangeland_C03-032_S34%_G15%_ASDFRa_AREF.txt,,D:\usgs_splib07\../ASCIIdata/ASCIIdata_splib07a/splib07a_Wavelengths_ASD_0.35-2.5_microns_2151_ch.txt,D:\usgs_splib07\../ASCIIdata/ASCIIdata_splib07a/splib07a_Bandpass_(FWHM)_ASDFR_StandardResolution.txt,D:\usgs_splib07\../GIFplots/GIFplots_splib07a/ChapterV_Vegetation/splib07a_Rangeland_C03-032_S34%_G15%_ASDFRa_AREF.gif,D:\usgs_splib07\../GIFplots/GIFplots_splib07a/plots_by_wavelength_region/range1_uv_to_visible/splib07a_Rangeland_C03-032_S34%_G15%_ASDFRa_AREF_range1_uv_to_vis.gif,D:\usgs_splib07\../GIFplots/GIFplots_splib07a/plots_by_wavelength_region/range2_visible_to_swir/splib07a_Rangeland_C03-032_S34%_G15%_ASDFRa_AREF_range2_vis_to_swir.gif,D:\usgs_splib07\../GIFplots/GIFplots_splib07a/plots_by_wavelength_region/range3_swir/splib07a_Rangeland_C03-032_S34%_G15%_ASDFRa_AREF_range3_swir.gif,,,D:\usgs_splib07\../GIFplots/GIFplots_splib07a/splib07a_Wavelengths_ASD_0.35-2.5_microns_2151_ch.gif,D:\usgs_splib07\../GIFplots/GIFplots_splib07a/splib07a_Bandpass_(FWHM)_ASDFR_StandardResolution.gif
Rangeland C03-037 S37% G13%  ASDFRa AREF,D:\usgs_splib07\../HTMLmetadata/Rangeland_C03-037_S37%_G13%_ASDFRa_AREF.html,D:\usgs_splib07\../ASCIIdata/ASCIIdata_splib07a/ChapterV_Vegetation/splib07a_Rangeland_C03-037_S37%_G13%_ASDFRa_AREF.txt,,D:\usgs_splib07\../ASCIIdata/ASCIIdata_splib07a/splib07a_Wavelengths_ASD_0.35-2.5_microns_2151_ch.txt,D:\usgs_splib07\../ASCIIdata/ASCIIdata_splib07a/splib07a_Bandpass_(FWHM)_ASDFR_StandardResolution.txt,D:\usgs_splib07\../GIFplots/GIFplots_splib07a/ChapterV_Vegetation/splib07a_Rangeland_C03-037_S37%_G13%_ASDFRa_AREF.gif,D:\usgs_splib07\../GIFplots/GIFplots_splib07a/plots_by_wavelength_region/range1_uv_to_visible/splib07a_Rangeland_C03-037_S37%_G13%_ASDFRa_AREF_range1_uv_to_vis.gif,D:\usgs_splib07\../GIFplots/GIFplots_splib07a/plots_by_wavelength_region/range2_visible_to_swir/splib07a_Rangeland_C03-037_S37%_G13%_ASDFRa_AREF_range2_vis_to_swir.gif,D:\usgs_splib07\../GIFplots/GIFplots_splib07a/plots_by_wavelength_region/range3_swir/splib07a_Rangeland_C03-037_S37%_G13%_ASDFRa_AREF_range3_swir.gif,,,D:\usgs_splib07\../GIFplots/GIFplots_splib07a/splib07a_Wavelengths_ASD_0.35-2.5_microns_2151_ch.gif,D:\usgs_splib07\../GIFplots/GIFplots_splib07a/splib07a_Bandpass_(FWHM)_ASDFR_StandardResolution.gif
Rangeland C03-041 S15% G06%  ASDFRa AREF,D:\usgs_splib07\../HTMLmetadata/Rangeland_C03-041_S15%_G06%_ASDFRa_AREF.html,D:\usgs_splib07\../ASCIIdata/ASCIIdata_splib07a/ChapterV_Vegetation/splib07a_Rangeland_C03-041_S15%_G06%_ASDFRa_AREF.txt,,D:\usgs_splib07\../ASCIIdata/ASCIIdata_splib07a/splib07a_Wavelengths_ASD_0.35-2.5_microns_2151_ch.txt,D:\usgs_splib07\../ASCIIdata/ASCIIdata_splib07a/splib07a_Bandpass_(FWHM)_ASDFR_StandardResolution.txt,D:\usgs_splib07\../GIFplots/GIFplots_splib07a/ChapterV_Vegetation/splib07a_Rangeland_C03-041_S15%_G06%_ASDFRa_AREF.gif,D:\usgs_splib07\../GIFplots/GIFplots_splib07a/plots_by_wavelength_region/range1_uv_to_visible/splib07a_Rangeland_C03-041_S15%_G06%_ASDFRa_AREF_range1_uv_to_vis.gif,D:\usgs_splib07\../GIFplots/GIFplots_splib07a/plots_by_wavelength_region/range2_visible_to_swir/splib07a_Rangeland_C03-041_S15%_G06%_ASDFRa_AREF_range2_vis_to_swir.gif,D:\usgs_splib07\../GIFplots/GIFplots_splib07a/plots_by_wavelength_region/range3_swir/splib07a_Rangeland_C03-041_S15%_G06%_ASDFRa_AREF_range3_swir.gif,,,D:\usgs_splib07\../GIFplots/GIFplots_splib07a/splib07a_Wavelengths_ASD_0.35-2.5_microns_2151_ch.gif,D:\usgs_splib07\../GIFplots/GIFplots_splib07a/splib07a_Bandpass_(FWHM)_ASDFR_StandardResolution.gif
Rangeland C03-047 S09% G12%  ASDFRa AREF,D:\usgs_splib07\../HTMLmetadata/Rangeland_C03-047_S09%_G12%_ASDFRa_AREF.html,D:\usgs_splib07\../ASCIIdata/ASCIIdata_splib07a/ChapterV_Vegetation/splib07a_Rangeland_C03-047_S09%_G12%_ASDFRa_AREF.txt,,D:\usgs_splib07\../ASCIIdata/ASCIIdata_splib07a/splib07a_Wavelengths_ASD_0.35-2.5_microns_2151_ch.txt,D:\usgs_splib07\../ASCIIdata/ASCIIdata_splib07a/splib07a_Bandpass_(FWHM)_ASDFR_StandardResolution.txt,D:\usgs_splib07\../GIFplots/GIFplots_splib07a/ChapterV_Vegetation/splib07a_Rangeland_C03-047_S09%_G12%_ASDFRa_AREF.gif,D:\usgs_splib07\../GIFplots/GIFplots_splib07a/plots_by_wavelength_region/range1_uv_to_visible/splib07a_Rangeland_C03-047_S09%_G12%_ASDFRa_AREF_range1_uv_to_vis.gif,D:\usgs_splib07\../GIFplots/GIFplots_splib07a/plots_by_wavelength_region/range2_visible_to_swir/splib07a_Rangeland_C03-047_S09%_G12%_ASDFRa_AREF_range2_vis_to_swir.gif,D:\usgs_splib07\../GIFplots/GIFplots_splib07a/plots_by_wavelength_region/range3_swir/splib07a_Rangeland_C03-047_S09%_G12%_ASDFRa_AREF_range3_swir.gif,,,D:\usgs_splib07\../GIFplots/GIFplots_splib07a/splib07a_Wavelengths_ASD_0.35-2.5_microns_2151_ch.gif,D:\usgs_splib07\../GIFplots/GIFplots_splib07a/splib07a_Bandpass_(FWHM)_ASDFR_StandardResolution.gif
Rangeland C03-050 S18% G12%  ASDFRa AREF,D:\usgs_splib07\../HTMLmetadata/Rangeland_C03-050_S18%_G12%_ASDFRa_AREF.html,D:\usgs_splib07\../ASCIIdata/ASCIIdata_splib07a/ChapterV_Vegetation/splib07a_Rangeland_C03-050_S18%_G12%_ASDFRa_AREF.txt,,D:\usgs_splib07\../ASCIIdata/ASCIIdata_splib07a/splib07a_Wavelengths_ASD_0.35-2.5_microns_2151_ch.txt,D:\usgs_splib07\../ASCIIdata/ASCIIdata_splib07a/splib07a_Bandpass_(FWHM)_ASDFR_StandardResolution.txt,D:\usgs_splib07\../GIFplots/GIFplots_splib07a/ChapterV_Vegetation/splib07a_Rangeland_C03-050_S18%_G12%_ASDFRa_AREF.gif,D:\usgs_splib07\../GIFplots/GIFplots_splib07a/plots_by_wavelength_region/range1_uv_to_visible/splib07a_Rangeland_C03-050_S18%_G12%_ASDFRa_AREF_range1_uv_to_vis.gif,D:\usgs_splib07\../GIFplots/GIFplots_splib07a/plots_by_wavelength_region/range2_visible_to_swir/splib07a_Rangeland_C03-050_S18%_G12%_ASDFRa_AREF_range2_vis_to_swir.gif,D:\usgs_splib07\../GIFplots/GIFplots_splib07a/plots_by_wavelength_region/range3_swir/splib07a_Rangeland_C03-050_S18%_G12%_ASDFRa_AREF_range3_swir.gif,,,D:\usgs_splib07\../GIFplots/GIFplots_splib07a/splib07a_Wavelengths_ASD_0.35-2.5_microns_2151_ch.gif,D:\usgs_splib07\../GIFplots/GIFplots_splib07a/splib07a_Bandpass_(FWHM)_ASDFR_StandardResolution.gif
Rangeland C03-052 S22% G24%  ASDFRa AREF,D:\usgs_splib07\../HTMLmetadata/Rangeland_C03-052_S22%_G24%_ASDFRa_AREF.html,D:\usgs_splib07\../ASCIIdata/ASCIIdata_splib07a/ChapterV_Vegetation/splib07a_Rangeland_C03-052_S22%_G24%_ASDFRa_AREF.txt,,D:\usgs_splib07\../ASCIIdata/ASCIIdata_splib07a/splib07a_Wavelengths_ASD_0.35-2.5_microns_2151_ch.txt,D:\usgs_splib07\../ASCIIdata/ASCIIdata_splib07a/splib07a_Bandpass_(FWHM)_ASDFR_StandardResolution.txt,D:\usgs_splib07\../GIFplots/GIFplots_splib07a/ChapterV_Vegetation/splib07a_Rangeland_C03-052_S22%_G24%_ASDFRa_AREF.gif,D:\usgs_splib07\../GIFplots/GIFplots_splib07a/plots_by_wavelength_region/range1_uv_to_visible/splib07a_Rangeland_C03-052_S22%_G24%_ASDFRa_AREF_range1_uv_to_vis.gif,D:\usgs_splib07\../GIFplots/GIFplots_splib07a/plots_by_wavelength_region/range2_visible_to_swir/splib07a_Rangeland_C03-052_S22%_G24%_ASDFRa_AREF_range2_vis_to_swir.gif,D:\usgs_splib07\../GIFplots/GIFplots_splib07a/plots_by_wavelength_region/range3_swir/splib07a_Rangeland_C03-052_S22%_G24%_ASDFRa_AREF_range3_swir.gif,,,D:\usgs_splib07\../GIFplots/GIFplots_splib07a/splib07a_Wavelengths_ASD_0.35-2.5_microns_2151_ch.gif,D:\usgs_splib07\../GIFplots/GIFplots_splib07a/splib07a_Bandpass_(FWHM)_ASDFR_StandardResolution.gif
Rangeland C03-066 S11% G17%  ASDFRa AREF,D:\usgs_splib07\../HTMLmetadata/Rangeland_C03-066_S11%_G17%_ASDFRa_AREF.html,D:\usgs_splib07\../ASCIIdata/ASCIIdata_splib07a/ChapterV_Vegetation/splib07a_Rangeland_C03-066_S11%_G17%_ASDFRa_AREF.txt,,D:\usgs_splib07\../ASCIIdata/ASCIIdata_splib07a/splib07a_Wavelengths_ASD_0.35-2.5_microns_2151_ch.txt,D:\usgs_splib07\../ASCIIdata/ASCIIdata_splib07a/splib07a_Bandpass_(FWHM)_ASDFR_StandardResolution.txt,D:\usgs_splib07\../GIFplots/GIFplots_splib07a/ChapterV_Vegetation/splib07a_Rangeland_C03-066_S11%_G17%_ASDFRa_AREF.gif,D:\usgs_splib07\../GIFplots/GIFplots_splib07a/plots_by_wavelength_region/range1_uv_to_visible/splib07a_Rangeland_C03-066_S11%_G17%_ASDFRa_AREF_range1_uv_to_vis.gif,D:\usgs_splib07\../GIFplots/GIFplots_splib07a/plots_by_wavelength_region/range2_visible_to_swir/splib07a_Rangeland_C03-066_S11%_G17%_ASDFRa_AREF_range2_vis_to_swir.gif,D:\usgs_splib07\../GIFplots/GIFplots_splib07a/plots_by_wavelength_region/range3_swir/splib07a_Rangeland_C03-066_S11%_G17%_ASDFRa_AREF_range3_swir.gif,,,D:\usgs_splib07\../GIFplots/GIFplots_splib07a/splib07a_Wavelengths_ASD_0.35-2.5_microns_2151_ch.gif,D:\usgs_splib07\../GIFplots/GIFplots_splib07a/splib07a_Bandpass_(FWHM)_ASDFR_StandardResolution.gif
Rangeland C03-068 S05% G43%  ASDFRa AREF,D:\usgs_splib07\../HTMLmetadata/Rangeland_C03-068_S05%_G43%_ASDFRa_AREF.html,D:\usgs_splib07\../ASCIIdata/ASCIIdata_splib07a/ChapterV_Vegetation/splib07a_Rangeland_C03-068_S05%_G43%_ASDFRa_AREF.txt,,D:\usgs_splib07\../ASCIIdata/ASCIIdata_splib07a/splib07a_Wavelengths_ASD_0.35-2.5_microns_2151_ch.txt,D:\usgs_splib07\../ASCIIdata/ASCIIdata_splib07a/splib07a_Bandpass_(FWHM)_ASDFR_StandardResolution.txt,D:\usgs_splib07\../GIFplots/GIFplots_splib07a/ChapterV_Vegetation/splib07a_Rangeland_C03-068_S05%_G43%_ASDFRa_AREF.gif,D:\usgs_splib07\../GIFplots/GIFplots_splib07a/plots_by_wavelength_region/range1_uv_to_visible/splib07a_Rangeland_C03-068_S05%_G43%_ASDFRa_AREF_range1_uv_to_vis.gif,D:\usgs_splib07\../GIFplots/GIFplots_splib07a/plots_by_wavelength_region/range2_visible_to_swir/splib07a_Rangeland_C03-068_S05%_G43%_ASDFRa_AREF_range2_vis_to_swir.gif,D:\usgs_splib07\../GIFplots/GIFplots_splib07a/plots_by_wavelength_region/range3_swir/splib07a_Rangeland_C03-068_S05%_G43%_ASDFRa_AREF_range3_swir.gif,,,D:\usgs_splib07\../GIFplots/GIFplots_splib07a/splib07a_Wavelengths_ASD_0.35-2.5_microns_2151_ch.gif,D:\usgs_splib07\../GIFplots/GIFplots_splib07a/splib07a_Bandpass_(FWHM)_ASDFR_StandardResolution.gif
Rangeland C03-070 S02% G31%  ASDFRa AREF,D:\usgs_splib07\../HTMLmetadata/Rangeland_C03-070_S02%_G31%_ASDFRa_AREF.html,D:\usgs_splib07\../ASCIIdata/ASCIIdata_splib07a/ChapterV_Vegetation/splib07a_Rangeland_C03-070_S02%_G31%_ASDFRa_AREF.txt,,D:\usgs_splib07\../ASCIIdata/ASCIIdata_splib07a/splib07a_Wavelengths_ASD_0.35-2.5_microns_2151_ch.txt,D:\usgs_splib07\../ASCIIdata/ASCIIdata_splib07a/splib07a_Bandpass_(FWHM)_ASDFR_StandardResolution.txt,D:\usgs_splib07\../GIFplots/GIFplots_splib07a/ChapterV_Vegetation/splib07a_Rangeland_C03-070_S02%_G31%_ASDFRa_AREF.gif,D:\usgs_splib07\../GIFplots/GIFplots_splib07a/plots_by_wavelength_region/range1_uv_to_visible/splib07a_Rangeland_C03-070_S02%_G31%_ASDFRa_AREF_range1_uv_to_vis.gif,D:\usgs_splib07\../GIFplots/GIFplots_splib07a/plots_by_wavelength_region/range2_visible_to_swir/splib07a_Rangeland_C03-070_S02%_G31%_ASDFRa_AREF_range2_vis_to_swir.gif,D:\usgs_splib07\../GIFplots/GIFplots_splib07a/plots_by_wavelength_region/range3_swir/splib07a_Rangeland_C03-070_S02%_G31%_ASDFRa_AREF_range3_swir.gif,,,D:\usgs_splib07\../GIFplots/GIFplots_splib07a/splib07a_Wavelengths_ASD_0.35-2.5_microns_2151_ch.gif,D:\usgs_splib07\../GIFplots/GIFplots_splib07a/splib07a_Bandpass_(FWHM)_ASDFR_StandardResolution.gif
Rangeland C03-073 S30% G24%  ASDFRa AREF,D:\usgs_splib07\../HTMLmetadata/Rangeland_C03-073_S30%_G24%_ASDFRa_AREF.html,D:\usgs_splib07\../ASCIIdata/ASCIIdata_splib07a/ChapterV_Vegetation/splib07a_Rangeland_C03-073_S30%_G24%_ASDFRa_AREF.txt,,D:\usgs_splib07\../ASCIIdata/ASCIIdata_splib07a/splib07a_Wavelengths_ASD_0.35-2.5_microns_2151_ch.txt,D:\usgs_splib07\../ASCIIdata/ASCIIdata_splib07a/splib07a_Bandpass_(FWHM)_ASDFR_StandardResolution.txt,D:\usgs_splib07\../GIFplots/GIFplots_splib07a/ChapterV_Vegetation/splib07a_Rangeland_C03-073_S30%_G24%_ASDFRa_AREF.gif,D:\usgs_splib07\../GIFplots/GIFplots_splib07a/plots_by_wavelength_region/range1_uv_to_visible/splib07a_Rangeland_C03-073_S30%_G24%_ASDFRa_AREF_range1_uv_to_vis.gif,D:\usgs_splib07\../GIFplots/GIFplots_splib07a/plots_by_wavelength_region/range2_visible_to_swir/splib07a_Rangeland_C03-073_S30%_G24%_ASDFRa_AREF_range2_vis_to_swir.gif,D:\usgs_splib07\../GIFplots/GIFplots_splib07a/plots_by_wavelength_region/range3_swir/splib07a_Rangeland_C03-073_S30%_G24%_ASDFRa_AREF_range3_swir.gif,,,D:\usgs_splib07\../GIFplots/GIFplots_splib07a/splib07a_Wavelengths_ASD_0.35-2.5_microns_2151_ch.gif,D:\usgs_splib07\../GIFplots/GIFplots_splib07a/splib07a_Bandpass_(FWHM)_ASDFR_StandardResolution.gif
Rangeland C03-074 S24% G16%  ASDFRa AREF,D:\usgs_splib07\../HTMLmetadata/Rangeland_C03-074_S24%_G16%_ASDFRa_AREF.html,D:\usgs_splib07\../ASCIIdata/ASCIIdata_splib07a/ChapterV_Vegetation/splib07a_Rangeland_C03-074_S24%_G16%_ASDFRa_AREF.txt,,D:\usgs_splib07\../ASCIIdata/ASCIIdata_splib07a/splib07a_Wavelengths_ASD_0.35-2.5_microns_2151_ch.txt,D:\usgs_splib07\../ASCIIdata/ASCIIdata_splib07a/splib07a_Bandpass_(FWHM)_ASDFR_StandardResolution.txt,D:\usgs_splib07\../GIFplots/GIFplots_splib07a/ChapterV_Vegetation/splib07a_Rangeland_C03-074_S24%_G16%_ASDFRa_AREF.gif,D:\usgs_splib07\../GIFplots/GIFplots_splib07a/plots_by_wavelength_region/range1_uv_to_visible/splib07a_Rangeland_C03-074_S24%_G16%_ASDFRa_AREF_range1_uv_to_vis.gif,D:\usgs_splib07\../GIFplots/GIFplots_splib07a/plots_by_wavelength_region/range2_visible_to_swir/splib07a_Rangeland_C03-074_S24%_G16%_ASDFRa_AREF_range2_vis_to_swir.gif,D:\usgs_splib07\../GIFplots/GIFplots_splib07a/plots_by_wavelength_region/range3_swir/splib07a_Rangeland_C03-074_S24%_G16%_ASDFRa_AREF_range3_swir.gif,,,D:\usgs_splib07\../GIFplots/GIFplots_splib07a/splib07a_Wavelengths_ASD_0.35-2.5_microns_2151_ch.gif,D:\usgs_splib07\../GIFplots/GIFplots_splib07a/splib07a_Bandpass_(FWHM)_ASDFR_StandardResolution.gif
Rangeland C03-076 S13% G13%  ASDFRa AREF,D:\usgs_splib07\../HTMLmetadata/Rangeland_C03-076_S13%_G13%_ASDFRa_AREF.html,D:\usgs_splib07\../ASCIIdata/ASCIIdata_splib07a/ChapterV_Vegetation/splib07a_Rangeland_C03-076_S13%_G13%_ASDFRa_AREF.txt,,D:\usgs_splib07\../ASCIIdata/ASCIIdata_splib07a/splib07a_Wavelengths_ASD_0.35-2.5_microns_2151_ch.txt,D:\usgs_splib07\../ASCIIdata/ASCIIdata_splib07a/splib07a_Bandpass_(FWHM)_ASDFR_StandardResolution.txt,D:\usgs_splib07\../GIFplots/GIFplots_splib07a/ChapterV_Vegetation/splib07a_Rangeland_C03-076_S13%_G13%_ASDFRa_AREF.gif,D:\usgs_splib07\../GIFplots/GIFplots_splib07a/plots_by_wavelength_region/range1_uv_to_visible/splib07a_Rangeland_C03-076_S13%_G13%_ASDFRa_AREF_range1_uv_to_vis.gif,D:\usgs_splib07\../GIFplots/GIFplots_splib07a/plots_by_wavelength_region/range2_visible_to_swir/splib07a_Rangeland_C03-076_S13%_G13%_ASDFRa_AREF_range2_vis_to_swir.gif,D:\usgs_splib07\../GIFplots/GIFplots_splib07a/plots_by_wavelength_region/range3_swir/splib07a_Rangeland_C03-076_S13%_G13%_ASDFRa_AREF_range3_swir.gif,,,D:\usgs_splib07\../GIFplots/GIFplots_splib07a/splib07a_Wavelengths_ASD_0.35-2.5_microns_2151_ch.gif,D:\usgs_splib07\../GIFplots/GIFplots_splib07a/splib07a_Bandpass_(FWHM)_ASDFR_StandardResolution.gif
Rangeland C03-077 S09% G10%  ASDFRa AREF,D:\usgs_splib07\../HTMLmetadata/Rangeland_C03-077_S09%_G10%_ASDFRa_AREF.html,D:\usgs_splib07\../ASCIIdata/ASCIIdata_splib07a/ChapterV_Vegetation/splib07a_Rangeland_C03-077_S09%_G10%_ASDFRa_AREF.txt,,D:\usgs_splib07\../ASCIIdata/ASCIIdata_splib07a/splib07a_Wavelengths_ASD_0.35-2.5_microns_2151_ch.txt,D:\usgs_splib07\../ASCIIdata/ASCIIdata_splib07a/splib07a_Bandpass_(FWHM)_ASDFR_StandardResolution.txt,D:\usgs_splib07\../GIFplots/GIFplots_splib07a/ChapterV_Vegetation/splib07a_Rangeland_C03-077_S09%_G10%_ASDFRa_AREF.gif,D:\usgs_splib07\../GIFplots/GIFplots_splib07a/plots_by_wavelength_region/range1_uv_to_visible/splib07a_Rangeland_C03-077_S09%_G10%_ASDFRa_AREF_range1_uv_to_vis.gif,D:\usgs_splib07\../GIFplots/GIFplots_splib07a/plots_by_wavelength_region/range2_visible_to_swir/splib07a_Rangeland_C03-077_S09%_G10%_ASDFRa_AREF_range2_vis_to_swir.gif,D:\usgs_splib07\../GIFplots/GIFplots_splib07a/plots_by_wavelength_region/range3_swir/splib07a_Rangeland_C03-077_S09%_G10%_ASDFRa_AREF_range3_swir.gif,,,D:\usgs_splib07\../GIFplots/GIFplots_splib07a/splib07a_Wavelengths_ASD_0.35-2.5_microns_2151_ch.gif,D:\usgs_splib07\../GIFplots/GIFplots_splib07a/splib07a_Bandpass_(FWHM)_ASDFR_StandardResolution.gif
Rangeland C03-080 S18% G15%  ASDFRa AREF,D:\usgs_splib07\../HTMLmetadata/Rangeland_C03-080_S18%_G15%_ASDFRa_AREF.html,D:\usgs_splib07\../ASCIIdata/ASCIIdata_splib07a/ChapterV_Vegetation/splib07a_Rangeland_C03-080_S18%_G15%_ASDFRa_AREF.txt,,D:\usgs_splib07\../ASCIIdata/ASCIIdata_splib07a/splib07a_Wavelengths_ASD_0.35-2.5_microns_2151_ch.txt,D:\usgs_splib07\../ASCIIdata/ASCIIdata_splib07a/splib07a_Bandpass_(FWHM)_ASDFR_StandardResolution.txt,D:\usgs_splib07\../GIFplots/GIFplots_splib07a/ChapterV_Vegetation/splib07a_Rangeland_C03-080_S18%_G15%_ASDFRa_AREF.gif,D:\usgs_splib07\../GIFplots/GIFplots_splib07a/plots_by_wavelength_region/range1_uv_to_visible/splib07a_Rangeland_C03-080_S18%_G15%_ASDFRa_AREF_range1_uv_to_vis.gif,D:\usgs_splib07\../GIFplots/GIFplots_splib07a/plots_by_wavelength_region/range2_visible_to_swir/splib07a_Rangeland_C03-080_S18%_G15%_ASDFRa_AREF_range2_vis_to_swir.gif,D:\usgs_splib07\../GIFplots/GIFplots_splib07a/plots_by_wavelength_region/range3_swir/splib07a_Rangeland_C03-080_S18%_G15%_ASDFRa_AREF_range3_swir.gif,,,D:\usgs_splib07\../GIFplots/GIFplots_splib07a/splib07a_Wavelengths_ASD_0.35-2.5_microns_2151_ch.gif,D:\usgs_splib07\../GIFplots/GIFplots_splib07a/splib07a_Bandpass_(FWHM)_ASDFR_StandardResolution.gif
Rangeland C03-081 S07% G23%  ASDFRa AREF,D:\usgs_splib07\../HTMLmetadata/Rangeland_C03-081_S07%_G23%_ASDFRa_AREF.html,D:\usgs_splib07\../ASCIIdata/ASCIIdata_splib07a/ChapterV_Vegetation/splib07a_Rangeland_C03-081_S07%_G23%_ASDFRa_AREF.txt,,D:\usgs_splib07\../ASCIIdata/ASCIIdata_splib07a/splib07a_Wavelengths_ASD_0.35-2.5_microns_2151_ch.txt,D:\usgs_splib07\../ASCIIdata/ASCIIdata_splib07a/splib07a_Bandpass_(FWHM)_ASDFR_StandardResolution.txt,D:\usgs_splib07\../GIFplots/GIFplots_splib07a/ChapterV_Vegetation/splib07a_Rangeland_C03-081_S07%_G23%_ASDFRa_AREF.gif,D:\usgs_splib07\../GIFplots/GIFplots_splib07a/plots_by_wavelength_region/range1_uv_to_visible/splib07a_Rangeland_C03-081_S07%_G23%_ASDFRa_AREF_range1_uv_to_vis.gif,D:\usgs_splib07\../GIFplots/GIFplots_splib07a/plots_by_wavelength_region/range2_visible_to_swir/splib07a_Rangeland_C03-081_S07%_G23%_ASDFRa_AREF_range2_vis_to_swir.gif,D:\usgs_splib07\../GIFplots/GIFplots_splib07a/plots_by_wavelength_region/range3_swir/splib07a_Rangeland_C03-081_S07%_G23%_ASDFRa_AREF_range3_swir.gif,,,D:\usgs_splib07\../GIFplots/GIFplots_splib07a/splib07a_Wavelengths_ASD_0.35-2.5_microns_2151_ch.gif,D:\usgs_splib07\../GIFplots/GIFplots_splib07a/splib07a_Bandpass_(FWHM)_ASDFR_StandardResolution.gif
Rangeland C03-085 S06% G24%  ASDFRa AREF,D:\usgs_splib07\../HTMLmetadata/Rangeland_C03-085_S06%_G24%_ASDFRa_AREF.html,D:\usgs_splib07\../ASCIIdata/ASCIIdata_splib07a/ChapterV_Vegetation/splib07a_Rangeland_C03-085_S06%_G24%_ASDFRa_AREF.txt,,D:\usgs_splib07\../ASCIIdata/ASCIIdata_splib07a/splib07a_Wavelengths_ASD_0.35-2.5_microns_2151_ch.txt,D:\usgs_splib07\../ASCIIdata/ASCIIdata_splib07a/splib07a_Bandpass_(FWHM)_ASDFR_StandardResolution.txt,D:\usgs_splib07\../GIFplots/GIFplots_splib07a/ChapterV_Vegetation/splib07a_Rangeland_C03-085_S06%_G24%_ASDFRa_AREF.gif,D:\usgs_splib07\../GIFplots/GIFplots_splib07a/plots_by_wavelength_region/range1_uv_to_visible/splib07a_Rangeland_C03-085_S06%_G24%_ASDFRa_AREF_range1_uv_to_vis.gif,D:\usgs_splib07\../GIFplots/GIFplots_splib07a/plots_by_wavelength_region/range2_visible_to_swir/splib07a_Rangeland_C03-085_S06%_G24%_ASDFRa_AREF_range2_vis_to_swir.gif,D:\usgs_splib07\../GIFplots/GIFplots_splib07a/plots_by_wavelength_region/range3_swir/splib07a_Rangeland_C03-085_S06%_G24%_ASDFRa_AREF_range3_swir.gif,,,D:\usgs_splib07\../GIFplots/GIFplots_splib07a/splib07a_Wavelengths_ASD_0.35-2.5_microns_2151_ch.gif,D:\usgs_splib07\../GIFplots/GIFplots_splib07a/splib07a_Bandpass_(FWHM)_ASDFR_StandardResolution.gif
Rangeland C03-086 S29% G13%  ASDFRa AREF,D:\usgs_splib07\../HTMLmetadata/Rangeland_C03-086_S29%_G13%_ASDFRa_AREF.html,D:\usgs_splib07\../ASCIIdata/ASCIIdata_splib07a/ChapterV_Vegetation/splib07a_Rangeland_C03-086_S29%_G13%_ASDFRa_AREF.txt,,D:\usgs_splib07\../ASCIIdata/ASCIIdata_splib07a/splib07a_Wavelengths_ASD_0.35-2.5_microns_2151_ch.txt,D:\usgs_splib07\../ASCIIdata/ASCIIdata_splib07a/splib07a_Bandpass_(FWHM)_ASDFR_StandardResolution.txt,D:\usgs_splib07\../GIFplots/GIFplots_splib07a/ChapterV_Vegetation/splib07a_Rangeland_C03-086_S29%_G13%_ASDFRa_AREF.gif,D:\usgs_splib07\../GIFplots/GIFplots_splib07a/plots_by_wavelength_region/range1_uv_to_visible/splib07a_Rangeland_C03-086_S29%_G13%_ASDFRa_AREF_range1_uv_to_vis.gif,D:\usgs_splib07\../GIFplots/GIFplots_splib07a/plots_by_wavelength_region/range2_visible_to_swir/splib07a_Rangeland_C03-086_S29%_G13%_ASDFRa_AREF_range2_vis_to_swir.gif,D:\usgs_splib07\../GIFplots/GIFplots_splib07a/plots_by_wavelength_region/range3_swir/splib07a_Rangeland_C03-086_S29%_G13%_ASDFRa_AREF_range3_swir.gif,,,D:\usgs_splib07\../GIFplots/GIFplots_splib07a/splib07a_Wavelengths_ASD_0.35-2.5_microns_2151_ch.gif,D:\usgs_splib07\../GIFplots/GIFplots_splib07a/splib07a_Bandpass_(FWHM)_ASDFR_StandardResolution.gif
Rangeland C03-089 S20% G21%  ASDFRa AREF,D:\usgs_splib07\../HTMLmetadata/Rangeland_C03-089_S20%_G21%_ASDFRa_AREF.html,D:\usgs_splib07\../ASCIIdata/ASCIIdata_splib07a/ChapterV_Vegetation/splib07a_Rangeland_C03-089_S20%_G21%_ASDFRa_AREF.txt,,D:\usgs_splib07\../ASCIIdata/ASCIIdata_splib07a/splib07a_Wavelengths_ASD_0.35-2.5_microns_2151_ch.txt,D:\usgs_splib07\../ASCIIdata/ASCIIdata_splib07a/splib07a_Bandpass_(FWHM)_ASDFR_StandardResolution.txt,D:\usgs_splib07\../GIFplots/GIFplots_splib07a/ChapterV_Vegetation/splib07a_Rangeland_C03-089_S20%_G21%_ASDFRa_AREF.gif,D:\usgs_splib07\../GIFplots/GIFplots_splib07a/plots_by_wavelength_region/range1_uv_to_visible/splib07a_Rangeland_C03-089_S20%_G21%_ASDFRa_AREF_range1_uv_to_vis.gif,D:\usgs_splib07\../GIFplots/GIFplots_splib07a/plots_by_wavelength_region/range2_visible_to_swir/splib07a_Rangeland_C03-089_S20%_G21%_ASDFRa_AREF_range2_vis_to_swir.gif,D:\usgs_splib07\../GIFplots/GIFplots_splib07a/plots_by_wavelength_region/range3_swir/splib07a_Rangeland_C03-089_S20%_G21%_ASDFRa_AREF_range3_swir.gif,,,D:\usgs_splib07\../GIFplots/GIFplots_splib07a/splib07a_Wavelengths_ASD_0.35-2.5_microns_2151_ch.gif,D:\usgs_splib07\../GIFplots/GIFplots_splib07a/splib07a_Bandpass_(FWHM)_ASDFR_StandardResolution.gif
Rangeland C03-090 S14% G31%  ASDFRa AREF,D:\usgs_splib07\../HTMLmetadata/Rangeland_C03-090_S14%_G31%_ASDFRa_AREF.html,D:\usgs_splib07\../ASCIIdata/ASCIIdata_splib07a/ChapterV_Vegetation/splib07a_Rangeland_C03-090_S14%_G31%_ASDFRa_AREF.txt,,D:\usgs_splib07\../ASCIIdata/ASCIIdata_splib07a/splib07a_Wavelengths_ASD_0.35-2.5_microns_2151_ch.txt,D:\usgs_splib07\../ASCIIdata/ASCIIdata_splib07a/splib07a_Bandpass_(FWHM)_ASDFR_StandardResolution.txt,D:\usgs_splib07\../GIFplots/GIFplots_splib07a/ChapterV_Vegetation/splib07a_Rangeland_C03-090_S14%_G31%_ASDFRa_AREF.gif,D:\usgs_splib07\../GIFplots/GIFplots_splib07a/plots_by_wavelength_region/range1_uv_to_visible/splib07a_Rangeland_C03-090_S14%_G31%_ASDFRa_AREF_range1_uv_to_vis.gif,D:\usgs_splib07\../GIFplots/GIFplots_splib07a/plots_by_wavelength_region/range2_visible_to_swir/splib07a_Rangeland_C03-090_S14%_G31%_ASDFRa_AREF_range2_vis_to_swir.gif,D:\usgs_splib07\../GIFplots/GIFplots_splib07a/plots_by_wavelength_region/range3_swir/splib07a_Rangeland_C03-090_S14%_G31%_ASDFRa_AREF_range3_swir.gif,,,D:\usgs_splib07\../GIFplots/GIFplots_splib07a/splib07a_Wavelengths_ASD_0.35-2.5_microns_2151_ch.gif,D:\usgs_splib07\../GIFplots/GIFplots_splib07a/splib07a_Bandpass_(FWHM)_ASDFR_StandardResolution.gif
Rangeland C03-091 S30% G17%  ASDFRa AREF,D:\usgs_splib07\../HTMLmetadata/Rangeland_C03-091_S30%_G17%_ASDFRa_AREF.html,D:\usgs_splib07\../ASCIIdata/ASCIIdata_splib07a/ChapterV_Vegetation/splib07a_Rangeland_C03-091_S30%_G17%_ASDFRa_AREF.txt,,D:\usgs_splib07\../ASCIIdata/ASCIIdata_splib07a/splib07a_Wavelengths_ASD_0.35-2.5_microns_2151_ch.txt,D:\usgs_splib07\../ASCIIdata/ASCIIdata_splib07a/splib07a_Bandpass_(FWHM)_ASDFR_StandardResolution.txt,D:\usgs_splib07\../GIFplots/GIFplots_splib07a/ChapterV_Vegetation/splib07a_Rangeland_C03-091_S30%_G17%_ASDFRa_AREF.gif,D:\usgs_splib07\../GIFplots/GIFplots_splib07a/plots_by_wavelength_region/range1_uv_to_visible/splib07a_Rangeland_C03-091_S30%_G17%_ASDFRa_AREF_range1_uv_to_vis.gif,D:\usgs_splib07\../GIFplots/GIFplots_splib07a/plots_by_wavelength_region/range2_visible_to_swir/splib07a_Rangeland_C03-091_S30%_G17%_ASDFRa_AREF_range2_vis_to_swir.gif,D:\usgs_splib07\../GIFplots/GIFplots_splib07a/plots_by_wavelength_region/range3_swir/splib07a_Rangeland_C03-091_S30%_G17%_ASDFRa_AREF_range3_swir.gif,,,D:\usgs_splib07\../GIFplots/GIFplots_splib07a/splib07a_Wavelengths_ASD_0.35-2.5_microns_2151_ch.gif,D:\usgs_splib07\../GIFplots/GIFplots_splib07a/splib07a_Bandpass_(FWHM)_ASDFR_StandardResolution.gif
Rangeland C03-095 S09% G08%  ASDFRa AREF,D:\usgs_splib07\../HTMLmetadata/Rangeland_C03-095_S09%_G08%_ASDFRa_AREF.html,D:\usgs_splib07\../ASCIIdata/ASCIIdata_splib07a/ChapterV_Vegetation/splib07a_Rangeland_C03-095_S09%_G08%_ASDFRa_AREF.txt,,D:\usgs_splib07\../ASCIIdata/ASCIIdata_splib07a/splib07a_Wavelengths_ASD_0.35-2.5_microns_2151_ch.txt,D:\usgs_splib07\../ASCIIdata/ASCIIdata_splib07a/splib07a_Bandpass_(FWHM)_ASDFR_StandardResolution.txt,D:\usgs_splib07\../GIFplots/GIFplots_splib07a/ChapterV_Vegetation/splib07a_Rangeland_C03-095_S09%_G08%_ASDFRa_AREF.gif,D:\usgs_splib07\../GIFplots/GIFplots_splib07a/plots_by_wavelength_region/range1_uv_to_visible/splib07a_Rangeland_C03-095_S09%_G08%_ASDFRa_AREF_range1_uv_to_vis.gif,D:\usgs_splib07\../GIFplots/GIFplots_splib07a/plots_by_wavelength_region/range2_visible_to_swir/splib07a_Rangeland_C03-095_S09%_G08%_ASDFRa_AREF_range2_vis_to_swir.gif,D:\usgs_splib07\../GIFplots/GIFplots_splib07a/plots_by_wavelength_region/range3_swir/splib07a_Rangeland_C03-095_S09%_G08%_ASDFRa_AREF_range3_swir.gif,,,D:\usgs_splib07\../GIFplots/GIFplots_splib07a/splib07a_Wavelengths_ASD_0.35-2.5_microns_2151_ch.gif,D:\usgs_splib07\../GIFplots/GIFplots_splib07a/splib07a_Bandpass_(FWHM)_ASDFR_StandardResolution.gif
Rangeland C03-097 S07% G21%  ASDFRa AREF,D:\usgs_splib07\../HTMLmetadata/Rangeland_C03-097_S07%_G21%_ASDFRa_AREF.html,D:\usgs_splib07\../ASCIIdata/ASCIIdata_splib07a/ChapterV_Vegetation/splib07a_Rangeland_C03-097_S07%_G21%_ASDFRa_AREF.txt,,D:\usgs_splib07\../ASCIIdata/ASCIIdata_splib07a/splib07a_Wavelengths_ASD_0.35-2.5_microns_2151_ch.txt,D:\usgs_splib07\../ASCIIdata/ASCIIdata_splib07a/splib07a_Bandpass_(FWHM)_ASDFR_StandardResolution.txt,D:\usgs_splib07\../GIFplots/GIFplots_splib07a/ChapterV_Vegetation/splib07a_Rangeland_C03-097_S07%_G21%_ASDFRa_AREF.gif,D:\usgs_splib07\../GIFplots/GIFplots_splib07a/plots_by_wavelength_region/range1_uv_to_visible/splib07a_Rangeland_C03-097_S07%_G21%_ASDFRa_AREF_range1_uv_to_vis.gif,D:\usgs_splib07\../GIFplots/GIFplots_splib07a/plots_by_wavelength_region/range2_visible_to_swir/splib07a_Rangeland_C03-097_S07%_G21%_ASDFRa_AREF_range2_vis_to_swir.gif,D:\usgs_splib07\../GIFplots/GIFplots_splib07a/plots_by_wavelength_region/range3_swir/splib07a_Rangeland_C03-097_S07%_G21%_ASDFRa_AREF_range3_swir.gif,,,D:\usgs_splib07\../GIFplots/GIFplots_splib07a/splib07a_Wavelengths_ASD_0.35-2.5_microns_2151_ch.gif,D:\usgs_splib07\../GIFplots/GIFplots_splib07a/splib07a_Bandpass_(FWHM)_ASDFR_StandardResolution.gif
Rangeland C04-151 S29% G05%  ASDFRa AREF,D:\usgs_splib07\../HTMLmetadata/Rangeland_C04-151_S29%_G05%_ASDFRa_AREF.html,D:\usgs_splib07\../ASCIIdata/ASCIIdata_splib07a/ChapterV_Vegetation/splib07a_Rangeland_C04-151_S29%_G05%_ASDFRa_AREF.txt,,D:\usgs_splib07\../ASCIIdata/ASCIIdata_splib07a/splib07a_Wavelengths_ASD_0.35-2.5_microns_2151_ch.txt,D:\usgs_splib07\../ASCIIdata/ASCIIdata_splib07a/splib07a_Bandpass_(FWHM)_ASDFR_StandardResolution.txt,D:\usgs_splib07\../GIFplots/GIFplots_splib07a/ChapterV_Vegetation/splib07a_Rangeland_C04-151_S29%_G05%_ASDFRa_AREF.gif,D:\usgs_splib07\../GIFplots/GIFplots_splib07a/plots_by_wavelength_region/range1_uv_to_visible/splib07a_Rangeland_C04-151_S29%_G05%_ASDFRa_AREF_range1_uv_to_vis.gif,D:\usgs_splib07\../GIFplots/GIFplots_splib07a/plots_by_wavelength_region/range2_visible_to_swir/splib07a_Rangeland_C04-151_S29%_G05%_ASDFRa_AREF_range2_vis_to_swir.gif,D:\usgs_splib07\../GIFplots/GIFplots_splib07a/plots_by_wavelength_region/range3_swir/splib07a_Rangeland_C04-151_S29%_G05%_ASDFRa_AREF_range3_swir.gif,,,D:\usgs_splib07\../GIFplots/GIFplots_splib07a/splib07a_Wavelengths_ASD_0.35-2.5_microns_2151_ch.gif,D:\usgs_splib07\../GIFplots/GIFplots_splib07a/splib07a_Bandpass_(FWHM)_ASDFR_StandardResolution.gif
Rangeland C04-153 S12% G16%  ASDFRa AREF,D:\usgs_splib07\../HTMLmetadata/Rangeland_C04-153_S12%_G16%_ASDFRa_AREF.html,D:\usgs_splib07\../ASCIIdata/ASCIIdata_splib07a/ChapterV_Vegetation/splib07a_Rangeland_C04-153_S12%_G16%_ASDFRa_AREF.txt,,D:\usgs_splib07\../ASCIIdata/ASCIIdata_splib07a/splib07a_Wavelengths_ASD_0.35-2.5_microns_2151_ch.txt,D:\usgs_splib07\../ASCIIdata/ASCIIdata_splib07a/splib07a_Bandpass_(FWHM)_ASDFR_StandardResolution.txt,D:\usgs_splib07\../GIFplots/GIFplots_splib07a/ChapterV_Vegetation/splib07a_Rangeland_C04-153_S12%_G16%_ASDFRa_AREF.gif,D:\usgs_splib07\../GIFplots/GIFplots_splib07a/plots_by_wavelength_region/range1_uv_to_visible/splib07a_Rangeland_C04-153_S12%_G16%_ASDFRa_AREF_range1_uv_to_vis.gif,D:\usgs_splib07\../GIFplots/GIFplots_splib07a/plots_by_wavelength_region/range2_visible_to_swir/splib07a_Rangeland_C04-153_S12%_G16%_ASDFRa_AREF_range2_vis_to_swir.gif,D:\usgs_splib07\../GIFplots/GIFplots_splib07a/plots_by_wavelength_region/range3_swir/splib07a_Rangeland_C04-153_S12%_G16%_ASDFRa_AREF_range3_swir.gif,,,D:\usgs_splib07\../GIFplots/GIFplots_splib07a/splib07a_Wavelengths_ASD_0.35-2.5_microns_2151_ch.gif,D:\usgs_splib07\../GIFplots/GIFplots_splib07a/splib07a_Bandpass_(FWHM)_ASDFR_StandardResolution.gif
Rangeland C04-154 S12% G10%  ASDFRa AREF,D:\usgs_splib07\../HTMLmetadata/Rangeland_C04-154_S12%_G10%_ASDFRa_AREF.html,D:\usgs_splib07\../ASCIIdata/ASCIIdata_splib07a/ChapterV_Vegetation/splib07a_Rangeland_C04-154_S12%_G10%_ASDFRa_AREF.txt,,D:\usgs_splib07\../ASCIIdata/ASCIIdata_splib07a/splib07a_Wavelengths_ASD_0.35-2.5_microns_2151_ch.txt,D:\usgs_splib07\../ASCIIdata/ASCIIdata_splib07a/splib07a_Bandpass_(FWHM)_ASDFR_StandardResolution.txt,D:\usgs_splib07\../GIFplots/GIFplots_splib07a/ChapterV_Vegetation/splib07a_Rangeland_C04-154_S12%_G10%_ASDFRa_AREF.gif,D:\usgs_splib07\../GIFplots/GIFplots_splib07a/plots_by_wavelength_region/range1_uv_to_visible/splib07a_Rangeland_C04-154_S12%_G10%_ASDFRa_AREF_range1_uv_to_vis.gif,D:\usgs_splib07\../GIFplots/GIFplots_splib07a/plots_by_wavelength_region/range2_visible_to_swir/splib07a_Rangeland_C04-154_S12%_G10%_ASDFRa_AREF_range2_vis_to_swir.gif,D:\usgs_splib07\../GIFplots/GIFplots_splib07a/plots_by_wavelength_region/range3_swir/splib07a_Rangeland_C04-154_S12%_G10%_ASDFRa_AREF_range3_swir.gif,,,D:\usgs_splib07\../GIFplots/GIFplots_splib07a/splib07a_Wavelengths_ASD_0.35-2.5_microns_2151_ch.gif,D:\usgs_splib07\../GIFplots/GIFplots_splib07a/splib07a_Bandpass_(FWHM)_ASDFR_StandardResolution.gif
Rangeland C04-155A S03% G38% ASDFRa AREF,D:\usgs_splib07\../HTMLmetadata/Rangeland_C04-155A_S03%_G38%_ASDFRa_AREF.html,D:\usgs_splib07\../ASCIIdata/ASCIIdata_splib07a/ChapterV_Vegetation/splib07a_Rangeland_C04-155A_S03%_G38%_ASDFRa_AREF.txt,,D:\usgs_splib07\../ASCIIdata/ASCIIdata_splib07a/splib07a_Wavelengths_ASD_0.35-2.5_microns_2151_ch.txt,D:\usgs_splib07\../ASCIIdata/ASCIIdata_splib07a/splib07a_Bandpass_(FWHM)_ASDFR_StandardResolution.txt,D:\usgs_splib07\../GIFplots/GIFplots_splib07a/ChapterV_Vegetation/splib07a_Rangeland_C04-155A_S03%_G38%_ASDFRa_AREF.gif,D:\usgs_splib07\../GIFplots/GIFplots_splib07a/plots_by_wavelength_region/range1_uv_to_visible/splib07a_Rangeland_C04-155A_S03%_G38%_ASDFRa_AREF_range1_uv_to_vis.gif,D:\usgs_splib07\../GIFplots/GIFplots_splib07a/plots_by_wavelength_region/range2_visible_to_swir/splib07a_Rangeland_C04-155A_S03%_G38%_ASDFRa_AREF_range2_vis_to_swir.gif,D:\usgs_splib07\../GIFplots/GIFplots_splib07a/plots_by_wavelength_region/range3_swir/splib07a_Rangeland_C04-155A_S03%_G38%_ASDFRa_AREF_range3_swir.gif,,,D:\usgs_splib07\../GIFplots/GIFplots_splib07a/splib07a_Wavelengths_ASD_0.35-2.5_microns_2151_ch.gif,D:\usgs_splib07\../GIFplots/GIFplots_splib07a/splib07a_Bandpass_(FWHM)_ASDFR_StandardResolution.gif
Rangeland C04-166 S09% G10%  ASDFRa AREF,D:\usgs_splib07\../HTMLmetadata/Rangeland_C04-166_S09%_G10%_ASDFRa_AREF.html,D:\usgs_splib07\../ASCIIdata/ASCIIdata_splib07a/ChapterV_Vegetation/splib07a_Rangeland_C04-166_S09%_G10%_ASDFRa_AREF.txt,,D:\usgs_splib07\../ASCIIdata/ASCIIdata_splib07a/splib07a_Wavelengths_ASD_0.35-2.5_microns_2151_ch.txt,D:\usgs_splib07\../ASCIIdata/ASCIIdata_splib07a/splib07a_Bandpass_(FWHM)_ASDFR_StandardResolution.txt,D:\usgs_splib07\../GIFplots/GIFplots_splib07a/ChapterV_Vegetation/splib07a_Rangeland_C04-166_S09%_G10%_ASDFRa_AREF.gif,D:\usgs_splib07\../GIFplots/GIFplots_splib07a/plots_by_wavelength_region/range1_uv_to_visible/splib07a_Rangeland_C04-166_S09%_G10%_ASDFRa_AREF_range1_uv_to_vis.gif,D:\usgs_splib07\../GIFplots/GIFplots_splib07a/plots_by_wavelength_region/range2_visible_to_swir/splib07a_Rangeland_C04-166_S09%_G10%_ASDFRa_AREF_range2_vis_to_swir.gif,D:\usgs_splib07\../GIFplots/GIFplots_splib07a/plots_by_wavelength_region/range3_swir/splib07a_Rangeland_C04-166_S09%_G10%_ASDFRa_AREF_range3_swir.gif,,,D:\usgs_splib07\../GIFplots/GIFplots_splib07a/splib07a_Wavelengths_ASD_0.35-2.5_microns_2151_ch.gif,D:\usgs_splib07\../GIFplots/GIFplots_splib07a/splib07a_Bandpass_(FWHM)_ASDFR_StandardResolution.gif
Rangeland C04-170 S30% G24%  ASDFRa AREF,D:\usgs_splib07\../HTMLmetadata/Rangeland_C04-170_S30%_G24%_ASDFRa_AREF.html,D:\usgs_splib07\../ASCIIdata/ASCIIdata_splib07a/ChapterV_Vegetation/splib07a_Rangeland_C04-170_S30%_G24%_ASDFRa_AREF.txt,,D:\usgs_splib07\../ASCIIdata/ASCIIdata_splib07a/splib07a_Wavelengths_ASD_0.35-2.5_microns_2151_ch.txt,D:\usgs_splib07\../ASCIIdata/ASCIIdata_splib07a/splib07a_Bandpass_(FWHM)_ASDFR_StandardResolution.txt,D:\usgs_splib07\../GIFplots/GIFplots_splib07a/ChapterV_Vegetation/splib07a_Rangeland_C04-170_S30%_G24%_ASDFRa_AREF.gif,D:\usgs_splib07\../GIFplots/GIFplots_splib07a/plots_by_wavelength_region/range1_uv_to_visible/splib07a_Rangeland_C04-170_S30%_G24%_ASDFRa_AREF_range1_uv_to_vis.gif,D:\usgs_splib07\../GIFplots/GIFplots_splib07a/plots_by_wavelength_region/range2_visible_to_swir/splib07a_Rangeland_C04-170_S30%_G24%_ASDFRa_AREF_range2_vis_to_swir.gif,D:\usgs_splib07\../GIFplots/GIFplots_splib07a/plots_by_wavelength_region/range3_swir/splib07a_Rangeland_C04-170_S30%_G24%_ASDFRa_AREF_range3_swir.gif,,,D:\usgs_splib07\../GIFplots/GIFplots_splib07a/splib07a_Wavelengths_ASD_0.35-2.5_microns_2151_ch.gif,D:\usgs_splib07\../GIFplots/GIFplots_splib07a/splib07a_Bandpass_(FWHM)_ASDFR_StandardResolution.gif
Rangeland C04-175 S06% G23%  ASDFRa AREF,D:\usgs_splib07\../HTMLmetadata/Rangeland_C04-175_S06%_G23%_ASDFRa_AREF.html,D:\usgs_splib07\../ASCIIdata/ASCIIdata_splib07a/ChapterV_Vegetation/splib07a_Rangeland_C04-175_S06%_G23%_ASDFRa_AREF.txt,,D:\usgs_splib07\../ASCIIdata/ASCIIdata_splib07a/splib07a_Wavelengths_ASD_0.35-2.5_microns_2151_ch.txt,D:\usgs_splib07\../ASCIIdata/ASCIIdata_splib07a/splib07a_Bandpass_(FWHM)_ASDFR_StandardResolution.txt,D:\usgs_splib07\../GIFplots/GIFplots_splib07a/ChapterV_Vegetation/splib07a_Rangeland_C04-175_S06%_G23%_ASDFRa_AREF.gif,D:\usgs_splib07\../GIFplots/GIFplots_splib07a/plots_by_wavelength_region/range1_uv_to_visible/splib07a_Rangeland_C04-175_S06%_G23%_ASDFRa_AREF_range1_uv_to_vis.gif,D:\usgs_splib07\../GIFplots/GIFplots_splib07a/plots_by_wavelength_region/range2_visible_to_swir/splib07a_Rangeland_C04-175_S06%_G23%_ASDFRa_AREF_range2_vis_to_swir.gif,D:\usgs_splib07\../GIFplots/GIFplots_splib07a/plots_by_wavelength_region/range3_swir/splib07a_Rangeland_C04-175_S06%_G23%_ASDFRa_AREF_range3_swir.gif,,,D:\usgs_splib07\../GIFplots/GIFplots_splib07a/splib07a_Wavelengths_ASD_0.35-2.5_microns_2151_ch.gif,D:\usgs_splib07\../GIFplots/GIFplots_splib07a/splib07a_Bandpass_(FWHM)_ASDFR_StandardResolution.gif
Rangeland C04-197 S17% G15%  ASDFRa AREF,D:\usgs_splib07\../HTMLmetadata/Rangeland_C04-197_S17%_G15%_ASDFRa_AREF.html,D:\usgs_splib07\../ASCIIdata/ASCIIdata_splib07a/ChapterV_Vegetation/splib07a_Rangeland_C04-197_S17%_G15%_ASDFRa_AREF.txt,,D:\usgs_splib07\../ASCIIdata/ASCIIdata_splib07a/splib07a_Wavelengths_ASD_0.35-2.5_microns_2151_ch.txt,D:\usgs_splib07\../ASCIIdata/ASCIIdata_splib07a/splib07a_Bandpass_(FWHM)_ASDFR_StandardResolution.txt,D:\usgs_splib07\../GIFplots/GIFplots_splib07a/ChapterV_Vegetation/splib07a_Rangeland_C04-197_S17%_G15%_ASDFRa_AREF.gif,D:\usgs_splib07\../GIFplots/GIFplots_splib07a/plots_by_wavelength_region/range1_uv_to_visible/splib07a_Rangeland_C04-197_S17%_G15%_ASDFRa_AREF_range1_uv_to_vis.gif,D:\usgs_splib07\../GIFplots/GIFplots_splib07a/plots_by_wavelength_region/range2_visible_to_swir/splib07a_Rangeland_C04-197_S17%_G15%_ASDFRa_AREF_range2_vis_to_swir.gif,D:\usgs_splib07\../GIFplots/GIFplots_splib07a/plots_by_wavelength_region/range3_swir/splib07a_Rangeland_C04-197_S17%_G15%_ASDFRa_AREF_range3_swir.gif,,,D:\usgs_splib07\../GIFplots/GIFplots_splib07a/splib07a_Wavelengths_ASD_0.35-2.5_microns_2151_ch.gif,D:\usgs_splib07\../GIFplots/GIFplots_splib07a/splib07a_Bandpass_(FWHM)_ASDFR_StandardResolution.gif
Rangeland C04-200 S03% G17%  ASDFRa AREF,D:\usgs_splib07\../HTMLmetadata/Rangeland_C04-200_S03%_G17%_ASDFRa_AREF.html,D:\usgs_splib07\../ASCIIdata/ASCIIdata_splib07a/ChapterV_Vegetation/splib07a_Rangeland_C04-200_S03%_G17%_ASDFRa_AREF.txt,,D:\usgs_splib07\../ASCIIdata/ASCIIdata_splib07a/splib07a_Wavelengths_ASD_0.35-2.5_microns_2151_ch.txt,D:\usgs_splib07\../ASCIIdata/ASCIIdata_splib07a/splib07a_Bandpass_(FWHM)_ASDFR_StandardResolution.txt,D:\usgs_splib07\../GIFplots/GIFplots_splib07a/ChapterV_Vegetation/splib07a_Rangeland_C04-200_S03%_G17%_ASDFRa_AREF.gif,D:\usgs_splib07\../GIFplots/GIFplots_splib07a/plots_by_wavelength_region/range1_uv_to_visible/splib07a_Rangeland_C04-200_S03%_G17%_ASDFRa_AREF_range1_uv_to_vis.gif,D:\usgs_splib07\../GIFplots/GIFplots_splib07a/plots_by_wavelength_region/range2_visible_to_swir/splib07a_Rangeland_C04-200_S03%_G17%_ASDFRa_AREF_range2_vis_to_swir.gif,D:\usgs_splib07\../GIFplots/GIFplots_splib07a/plots_by_wavelength_region/range3_swir/splib07a_Rangeland_C04-200_S03%_G17%_ASDFRa_AREF_range3_swir.gif,,,D:\usgs_splib07\../GIFplots/GIFplots_splib07a/splib07a_Wavelengths_ASD_0.35-2.5_microns_2151_ch.gif,D:\usgs_splib07\../GIFplots/GIFplots_splib07a/splib07a_Bandpass_(FWHM)_ASDFR_StandardResolution.gif
Rangeland C04-203 S21% G07%  ASDFRa AREF,D:\usgs_splib07\../HTMLmetadata/Rangeland_C04-203_S21%_G07%_ASDFRa_AREF.html,D:\usgs_splib07\../ASCIIdata/ASCIIdata_splib07a/ChapterV_Vegetation/splib07a_Rangeland_C04-203_S21%_G07%_ASDFRa_AREF.txt,,D:\usgs_splib07\../ASCIIdata/ASCIIdata_splib07a/splib07a_Wavelengths_ASD_0.35-2.5_microns_2151_ch.txt,D:\usgs_splib07\../ASCIIdata/ASCIIdata_splib07a/splib07a_Bandpass_(FWHM)_ASDFR_StandardResolution.txt,D:\usgs_splib07\../GIFplots/GIFplots_splib07a/ChapterV_Vegetation/splib07a_Rangeland_C04-203_S21%_G07%_ASDFRa_AREF.gif,D:\usgs_splib07\../GIFplots/GIFplots_splib07a/plots_by_wavelength_region/range1_uv_to_visible/splib07a_Rangeland_C04-203_S21%_G07%_ASDFRa_AREF_range1_uv_to_vis.gif,D:\usgs_splib07\../GIFplots/GIFplots_splib07a/plots_by_wavelength_region/range2_visible_to_swir/splib07a_Rangeland_C04-203_S21%_G07%_ASDFRa_AREF_range2_vis_to_swir.gif,D:\usgs_splib07\../GIFplots/GIFplots_splib07a/plots_by_wavelength_region/range3_swir/splib07a_Rangeland_C04-203_S21%_G07%_ASDFRa_AREF_range3_swir.gif,,,D:\usgs_splib07\../GIFplots/GIFplots_splib07a/splib07a_Wavelengths_ASD_0.35-2.5_microns_2151_ch.gif,D:\usgs_splib07\../GIFplots/GIFplots_splib07a/splib07a_Bandpass_(FWHM)_ASDFR_StandardResolution.gif
Rangeland C04-204 S24% G06%  ASDFRa AREF,D:\usgs_splib07\../HTMLmetadata/Rangeland_C04-204_S24%_G06%_ASDFRa_AREF.html,D:\usgs_splib07\../ASCIIdata/ASCIIdata_splib07a/ChapterV_Vegetation/splib07a_Rangeland_C04-204_S24%_G06%_ASDFRa_AREF.txt,,D:\usgs_splib07\../ASCIIdata/ASCIIdata_splib07a/splib07a_Wavelengths_ASD_0.35-2.5_microns_2151_ch.txt,D:\usgs_splib07\../ASCIIdata/ASCIIdata_splib07a/splib07a_Bandpass_(FWHM)_ASDFR_StandardResolution.txt,D:\usgs_splib07\../GIFplots/GIFplots_splib07a/ChapterV_Vegetation/splib07a_Rangeland_C04-204_S24%_G06%_ASDFRa_AREF.gif,D:\usgs_splib07\../GIFplots/GIFplots_splib07a/plots_by_wavelength_region/range1_uv_to_visible/splib07a_Rangeland_C04-204_S24%_G06%_ASDFRa_AREF_range1_uv_to_vis.gif,D:\usgs_splib07\../GIFplots/GIFplots_splib07a/plots_by_wavelength_region/range2_visible_to_swir/splib07a_Rangeland_C04-204_S24%_G06%_ASDFRa_AREF_range2_vis_to_swir.gif,D:\usgs_splib07\../GIFplots/GIFplots_splib07a/plots_by_wavelength_region/range3_swir/splib07a_Rangeland_C04-204_S24%_G06%_ASDFRa_AREF_range3_swir.gif,,,D:\usgs_splib07\../GIFplots/GIFplots_splib07a/splib07a_Wavelengths_ASD_0.35-2.5_microns_2151_ch.gif,D:\usgs_splib07\../GIFplots/GIFplots_splib07a/splib07a_Bandpass_(FWHM)_ASDFR_StandardResolution.gif
Rangeland C04-208 S15% G20%  ASDFRa AREF,D:\usgs_splib07\../HTMLmetadata/Rangeland_C04-208_S15%_G20%_ASDFRa_AREF.html,D:\usgs_splib07\../ASCIIdata/ASCIIdata_splib07a/ChapterV_Vegetation/splib07a_Rangeland_C04-208_S15%_G20%_ASDFRa_AREF.txt,,D:\usgs_splib07\../ASCIIdata/ASCIIdata_splib07a/splib07a_Wavelengths_ASD_0.35-2.5_microns_2151_ch.txt,D:\usgs_splib07\../ASCIIdata/ASCIIdata_splib07a/splib07a_Bandpass_(FWHM)_ASDFR_StandardResolution.txt,D:\usgs_splib07\../GIFplots/GIFplots_splib07a/ChapterV_Vegetation/splib07a_Rangeland_C04-208_S15%_G20%_ASDFRa_AREF.gif,D:\usgs_splib07\../GIFplots/GIFplots_splib07a/plots_by_wavelength_region/range1_uv_to_visible/splib07a_Rangeland_C04-208_S15%_G20%_ASDFRa_AREF_range1_uv_to_vis.gif,D:\usgs_splib07\../GIFplots/GIFplots_splib07a/plots_by_wavelength_region/range2_visible_to_swir/splib07a_Rangeland_C04-208_S15%_G20%_ASDFRa_AREF_range2_vis_to_swir.gif,D:\usgs_splib07\../GIFplots/GIFplots_splib07a/plots_by_wavelength_region/range3_swir/splib07a_Rangeland_C04-208_S15%_G20%_ASDFRa_AREF_range3_swir.gif,,,D:\usgs_splib07\../GIFplots/GIFplots_splib07a/splib07a_Wavelengths_ASD_0.35-2.5_microns_2151_ch.gif,D:\usgs_splib07\../GIFplots/GIFplots_splib07a/splib07a_Bandpass_(FWHM)_ASDFR_StandardResolution.gif
Rangeland C04-209A S17% G04% ASDFRa AREF,D:\usgs_splib07\../HTMLmetadata/Rangeland_C04-209A_S17%_G04%_ASDFRa_AREF.html,D:\usgs_splib07\../ASCIIdata/ASCIIdata_splib07a/ChapterV_Vegetation/splib07a_Rangeland_C04-209A_S17%_G04%_ASDFRa_AREF.txt,,D:\usgs_splib07\../ASCIIdata/ASCIIdata_splib07a/splib07a_Wavelengths_ASD_0.35-2.5_microns_2151_ch.txt,D:\usgs_splib07\../ASCIIdata/ASCIIdata_splib07a/splib07a_Bandpass_(FWHM)_ASDFR_StandardResolution.txt,D:\usgs_splib07\../GIFplots/GIFplots_splib07a/ChapterV_Vegetation/splib07a_Rangeland_C04-209A_S17%_G04%_ASDFRa_AREF.gif,D:\usgs_splib07\../GIFplots/GIFplots_splib07a/plots_by_wavelength_region/range1_uv_to_visible/splib07a_Rangeland_C04-209A_S17%_G04%_ASDFRa_AREF_range1_uv_to_vis.gif,D:\usgs_splib07\../GIFplots/GIFplots_splib07a/plots_by_wavelength_region/range2_visible_to_swir/splib07a_Rangeland_C04-209A_S17%_G04%_ASDFRa_AREF_range2_vis_to_swir.gif,D:\usgs_splib07\../GIFplots/GIFplots_splib07a/plots_by_wavelength_region/range3_swir/splib07a_Rangeland_C04-209A_S17%_G04%_ASDFRa_AREF_range3_swir.gif,,,D:\usgs_splib07\../GIFplots/GIFplots_splib07a/splib07a_Wavelengths_ASD_0.35-2.5_microns_2151_ch.gif,D:\usgs_splib07\../GIFplots/GIFplots_splib07a/splib07a_Bandpass_(FWHM)_ASDFR_StandardResolution.gif
Rangeland C04-211 S03% G16%  ASDFRa AREF,D:\usgs_splib07\../HTMLmetadata/Rangeland_C04-211_S03%_G16%_ASDFRa_AREF.html,D:\usgs_splib07\../ASCIIdata/ASCIIdata_splib07a/ChapterV_Vegetation/splib07a_Rangeland_C04-211_S03%_G16%_ASDFRa_AREF.txt,,D:\usgs_splib07\../ASCIIdata/ASCIIdata_splib07a/splib07a_Wavelengths_ASD_0.35-2.5_microns_2151_ch.txt,D:\usgs_splib07\../ASCIIdata/ASCIIdata_splib07a/splib07a_Bandpass_(FWHM)_ASDFR_StandardResolution.txt,D:\usgs_splib07\../GIFplots/GIFplots_splib07a/ChapterV_Vegetation/splib07a_Rangeland_C04-211_S03%_G16%_ASDFRa_AREF.gif,D:\usgs_splib07\../GIFplots/GIFplots_splib07a/plots_by_wavelength_region/range1_uv_to_visible/splib07a_Rangeland_C04-211_S03%_G16%_ASDFRa_AREF_range1_uv_to_vis.gif,D:\usgs_splib07\../GIFplots/GIFplots_splib07a/plots_by_wavelength_region/range2_visible_to_swir/splib07a_Rangeland_C04-211_S03%_G16%_ASDFRa_AREF_range2_vis_to_swir.gif,D:\usgs_splib07\../GIFplots/GIFplots_splib07a/plots_by_wavelength_region/range3_swir/splib07a_Rangeland_C04-211_S03%_G16%_ASDFRa_AREF_range3_swir.gif,,,D:\usgs_splib07\../GIFplots/GIFplots_splib07a/splib07a_Wavelengths_ASD_0.35-2.5_microns_2151_ch.gif,D:\usgs_splib07\../GIFplots/GIFplots_splib07a/splib07a_Bandpass_(FWHM)_ASDFR_StandardResolution.gif
Rangeland C04-214 S03% G17%  ASDFRa AREF,D:\usgs_splib07\../HTMLmetadata/Rangeland_C04-214_S03%_G17%_ASDFRa_AREF.html,D:\usgs_splib07\../ASCIIdata/ASCIIdata_splib07a/ChapterV_Vegetation/splib07a_Rangeland_C04-214_S03%_G17%_ASDFRa_AREF.txt,,D:\usgs_splib07\../ASCIIdata/ASCIIdata_splib07a/splib07a_Wavelengths_ASD_0.35-2.5_microns_2151_ch.txt,D:\usgs_splib07\../ASCIIdata/ASCIIdata_splib07a/splib07a_Bandpass_(FWHM)_ASDFR_StandardResolution.txt,D:\usgs_splib07\../GIFplots/GIFplots_splib07a/ChapterV_Vegetation/splib07a_Rangeland_C04-214_S03%_G17%_ASDFRa_AREF.gif,D:\usgs_splib07\../GIFplots/GIFplots_splib07a/plots_by_wavelength_region/range1_uv_to_visible/splib07a_Rangeland_C04-214_S03%_G17%_ASDFRa_AREF_range1_uv_to_vis.gif,D:\usgs_splib07\../GIFplots/GIFplots_splib07a/plots_by_wavelength_region/range2_visible_to_swir/splib07a_Rangeland_C04-214_S03%_G17%_ASDFRa_AREF_range2_vis_to_swir.gif,D:\usgs_splib07\../GIFplots/GIFplots_splib07a/plots_by_wavelength_region/range3_swir/splib07a_Rangeland_C04-214_S03%_G17%_ASDFRa_AREF_range3_swir.gif,,,D:\usgs_splib07\../GIFplots/GIFplots_splib07a/splib07a_Wavelengths_ASD_0.35-2.5_microns_2151_ch.gif,D:\usgs_splib07\../GIFplots/GIFplots_splib07a/splib07a_Bandpass_(FWHM)_ASDFR_StandardResolution.gif
Rangeland C04-226 S05% G25%  ASDFRa AREF,D:\usgs_splib07\../HTMLmetadata/Rangeland_C04-226_S05%_G25%_ASDFRa_AREF.html,D:\usgs_splib07\../ASCIIdata/ASCIIdata_splib07a/ChapterV_Vegetation/splib07a_Rangeland_C04-226_S05%_G25%_ASDFRa_AREF.txt,,D:\usgs_splib07\../ASCIIdata/ASCIIdata_splib07a/splib07a_Wavelengths_ASD_0.35-2.5_microns_2151_ch.txt,D:\usgs_splib07\../ASCIIdata/ASCIIdata_splib07a/splib07a_Bandpass_(FWHM)_ASDFR_StandardResolution.txt,D:\usgs_splib07\../GIFplots/GIFplots_splib07a/ChapterV_Vegetation/splib07a_Rangeland_C04-226_S05%_G25%_ASDFRa_AREF.gif,D:\usgs_splib07\../GIFplots/GIFplots_splib07a/plots_by_wavelength_region/range1_uv_to_visible/splib07a_Rangeland_C04-226_S05%_G25%_ASDFRa_AREF_range1_uv_to_vis.gif,D:\usgs_splib07\../GIFplots/GIFplots_splib07a/plots_by_wavelength_region/range2_visible_to_swir/splib07a_Rangeland_C04-226_S05%_G25%_ASDFRa_AREF_range2_vis_to_swir.gif,D:\usgs_splib07\../GIFplots/GIFplots_splib07a/plots_by_wavelength_region/range3_swir/splib07a_Rangeland_C04-226_S05%_G25%_ASDFRa_AREF_range3_swir.gif,,,D:\usgs_splib07\../GIFplots/GIFplots_splib07a/splib07a_Wavelengths_ASD_0.35-2.5_microns_2151_ch.gif,D:\usgs_splib07\../GIFplots/GIFplots_splib07a/splib07a_Bandpass_(FWHM)_ASDFR_StandardResolution.gif
Rangeland C04-232 S23% G13%  ASDFRa AREF,D:\usgs_splib07\../HTMLmetadata/Rangeland_C04-232_S23%_G13%_ASDFRa_AREF.html,D:\usgs_splib07\../ASCIIdata/ASCIIdata_splib07a/ChapterV_Vegetation/splib07a_Rangeland_C04-232_S23%_G13%_ASDFRa_AREF.txt,,D:\usgs_splib07\../ASCIIdata/ASCIIdata_splib07a/splib07a_Wavelengths_ASD_0.35-2.5_microns_2151_ch.txt,D:\usgs_splib07\../ASCIIdata/ASCIIdata_splib07a/splib07a_Bandpass_(FWHM)_ASDFR_StandardResolution.txt,D:\usgs_splib07\../GIFplots/GIFplots_splib07a/ChapterV_Vegetation/splib07a_Rangeland_C04-232_S23%_G13%_ASDFRa_AREF.gif,D:\usgs_splib07\../GIFplots/GIFplots_splib07a/plots_by_wavelength_region/range1_uv_to_visible/splib07a_Rangeland_C04-232_S23%_G13%_ASDFRa_AREF_range1_uv_to_vis.gif,D:\usgs_splib07\../GIFplots/GIFplots_splib07a/plots_by_wavelength_region/range2_visible_to_swir/splib07a_Rangeland_C04-232_S23%_G13%_ASDFRa_AREF_range2_vis_to_swir.gif,D:\usgs_splib07\../GIFplots/GIFplots_splib07a/plots_by_wavelength_region/range3_swir/splib07a_Rangeland_C04-232_S23%_G13%_ASDFRa_AREF_range3_swir.gif,,,D:\usgs_splib07\../GIFplots/GIFplots_splib07a/splib07a_Wavelengths_ASD_0.35-2.5_microns_2151_ch.gif,D:\usgs_splib07\../GIFplots/GIFplots_splib07a/splib07a_Bandpass_(FWHM)_ASDFR_StandardResolution.gif
Rangeland C04-233 S16% G06%  ASDFRa AREF,D:\usgs_splib07\../HTMLmetadata/Rangeland_C04-233_S16%_G06%_ASDFRa_AREF.html,D:\usgs_splib07\../ASCIIdata/ASCIIdata_splib07a/ChapterV_Vegetation/splib07a_Rangeland_C04-233_S16%_G06%_ASDFRa_AREF.txt,,D:\usgs_splib07\../ASCIIdata/ASCIIdata_splib07a/splib07a_Wavelengths_ASD_0.35-2.5_microns_2151_ch.txt,D:\usgs_splib07\../ASCIIdata/ASCIIdata_splib07a/splib07a_Bandpass_(FWHM)_ASDFR_StandardResolution.txt,D:\usgs_splib07\../GIFplots/GIFplots_splib07a/ChapterV_Vegetation/splib07a_Rangeland_C04-233_S16%_G06%_ASDFRa_AREF.gif,D:\usgs_splib07\../GIFplots/GIFplots_splib07a/plots_by_wavelength_region/range1_uv_to_visible/splib07a_Rangeland_C04-233_S16%_G06%_ASDFRa_AREF_range1_uv_to_vis.gif,D:\usgs_splib07\../GIFplots/GIFplots_splib07a/plots_by_wavelength_region/range2_visible_to_swir/splib07a_Rangeland_C04-233_S16%_G06%_ASDFRa_AREF_range2_vis_to_swir.gif,D:\usgs_splib07\../GIFplots/GIFplots_splib07a/plots_by_wavelength_region/range3_swir/splib07a_Rangeland_C04-233_S16%_G06%_ASDFRa_AREF_range3_swir.gif,,,D:\usgs_splib07\../GIFplots/GIFplots_splib07a/splib07a_Wavelengths_ASD_0.35-2.5_microns_2151_ch.gif,D:\usgs_splib07\../GIFplots/GIFplots_splib07a/splib07a_Bandpass_(FWHM)_ASDFR_StandardResolution.gif
Rangeland C04-236 S20% G18%  ASDFRa AREF,D:\usgs_splib07\../HTMLmetadata/Rangeland_C04-236_S20%_G18%_ASDFRa_AREF.html,D:\usgs_splib07\../ASCIIdata/ASCIIdata_splib07a/ChapterV_Vegetation/splib07a_Rangeland_C04-236_S20%_G18%_ASDFRa_AREF.txt,,D:\usgs_splib07\../ASCIIdata/ASCIIdata_splib07a/splib07a_Wavelengths_ASD_0.35-2.5_microns_2151_ch.txt,D:\usgs_splib07\../ASCIIdata/ASCIIdata_splib07a/splib07a_Bandpass_(FWHM)_ASDFR_StandardResolution.txt,D:\usgs_splib07\../GIFplots/GIFplots_splib07a/ChapterV_Vegetation/splib07a_Rangeland_C04-236_S20%_G18%_ASDFRa_AREF.gif,D:\usgs_splib07\../GIFplots/GIFplots_splib07a/plots_by_wavelength_region/range1_uv_to_visible/splib07a_Rangeland_C04-236_S20%_G18%_ASDFRa_AREF_range1_uv_to_vis.gif,D:\usgs_splib07\../GIFplots/GIFplots_splib07a/plots_by_wavelength_region/range2_visible_to_swir/splib07a_Rangeland_C04-236_S20%_G18%_ASDFRa_AREF_range2_vis_to_swir.gif,D:\usgs_splib07\../GIFplots/GIFplots_splib07a/plots_by_wavelength_region/range3_swir/splib07a_Rangeland_C04-236_S20%_G18%_ASDFRa_AREF_range3_swir.gif,,,D:\usgs_splib07\../GIFplots/GIFplots_splib07a/splib07a_Wavelengths_ASD_0.35-2.5_microns_2151_ch.gif,D:\usgs_splib07\../GIFplots/GIFplots_splib07a/splib07a_Bandpass_(FWHM)_ASDFR_StandardResolution.gif
Rangeland C04-237 S05% G25%  ASDFRa AREF,D:\usgs_splib07\../HTMLmetadata/Rangeland_C04-237_S05%_G25%_ASDFRa_AREF.html,D:\usgs_splib07\../ASCIIdata/ASCIIdata_splib07a/ChapterV_Vegetation/splib07a_Rangeland_C04-237_S05%_G25%_ASDFRa_AREF.txt,,D:\usgs_splib07\../ASCIIdata/ASCIIdata_splib07a/splib07a_Wavelengths_ASD_0.35-2.5_microns_2151_ch.txt,D:\usgs_splib07\../ASCIIdata/ASCIIdata_splib07a/splib07a_Bandpass_(FWHM)_ASDFR_StandardResolution.txt,D:\usgs_splib07\../GIFplots/GIFplots_splib07a/ChapterV_Vegetation/splib07a_Rangeland_C04-237_S05%_G25%_ASDFRa_AREF.gif,D:\usgs_splib07\../GIFplots/GIFplots_splib07a/plots_by_wavelength_region/range1_uv_to_visible/splib07a_Rangeland_C04-237_S05%_G25%_ASDFRa_AREF_range1_uv_to_vis.gif,D:\usgs_splib07\../GIFplots/GIFplots_splib07a/plots_by_wavelength_region/range2_visible_to_swir/splib07a_Rangeland_C04-237_S05%_G25%_ASDFRa_AREF_range2_vis_to_swir.gif,D:\usgs_splib07\../GIFplots/GIFplots_splib07a/plots_by_wavelength_region/range3_swir/splib07a_Rangeland_C04-237_S05%_G25%_ASDFRa_AREF_range3_swir.gif,,,D:\usgs_splib07\../GIFplots/GIFplots_splib07a/splib07a_Wavelengths_ASD_0.35-2.5_microns_2151_ch.gif,D:\usgs_splib07\../GIFplots/GIFplots_splib07a/splib07a_Bandpass_(FWHM)_ASDFR_StandardResolution.gif
Rangeland C04-243A S05%G02%  ASDFRa AREF,D:\usgs_splib07\../HTMLmetadata/Rangeland_C04-243A_S05%G02%_ASDFRa_AREF.html,D:\usgs_splib07\../ASCIIdata/ASCIIdata_splib07a/ChapterV_Vegetation/splib07a_Rangeland_C04-243A_S05%G02%_ASDFRa_AREF.txt,,D:\usgs_splib07\../ASCIIdata/ASCIIdata_splib07a/splib07a_Wavelengths_ASD_0.35-2.5_microns_2151_ch.txt,D:\usgs_splib07\../ASCIIdata/ASCIIdata_splib07a/splib07a_Bandpass_(FWHM)_ASDFR_StandardResolution.txt,D:\usgs_splib07\../GIFplots/GIFplots_splib07a/ChapterV_Vegetation/splib07a_Rangeland_C04-243A_S05%G02%_ASDFRa_AREF.gif,D:\usgs_splib07\../GIFplots/GIFplots_splib07a/plots_by_wavelength_region/range1_uv_to_visible/splib07a_Rangeland_C04-243A_S05%G02%_ASDFRa_AREF_range1_uv_to_vis.gif,D:\usgs_splib07\../GIFplots/GIFplots_splib07a/plots_by_wavelength_region/range2_visible_to_swir/splib07a_Rangeland_C04-243A_S05%G02%_ASDFRa_AREF_range2_vis_to_swir.gif,D:\usgs_splib07\../GIFplots/GIFplots_splib07a/plots_by_wavelength_region/range3_swir/splib07a_Rangeland_C04-243A_S05%G02%_ASDFRa_AREF_range3_swir.gif,,,D:\usgs_splib07\../GIFplots/GIFplots_splib07a/splib07a_Wavelengths_ASD_0.35-2.5_microns_2151_ch.gif,D:\usgs_splib07\../GIFplots/GIFplots_splib07a/splib07a_Bandpass_(FWHM)_ASDFR_StandardResolution.gif
Rangeland C04-251 S17% G07%  ASDFRa AREF,D:\usgs_splib07\../HTMLmetadata/Rangeland_C04-251_S17%_G07%_ASDFRa_AREF.html,D:\usgs_splib07\../ASCIIdata/ASCIIdata_splib07a/ChapterV_Vegetation/splib07a_Rangeland_C04-251_S17%_G07%_ASDFRa_AREF.txt,,D:\usgs_splib07\../ASCIIdata/ASCIIdata_splib07a/splib07a_Wavelengths_ASD_0.35-2.5_microns_2151_ch.txt,D:\usgs_splib07\../ASCIIdata/ASCIIdata_splib07a/splib07a_Bandpass_(FWHM)_ASDFR_StandardResolution.txt,D:\usgs_splib07\../GIFplots/GIFplots_splib07a/ChapterV_Vegetation/splib07a_Rangeland_C04-251_S17%_G07%_ASDFRa_AREF.gif,D:\usgs_splib07\../GIFplots/GIFplots_splib07a/plots_by_wavelength_region/range1_uv_to_visible/splib07a_Rangeland_C04-251_S17%_G07%_ASDFRa_AREF_range1_uv_to_vis.gif,D:\usgs_splib07\../GIFplots/GIFplots_splib07a/plots_by_wavelength_region/range2_visible_to_swir/splib07a_Rangeland_C04-251_S17%_G07%_ASDFRa_AREF_range2_vis_to_swir.gif,D:\usgs_splib07\../GIFplots/GIFplots_splib07a/plots_by_wavelength_region/range3_swir/splib07a_Rangeland_C04-251_S17%_G07%_ASDFRa_AREF_range3_swir.gif,,,D:\usgs_splib07\../GIFplots/GIFplots_splib07a/splib07a_Wavelengths_ASD_0.35-2.5_microns_2151_ch.gif,D:\usgs_splib07\../GIFplots/GIFplots_splib07a/splib07a_Bandpass_(FWHM)_ASDFR_StandardResolution.gif
Rangeland C04-252 S08% G05%  ASDFRa AREF,D:\usgs_splib07\../HTMLmetadata/Rangeland_C04-252_S08%_G05%_ASDFRa_AREF.html,D:\usgs_splib07\../ASCIIdata/ASCIIdata_splib07a/ChapterV_Vegetation/splib07a_Rangeland_C04-252_S08%_G05%_ASDFRa_AREF.txt,,D:\usgs_splib07\../ASCIIdata/ASCIIdata_splib07a/splib07a_Wavelengths_ASD_0.35-2.5_microns_2151_ch.txt,D:\usgs_splib07\../ASCIIdata/ASCIIdata_splib07a/splib07a_Bandpass_(FWHM)_ASDFR_StandardResolution.txt,D:\usgs_splib07\../GIFplots/GIFplots_splib07a/ChapterV_Vegetation/splib07a_Rangeland_C04-252_S08%_G05%_ASDFRa_AREF.gif,D:\usgs_splib07\../GIFplots/GIFplots_splib07a/plots_by_wavelength_region/range1_uv_to_visible/splib07a_Rangeland_C04-252_S08%_G05%_ASDFRa_AREF_range1_uv_to_vis.gif,D:\usgs_splib07\../GIFplots/GIFplots_splib07a/plots_by_wavelength_region/range2_visible_to_swir/splib07a_Rangeland_C04-252_S08%_G05%_ASDFRa_AREF_range2_vis_to_swir.gif,D:\usgs_splib07\../GIFplots/GIFplots_splib07a/plots_by_wavelength_region/range3_swir/splib07a_Rangeland_C04-252_S08%_G05%_ASDFRa_AREF_range3_swir.gif,,,D:\usgs_splib07\../GIFplots/GIFplots_splib07a/splib07a_Wavelengths_ASD_0.35-2.5_microns_2151_ch.gif,D:\usgs_splib07\../GIFplots/GIFplots_splib07a/splib07a_Bandpass_(FWHM)_ASDFR_StandardResolution.gif
Rangeland C04-253 S27% G21%  ASDFRa AREF,D:\usgs_splib07\../HTMLmetadata/Rangeland_C04-253_S27%_G21%_ASDFRa_AREF.html,D:\usgs_splib07\../ASCIIdata/ASCIIdata_splib07a/ChapterV_Vegetation/splib07a_Rangeland_C04-253_S27%_G21%_ASDFRa_AREF.txt,,D:\usgs_splib07\../ASCIIdata/ASCIIdata_splib07a/splib07a_Wavelengths_ASD_0.35-2.5_microns_2151_ch.txt,D:\usgs_splib07\../ASCIIdata/ASCIIdata_splib07a/splib07a_Bandpass_(FWHM)_ASDFR_StandardResolution.txt,D:\usgs_splib07\../GIFplots/GIFplots_splib07a/ChapterV_Vegetation/splib07a_Rangeland_C04-253_S27%_G21%_ASDFRa_AREF.gif,D:\usgs_splib07\../GIFplots/GIFplots_splib07a/plots_by_wavelength_region/range1_uv_to_visible/splib07a_Rangeland_C04-253_S27%_G21%_ASDFRa_AREF_range1_uv_to_vis.gif,D:\usgs_splib07\../GIFplots/GIFplots_splib07a/plots_by_wavelength_region/range2_visible_to_swir/splib07a_Rangeland_C04-253_S27%_G21%_ASDFRa_AREF_range2_vis_to_swir.gif,D:\usgs_splib07\../GIFplots/GIFplots_splib07a/plots_by_wavelength_region/range3_swir/splib07a_Rangeland_C04-253_S27%_G21%_ASDFRa_AREF_range3_swir.gif,,,D:\usgs_splib07\../GIFplots/GIFplots_splib07a/splib07a_Wavelengths_ASD_0.35-2.5_microns_2151_ch.gif,D:\usgs_splib07\../GIFplots/GIFplots_splib07a/splib07a_Bandpass_(FWHM)_ASDFR_StandardResolution.gif
Rangeland C04-264 S09% G18%  ASDFRa AREF,D:\usgs_splib07\../HTMLmetadata/Rangeland_C04-264_S09%_G18%_ASDFRa_AREF.html,D:\usgs_splib07\../ASCIIdata/ASCIIdata_splib07a/ChapterV_Vegetation/splib07a_Rangeland_C04-264_S09%_G18%_ASDFRa_AREF.txt,,D:\usgs_splib07\../ASCIIdata/ASCIIdata_splib07a/splib07a_Wavelengths_ASD_0.35-2.5_microns_2151_ch.txt,D:\usgs_splib07\../ASCIIdata/ASCIIdata_splib07a/splib07a_Bandpass_(FWHM)_ASDFR_StandardResolution.txt,D:\usgs_splib07\../GIFplots/GIFplots_splib07a/ChapterV_Vegetation/splib07a_Rangeland_C04-264_S09%_G18%_ASDFRa_AREF.gif,D:\usgs_splib07\../GIFplots/GIFplots_splib07a/plots_by_wavelength_region/range1_uv_to_visible/splib07a_Rangeland_C04-264_S09%_G18%_ASDFRa_AREF_range1_uv_to_vis.gif,D:\usgs_splib07\../GIFplots/GIFplots_splib07a/plots_by_wavelength_region/range2_visible_to_swir/splib07a_Rangeland_C04-264_S09%_G18%_ASDFRa_AREF_range2_vis_to_swir.gif,D:\usgs_splib07\../GIFplots/GIFplots_splib07a/plots_by_wavelength_region/range3_swir/splib07a_Rangeland_C04-264_S09%_G18%_ASDFRa_AREF_range3_swir.gif,,,D:\usgs_splib07\../GIFplots/GIFplots_splib07a/splib07a_Wavelengths_ASD_0.35-2.5_microns_2151_ch.gif,D:\usgs_splib07\../GIFplots/GIFplots_splib07a/splib07a_Bandpass_(FWHM)_ASDFR_StandardResolution.gif
Rangeland C04-272 S04% G36%  ASDFRa AREF,D:\usgs_splib07\../HTMLmetadata/Rangeland_C04-272_S04%_G36%_ASDFRa_AREF.html,D:\usgs_splib07\../ASCIIdata/ASCIIdata_splib07a/ChapterV_Vegetation/splib07a_Rangeland_C04-272_S04%_G36%_ASDFRa_AREF.txt,,D:\usgs_splib07\../ASCIIdata/ASCIIdata_splib07a/splib07a_Wavelengths_ASD_0.35-2.5_microns_2151_ch.txt,D:\usgs_splib07\../ASCIIdata/ASCIIdata_splib07a/splib07a_Bandpass_(FWHM)_ASDFR_StandardResolution.txt,D:\usgs_splib07\../GIFplots/GIFplots_splib07a/ChapterV_Vegetation/splib07a_Rangeland_C04-272_S04%_G36%_ASDFRa_AREF.gif,D:\usgs_splib07\../GIFplots/GIFplots_splib07a/plots_by_wavelength_region/range1_uv_to_visible/splib07a_Rangeland_C04-272_S04%_G36%_ASDFRa_AREF_range1_uv_to_vis.gif,D:\usgs_splib07\../GIFplots/GIFplots_splib07a/plots_by_wavelength_region/range2_visible_to_swir/splib07a_Rangeland_C04-272_S04%_G36%_ASDFRa_AREF_range2_vis_to_swir.gif,D:\usgs_splib07\../GIFplots/GIFplots_splib07a/plots_by_wavelength_region/range3_swir/splib07a_Rangeland_C04-272_S04%_G36%_ASDFRa_AREF_range3_swir.gif,,,D:\usgs_splib07\../GIFplots/GIFplots_splib07a/splib07a_Wavelengths_ASD_0.35-2.5_microns_2151_ch.gif,D:\usgs_splib07\../GIFplots/GIFplots_splib07a/splib07a_Bandpass_(FWHM)_ASDFR_StandardResolution.gif
Rangeland C04-273 S25% G08%  ASDFRa AREF,D:\usgs_splib07\../HTMLmetadata/Rangeland_C04-273_S25%_G08%_ASDFRa_AREF.html,D:\usgs_splib07\../ASCIIdata/ASCIIdata_splib07a/ChapterV_Vegetation/splib07a_Rangeland_C04-273_S25%_G08%_ASDFRa_AREF.txt,,D:\usgs_splib07\../ASCIIdata/ASCIIdata_splib07a/splib07a_Wavelengths_ASD_0.35-2.5_microns_2151_ch.txt,D:\usgs_splib07\../ASCIIdata/ASCIIdata_splib07a/splib07a_Bandpass_(FWHM)_ASDFR_StandardResolution.txt,D:\usgs_splib07\../GIFplots/GIFplots_splib07a/ChapterV_Vegetation/splib07a_Rangeland_C04-273_S25%_G08%_ASDFRa_AREF.gif,D:\usgs_splib07\../GIFplots/GIFplots_splib07a/plots_by_wavelength_region/range1_uv_to_visible/splib07a_Rangeland_C04-273_S25%_G08%_ASDFRa_AREF_range1_uv_to_vis.gif,D:\usgs_splib07\../GIFplots/GIFplots_splib07a/plots_by_wavelength_region/range2_visible_to_swir/splib07a_Rangeland_C04-273_S25%_G08%_ASDFRa_AREF_range2_vis_to_swir.gif,D:\usgs_splib07\../GIFplots/GIFplots_splib07a/plots_by_wavelength_region/range3_swir/splib07a_Rangeland_C04-273_S25%_G08%_ASDFRa_AREF_range3_swir.gif,,,D:\usgs_splib07\../GIFplots/GIFplots_splib07a/splib07a_Wavelengths_ASD_0.35-2.5_microns_2151_ch.gif,D:\usgs_splib07\../GIFplots/GIFplots_splib07a/splib07a_Bandpass_(FWHM)_ASDFR_StandardResolution.gif
Rangeland C04-288 S19% G34%  ASDFRa AREF,D:\usgs_splib07\../HTMLmetadata/Rangeland_C04-288_S19%_G34%_ASDFRa_AREF.html,D:\usgs_splib07\../ASCIIdata/ASCIIdata_splib07a/ChapterV_Vegetation/splib07a_Rangeland_C04-288_S19%_G34%_ASDFRa_AREF.txt,,D:\usgs_splib07\../ASCIIdata/ASCIIdata_splib07a/splib07a_Wavelengths_ASD_0.35-2.5_microns_2151_ch.txt,D:\usgs_splib07\../ASCIIdata/ASCIIdata_splib07a/splib07a_Bandpass_(FWHM)_ASDFR_StandardResolution.txt,D:\usgs_splib07\../GIFplots/GIFplots_splib07a/ChapterV_Vegetation/splib07a_Rangeland_C04-288_S19%_G34%_ASDFRa_AREF.gif,D:\usgs_splib07\../GIFplots/GIFplots_splib07a/plots_by_wavelength_region/range1_uv_to_visible/splib07a_Rangeland_C04-288_S19%_G34%_ASDFRa_AREF_range1_uv_to_vis.gif,D:\usgs_splib07\../GIFplots/GIFplots_splib07a/plots_by_wavelength_region/range2_visible_to_swir/splib07a_Rangeland_C04-288_S19%_G34%_ASDFRa_AREF_range2_vis_to_swir.gif,D:\usgs_splib07\../GIFplots/GIFplots_splib07a/plots_by_wavelength_region/range3_swir/splib07a_Rangeland_C04-288_S19%_G34%_ASDFRa_AREF_range3_swir.gif,,,D:\usgs_splib07\../GIFplots/GIFplots_splib07a/splib07a_Wavelengths_ASD_0.35-2.5_microns_2151_ch.gif,D:\usgs_splib07\../GIFplots/GIFplots_splib07a/splib07a_Bandpass_(FWHM)_ASDFR_StandardResolution.gif
Rangeland C04-295 S17% G17%  ASDFRa AREF,D:\usgs_splib07\../HTMLmetadata/Rangeland_C04-295_S17%_G17%_ASDFRa_AREF.html,D:\usgs_splib07\../ASCIIdata/ASCIIdata_splib07a/ChapterV_Vegetation/splib07a_Rangeland_C04-295_S17%_G17%_ASDFRa_AREF.txt,,D:\usgs_splib07\../ASCIIdata/ASCIIdata_splib07a/splib07a_Wavelengths_ASD_0.35-2.5_microns_2151_ch.txt,D:\usgs_splib07\../ASCIIdata/ASCIIdata_splib07a/splib07a_Bandpass_(FWHM)_ASDFR_StandardResolution.txt,D:\usgs_splib07\../GIFplots/GIFplots_splib07a/ChapterV_Vegetation/splib07a_Rangeland_C04-295_S17%_G17%_ASDFRa_AREF.gif,D:\usgs_splib07\../GIFplots/GIFplots_splib07a/plots_by_wavelength_region/range1_uv_to_visible/splib07a_Rangeland_C04-295_S17%_G17%_ASDFRa_AREF_range1_uv_to_vis.gif,D:\usgs_splib07\../GIFplots/GIFplots_splib07a/plots_by_wavelength_region/range2_visible_to_swir/splib07a_Rangeland_C04-295_S17%_G17%_ASDFRa_AREF_range2_vis_to_swir.gif,D:\usgs_splib07\../GIFplots/GIFplots_splib07a/plots_by_wavelength_region/range3_swir/splib07a_Rangeland_C04-295_S17%_G17%_ASDFRa_AREF_range3_swir.gif,,,D:\usgs_splib07\../GIFplots/GIFplots_splib07a/splib07a_Wavelengths_ASD_0.35-2.5_microns_2151_ch.gif,D:\usgs_splib07\../GIFplots/GIFplots_splib07a/splib07a_Bandpass_(FWHM)_ASDFR_StandardResolution.gif
Rangeland L02-005 S14% G16%  ASDFRa AREF,D:\usgs_splib07\../HTMLmetadata/Rangeland_L02-005_S14%_G16%_ASDFRa_AREF.html,D:\usgs_splib07\../ASCIIdata/ASCIIdata_splib07a/ChapterV_Vegetation/splib07a_Rangeland_L02-005_S14%_G16%_ASDFRa_AREF.txt,,D:\usgs_splib07\../ASCIIdata/ASCIIdata_splib07a/splib07a_Wavelengths_ASD_0.35-2.5_microns_2151_ch.txt,D:\usgs_splib07\../ASCIIdata/ASCIIdata_splib07a/splib07a_Bandpass_(FWHM)_ASDFR_StandardResolution.txt,D:\usgs_splib07\../GIFplots/GIFplots_splib07a/ChapterV_Vegetation/splib07a_Rangeland_L02-005_S14%_G16%_ASDFRa_AREF.gif,D:\usgs_splib07\../GIFplots/GIFplots_splib07a/plots_by_wavelength_region/range1_uv_to_visible/splib07a_Rangeland_L02-005_S14%_G16%_ASDFRa_AREF_range1_uv_to_vis.gif,D:\usgs_splib07\../GIFplots/GIFplots_splib07a/plots_by_wavelength_region/range2_visible_to_swir/splib07a_Rangeland_L02-005_S14%_G16%_ASDFRa_AREF_range2_vis_to_swir.gif,D:\usgs_splib07\../GIFplots/GIFplots_splib07a/plots_by_wavelength_region/range3_swir/splib07a_Rangeland_L02-005_S14%_G16%_ASDFRa_AREF_range3_swir.gif,,,D:\usgs_splib07\../GIFplots/GIFplots_splib07a/splib07a_Wavelengths_ASD_0.35-2.5_microns_2151_ch.gif,D:\usgs_splib07\../GIFplots/GIFplots_splib07a/splib07a_Bandpass_(FWHM)_ASDFR_StandardResolution.gif
Rangeland L02-013 S00% G31%  ASDFRa AREF,D:\usgs_splib07\../HTMLmetadata/Rangeland_L02-013_S00%_G31%_ASDFRa_AREF.html,D:\usgs_splib07\../ASCIIdata/ASCIIdata_splib07a/ChapterV_Vegetation/splib07a_Rangeland_L02-013_S00%_G31%_ASDFRa_AREF.txt,,D:\usgs_splib07\../ASCIIdata/ASCIIdata_splib07a/splib07a_Wavelengths_ASD_0.35-2.5_microns_2151_ch.txt,D:\usgs_splib07\../ASCIIdata/ASCIIdata_splib07a/splib07a_Bandpass_(FWHM)_ASDFR_StandardResolution.txt,D:\usgs_splib07\../GIFplots/GIFplots_splib07a/ChapterV_Vegetation/splib07a_Rangeland_L02-013_S00%_G31%_ASDFRa_AREF.gif,D:\usgs_splib07\../GIFplots/GIFplots_splib07a/plots_by_wavelength_region/range1_uv_to_visible/splib07a_Rangeland_L02-013_S00%_G31%_ASDFRa_AREF_range1_uv_to_vis.gif,D:\usgs_splib07\../GIFplots/GIFplots_splib07a/plots_by_wavelength_region/range2_visible_to_swir/splib07a_Rangeland_L02-013_S00%_G31%_ASDFRa_AREF_range2_vis_to_swir.gif,D:\usgs_splib07\../GIFplots/GIFplots_splib07a/plots_by_wavelength_region/range3_swir/splib07a_Rangeland_L02-013_S00%_G31%_ASDFRa_AREF_range3_swir.gif,,,D:\usgs_splib07\../GIFplots/GIFplots_splib07a/splib07a_Wavelengths_ASD_0.35-2.5_microns_2151_ch.gif,D:\usgs_splib07\../GIFplots/GIFplots_splib07a/splib07a_Bandpass_(FWHM)_ASDFR_StandardResolution.gif
Rangeland L02-015 S01% G35%  ASDFRa AREF,D:\usgs_splib07\../HTMLmetadata/Rangeland_L02-015_S01%_G35%_ASDFRa_AREF.html,D:\usgs_splib07\../ASCIIdata/ASCIIdata_splib07a/ChapterV_Vegetation/splib07a_Rangeland_L02-015_S01%_G35%_ASDFRa_AREF.txt,,D:\usgs_splib07\../ASCIIdata/ASCIIdata_splib07a/splib07a_Wavelengths_ASD_0.35-2.5_microns_2151_ch.txt,D:\usgs_splib07\../ASCIIdata/ASCIIdata_splib07a/splib07a_Bandpass_(FWHM)_ASDFR_StandardResolution.txt,D:\usgs_splib07\../GIFplots/GIFplots_splib07a/ChapterV_Vegetation/splib07a_Rangeland_L02-015_S01%_G35%_ASDFRa_AREF.gif,D:\usgs_splib07\../GIFplots/GIFplots_splib07a/plots_by_wavelength_region/range1_uv_to_visible/splib07a_Rangeland_L02-015_S01%_G35%_ASDFRa_AREF_range1_uv_to_vis.gif,D:\usgs_splib07\../GIFplots/GIFplots_splib07a/plots_by_wavelength_region/range2_visible_to_swir/splib07a_Rangeland_L02-015_S01%_G35%_ASDFRa_AREF_range2_vis_to_swir.gif,D:\usgs_splib07\../GIFplots/GIFplots_splib07a/plots_by_wavelength_region/range3_swir/splib07a_Rangeland_L02-015_S01%_G35%_ASDFRa_AREF_range3_swir.gif,,,D:\usgs_splib07\../GIFplots/GIFplots_splib07a/splib07a_Wavelengths_ASD_0.35-2.5_microns_2151_ch.gif,D:\usgs_splib07\../GIFplots/GIFplots_splib07a/splib07a_Bandpass_(FWHM)_ASDFR_StandardResolution.gif
Rangeland L02-019 S01% G06%  ASDFRa AREF,D:\usgs_splib07\../HTMLmetadata/Rangeland_L02-019_S01%_G06%_ASDFRa_AREF.html,D:\usgs_splib07\../ASCIIdata/ASCIIdata_splib07a/ChapterV_Vegetation/splib07a_Rangeland_L02-019_S01%_G06%_ASDFRa_AREF.txt,,D:\usgs_splib07\../ASCIIdata/ASCIIdata_splib07a/splib07a_Wavelengths_ASD_0.35-2.5_microns_2151_ch.txt,D:\usgs_splib07\../ASCIIdata/ASCIIdata_splib07a/splib07a_Bandpass_(FWHM)_ASDFR_StandardResolution.txt,D:\usgs_splib07\../GIFplots/GIFplots_splib07a/ChapterV_Vegetation/splib07a_Rangeland_L02-019_S01%_G06%_ASDFRa_AREF.gif,D:\usgs_splib07\../GIFplots/GIFplots_splib07a/plots_by_wavelength_region/range1_uv_to_visible/splib07a_Rangeland_L02-019_S01%_G06%_ASDFRa_AREF_range1_uv_to_vis.gif,D:\usgs_splib07\../GIFplots/GIFplots_splib07a/plots_by_wavelength_region/range2_visible_to_swir/splib07a_Rangeland_L02-019_S01%_G06%_ASDFRa_AREF_range2_vis_to_swir.gif,D:\usgs_splib07\../GIFplots/GIFplots_splib07a/plots_by_wavelength_region/range3_swir/splib07a_Rangeland_L02-019_S01%_G06%_ASDFRa_AREF_range3_swir.gif,,,D:\usgs_splib07\../GIFplots/GIFplots_splib07a/splib07a_Wavelengths_ASD_0.35-2.5_microns_2151_ch.gif,D:\usgs_splib07\../GIFplots/GIFplots_splib07a/splib07a_Bandpass_(FWHM)_ASDFR_StandardResolution.gif
Rangeland L02-022 S20% G09%  ASDFRa AREF,D:\usgs_splib07\../HTMLmetadata/Rangeland_L02-022_S20%_G09%_ASDFRa_AREF.html,D:\usgs_splib07\../ASCIIdata/ASCIIdata_splib07a/ChapterV_Vegetation/splib07a_Rangeland_L02-022_S20%_G09%_ASDFRa_AREF.txt,,D:\usgs_splib07\../ASCIIdata/ASCIIdata_splib07a/splib07a_Wavelengths_ASD_0.35-2.5_microns_2151_ch.txt,D:\usgs_splib07\../ASCIIdata/ASCIIdata_splib07a/splib07a_Bandpass_(FWHM)_ASDFR_StandardResolution.txt,D:\usgs_splib07\../GIFplots/GIFplots_splib07a/ChapterV_Vegetation/splib07a_Rangeland_L02-022_S20%_G09%_ASDFRa_AREF.gif,D:\usgs_splib07\../GIFplots/GIFplots_splib07a/plots_by_wavelength_region/range1_uv_to_visible/splib07a_Rangeland_L02-022_S20%_G09%_ASDFRa_AREF_range1_uv_to_vis.gif,D:\usgs_splib07\../GIFplots/GIFplots_splib07a/plots_by_wavelength_region/range2_visible_to_swir/splib07a_Rangeland_L02-022_S20%_G09%_ASDFRa_AREF_range2_vis_to_swir.gif,D:\usgs_splib07\../GIFplots/GIFplots_splib07a/plots_by_wavelength_region/range3_swir/splib07a_Rangeland_L02-022_S20%_G09%_ASDFRa_AREF_range3_swir.gif,,,D:\usgs_splib07\../GIFplots/GIFplots_splib07a/splib07a_Wavelengths_ASD_0.35-2.5_microns_2151_ch.gif,D:\usgs_splib07\../GIFplots/GIFplots_splib07a/splib07a_Bandpass_(FWHM)_ASDFR_StandardResolution.gif
Rangeland L02-023 S01% G56%  ASDFRa AREF,D:\usgs_splib07\../HTMLmetadata/Rangeland_L02-023_S01%_G56%_ASDFRa_AREF.html,D:\usgs_splib07\../ASCIIdata/ASCIIdata_splib07a/ChapterV_Vegetation/splib07a_Rangeland_L02-023_S01%_G56%_ASDFRa_AREF.txt,,D:\usgs_splib07\../ASCIIdata/ASCIIdata_splib07a/splib07a_Wavelengths_ASD_0.35-2.5_microns_2151_ch.txt,D:\usgs_splib07\../ASCIIdata/ASCIIdata_splib07a/splib07a_Bandpass_(FWHM)_ASDFR_StandardResolution.txt,D:\usgs_splib07\../GIFplots/GIFplots_splib07a/ChapterV_Vegetation/splib07a_Rangeland_L02-023_S01%_G56%_ASDFRa_AREF.gif,D:\usgs_splib07\../GIFplots/GIFplots_splib07a/plots_by_wavelength_region/range1_uv_to_visible/splib07a_Rangeland_L02-023_S01%_G56%_ASDFRa_AREF_range1_uv_to_vis.gif,D:\usgs_splib07\../GIFplots/GIFplots_splib07a/plots_by_wavelength_region/range2_visible_to_swir/splib07a_Rangeland_L02-023_S01%_G56%_ASDFRa_AREF_range2_vis_to_swir.gif,D:\usgs_splib07\../GIFplots/GIFplots_splib07a/plots_by_wavelength_region/range3_swir/splib07a_Rangeland_L02-023_S01%_G56%_ASDFRa_AREF_range3_swir.gif,,,D:\usgs_splib07\../GIFplots/GIFplots_splib07a/splib07a_Wavelengths_ASD_0.35-2.5_microns_2151_ch.gif,D:\usgs_splib07\../GIFplots/GIFplots_splib07a/splib07a_Bandpass_(FWHM)_ASDFR_StandardResolution.gif
Rangeland L02-025 S00% G21%  ASDFRa AREF,D:\usgs_splib07\../HTMLmetadata/Rangeland_L02-025_S00%_G21%_ASDFRa_AREF.html,D:\usgs_splib07\../ASCIIdata/ASCIIdata_splib07a/ChapterV_Vegetation/splib07a_Rangeland_L02-025_S00%_G21%_ASDFRa_AREF.txt,,D:\usgs_splib07\../ASCIIdata/ASCIIdata_splib07a/splib07a_Wavelengths_ASD_0.35-2.5_microns_2151_ch.txt,D:\usgs_splib07\../ASCIIdata/ASCIIdata_splib07a/splib07a_Bandpass_(FWHM)_ASDFR_StandardResolution.txt,D:\usgs_splib07\../GIFplots/GIFplots_splib07a/ChapterV_Vegetation/splib07a_Rangeland_L02-025_S00%_G21%_ASDFRa_AREF.gif,D:\usgs_splib07\../GIFplots/GIFplots_splib07a/plots_by_wavelength_region/range1_uv_to_visible/splib07a_Rangeland_L02-025_S00%_G21%_ASDFRa_AREF_range1_uv_to_vis.gif,D:\usgs_splib07\../GIFplots/GIFplots_splib07a/plots_by_wavelength_region/range2_visible_to_swir/splib07a_Rangeland_L02-025_S00%_G21%_ASDFRa_AREF_range2_vis_to_swir.gif,D:\usgs_splib07\../GIFplots/GIFplots_splib07a/plots_by_wavelength_region/range3_swir/splib07a_Rangeland_L02-025_S00%_G21%_ASDFRa_AREF_range3_swir.gif,,,D:\usgs_splib07\../GIFplots/GIFplots_splib07a/splib07a_Wavelengths_ASD_0.35-2.5_microns_2151_ch.gif,D:\usgs_splib07\../GIFplots/GIFplots_splib07a/splib07a_Bandpass_(FWHM)_ASDFR_StandardResolution.gif
Rangeland L02-042 S01% G57%  ASDFRa AREF,D:\usgs_splib07\../HTMLmetadata/Rangeland_L02-042_S01%_G57%_ASDFRa_AREF.html,D:\usgs_splib07\../ASCIIdata/ASCIIdata_splib07a/ChapterV_Vegetation/splib07a_Rangeland_L02-042_S01%_G57%_ASDFRa_AREF.txt,,D:\usgs_splib07\../ASCIIdata/ASCIIdata_splib07a/splib07a_Wavelengths_ASD_0.35-2.5_microns_2151_ch.txt,D:\usgs_splib07\../ASCIIdata/ASCIIdata_splib07a/splib07a_Bandpass_(FWHM)_ASDFR_StandardResolution.txt,D:\usgs_splib07\../GIFplots/GIFplots_splib07a/ChapterV_Vegetation/splib07a_Rangeland_L02-042_S01%_G57%_ASDFRa_AREF.gif,D:\usgs_splib07\../GIFplots/GIFplots_splib07a/plots_by_wavelength_region/range1_uv_to_visible/splib07a_Rangeland_L02-042_S01%_G57%_ASDFRa_AREF_range1_uv_to_vis.gif,D:\usgs_splib07\../GIFplots/GIFplots_splib07a/plots_by_wavelength_region/range2_visible_to_swir/splib07a_Rangeland_L02-042_S01%_G57%_ASDFRa_AREF_range2_vis_to_swir.gif,D:\usgs_splib07\../GIFplots/GIFplots_splib07a/plots_by_wavelength_region/range3_swir/splib07a_Rangeland_L02-042_S01%_G57%_ASDFRa_AREF_range3_swir.gif,,,D:\usgs_splib07\../GIFplots/GIFplots_splib07a/splib07a_Wavelengths_ASD_0.35-2.5_microns_2151_ch.gif,D:\usgs_splib07\../GIFplots/GIFplots_splib07a/splib07a_Bandpass_(FWHM)_ASDFR_StandardResolution.gif
Rangeland L02-043 S01% G07%  ASDFRa AREF,D:\usgs_splib07\../HTMLmetadata/Rangeland_L02-043_S01%_G07%_ASDFRa_AREF.html,D:\usgs_splib07\../ASCIIdata/ASCIIdata_splib07a/ChapterV_Vegetation/splib07a_Rangeland_L02-043_S01%_G07%_ASDFRa_AREF.txt,,D:\usgs_splib07\../ASCIIdata/ASCIIdata_splib07a/splib07a_Wavelengths_ASD_0.35-2.5_microns_2151_ch.txt,D:\usgs_splib07\../ASCIIdata/ASCIIdata_splib07a/splib07a_Bandpass_(FWHM)_ASDFR_StandardResolution.txt,D:\usgs_splib07\../GIFplots/GIFplots_splib07a/ChapterV_Vegetation/splib07a_Rangeland_L02-043_S01%_G07%_ASDFRa_AREF.gif,D:\usgs_splib07\../GIFplots/GIFplots_splib07a/plots_by_wavelength_region/range1_uv_to_visible/splib07a_Rangeland_L02-043_S01%_G07%_ASDFRa_AREF_range1_uv_to_vis.gif,D:\usgs_splib07\../GIFplots/GIFplots_splib07a/plots_by_wavelength_region/range2_visible_to_swir/splib07a_Rangeland_L02-043_S01%_G07%_ASDFRa_AREF_range2_vis_to_swir.gif,D:\usgs_splib07\../GIFplots/GIFplots_splib07a/plots_by_wavelength_region/range3_swir/splib07a_Rangeland_L02-043_S01%_G07%_ASDFRa_AREF_range3_swir.gif,,,D:\usgs_splib07\../GIFplots/GIFplots_splib07a/splib07a_Wavelengths_ASD_0.35-2.5_microns_2151_ch.gif,D:\usgs_splib07\../GIFplots/GIFplots_splib07a/splib07a_Bandpass_(FWHM)_ASDFR_StandardResolution.gif
Rangeland L02-045 S01% G04%  ASDFRa AREF,D:\usgs_splib07\../HTMLmetadata/Rangeland_L02-045_S01%_G04%_ASDFRa_AREF.html,D:\usgs_splib07\../ASCIIdata/ASCIIdata_splib07a/ChapterV_Vegetation/splib07a_Rangeland_L02-045_S01%_G04%_ASDFRa_AREF.txt,,D:\usgs_splib07\../ASCIIdata/ASCIIdata_splib07a/splib07a_Wavelengths_ASD_0.35-2.5_microns_2151_ch.txt,D:\usgs_splib07\../ASCIIdata/ASCIIdata_splib07a/splib07a_Bandpass_(FWHM)_ASDFR_StandardResolution.txt,D:\usgs_splib07\../GIFplots/GIFplots_splib07a/ChapterV_Vegetation/splib07a_Rangeland_L02-045_S01%_G04%_ASDFRa_AREF.gif,D:\usgs_splib07\../GIFplots/GIFplots_splib07a/plots_by_wavelength_region/range1_uv_to_visible/splib07a_Rangeland_L02-045_S01%_G04%_ASDFRa_AREF_range1_uv_to_vis.gif,D:\usgs_splib07\../GIFplots/GIFplots_splib07a/plots_by_wavelength_region/range2_visible_to_swir/splib07a_Rangeland_L02-045_S01%_G04%_ASDFRa_AREF_range2_vis_to_swir.gif,D:\usgs_splib07\../GIFplots/GIFplots_splib07a/plots_by_wavelength_region/range3_swir/splib07a_Rangeland_L02-045_S01%_G04%_ASDFRa_AREF_range3_swir.gif,,,D:\usgs_splib07\../GIFplots/GIFplots_splib07a/splib07a_Wavelengths_ASD_0.35-2.5_microns_2151_ch.gif,D:\usgs_splib07\../GIFplots/GIFplots_splib07a/splib07a_Bandpass_(FWHM)_ASDFR_StandardResolution.gif
Rangeland L02-046 S16% G20%  ASDFRa AREF,D:\usgs_splib07\../HTMLmetadata/Rangeland_L02-046_S16%_G20%_ASDFRa_AREF.html,D:\usgs_splib07\../ASCIIdata/ASCIIdata_splib07a/ChapterV_Vegetation/splib07a_Rangeland_L02-046_S16%_G20%_ASDFRa_AREF.txt,,D:\usgs_splib07\../ASCIIdata/ASCIIdata_splib07a/splib07a_Wavelengths_ASD_0.35-2.5_microns_2151_ch.txt,D:\usgs_splib07\../ASCIIdata/ASCIIdata_splib07a/splib07a_Bandpass_(FWHM)_ASDFR_StandardResolution.txt,D:\usgs_splib07\../GIFplots/GIFplots_splib07a/ChapterV_Vegetation/splib07a_Rangeland_L02-046_S16%_G20%_ASDFRa_AREF.gif,D:\usgs_splib07\../GIFplots/GIFplots_splib07a/plots_by_wavelength_region/range1_uv_to_visible/splib07a_Rangeland_L02-046_S16%_G20%_ASDFRa_AREF_range1_uv_to_vis.gif,D:\usgs_splib07\../GIFplots/GIFplots_splib07a/plots_by_wavelength_region/range2_visible_to_swir/splib07a_Rangeland_L02-046_S16%_G20%_ASDFRa_AREF_range2_vis_to_swir.gif,D:\usgs_splib07\../GIFplots/GIFplots_splib07a/plots_by_wavelength_region/range3_swir/splib07a_Rangeland_L02-046_S16%_G20%_ASDFRa_AREF_range3_swir.gif,,,D:\usgs_splib07\../GIFplots/GIFplots_splib07a/splib07a_Wavelengths_ASD_0.35-2.5_microns_2151_ch.gif,D:\usgs_splib07\../GIFplots/GIFplots_splib07a/splib07a_Bandpass_(FWHM)_ASDFR_StandardResolution.gif
Rangeland L02-054 S00% G21%  ASDFRa AREF,D:\usgs_splib07\../HTMLmetadata/Rangeland_L02-054_S00%_G21%_ASDFRa_AREF.html,D:\usgs_splib07\../ASCIIdata/ASCIIdata_splib07a/ChapterV_Vegetation/splib07a_Rangeland_L02-054_S00%_G21%_ASDFRa_AREF.txt,,D:\usgs_splib07\../ASCIIdata/ASCIIdata_splib07a/splib07a_Wavelengths_ASD_0.35-2.5_microns_2151_ch.txt,D:\usgs_splib07\../ASCIIdata/ASCIIdata_splib07a/splib07a_Bandpass_(FWHM)_ASDFR_StandardResolution.txt,D:\usgs_splib07\../GIFplots/GIFplots_splib07a/ChapterV_Vegetation/splib07a_Rangeland_L02-054_S00%_G21%_ASDFRa_AREF.gif,D:\usgs_splib07\../GIFplots/GIFplots_splib07a/plots_by_wavelength_region/range1_uv_to_visible/splib07a_Rangeland_L02-054_S00%_G21%_ASDFRa_AREF_range1_uv_to_vis.gif,D:\usgs_splib07\../GIFplots/GIFplots_splib07a/plots_by_wavelength_region/range2_visible_to_swir/splib07a_Rangeland_L02-054_S00%_G21%_ASDFRa_AREF_range2_vis_to_swir.gif,D:\usgs_splib07\../GIFplots/GIFplots_splib07a/plots_by_wavelength_region/range3_swir/splib07a_Rangeland_L02-054_S00%_G21%_ASDFRa_AREF_range3_swir.gif,,,D:\usgs_splib07\../GIFplots/GIFplots_splib07a/splib07a_Wavelengths_ASD_0.35-2.5_microns_2151_ch.gif,D:\usgs_splib07\../GIFplots/GIFplots_splib07a/splib07a_Bandpass_(FWHM)_ASDFR_StandardResolution.gif
Rangeland L02-057 S01% G47%  ASDFRa AREF,D:\usgs_splib07\../HTMLmetadata/Rangeland_L02-057_S01%_G47%_ASDFRa_AREF.html,D:\usgs_splib07\../ASCIIdata/ASCIIdata_splib07a/ChapterV_Vegetation/splib07a_Rangeland_L02-057_S01%_G47%_ASDFRa_AREF.txt,,D:\usgs_splib07\../ASCIIdata/ASCIIdata_splib07a/splib07a_Wavelengths_ASD_0.35-2.5_microns_2151_ch.txt,D:\usgs_splib07\../ASCIIdata/ASCIIdata_splib07a/splib07a_Bandpass_(FWHM)_ASDFR_StandardResolution.txt,D:\usgs_splib07\../GIFplots/GIFplots_splib07a/ChapterV_Vegetation/splib07a_Rangeland_L02-057_S01%_G47%_ASDFRa_AREF.gif,D:\usgs_splib07\../GIFplots/GIFplots_splib07a/plots_by_wavelength_region/range1_uv_to_visible/splib07a_Rangeland_L02-057_S01%_G47%_ASDFRa_AREF_range1_uv_to_vis.gif,D:\usgs_splib07\../GIFplots/GIFplots_splib07a/plots_by_wavelength_region/range2_visible_to_swir/splib07a_Rangeland_L02-057_S01%_G47%_ASDFRa_AREF_range2_vis_to_swir.gif,D:\usgs_splib07\../GIFplots/GIFplots_splib07a/plots_by_wavelength_region/range3_swir/splib07a_Rangeland_L02-057_S01%_G47%_ASDFRa_AREF_range3_swir.gif,,,D:\usgs_splib07\../GIFplots/GIFplots_splib07a/splib07a_Wavelengths_ASD_0.35-2.5_microns_2151_ch.gif,D:\usgs_splib07\../GIFplots/GIFplots_splib07a/splib07a_Bandpass_(FWHM)_ASDFR_StandardResolution.gif
Rangeland L02-058 S00% G25%  ASDFRa AREF,D:\usgs_splib07\../HTMLmetadata/Rangeland_L02-058_S00%_G25%_ASDFRa_AREF.html,D:\usgs_splib07\../ASCIIdata/ASCIIdata_splib07a/ChapterV_Vegetation/splib07a_Rangeland_L02-058_S00%_G25%_ASDFRa_AREF.txt,,D:\usgs_splib07\../ASCIIdata/ASCIIdata_splib07a/splib07a_Wavelengths_ASD_0.35-2.5_microns_2151_ch.txt,D:\usgs_splib07\../ASCIIdata/ASCIIdata_splib07a/splib07a_Bandpass_(FWHM)_ASDFR_StandardResolution.txt,D:\usgs_splib07\../GIFplots/GIFplots_splib07a/ChapterV_Vegetation/splib07a_Rangeland_L02-058_S00%_G25%_ASDFRa_AREF.gif,D:\usgs_splib07\../GIFplots/GIFplots_splib07a/plots_by_wavelength_region/range1_uv_to_visible/splib07a_Rangeland_L02-058_S00%_G25%_ASDFRa_AREF_range1_uv_to_vis.gif,D:\usgs_splib07\../GIFplots/GIFplots_splib07a/plots_by_wavelength_region/range2_visible_to_swir/splib07a_Rangeland_L02-058_S00%_G25%_ASDFRa_AREF_range2_vis_to_swir.gif,D:\usgs_splib07\../GIFplots/GIFplots_splib07a/plots_by_wavelength_region/range3_swir/splib07a_Rangeland_L02-058_S00%_G25%_ASDFRa_AREF_range3_swir.gif,,,D:\usgs_splib07\../GIFplots/GIFplots_splib07a/splib07a_Wavelengths_ASD_0.35-2.5_microns_2151_ch.gif,D:\usgs_splib07\../GIFplots/GIFplots_splib07a/splib07a_Bandpass_(FWHM)_ASDFR_StandardResolution.gif
Rangeland L02-060 S00% G13%  ASDFRa AREF,D:\usgs_splib07\../HTMLmetadata/Rangeland_L02-060_S00%_G13%_ASDFRa_AREF.html,D:\usgs_splib07\../ASCIIdata/ASCIIdata_splib07a/ChapterV_Vegetation/splib07a_Rangeland_L02-060_S00%_G13%_ASDFRa_AREF.txt,,D:\usgs_splib07\../ASCIIdata/ASCIIdata_splib07a/splib07a_Wavelengths_ASD_0.35-2.5_microns_2151_ch.txt,D:\usgs_splib07\../ASCIIdata/ASCIIdata_splib07a/splib07a_Bandpass_(FWHM)_ASDFR_StandardResolution.txt,D:\usgs_splib07\../GIFplots/GIFplots_splib07a/ChapterV_Vegetation/splib07a_Rangeland_L02-060_S00%_G13%_ASDFRa_AREF.gif,D:\usgs_splib07\../GIFplots/GIFplots_splib07a/plots_by_wavelength_region/range1_uv_to_visible/splib07a_Rangeland_L02-060_S00%_G13%_ASDFRa_AREF_range1_uv_to_vis.gif,D:\usgs_splib07\../GIFplots/GIFplots_splib07a/plots_by_wavelength_region/range2_visible_to_swir/splib07a_Rangeland_L02-060_S00%_G13%_ASDFRa_AREF_range2_vis_to_swir.gif,D:\usgs_splib07\../GIFplots/GIFplots_splib07a/plots_by_wavelength_region/range3_swir/splib07a_Rangeland_L02-060_S00%_G13%_ASDFRa_AREF_range3_swir.gif,,,D:\usgs_splib07\../GIFplots/GIFplots_splib07a/splib07a_Wavelengths_ASD_0.35-2.5_microns_2151_ch.gif,D:\usgs_splib07\../GIFplots/GIFplots_splib07a/splib07a_Bandpass_(FWHM)_ASDFR_StandardResolution.gif
Rangeland L02-061 S00% G06%  ASDFRa AREF,D:\usgs_splib07\../HTMLmetadata/Rangeland_L02-061_S00%_G06%_ASDFRa_AREF.html,D:\usgs_splib07\../ASCIIdata/ASCIIdata_splib07a/ChapterV_Vegetation/splib07a_Rangeland_L02-061_S00%_G06%_ASDFRa_AREF.txt,,D:\usgs_splib07\../ASCIIdata/ASCIIdata_splib07a/splib07a_Wavelengths_ASD_0.35-2.5_microns_2151_ch.txt,D:\usgs_splib07\../ASCIIdata/ASCIIdata_splib07a/splib07a_Bandpass_(FWHM)_ASDFR_StandardResolution.txt,D:\usgs_splib07\../GIFplots/GIFplots_splib07a/ChapterV_Vegetation/splib07a_Rangeland_L02-061_S00%_G06%_ASDFRa_AREF.gif,D:\usgs_splib07\../GIFplots/GIFplots_splib07a/plots_by_wavelength_region/range1_uv_to_visible/splib07a_Rangeland_L02-061_S00%_G06%_ASDFRa_AREF_range1_uv_to_vis.gif,D:\usgs_splib07\../GIFplots/GIFplots_splib07a/plots_by_wavelength_region/range2_visible_to_swir/splib07a_Rangeland_L02-061_S00%_G06%_ASDFRa_AREF_range2_vis_to_swir.gif,D:\usgs_splib07\../GIFplots/GIFplots_splib07a/plots_by_wavelength_region/range3_swir/splib07a_Rangeland_L02-061_S00%_G06%_ASDFRa_AREF_range3_swir.gif,,,D:\usgs_splib07\../GIFplots/GIFplots_splib07a/splib07a_Wavelengths_ASD_0.35-2.5_microns_2151_ch.gif,D:\usgs_splib07\../GIFplots/GIFplots_splib07a/splib07a_Bandpass_(FWHM)_ASDFR_StandardResolution.gif
Rangeland L02-068A S00% G38% ASDFRa AREF,D:\usgs_splib07\../HTMLmetadata/Rangeland_L02-068A_S00%_G38%_ASDFRa_AREF.html,D:\usgs_splib07\../ASCIIdata/ASCIIdata_splib07a/ChapterV_Vegetation/splib07a_Rangeland_L02-068A_S00%_G38%_ASDFRa_AREF.txt,,D:\usgs_splib07\../ASCIIdata/ASCIIdata_splib07a/splib07a_Wavelengths_ASD_0.35-2.5_microns_2151_ch.txt,D:\usgs_splib07\../ASCIIdata/ASCIIdata_splib07a/splib07a_Bandpass_(FWHM)_ASDFR_StandardResolution.txt,D:\usgs_splib07\../GIFplots/GIFplots_splib07a/ChapterV_Vegetation/splib07a_Rangeland_L02-068A_S00%_G38%_ASDFRa_AREF.gif,D:\usgs_splib07\../GIFplots/GIFplots_splib07a/plots_by_wavelength_region/range1_uv_to_visible/splib07a_Rangeland_L02-068A_S00%_G38%_ASDFRa_AREF_range1_uv_to_vis.gif,D:\usgs_splib07\../GIFplots/GIFplots_splib07a/plots_by_wavelength_region/range2_visible_to_swir/splib07a_Rangeland_L02-068A_S00%_G38%_ASDFRa_AREF_range2_vis_to_swir.gif,D:\usgs_splib07\../GIFplots/GIFplots_splib07a/plots_by_wavelength_region/range3_swir/splib07a_Rangeland_L02-068A_S00%_G38%_ASDFRa_AREF_range3_swir.gif,,,D:\usgs_splib07\../GIFplots/GIFplots_splib07a/splib07a_Wavelengths_ASD_0.35-2.5_microns_2151_ch.gif,D:\usgs_splib07\../GIFplots/GIFplots_splib07a/splib07a_Bandpass_(FWHM)_ASDFR_StandardResolution.gif
Rangeland L02-069 S00% G99%  ASDFRa AREF,D:\usgs_splib07\../HTMLmetadata/Rangeland_L02-069_S00%_G99%_ASDFRa_AREF.html,D:\usgs_splib07\../ASCIIdata/ASCIIdata_splib07a/ChapterV_Vegetation/splib07a_Rangeland_L02-069_S00%_G99%_ASDFRa_AREF.txt,,D:\usgs_splib07\../ASCIIdata/ASCIIdata_splib07a/splib07a_Wavelengths_ASD_0.35-2.5_microns_2151_ch.txt,D:\usgs_splib07\../ASCIIdata/ASCIIdata_splib07a/splib07a_Bandpass_(FWHM)_ASDFR_StandardResolution.txt,D:\usgs_splib07\../GIFplots/GIFplots_splib07a/ChapterV_Vegetation/splib07a_Rangeland_L02-069_S00%_G99%_ASDFRa_AREF.gif,D:\usgs_splib07\../GIFplots/GIFplots_splib07a/plots_by_wavelength_region/range1_uv_to_visible/splib07a_Rangeland_L02-069_S00%_G99%_ASDFRa_AREF_range1_uv_to_vis.gif,D:\usgs_splib07\../GIFplots/GIFplots_splib07a/plots_by_wavelength_region/range2_visible_to_swir/splib07a_Rangeland_L02-069_S00%_G99%_ASDFRa_AREF_range2_vis_to_swir.gif,D:\usgs_splib07\../GIFplots/GIFplots_splib07a/plots_by_wavelength_region/range3_swir/splib07a_Rangeland_L02-069_S00%_G99%_ASDFRa_AREF_range3_swir.gif,,,D:\usgs_splib07\../GIFplots/GIFplots_splib07a/splib07a_Wavelengths_ASD_0.35-2.5_microns_2151_ch.gif,D:\usgs_splib07\../GIFplots/GIFplots_splib07a/splib07a_Bandpass_(FWHM)_ASDFR_StandardResolution.gif
Rangeland L02-077 S00% G28%  ASDFRa AREF,D:\usgs_splib07\../HTMLmetadata/Rangeland_L02-077_S00%_G28%_ASDFRa_AREF.html,D:\usgs_splib07\../ASCIIdata/ASCIIdata_splib07a/ChapterV_Vegetation/splib07a_Rangeland_L02-077_S00%_G28%_ASDFRa_AREF.txt,,D:\usgs_splib07\../ASCIIdata/ASCIIdata_splib07a/splib07a_Wavelengths_ASD_0.35-2.5_microns_2151_ch.txt,D:\usgs_splib07\../ASCIIdata/ASCIIdata_splib07a/splib07a_Bandpass_(FWHM)_ASDFR_StandardResolution.txt,D:\usgs_splib07\../GIFplots/GIFplots_splib07a/ChapterV_Vegetation/splib07a_Rangeland_L02-077_S00%_G28%_ASDFRa_AREF.gif,D:\usgs_splib07\../GIFplots/GIFplots_splib07a/plots_by_wavelength_region/range1_uv_to_visible/splib07a_Rangeland_L02-077_S00%_G28%_ASDFRa_AREF_range1_uv_to_vis.gif,D:\usgs_splib07\../GIFplots/GIFplots_splib07a/plots_by_wavelength_region/range2_visible_to_swir/splib07a_Rangeland_L02-077_S00%_G28%_ASDFRa_AREF_range2_vis_to_swir.gif,D:\usgs_splib07\../GIFplots/GIFplots_splib07a/plots_by_wavelength_region/range3_swir/splib07a_Rangeland_L02-077_S00%_G28%_ASDFRa_AREF_range3_swir.gif,,,D:\usgs_splib07\../GIFplots/GIFplots_splib07a/splib07a_Wavelengths_ASD_0.35-2.5_microns_2151_ch.gif,D:\usgs_splib07\../GIFplots/GIFplots_splib07a/splib07a_Bandpass_(FWHM)_ASDFR_StandardResolution.gif
Rangeland L04-035 S03% G54%  ASDFRa AREF,D:\usgs_splib07\../HTMLmetadata/Rangeland_L04-035_S03%_G54%_ASDFRa_AREF.html,D:\usgs_splib07\../ASCIIdata/ASCIIdata_splib07a/ChapterV_Vegetation/splib07a_Rangeland_L04-035_S03%_G54%_ASDFRa_AREF.txt,,D:\usgs_splib07\../ASCIIdata/ASCIIdata_splib07a/splib07a_Wavelengths_ASD_0.35-2.5_microns_2151_ch.txt,D:\usgs_splib07\../ASCIIdata/ASCIIdata_splib07a/splib07a_Bandpass_(FWHM)_ASDFR_StandardResolution.txt,D:\usgs_splib07\../GIFplots/GIFplots_splib07a/ChapterV_Vegetation/splib07a_Rangeland_L04-035_S03%_G54%_ASDFRa_AREF.gif,D:\usgs_splib07\../GIFplots/GIFplots_splib07a/plots_by_wavelength_region/range1_uv_to_visible/splib07a_Rangeland_L04-035_S03%_G54%_ASDFRa_AREF_range1_uv_to_vis.gif,D:\usgs_splib07\../GIFplots/GIFplots_splib07a/plots_by_wavelength_region/range2_visible_to_swir/splib07a_Rangeland_L04-035_S03%_G54%_ASDFRa_AREF_range2_vis_to_swir.gif,D:\usgs_splib07\../GIFplots/GIFplots_splib07a/plots_by_wavelength_region/range3_swir/splib07a_Rangeland_L04-035_S03%_G54%_ASDFRa_AREF_range3_swir.gif,,,D:\usgs_splib07\../GIFplots/GIFplots_splib07a/splib07a_Wavelengths_ASD_0.35-2.5_microns_2151_ch.gif,D:\usgs_splib07\../GIFplots/GIFplots_splib07a/splib07a_Bandpass_(FWHM)_ASDFR_StandardResolution.gif
Rangeland L04-047 S00% G47%  ASDFRa AREF,D:\usgs_splib07\../HTMLmetadata/Rangeland_L04-047_S00%_G47%_ASDFRa_AREF.html,D:\usgs_splib07\../ASCIIdata/ASCIIdata_splib07a/ChapterV_Vegetation/splib07a_Rangeland_L04-047_S00%_G47%_ASDFRa_AREF.txt,,D:\usgs_splib07\../ASCIIdata/ASCIIdata_splib07a/splib07a_Wavelengths_ASD_0.35-2.5_microns_2151_ch.txt,D:\usgs_splib07\../ASCIIdata/ASCIIdata_splib07a/splib07a_Bandpass_(FWHM)_ASDFR_StandardResolution.txt,D:\usgs_splib07\../GIFplots/GIFplots_splib07a/ChapterV_Vegetation/splib07a_Rangeland_L04-047_S00%_G47%_ASDFRa_AREF.gif,D:\usgs_splib07\../GIFplots/GIFplots_splib07a/plots_by_wavelength_region/range1_uv_to_visible/splib07a_Rangeland_L04-047_S00%_G47%_ASDFRa_AREF_range1_uv_to_vis.gif,D:\usgs_splib07\../GIFplots/GIFplots_splib07a/plots_by_wavelength_region/range2_visible_to_swir/splib07a_Rangeland_L04-047_S00%_G47%_ASDFRa_AREF_range2_vis_to_swir.gif,D:\usgs_splib07\../GIFplots/GIFplots_splib07a/plots_by_wavelength_region/range3_swir/splib07a_Rangeland_L04-047_S00%_G47%_ASDFRa_AREF_range3_swir.gif,,,D:\usgs_splib07\../GIFplots/GIFplots_splib07a/splib07a_Wavelengths_ASD_0.35-2.5_microns_2151_ch.gif,D:\usgs_splib07\../GIFplots/GIFplots_splib07a/splib07a_Bandpass_(FWHM)_ASDFR_StandardResolution.gif
Rangeland L04-058 S34% G25%  ASDFRa AREF,D:\usgs_splib07\../HTMLmetadata/Rangeland_L04-058_S34%_G25%_ASDFRa_AREF.html,D:\usgs_splib07\../ASCIIdata/ASCIIdata_splib07a/ChapterV_Vegetation/splib07a_Rangeland_L04-058_S34%_G25%_ASDFRa_AREF.txt,,D:\usgs_splib07\../ASCIIdata/ASCIIdata_splib07a/splib07a_Wavelengths_ASD_0.35-2.5_microns_2151_ch.txt,D:\usgs_splib07\../ASCIIdata/ASCIIdata_splib07a/splib07a_Bandpass_(FWHM)_ASDFR_StandardResolution.txt,D:\usgs_splib07\../GIFplots/GIFplots_splib07a/ChapterV_Vegetation/splib07a_Rangeland_L04-058_S34%_G25%_ASDFRa_AREF.gif,D:\usgs_splib07\../GIFplots/GIFplots_splib07a/plots_by_wavelength_region/range1_uv_to_visible/splib07a_Rangeland_L04-058_S34%_G25%_ASDFRa_AREF_range1_uv_to_vis.gif,D:\usgs_splib07\../GIFplots/GIFplots_splib07a/plots_by_wavelength_region/range2_visible_to_swir/splib07a_Rangeland_L04-058_S34%_G25%_ASDFRa_AREF_range2_vis_to_swir.gif,D:\usgs_splib07\../GIFplots/GIFplots_splib07a/plots_by_wavelength_region/range3_swir/splib07a_Rangeland_L04-058_S34%_G25%_ASDFRa_AREF_range3_swir.gif,,,D:\usgs_splib07\../GIFplots/GIFplots_splib07a/splib07a_Wavelengths_ASD_0.35-2.5_microns_2151_ch.gif,D:\usgs_splib07\../GIFplots/GIFplots_splib07a/splib07a_Bandpass_(FWHM)_ASDFR_StandardResolution.gif
Rangeland L04-072 S30% G21%  ASDFRa AREF,D:\usgs_splib07\../HTMLmetadata/Rangeland_L04-072_S30%_G21%_ASDFRa_AREF.html,D:\usgs_splib07\../ASCIIdata/ASCIIdata_splib07a/ChapterV_Vegetation/splib07a_Rangeland_L04-072_S30%_G21%_ASDFRa_AREF.txt,,D:\usgs_splib07\../ASCIIdata/ASCIIdata_splib07a/splib07a_Wavelengths_ASD_0.35-2.5_microns_2151_ch.txt,D:\usgs_splib07\../ASCIIdata/ASCIIdata_splib07a/splib07a_Bandpass_(FWHM)_ASDFR_StandardResolution.txt,D:\usgs_splib07\../GIFplots/GIFplots_splib07a/ChapterV_Vegetation/splib07a_Rangeland_L04-072_S30%_G21%_ASDFRa_AREF.gif,D:\usgs_splib07\../GIFplots/GIFplots_splib07a/plots_by_wavelength_region/range1_uv_to_visible/splib07a_Rangeland_L04-072_S30%_G21%_ASDFRa_AREF_range1_uv_to_vis.gif,D:\usgs_splib07\../GIFplots/GIFplots_splib07a/plots_by_wavelength_region/range2_visible_to_swir/splib07a_Rangeland_L04-072_S30%_G21%_ASDFRa_AREF_range2_vis_to_swir.gif,D:\usgs_splib07\../GIFplots/GIFplots_splib07a/plots_by_wavelength_region/range3_swir/splib07a_Rangeland_L04-072_S30%_G21%_ASDFRa_AREF_range3_swir.gif,,,D:\usgs_splib07\../GIFplots/GIFplots_splib07a/splib07a_Wavelengths_ASD_0.35-2.5_microns_2151_ch.gif,D:\usgs_splib07\../GIFplots/GIFplots_splib07a/splib07a_Bandpass_(FWHM)_ASDFR_StandardResolution.gif
Rangeland L04-075A S00% G49% ASDFRa AREF,D:\usgs_splib07\../HTMLmetadata/Rangeland_L04-075A_S00%_G49%_ASDFRa_AREF.html,D:\usgs_splib07\../ASCIIdata/ASCIIdata_splib07a/ChapterV_Vegetation/splib07a_Rangeland_L04-075A_S00%_G49%_ASDFRa_AREF.txt,,D:\usgs_splib07\../ASCIIdata/ASCIIdata_splib07a/splib07a_Wavelengths_ASD_0.35-2.5_microns_2151_ch.txt,D:\usgs_splib07\../ASCIIdata/ASCIIdata_splib07a/splib07a_Bandpass_(FWHM)_ASDFR_StandardResolution.txt,D:\usgs_splib07\../GIFplots/GIFplots_splib07a/ChapterV_Vegetation/splib07a_Rangeland_L04-075A_S00%_G49%_ASDFRa_AREF.gif,D:\usgs_splib07\../GIFplots/GIFplots_splib07a/plots_by_wavelength_region/range1_uv_to_visible/splib07a_Rangeland_L04-075A_S00%_G49%_ASDFRa_AREF_range1_uv_to_vis.gif,D:\usgs_splib07\../GIFplots/GIFplots_splib07a/plots_by_wavelength_region/range2_visible_to_swir/splib07a_Rangeland_L04-075A_S00%_G49%_ASDFRa_AREF_range2_vis_to_swir.gif,D:\usgs_splib07\../GIFplots/GIFplots_splib07a/plots_by_wavelength_region/range3_swir/splib07a_Rangeland_L04-075A_S00%_G49%_ASDFRa_AREF_range3_swir.gif,,,D:\usgs_splib07\../GIFplots/GIFplots_splib07a/splib07a_Wavelengths_ASD_0.35-2.5_microns_2151_ch.gif,D:\usgs_splib07\../GIFplots/GIFplots_splib07a/splib07a_Bandpass_(FWHM)_ASDFR_StandardResolution.gif
Rangeland L04-091 S10% G11%  ASDFRa AREF,D:\usgs_splib07\../HTMLmetadata/Rangeland_L04-091_S10%_G11%_ASDFRa_AREF.html,D:\usgs_splib07\../ASCIIdata/ASCIIdata_splib07a/ChapterV_Vegetation/splib07a_Rangeland_L04-091_S10%_G11%_ASDFRa_AREF.txt,,D:\usgs_splib07\../ASCIIdata/ASCIIdata_splib07a/splib07a_Wavelengths_ASD_0.35-2.5_microns_2151_ch.txt,D:\usgs_splib07\../ASCIIdata/ASCIIdata_splib07a/splib07a_Bandpass_(FWHM)_ASDFR_StandardResolution.txt,D:\usgs_splib07\../GIFplots/GIFplots_splib07a/ChapterV_Vegetation/splib07a_Rangeland_L04-091_S10%_G11%_ASDFRa_AREF.gif,D:\usgs_splib07\../GIFplots/GIFplots_splib07a/plots_by_wavelength_region/range1_uv_to_visible/splib07a_Rangeland_L04-091_S10%_G11%_ASDFRa_AREF_range1_uv_to_vis.gif,D:\usgs_splib07\../GIFplots/GIFplots_splib07a/plots_by_wavelength_region/range2_visible_to_swir/splib07a_Rangeland_L04-091_S10%_G11%_ASDFRa_AREF_range2_vis_to_swir.gif,D:\usgs_splib07\../GIFplots/GIFplots_splib07a/plots_by_wavelength_region/range3_swir/splib07a_Rangeland_L04-091_S10%_G11%_ASDFRa_AREF_range3_swir.gif,,,D:\usgs_splib07\../GIFplots/GIFplots_splib07a/splib07a_Wavelengths_ASD_0.35-2.5_microns_2151_ch.gif,D:\usgs_splib07\../GIFplots/GIFplots_splib07a/splib07a_Bandpass_(FWHM)_ASDFR_StandardResolution.gif
Rangeland L04-095 S01% G51%  ASDFRa AREF,D:\usgs_splib07\../HTMLmetadata/Rangeland_L04-095_S01%_G51%_ASDFRa_AREF.html,D:\usgs_splib07\../ASCIIdata/ASCIIdata_splib07a/ChapterV_Vegetation/splib07a_Rangeland_L04-095_S01%_G51%_ASDFRa_AREF.txt,,D:\usgs_splib07\../ASCIIdata/ASCIIdata_splib07a/splib07a_Wavelengths_ASD_0.35-2.5_microns_2151_ch.txt,D:\usgs_splib07\../ASCIIdata/ASCIIdata_splib07a/splib07a_Bandpass_(FWHM)_ASDFR_StandardResolution.txt,D:\usgs_splib07\../GIFplots/GIFplots_splib07a/ChapterV_Vegetation/splib07a_Rangeland_L04-095_S01%_G51%_ASDFRa_AREF.gif,D:\usgs_splib07\../GIFplots/GIFplots_splib07a/plots_by_wavelength_region/range1_uv_to_visible/splib07a_Rangeland_L04-095_S01%_G51%_ASDFRa_AREF_range1_uv_to_vis.gif,D:\usgs_splib07\../GIFplots/GIFplots_splib07a/plots_by_wavelength_region/range2_visible_to_swir/splib07a_Rangeland_L04-095_S01%_G51%_ASDFRa_AREF_range2_vis_to_swir.gif,D:\usgs_splib07\../GIFplots/GIFplots_splib07a/plots_by_wavelength_region/range3_swir/splib07a_Rangeland_L04-095_S01%_G51%_ASDFRa_AREF_range3_swir.gif,,,D:\usgs_splib07\../GIFplots/GIFplots_splib07a/splib07a_Wavelengths_ASD_0.35-2.5_microns_2151_ch.gif,D:\usgs_splib07\../GIFplots/GIFplots_splib07a/splib07a_Bandpass_(FWHM)_ASDFR_StandardResolution.gif
Rangeland L04-096 S00% G45%  ASDFRa AREF,D:\usgs_splib07\../HTMLmetadata/Rangeland_L04-096_S00%_G45%_ASDFRa_AREF.html,D:\usgs_splib07\../ASCIIdata/ASCIIdata_splib07a/ChapterV_Vegetation/splib07a_Rangeland_L04-096_S00%_G45%_ASDFRa_AREF.txt,,D:\usgs_splib07\../ASCIIdata/ASCIIdata_splib07a/splib07a_Wavelengths_ASD_0.35-2.5_microns_2151_ch.txt,D:\usgs_splib07\../ASCIIdata/ASCIIdata_splib07a/splib07a_Bandpass_(FWHM)_ASDFR_StandardResolution.txt,D:\usgs_splib07\../GIFplots/GIFplots_splib07a/ChapterV_Vegetation/splib07a_Rangeland_L04-096_S00%_G45%_ASDFRa_AREF.gif,D:\usgs_splib07\../GIFplots/GIFplots_splib07a/plots_by_wavelength_region/range1_uv_to_visible/splib07a_Rangeland_L04-096_S00%_G45%_ASDFRa_AREF_range1_uv_to_vis.gif,D:\usgs_splib07\../GIFplots/GIFplots_splib07a/plots_by_wavelength_region/range2_visible_to_swir/splib07a_Rangeland_L04-096_S00%_G45%_ASDFRa_AREF_range2_vis_to_swir.gif,D:\usgs_splib07\../GIFplots/GIFplots_splib07a/plots_by_wavelength_region/range3_swir/splib07a_Rangeland_L04-096_S00%_G45%_ASDFRa_AREF_range3_swir.gif,,,D:\usgs_splib07\../GIFplots/GIFplots_splib07a/splib07a_Wavelengths_ASD_0.35-2.5_microns_2151_ch.gif,D:\usgs_splib07\../GIFplots/GIFplots_splib07a/splib07a_Bandpass_(FWHM)_ASDFR_StandardResolution.gif
Antigorite+.2DryGrass  AMX26 ASDFRa AREF,D:\usgs_splib07\../HTMLmetadata/Antigorite+.2DryGrass_AMX26_ASDFRa_AREF.html,D:\usgs_splib07\../ASCIIdata/ASCIIdata_splib07a/ChapterV_Vegetation/splib07a_Antigorite+.2DryGrass_AMX26_ASDFRa_AREF.txt,,D:\usgs_splib07\../ASCIIdata/ASCIIdata_splib07a/splib07a_Wavelengths_ASD_0.35-2.5_microns_2151_ch.txt,D:\usgs_splib07\../ASCIIdata/ASCIIdata_splib07a/splib07a_Bandpass_(FWHM)_ASDFR_StandardResolution.txt,D:\usgs_splib07\../GIFplots/GIFplots_splib07a/ChapterV_Vegetation/splib07a_Antigorite+.2DryGrass_AMX26_ASDFRa_AREF.gif,D:\usgs_splib07\../GIFplots/GIFplots_splib07a/plots_by_wavelength_region/range1_uv_to_visible/splib07a_Antigorite+.2DryGrass_AMX26_ASDFRa_AREF_range1_uv_to_vis.gif,D:\usgs_splib07\../GIFplots/GIFplots_splib07a/plots_by_wavelength_region/range2_visible_to_swir/splib07a_Antigorite+.2DryGrass_AMX26_ASDFRa_AREF_range2_vis_to_swir.gif,D:\usgs_splib07\../GIFplots/GIFplots_splib07a/plots_by_wavelength_region/range3_swir/splib07a_Antigorite+.2DryGrass_AMX26_ASDFRa_AREF_range3_swir.gif,,,D:\usgs_splib07\../GIFplots/GIFplots_splib07a/splib07a_Wavelengths_ASD_0.35-2.5_microns_2151_ch.gif,D:\usgs_splib07\../GIFplots/GIFplots_splib07a/splib07a_Bandpass_(FWHM)_ASDFR_StandardResolution.gif
Antigorite+.33DryGrass AMX25 ASDFRa AREF,D:\usgs_splib07\../HTMLmetadata/Antigorite+.33DryGrass_AMX25_ASDFRa_AREF.html,D:\usgs_splib07\../ASCIIdata/ASCIIdata_splib07a/ChapterV_Vegetation/splib07a_Antigorite+.33DryGrass_AMX25_ASDFRa_AREF.txt,,D:\usgs_splib07\../ASCIIdata/ASCIIdata_splib07a/splib07a_Wavelengths_ASD_0.35-2.5_microns_2151_ch.txt,D:\usgs_splib07\../ASCIIdata/ASCIIdata_splib07a/splib07a_Bandpass_(FWHM)_ASDFR_StandardResolution.txt,D:\usgs_splib07\../GIFplots/GIFplots_splib07a/ChapterV_Vegetation/splib07a_Antigorite+.33DryGrass_AMX25_ASDFRa_AREF.gif,D:\usgs_splib07\../GIFplots/GIFplots_splib07a/plots_by_wavelength_region/range1_uv_to_visible/splib07a_Antigorite+.33DryGrass_AMX25_ASDFRa_AREF_range1_uv_to_vis.gif,D:\usgs_splib07\../GIFplots/GIFplots_splib07a/plots_by_wavelength_region/range2_visible_to_swir/splib07a_Antigorite+.33DryGrass_AMX25_ASDFRa_AREF_range2_vis_to_swir.gif,D:\usgs_splib07\../GIFplots/GIFplots_splib07a/plots_by_wavelength_region/range3_swir/splib07a_Antigorite+.33DryGrass_AMX25_ASDFRa_AREF_range3_swir.gif,,,D:\usgs_splib07\../GIFplots/GIFplots_splib07a/splib07a_Wavelengths_ASD_0.35-2.5_microns_2151_ch.gif,D:\usgs_splib07\../GIFplots/GIFplots_splib07a/splib07a_Bandpass_(FWHM)_ASDFR_StandardResolution.gif
Grass_dry.4+.6green    AMX27  BECKa AREF,D:\usgs_splib07\../HTMLmetadata/Grass_dry.4+.6green_AMX27_BECKa_AREF.html,D:\usgs_splib07\../ASCIIdata/ASCIIdata_splib07a/ChapterV_Vegetation/splib07a_Grass_dry.4+.6green_AMX27_BECKa_AREF.txt,,D:\usgs_splib07\../ASCIIdata/ASCIIdata_splib07a/splib07a_Wavelengths_BECK_Beckman_0.2-3.0_microns.txt,D:\usgs_splib07\../ASCIIdata/ASCIIdata_splib07a/splib07a_Bandpass_(FWHM)_BECK_Beckman_in_microns.txt,D:\usgs_splib07\../GIFplots/GIFplots_splib07a/ChapterV_Vegetation/splib07a_Grass_dry.4+.6green_AMX27_BECKa_AREF.gif,D:\usgs_splib07\../GIFplots/GIFplots_splib07a/plots_by_wavelength_region/range1_uv_to_visible/splib07a_Grass_dry.4+.6green_AMX27_BECKa_AREF_range1_uv_to_vis.gif,D:\usgs_splib07\../GIFplots/GIFplots_splib07a/plots_by_wavelength_region/range2_visible_to_swir/splib07a_Grass_dry.4+.6green_AMX27_BECKa_AREF_range2_vis_to_swir.gif,D:\usgs_splib07\../GIFplots/GIFplots_splib07a/plots_by_wavelength_region/range3_swir/splib07a_Grass_dry.4+.6green_AMX27_BECKa_AREF_range3_swir.gif,,,D:\usgs_splib07\../GIFplots/GIFplots_splib07a/splib07a_Wavelengths_BECK_Beckman_0.2-3.0_microns.gif,D:\usgs_splib07\../GIFplots/GIFplots_splib07a/splib07a_Bandpass_(FWHM)_BECK_Beckman_in_microns.gif
Grass_dry.5+.5green    AMX28  BECKa AREF,D:\usgs_splib07\../HTMLmetadata/Grass_dry.5+.5green_AMX28_BECKa_AREF.html,D:\usgs_splib07\../ASCIIdata/ASCIIdata_splib07a/ChapterV_Vegetation/splib07a_Grass_dry.5+.5green_AMX28_BECKa_AREF.txt,,D:\usgs_splib07\../ASCIIdata/ASCIIdata_splib07a/splib07a_Wavelengths_BECK_Beckman_0.2-3.0_microns.txt,D:\usgs_splib07\../ASCIIdata/ASCIIdata_splib07a/splib07a_Bandpass_(FWHM)_BECK_Beckman_in_microns.txt,D:\usgs_splib07\../GIFplots/GIFplots_splib07a/ChapterV_Vegetation/splib07a_Grass_dry.5+.5green_AMX28_BECKa_AREF.gif,D:\usgs_splib07\../GIFplots/GIFplots_splib07a/plots_by_wavelength_region/range1_uv_to_visible/splib07a_Grass_dry.5+.5green_AMX28_BECKa_AREF_range1_uv_to_vis.gif,D:\usgs_splib07\../GIFplots/GIFplots_splib07a/plots_by_wavelength_region/range2_visible_to_swir/splib07a_Grass_dry.5+.5green_AMX28_BECKa_AREF_range2_vis_to_swir.gif,D:\usgs_splib07\../GIFplots/GIFplots_splib07a/plots_by_wavelength_region/range3_swir/splib07a_Grass_dry.5+.5green_AMX28_BECKa_AREF_range3_swir.gif,,,D:\usgs_splib07\../GIFplots/GIFplots_splib07a/splib07a_Wavelengths_BECK_Beckman_0.2-3.0_microns.gif,D:\usgs_splib07\../GIFplots/GIFplots_splib07a/splib07a_Bandpass_(FWHM)_BECK_Beckman_in_microns.gif
Grass_dry.6+.4green    AMX29  BECKa AREF,D:\usgs_splib07\../HTMLmetadata/Grass_dry.6+.4green_AMX29_BECKa_AREF.html,D:\usgs_splib07\../ASCIIdata/ASCIIdata_splib07a/ChapterV_Vegetation/splib07a_Grass_dry.6+.4green_AMX29_BECKa_AREF.txt,,D:\usgs_splib07\../ASCIIdata/ASCIIdata_splib07a/splib07a_Wavelengths_BECK_Beckman_0.2-3.0_microns.txt,D:\usgs_splib07\../ASCIIdata/ASCIIdata_splib07a/splib07a_Bandpass_(FWHM)_BECK_Beckman_in_microns.txt,D:\usgs_splib07\../GIFplots/GIFplots_splib07a/ChapterV_Vegetation/splib07a_Grass_dry.6+.4green_AMX29_BECKa_AREF.gif,D:\usgs_splib07\../GIFplots/GIFplots_splib07a/plots_by_wavelength_region/range1_uv_to_visible/splib07a_Grass_dry.6+.4green_AMX29_BECKa_AREF_range1_uv_to_vis.gif,D:\usgs_splib07\../GIFplots/GIFplots_splib07a/plots_by_wavelength_region/range2_visible_to_swir/splib07a_Grass_dry.6+.4green_AMX29_BECKa_AREF_range2_vis_to_swir.gif,D:\usgs_splib07\../GIFplots/GIFplots_splib07a/plots_by_wavelength_region/range3_swir/splib07a_Grass_dry.6+.4green_AMX29_BECKa_AREF_range3_swir.gif,,,D:\usgs_splib07\../GIFplots/GIFplots_splib07a/splib07a_Wavelengths_BECK_Beckman_0.2-3.0_microns.gif,D:\usgs_splib07\../GIFplots/GIFplots_splib07a/splib07a_Bandpass_(FWHM)_BECK_Beckman_in_microns.gif
Grass_dry.7+.3green    AMX30  BECKa AREF,D:\usgs_splib07\../HTMLmetadata/Grass_dry.7+.3green_AMX30_BECKa_AREF.html,D:\usgs_splib07\../ASCIIdata/ASCIIdata_splib07a/ChapterV_Vegetation/splib07a_Grass_dry.7+.3green_AMX30_BECKa_AREF.txt,,D:\usgs_splib07\../ASCIIdata/ASCIIdata_splib07a/splib07a_Wavelengths_BECK_Beckman_0.2-3.0_microns.txt,D:\usgs_splib07\../ASCIIdata/ASCIIdata_splib07a/splib07a_Bandpass_(FWHM)_BECK_Beckman_in_microns.txt,D:\usgs_splib07\../GIFplots/GIFplots_splib07a/ChapterV_Vegetation/splib07a_Grass_dry.7+.3green_AMX30_BECKa_AREF.gif,D:\usgs_splib07\../GIFplots/GIFplots_splib07a/plots_by_wavelength_region/range1_uv_to_visible/splib07a_Grass_dry.7+.3green_AMX30_BECKa_AREF_range1_uv_to_vis.gif,D:\usgs_splib07\../GIFplots/GIFplots_splib07a/plots_by_wavelength_region/range2_visible_to_swir/splib07a_Grass_dry.7+.3green_AMX30_BECKa_AREF_range2_vis_to_swir.gif,D:\usgs_splib07\../GIFplots/GIFplots_splib07a/plots_by_wavelength_region/range3_swir/splib07a_Grass_dry.7+.3green_AMX30_BECKa_AREF_range3_swir.gif,,,D:\usgs_splib07\../GIFplots/GIFplots_splib07a/splib07a_Wavelengths_BECK_Beckman_0.2-3.0_microns.gif,D:\usgs_splib07\../GIFplots/GIFplots_splib07a/splib07a_Bandpass_(FWHM)_BECK_Beckman_in_microns.gif
Grass_dry.8+.2green    AMX31  BECKa AREF,D:\usgs_splib07\../HTMLmetadata/Grass_dry.8+.2green_AMX31_BECKa_AREF.html,D:\usgs_splib07\../ASCIIdata/ASCIIdata_splib07a/ChapterV_Vegetation/splib07a_Grass_dry.8+.2green_AMX31_BECKa_AREF.txt,,D:\usgs_splib07\../ASCIIdata/ASCIIdata_splib07a/splib07a_Wavelengths_BECK_Beckman_0.2-3.0_microns.txt,D:\usgs_splib07\../ASCIIdata/ASCIIdata_splib07a/splib07a_Bandpass_(FWHM)_BECK_Beckman_in_microns.txt,D:\usgs_splib07\../GIFplots/GIFplots_splib07a/ChapterV_Vegetation/splib07a_Grass_dry.8+.2green_AMX31_BECKa_AREF.gif,D:\usgs_splib07\../GIFplots/GIFplots_splib07a/plots_by_wavelength_region/range1_uv_to_visible/splib07a_Grass_dry.8+.2green_AMX31_BECKa_AREF_range1_uv_to_vis.gif,D:\usgs_splib07\../GIFplots/GIFplots_splib07a/plots_by_wavelength_region/range2_visible_to_swir/splib07a_Grass_dry.8+.2green_AMX31_BECKa_AREF_range2_vis_to_swir.gif,D:\usgs_splib07\../GIFplots/GIFplots_splib07a/plots_by_wavelength_region/range3_swir/splib07a_Grass_dry.8+.2green_AMX31_BECKa_AREF_range3_swir.gif,,,D:\usgs_splib07\../GIFplots/GIFplots_splib07a/splib07a_Wavelengths_BECK_Beckman_0.2-3.0_microns.gif,D:\usgs_splib07\../GIFplots/GIFplots_splib07a/splib07a_Bandpass_(FWHM)_BECK_Beckman_in_microns.gif
Grass_dry.9+.1green    AMX32  BECKa AREF,D:\usgs_splib07\../HTMLmetadata/Grass_dry.9+.1green_AMX32_BECKa_AREF.html,D:\usgs_splib07\../ASCIIdata/ASCIIdata_splib07a/ChapterV_Vegetation/splib07a_Grass_dry.9+.1green_AMX32_BECKa_AREF.txt,,D:\usgs_splib07\../ASCIIdata/ASCIIdata_splib07a/splib07a_Wavelengths_BECK_Beckman_0.2-3.0_microns.txt,D:\usgs_splib07\../ASCIIdata/ASCIIdata_splib07a/splib07a_Bandpass_(FWHM)_BECK_Beckman_in_microns.txt,D:\usgs_splib07\../GIFplots/GIFplots_splib07a/ChapterV_Vegetation/splib07a_Grass_dry.9+.1green_AMX32_BECKa_AREF.gif,D:\usgs_splib07\../GIFplots/GIFplots_splib07a/plots_by_wavelength_region/range1_uv_to_visible/splib07a_Grass_dry.9+.1green_AMX32_BECKa_AREF_range1_uv_to_vis.gif,D:\usgs_splib07\../GIFplots/GIFplots_splib07a/plots_by_wavelength_region/range2_visible_to_swir/splib07a_Grass_dry.9+.1green_AMX32_BECKa_AREF_range2_vis_to_swir.gif,D:\usgs_splib07\../GIFplots/GIFplots_splib07a/plots_by_wavelength_region/range3_swir/splib07a_Grass_dry.9+.1green_AMX32_BECKa_AREF_range3_swir.gif,,,D:\usgs_splib07\../GIFplots/GIFplots_splib07a/splib07a_Wavelengths_BECK_Beckman_0.2-3.0_microns.gif,D:\usgs_splib07\../GIFplots/GIFplots_splib07a/splib07a_Bandpass_(FWHM)_BECK_Beckman_in_microns.gif
Grass_dry.83+.17NaMont AMX35  BECKb AREF,D:\usgs_splib07\../HTMLmetadata/Grass_dry.83+.17NaMont_AMX35_BECKb_AREF.html,D:\usgs_splib07\../ASCIIdata/ASCIIdata_splib07a/ChapterV_Vegetation/splib07a_Grass_dry.83+.17NaMont_AMX35_BECKb_AREF.txt,,D:\usgs_splib07\../ASCIIdata/ASCIIdata_splib07a/splib07a_Wavelengths_BECK_Beckman_0.2-3.0_microns.txt,D:\usgs_splib07\../ASCIIdata/ASCIIdata_splib07a/splib07a_Bandpass_(FWHM)_BECK_Beckman_in_microns.txt,D:\usgs_splib07\../GIFplots/GIFplots_splib07a/ChapterV_Vegetation/splib07a_Grass_dry.83+.17NaMont_AMX35_BECKb_AREF.gif,D:\usgs_splib07\../GIFplots/GIFplots_splib07a/plots_by_wavelength_region/range1_uv_to_visible/splib07a_Grass_dry.83+.17NaMont_AMX35_BECKb_AREF_range1_uv_to_vis.gif,D:\usgs_splib07\../GIFplots/GIFplots_splib07a/plots_by_wavelength_region/range2_visible_to_swir/splib07a_Grass_dry.83+.17NaMont_AMX35_BECKb_AREF_range2_vis_to_swir.gif,D:\usgs_splib07\../GIFplots/GIFplots_splib07a/plots_by_wavelength_region/range3_swir/splib07a_Grass_dry.83+.17NaMont_AMX35_BECKb_AREF_range3_swir.gif,,,D:\usgs_splib07\../GIFplots/GIFplots_splib07a/splib07a_Wavelengths_BECK_Beckman_0.2-3.0_microns.gif,D:\usgs_splib07\../GIFplots/GIFplots_splib07a/splib07a_Bandpass_(FWHM)_BECK_Beckman_in_microns.gif
LawnGrass GDS91b +1shf/unshf  BECKa AREF,D:\usgs_splib07\../HTMLmetadata/LawnGrass_GDS91b_+1shf-unshf_BECKa_AREF.html,D:\usgs_splib07\../ASCIIdata/ASCIIdata_splib07a/ChapterV_Vegetation/splib07a_LawnGrass_GDS91b_+1shf-unshf_BECKa_AREF.txt,,D:\usgs_splib07\../ASCIIdata/ASCIIdata_splib07a/splib07a_Wavelengths_BECK_Beckman_0.2-3.0_microns.txt,D:\usgs_splib07\../ASCIIdata/ASCIIdata_splib07a/splib07a_Bandpass_(FWHM)_BECK_Beckman_in_microns.txt,D:\usgs_splib07\../GIFplots/GIFplots_splib07a/ChapterV_Vegetation/splib07a_LawnGrass_GDS91b_+1shf-unshf_BECKa_AREF.gif,D:\usgs_splib07\../GIFplots/GIFplots_splib07a/plots_by_wavelength_region/range1_uv_to_visible/splib07a_LawnGrass_GDS91b_+1shf-unshf_BECKa_AREF_range1_uv_to_vis.gif,D:\usgs_splib07\../GIFplots/GIFplots_splib07a/plots_by_wavelength_region/range2_visible_to_swir/splib07a_LawnGrass_GDS91b_+1shf-unshf_BECKa_AREF_range2_vis_to_swir.gif,D:\usgs_splib07\../GIFplots/GIFplots_splib07a/plots_by_wavelength_region/range3_swir/splib07a_LawnGrass_GDS91b_+1shf-unshf_BECKa_AREF_range3_swir.gif,,,D:\usgs_splib07\../GIFplots/GIFplots_splib07a/splib07a_Wavelengths_BECK_Beckman_0.2-3.0_microns.gif,D:\usgs_splib07\../GIFplots/GIFplots_splib07a/splib07a_Bandpass_(FWHM)_BECK_Beckman_in_microns.gif
LawnGrass GDS91b +1shft 3nm   BECKa AREF,D:\usgs_splib07\../HTMLmetadata/LawnGrass_GDS91b_+1shft_3nm_BECKa_AREF.html,D:\usgs_splib07\../ASCIIdata/ASCIIdata_splib07a/ChapterV_Vegetation/splib07a_LawnGrass_GDS91b_+1shft_3nm_BECKa_AREF.txt,,D:\usgs_splib07\../ASCIIdata/ASCIIdata_splib07a/splib07a_Wavelengths_BECK_Beckman_0.2-3.0_microns.txt,D:\usgs_splib07\../ASCIIdata/ASCIIdata_splib07a/splib07a_Bandpass_(FWHM)_BECK_Beckman_in_microns.txt,D:\usgs_splib07\../GIFplots/GIFplots_splib07a/ChapterV_Vegetation/splib07a_LawnGrass_GDS91b_+1shft_3nm_BECKa_AREF.gif,D:\usgs_splib07\../GIFplots/GIFplots_splib07a/plots_by_wavelength_region/range1_uv_to_visible/splib07a_LawnGrass_GDS91b_+1shft_3nm_BECKa_AREF_range1_uv_to_vis.gif,D:\usgs_splib07\../GIFplots/GIFplots_splib07a/plots_by_wavelength_region/range2_visible_to_swir/splib07a_LawnGrass_GDS91b_+1shft_3nm_BECKa_AREF_range2_vis_to_swir.gif,D:\usgs_splib07\../GIFplots/GIFplots_splib07a/plots_by_wavelength_region/range3_swir/splib07a_LawnGrass_GDS91b_+1shft_3nm_BECKa_AREF_range3_swir.gif,,,D:\usgs_splib07\../GIFplots/GIFplots_splib07a/splib07a_Wavelengths_BECK_Beckman_0.2-3.0_microns.gif,D:\usgs_splib07\../GIFplots/GIFplots_splib07a/splib07a_Bandpass_(FWHM)_BECK_Beckman_in_microns.gif
LawnGrass GDS91b +const 1.0   BECKa AREF,D:\usgs_splib07\../HTMLmetadata/LawnGrass_GDS91b_+const_1.0_BECKa_AREF.html,D:\usgs_splib07\../ASCIIdata/ASCIIdata_splib07a/ChapterV_Vegetation/splib07a_LawnGrass_GDS91b_+const_1.0_BECKa_AREF.txt,,D:\usgs_splib07\../ASCIIdata/ASCIIdata_splib07a/splib07a_Wavelengths_BECK_Beckman_0.2-3.0_microns.txt,D:\usgs_splib07\../ASCIIdata/ASCIIdata_splib07a/splib07a_Bandpass_(FWHM)_BECK_Beckman_in_microns.txt,D:\usgs_splib07\../GIFplots/GIFplots_splib07a/ChapterV_Vegetation/splib07a_LawnGrass_GDS91b_+const_1.0_BECKa_AREF.gif,D:\usgs_splib07\../GIFplots/GIFplots_splib07a/plots_by_wavelength_region/range1_uv_to_visible/splib07a_LawnGrass_GDS91b_+const_1.0_BECKa_AREF_range1_uv_to_vis.gif,D:\usgs_splib07\../GIFplots/GIFplots_splib07a/plots_by_wavelength_region/range2_visible_to_swir/splib07a_LawnGrass_GDS91b_+const_1.0_BECKa_AREF_range2_vis_to_swir.gif,D:\usgs_splib07\../GIFplots/GIFplots_splib07a/plots_by_wavelength_region/range3_swir/splib07a_LawnGrass_GDS91b_+const_1.0_BECKa_AREF_range3_swir.gif,,,D:\usgs_splib07\../GIFplots/GIFplots_splib07a/splib07a_Wavelengths_BECK_Beckman_0.2-3.0_microns.gif,D:\usgs_splib07\../GIFplots/GIFplots_splib07a/splib07a_Bandpass_(FWHM)_BECK_Beckman_in_microns.gif
LawnGrass GDS91b /shiftd 3nm  BECKa AREF,D:\usgs_splib07\../HTMLmetadata/LawnGrass_GDS91b_-shiftd_3nm_BECKa_AREF.html,D:\usgs_splib07\../ASCIIdata/ASCIIdata_splib07a/ChapterV_Vegetation/splib07a_LawnGrass_GDS91b_-shiftd_3nm_BECKa_AREF.txt,,D:\usgs_splib07\../ASCIIdata/ASCIIdata_splib07a/splib07a_Wavelengths_BECK_Beckman_0.2-3.0_microns.txt,D:\usgs_splib07\../ASCIIdata/ASCIIdata_splib07a/splib07a_Bandpass_(FWHM)_BECK_Beckman_in_microns.txt,D:\usgs_splib07\../GIFplots/GIFplots_splib07a/ChapterV_Vegetation/splib07a_LawnGrass_GDS91b_-shiftd_3nm_BECKa_AREF.gif,D:\usgs_splib07\../GIFplots/GIFplots_splib07a/plots_by_wavelength_region/range1_uv_to_visible/splib07a_LawnGrass_GDS91b_-shiftd_3nm_BECKa_AREF_range1_uv_to_vis.gif,D:\usgs_splib07\../GIFplots/GIFplots_splib07a/plots_by_wavelength_region/range2_visible_to_swir/splib07a_LawnGrass_GDS91b_-shiftd_3nm_BECKa_AREF_range2_vis_to_swir.gif,D:\usgs_splib07\../GIFplots/GIFplots_splib07a/plots_by_wavelength_region/range3_swir/splib07a_LawnGrass_GDS91b_-shiftd_3nm_BECKa_AREF_range3_swir.gif,,,D:\usgs_splib07\../GIFplots/GIFplots_splib07a/splib07a_Wavelengths_BECK_Beckman_0.2-3.0_microns.gif,D:\usgs_splib07\../GIFplots/GIFplots_splib07a/splib07a_Bandpass_(FWHM)_BECK_Beckman_in_microns.gif
LawnGrass GDS91b shifted 3nm  BECKa AREF,D:\usgs_splib07\../HTMLmetadata/LawnGrass_GDS91b_shifted_3nm_BECKa_AREF.html,D:\usgs_splib07\../ASCIIdata/ASCIIdata_splib07a/ChapterV_Vegetation/splib07a_LawnGrass_GDS91b_shifted_3nm_BECKa_AREF.txt,,D:\usgs_splib07\../ASCIIdata/ASCIIdata_splib07a/splib07a_Wavelengths_BECK_Beckman_0.2-3.0_microns.txt,D:\usgs_splib07\../ASCIIdata/ASCIIdata_splib07a/splib07a_Bandpass_(FWHM)_BECK_Beckman_in_microns.txt,D:\usgs_splib07\../GIFplots/GIFplots_splib07a/ChapterV_Vegetation/splib07a_LawnGrass_GDS91b_shifted_3nm_BECKa_AREF.gif,D:\usgs_splib07\../GIFplots/GIFplots_splib07a/plots_by_wavelength_region/range1_uv_to_visible/splib07a_LawnGrass_GDS91b_shifted_3nm_BECKa_AREF_range1_uv_to_vis.gif,D:\usgs_splib07\../GIFplots/GIFplots_splib07a/plots_by_wavelength_region/range2_visible_to_swir/splib07a_LawnGrass_GDS91b_shifted_3nm_BECKa_AREF_range2_vis_to_swir.gif,D:\usgs_splib07\../GIFplots/GIFplots_splib07a/plots_by_wavelength_region/range3_swir/splib07a_LawnGrass_GDS91b_shifted_3nm_BECKa_AREF_range3_swir.gif,,,D:\usgs_splib07\../GIFplots/GIFplots_splib07a/splib07a_Wavelengths_BECK_Beckman_0.2-3.0_microns.gif,D:\usgs_splib07\../GIFplots/GIFplots_splib07a/splib07a_Bandpass_(FWHM)_BECK_Beckman_in_microns.gif
Stonwll_Ply+.1grnGrass AMX33  BECKa AREF,D:\usgs_splib07\../HTMLmetadata/Stonwll_Ply+.1grnGrass_AMX33_BECKa_AREF.html,D:\usgs_splib07\../ASCIIdata/ASCIIdata_splib07a/ChapterV_Vegetation/splib07a_Stonwll_Ply+.1grnGrass_AMX33_BECKa_AREF.txt,,D:\usgs_splib07\../ASCIIdata/ASCIIdata_splib07a/splib07a_Wavelengths_BECK_Beckman_0.2-3.0_microns.txt,D:\usgs_splib07\../ASCIIdata/ASCIIdata_splib07a/splib07a_Bandpass_(FWHM)_BECK_Beckman_in_microns.txt,D:\usgs_splib07\../GIFplots/GIFplots_splib07a/ChapterV_Vegetation/splib07a_Stonwll_Ply+.1grnGrass_AMX33_BECKa_AREF.gif,D:\usgs_splib07\../GIFplots/GIFplots_splib07a/plots_by_wavelength_region/range1_uv_to_visible/splib07a_Stonwll_Ply+.1grnGrass_AMX33_BECKa_AREF_range1_uv_to_vis.gif,D:\usgs_splib07\../GIFplots/GIFplots_splib07a/plots_by_wavelength_region/range2_visible_to_swir/splib07a_Stonwll_Ply+.1grnGrass_AMX33_BECKa_AREF_range2_vis_to_swir.gif,D:\usgs_splib07\../GIFplots/GIFplots_splib07a/plots_by_wavelength_region/range3_swir/splib07a_Stonwll_Ply+.1grnGrass_AMX33_BECKa_AREF_range3_swir.gif,,,D:\usgs_splib07\../GIFplots/GIFplots_splib07a/splib07a_Wavelengths_BECK_Beckman_0.2-3.0_microns.gif,D:\usgs_splib07\../GIFplots/GIFplots_splib07a/splib07a_Bandpass_(FWHM)_BECK_Beckman_in_microns.gif
Stonwll_Ply+.2grnGrass AMX34  BECKa AREF,D:\usgs_splib07\../HTMLmetadata/Stonwll_Ply+.2grnGrass_AMX34_BECKa_AREF.html,D:\usgs_splib07\../ASCIIdata/ASCIIdata_splib07a/ChapterV_Vegetation/splib07a_Stonwll_Ply+.2grnGrass_AMX34_BECKa_AREF.txt,,D:\usgs_splib07\../ASCIIdata/ASCIIdata_splib07a/splib07a_Wavelengths_BECK_Beckman_0.2-3.0_microns.txt,D:\usgs_splib07\../ASCIIdata/ASCIIdata_splib07a/splib07a_Bandpass_(FWHM)_BECK_Beckman_in_microns.txt,D:\usgs_splib07\../GIFplots/GIFplots_splib07a/ChapterV_Vegetation/splib07a_Stonwll_Ply+.2grnGrass_AMX34_BECKa_AREF.gif,D:\usgs_splib07\../GIFplots/GIFplots_splib07a/plots_by_wavelength_region/range1_uv_to_visible/splib07a_Stonwll_Ply+.2grnGrass_AMX34_BECKa_AREF_range1_uv_to_vis.gif,D:\usgs_splib07\../GIFplots/GIFplots_splib07a/plots_by_wavelength_region/range2_visible_to_swir/splib07a_Stonwll_Ply+.2grnGrass_AMX34_BECKa_AREF_range2_vis_to_swir.gif,D:\usgs_splib07\../GIFplots/GIFplots_splib07a/plots_by_wavelength_region/range3_swir/splib07a_Stonwll_Ply+.2grnGrass_AMX34_BECKa_AREF_range3_swir.gif,,,D:\usgs_splib07\../GIFplots/GIFplots_splib07a/splib07a_Wavelengths_BECK_Beckman_0.2-3.0_microns.gif,D:\usgs_splib07\../GIFplots/GIFplots_splib07a/splib07a_Bandpass_(FWHM)_BECK_Beckman_in_microns.gif
Willow_Dead FluvTailSite_A   ASDFRa AREF,D:\usgs_splib07\../HTMLmetadata/Willow_Dead_FluvTailSite_A_ASDFRa_AREF.html,D:\usgs_splib07\../ASCIIdata/ASCIIdata_splib07a/ChapterV_Vegetation/splib07a_Willow_Dead_FluvTailSite_A_ASDFRa_AREF.txt,,D:\usgs_splib07\../ASCIIdata/ASCIIdata_splib07a/splib07a_Wavelengths_ASD_0.35-2.5_microns_2151_ch.txt,D:\usgs_splib07\../ASCIIdata/ASCIIdata_splib07a/splib07a_Bandpass_(FWHM)_ASDFR_StandardResolution.txt,D:\usgs_splib07\../GIFplots/GIFplots_splib07a/ChapterV_Vegetation/splib07a_Willow_Dead_FluvTailSite_A_ASDFRa_AREF.gif,D:\usgs_splib07\../GIFplots/GIFplots_splib07a/plots_by_wavelength_region/range1_uv_to_visible/splib07a_Willow_Dead_FluvTailSite_A_ASDFRa_AREF_range1_uv_to_vis.gif,D:\usgs_splib07\../GIFplots/GIFplots_splib07a/plots_by_wavelength_region/range2_visible_to_swir/splib07a_Willow_Dead_FluvTailSite_A_ASDFRa_AREF_range2_vis_to_swir.gif,D:\usgs_splib07\../GIFplots/GIFplots_splib07a/plots_by_wavelength_region/range3_swir/splib07a_Willow_Dead_FluvTailSite_A_ASDFRa_AREF_range3_swir.gif,,,D:\usgs_splib07\../GIFplots/GIFplots_splib07a/splib07a_Wavelengths_ASD_0.35-2.5_microns_2151_ch.gif,D:\usgs_splib07\../GIFplots/GIFplots_splib07a/splib07a_Bandpass_(FWHM)_ASDFR_StandardResolution.gif
