Spectrum Title,HTML Description,ASCII Spectrum ,ASCII Spectrum Error Bars ,ASCII Wavelengths ,ASCII Bandpass ,Full Range Plot,Range 1 Plot: 0.2-1.0 microns,Range 2 Plot: 0.2-2.5 microns,Range 3 Plot: 1.5-5.5 microns,Range 4 Plot: 2.5-25 microns,Range 5 Plot: 4000-50 inverse centimeters,GIF Wavelengths  Plot,GIF Bandpass  Plot
Alizarin_crimson (dk) GDS780 ASDFRa AREF,D:\usgs_splib07\../HTMLmetadata/Alizarin_crimson_(dk)_GDS780_ASDFRa_AREF.html,D:\usgs_splib07\../ASCIIdata/ASCIIdata_splib07a/ChapterA_ArtificialMaterials/splib07a_Alizarin_crimson_(dk)_GDS780_ASDFRa_AREF.txt,,D:\usgs_splib07\../ASCIIdata/ASCIIdata_splib07a/splib07a_Wavelengths_ASD_0.35-2.5_microns_2151_ch.txt,D:\usgs_splib07\../ASCIIdata/ASCIIdata_splib07a/splib07a_Bandpass_(FWHM)_ASDFR_StandardResolution.txt,D:\usgs_splib07\../GIFplots/GIFplots_splib07a/ChapterA_ArtificialMaterials/splib07a_Alizarin_crimson_(dk)_GDS780_ASDFRa_AREF.gif,D:\usgs_splib07\../GIFplots/GIFplots_splib07a/plots_by_wavelength_region/range1_uv_to_visible/splib07a_Alizarin_crimson_(dk)_GDS780_ASDFRa_AREF_range1_uv_to_vis.gif,D:\usgs_splib07\../GIFplots/GIFplots_splib07a/plots_by_wavelength_region/range2_visible_to_swir/splib07a_Alizarin_crimson_(dk)_GDS780_ASDFRa_AREF_range2_vis_to_swir.gif,D:\usgs_splib07\../GIFplots/GIFplots_splib07a/plots_by_wavelength_region/range3_swir/splib07a_Alizarin_crimson_(dk)_GDS780_ASDFRa_AREF_range3_swir.gif,,,D:\usgs_splib07\../GIFplots/GIFplots_splib07a/splib07a_Wavelengths_ASD_0.35-2.5_microns_2151_ch.gif,D:\usgs_splib07\../GIFplots/GIFplots_splib07a/splib07a_Bandpass_(FWHM)_ASDFR_StandardResolution.gif
Aluminum brushed 293K        ASDFRa AREF,D:\usgs_splib07\../HTMLmetadata/Aluminum_brushed_293K_ASDFRa_AREF.html,D:\usgs_splib07\../ASCIIdata/ASCIIdata_splib07a/ChapterA_ArtificialMaterials/splib07a_Aluminum_brushed_293K_ASDFRa_AREF.txt,,D:\usgs_splib07\../ASCIIdata/ASCIIdata_splib07a/splib07a_Wavelengths_ASD_0.35-2.5_microns_2151_ch.txt,D:\usgs_splib07\../ASCIIdata/ASCIIdata_splib07a/splib07a_Bandpass_(FWHM)_ASDFR_StandardResolution.txt,D:\usgs_splib07\../GIFplots/GIFplots_splib07a/ChapterA_ArtificialMaterials/splib07a_Aluminum_brushed_293K_ASDFRa_AREF.gif,D:\usgs_splib07\../GIFplots/GIFplots_splib07a/plots_by_wavelength_region/range1_uv_to_visible/splib07a_Aluminum_brushed_293K_ASDFRa_AREF_range1_uv_to_vis.gif,D:\usgs_splib07\../GIFplots/GIFplots_splib07a/plots_by_wavelength_region/range2_visible_to_swir/splib07a_Aluminum_brushed_293K_ASDFRa_AREF_range2_vis_to_swir.gif,D:\usgs_splib07\../GIFplots/GIFplots_splib07a/plots_by_wavelength_region/range3_swir/splib07a_Aluminum_brushed_293K_ASDFRa_AREF_range3_swir.gif,,,D:\usgs_splib07\../GIFplots/GIFplots_splib07a/splib07a_Wavelengths_ASD_0.35-2.5_microns_2151_ch.gif,D:\usgs_splib07\../GIFplots/GIFplots_splib07a/splib07a_Bandpass_(FWHM)_ASDFR_StandardResolution.gif
Ammonium_Chloride GDS77       BECKa AREF,D:\usgs_splib07\../HTMLmetadata/Ammonium_Chloride_GDS77_BECKa_AREF.html,D:\usgs_splib07\../ASCIIdata/ASCIIdata_splib07a/ChapterA_ArtificialMaterials/splib07a_Ammonium_Chloride_GDS77_BECKa_AREF.txt,D:\usgs_splib07\../ASCIIdata/ASCIIdata_splib07a/errorbars/errorbars_for_splib07a_Ammonium_Chloride_GDS77_BECKa_AREF.txt,D:\usgs_splib07\../ASCIIdata/ASCIIdata_splib07a/splib07a_Wavelengths_BECK_Beckman_0.2-3.0_microns.txt,D:\usgs_splib07\../ASCIIdata/ASCIIdata_splib07a/splib07a_Bandpass_(FWHM)_BECK_Beckman_in_microns.txt,D:\usgs_splib07\../GIFplots/GIFplots_splib07a/ChapterA_ArtificialMaterials/splib07a_Ammonium_Chloride_GDS77_BECKa_AREF.gif,D:\usgs_splib07\../GIFplots/GIFplots_splib07a/plots_by_wavelength_region/range1_uv_to_visible/splib07a_Ammonium_Chloride_GDS77_BECKa_AREF_range1_uv_to_vis.gif,D:\usgs_splib07\../GIFplots/GIFplots_splib07a/plots_by_wavelength_region/range2_visible_to_swir/splib07a_Ammonium_Chloride_GDS77_BECKa_AREF_range2_vis_to_swir.gif,D:\usgs_splib07\../GIFplots/GIFplots_splib07a/plots_by_wavelength_region/range3_swir/splib07a_Ammonium_Chloride_GDS77_BECKa_AREF_range3_swir.gif,,,D:\usgs_splib07\../GIFplots/GIFplots_splib07a/splib07a_Wavelengths_BECK_Beckman_0.2-3.0_microns.gif,D:\usgs_splib07\../GIFplots/GIFplots_splib07a/splib07a_Bandpass_(FWHM)_BECK_Beckman_in_microns.gif
Asphalt GDS376 Blck_Road old ASDFRa AREF,D:\usgs_splib07\../HTMLmetadata/Asphalt_GDS376_Blck_Road_old_ASDFRa_AREF.html,D:\usgs_splib07\../ASCIIdata/ASCIIdata_splib07a/ChapterA_ArtificialMaterials/splib07a_Asphalt_GDS376_Blck_Road_old_ASDFRa_AREF.txt,,D:\usgs_splib07\../ASCIIdata/ASCIIdata_splib07a/splib07a_Wavelengths_ASD_0.35-2.5_microns_2151_ch.txt,D:\usgs_splib07\../ASCIIdata/ASCIIdata_splib07a/splib07a_Bandpass_(FWHM)_ASDFR_StandardResolution.txt,D:\usgs_splib07\../GIFplots/GIFplots_splib07a/ChapterA_ArtificialMaterials/splib07a_Asphalt_GDS376_Blck_Road_old_ASDFRa_AREF.gif,D:\usgs_splib07\../GIFplots/GIFplots_splib07a/plots_by_wavelength_region/range1_uv_to_visible/splib07a_Asphalt_GDS376_Blck_Road_old_ASDFRa_AREF_range1_uv_to_vis.gif,D:\usgs_splib07\../GIFplots/GIFplots_splib07a/plots_by_wavelength_region/range2_visible_to_swir/splib07a_Asphalt_GDS376_Blck_Road_old_ASDFRa_AREF_range2_vis_to_swir.gif,D:\usgs_splib07\../GIFplots/GIFplots_splib07a/plots_by_wavelength_region/range3_swir/splib07a_Asphalt_GDS376_Blck_Road_old_ASDFRa_AREF_range3_swir.gif,,,D:\usgs_splib07\../GIFplots/GIFplots_splib07a/splib07a_Wavelengths_ASD_0.35-2.5_microns_2151_ch.gif,D:\usgs_splib07\../GIFplots/GIFplots_splib07a/splib07a_Bandpass_(FWHM)_ASDFR_StandardResolution.gif
Asphalt_Shingle GDS366 Tan   ASDFRa AREF,D:\usgs_splib07\../HTMLmetadata/Asphalt_Shingle_GDS366_Tan_ASDFRa_AREF.html,D:\usgs_splib07\../ASCIIdata/ASCIIdata_splib07a/ChapterA_ArtificialMaterials/splib07a_Asphalt_Shingle_GDS366_Tan_ASDFRa_AREF.txt,,D:\usgs_splib07\../ASCIIdata/ASCIIdata_splib07a/splib07a_Wavelengths_ASD_0.35-2.5_microns_2151_ch.txt,D:\usgs_splib07\../ASCIIdata/ASCIIdata_splib07a/splib07a_Bandpass_(FWHM)_ASDFR_StandardResolution.txt,D:\usgs_splib07\../GIFplots/GIFplots_splib07a/ChapterA_ArtificialMaterials/splib07a_Asphalt_Shingle_GDS366_Tan_ASDFRa_AREF.gif,D:\usgs_splib07\../GIFplots/GIFplots_splib07a/plots_by_wavelength_region/range1_uv_to_visible/splib07a_Asphalt_Shingle_GDS366_Tan_ASDFRa_AREF_range1_uv_to_vis.gif,D:\usgs_splib07\../GIFplots/GIFplots_splib07a/plots_by_wavelength_region/range2_visible_to_swir/splib07a_Asphalt_Shingle_GDS366_Tan_ASDFRa_AREF_range2_vis_to_swir.gif,D:\usgs_splib07\../GIFplots/GIFplots_splib07a/plots_by_wavelength_region/range3_swir/splib07a_Asphalt_Shingle_GDS366_Tan_ASDFRa_AREF_range3_swir.gif,,,D:\usgs_splib07\../GIFplots/GIFplots_splib07a/splib07a_Wavelengths_ASD_0.35-2.5_microns_2151_ch.gif,D:\usgs_splib07\../GIFplots/GIFplots_splib07a/splib07a_Bandpass_(FWHM)_ASDFR_StandardResolution.gif
Asphalt_Shingle GDS367 DkGry ASDFRa AREF,D:\usgs_splib07\../HTMLmetadata/Asphalt_Shingle_GDS367_DkGry_ASDFRa_AREF.html,D:\usgs_splib07\../ASCIIdata/ASCIIdata_splib07a/ChapterA_ArtificialMaterials/splib07a_Asphalt_Shingle_GDS367_DkGry_ASDFRa_AREF.txt,,D:\usgs_splib07\../ASCIIdata/ASCIIdata_splib07a/splib07a_Wavelengths_ASD_0.35-2.5_microns_2151_ch.txt,D:\usgs_splib07\../ASCIIdata/ASCIIdata_splib07a/splib07a_Bandpass_(FWHM)_ASDFR_StandardResolution.txt,D:\usgs_splib07\../GIFplots/GIFplots_splib07a/ChapterA_ArtificialMaterials/splib07a_Asphalt_Shingle_GDS367_DkGry_ASDFRa_AREF.gif,D:\usgs_splib07\../GIFplots/GIFplots_splib07a/plots_by_wavelength_region/range1_uv_to_visible/splib07a_Asphalt_Shingle_GDS367_DkGry_ASDFRa_AREF_range1_uv_to_vis.gif,D:\usgs_splib07\../GIFplots/GIFplots_splib07a/plots_by_wavelength_region/range2_visible_to_swir/splib07a_Asphalt_Shingle_GDS367_DkGry_ASDFRa_AREF_range2_vis_to_swir.gif,D:\usgs_splib07\../GIFplots/GIFplots_splib07a/plots_by_wavelength_region/range3_swir/splib07a_Asphalt_Shingle_GDS367_DkGry_ASDFRa_AREF_range3_swir.gif,,,D:\usgs_splib07\../GIFplots/GIFplots_splib07a/splib07a_Wavelengths_ASD_0.35-2.5_microns_2151_ch.gif,D:\usgs_splib07\../GIFplots/GIFplots_splib07a/splib07a_Bandpass_(FWHM)_ASDFR_StandardResolution.gif
Asphalt_Shingle GDS368 Lgray ASDFRa AREF,D:\usgs_splib07\../HTMLmetadata/Asphalt_Shingle_GDS368_Lgray_ASDFRa_AREF.html,D:\usgs_splib07\../ASCIIdata/ASCIIdata_splib07a/ChapterA_ArtificialMaterials/splib07a_Asphalt_Shingle_GDS368_Lgray_ASDFRa_AREF.txt,,D:\usgs_splib07\../ASCIIdata/ASCIIdata_splib07a/splib07a_Wavelengths_ASD_0.35-2.5_microns_2151_ch.txt,D:\usgs_splib07\../ASCIIdata/ASCIIdata_splib07a/splib07a_Bandpass_(FWHM)_ASDFR_StandardResolution.txt,D:\usgs_splib07\../GIFplots/GIFplots_splib07a/ChapterA_ArtificialMaterials/splib07a_Asphalt_Shingle_GDS368_Lgray_ASDFRa_AREF.gif,D:\usgs_splib07\../GIFplots/GIFplots_splib07a/plots_by_wavelength_region/range1_uv_to_visible/splib07a_Asphalt_Shingle_GDS368_Lgray_ASDFRa_AREF_range1_uv_to_vis.gif,D:\usgs_splib07\../GIFplots/GIFplots_splib07a/plots_by_wavelength_region/range2_visible_to_swir/splib07a_Asphalt_Shingle_GDS368_Lgray_ASDFRa_AREF_range2_vis_to_swir.gif,D:\usgs_splib07\../GIFplots/GIFplots_splib07a/plots_by_wavelength_region/range3_swir/splib07a_Asphalt_Shingle_GDS368_Lgray_ASDFRa_AREF_range3_swir.gif,,,D:\usgs_splib07\../GIFplots/GIFplots_splib07a/splib07a_Wavelengths_ASD_0.35-2.5_microns_2151_ch.gif,D:\usgs_splib07\../GIFplots/GIFplots_splib07a/splib07a_Bandpass_(FWHM)_ASDFR_StandardResolution.gif
Asphalt_Tar GDS346 Blck_Roof ASDFRa AREF,D:\usgs_splib07\../HTMLmetadata/Asphalt_Tar_GDS346_Blck_Roof_ASDFRa_AREF.html,D:\usgs_splib07\../ASCIIdata/ASCIIdata_splib07a/ChapterA_ArtificialMaterials/splib07a_Asphalt_Tar_GDS346_Blck_Roof_ASDFRa_AREF.txt,,D:\usgs_splib07\../ASCIIdata/ASCIIdata_splib07a/splib07a_Wavelengths_ASD_0.35-2.5_microns_2151_ch.txt,D:\usgs_splib07\../ASCIIdata/ASCIIdata_splib07a/splib07a_Bandpass_(FWHM)_ASDFR_StandardResolution.txt,D:\usgs_splib07\../GIFplots/GIFplots_splib07a/ChapterA_ArtificialMaterials/splib07a_Asphalt_Tar_GDS346_Blck_Roof_ASDFRa_AREF.gif,D:\usgs_splib07\../GIFplots/GIFplots_splib07a/plots_by_wavelength_region/range1_uv_to_visible/splib07a_Asphalt_Tar_GDS346_Blck_Roof_ASDFRa_AREF_range1_uv_to_vis.gif,D:\usgs_splib07\../GIFplots/GIFplots_splib07a/plots_by_wavelength_region/range2_visible_to_swir/splib07a_Asphalt_Tar_GDS346_Blck_Roof_ASDFRa_AREF_range2_vis_to_swir.gif,D:\usgs_splib07\../GIFplots/GIFplots_splib07a/plots_by_wavelength_region/range3_swir/splib07a_Asphalt_Tar_GDS346_Blck_Roof_ASDFRa_AREF_range3_swir.gif,,,D:\usgs_splib07\../GIFplots/GIFplots_splib07a/splib07a_Wavelengths_ASD_0.35-2.5_microns_2151_ch.gif,D:\usgs_splib07\../GIFplots/GIFplots_splib07a/splib07a_Bandpass_(FWHM)_ASDFR_StandardResolution.gif
Bone_black GDS808            ASDFRa AREF,D:\usgs_splib07\../HTMLmetadata/Bone_black_GDS808_ASDFRa_AREF.html,D:\usgs_splib07\../ASCIIdata/ASCIIdata_splib07a/ChapterA_ArtificialMaterials/splib07a_Bone_black_GDS808_ASDFRa_AREF.txt,,D:\usgs_splib07\../ASCIIdata/ASCIIdata_splib07a/splib07a_Wavelengths_ASD_0.35-2.5_microns_2151_ch.txt,D:\usgs_splib07\../ASCIIdata/ASCIIdata_splib07a/splib07a_Bandpass_(FWHM)_ASDFR_StandardResolution.txt,D:\usgs_splib07\../GIFplots/GIFplots_splib07a/ChapterA_ArtificialMaterials/splib07a_Bone_black_GDS808_ASDFRa_AREF.gif,D:\usgs_splib07\../GIFplots/GIFplots_splib07a/plots_by_wavelength_region/range1_uv_to_visible/splib07a_Bone_black_GDS808_ASDFRa_AREF_range1_uv_to_vis.gif,D:\usgs_splib07\../GIFplots/GIFplots_splib07a/plots_by_wavelength_region/range2_visible_to_swir/splib07a_Bone_black_GDS808_ASDFRa_AREF_range2_vis_to_swir.gif,D:\usgs_splib07\../GIFplots/GIFplots_splib07a/plots_by_wavelength_region/range3_swir/splib07a_Bone_black_GDS808_ASDFRa_AREF_range3_swir.gif,,,D:\usgs_splib07\../GIFplots/GIFplots_splib07a/splib07a_Wavelengths_ASD_0.35-2.5_microns_2151_ch.gif,D:\usgs_splib07\../GIFplots/GIFplots_splib07a/splib07a_Bandpass_(FWHM)_ASDFR_StandardResolution.gif
Brick GDS347 Paving Tan      ASDFRa AREF,D:\usgs_splib07\../HTMLmetadata/Brick_GDS347_Paving_Tan_ASDFRa_AREF.html,D:\usgs_splib07\../ASCIIdata/ASCIIdata_splib07a/ChapterA_ArtificialMaterials/splib07a_Brick_GDS347_Paving_Tan_ASDFRa_AREF.txt,,D:\usgs_splib07\../ASCIIdata/ASCIIdata_splib07a/splib07a_Wavelengths_ASD_0.35-2.5_microns_2151_ch.txt,D:\usgs_splib07\../ASCIIdata/ASCIIdata_splib07a/splib07a_Bandpass_(FWHM)_ASDFR_StandardResolution.txt,D:\usgs_splib07\../GIFplots/GIFplots_splib07a/ChapterA_ArtificialMaterials/splib07a_Brick_GDS347_Paving_Tan_ASDFRa_AREF.gif,D:\usgs_splib07\../GIFplots/GIFplots_splib07a/plots_by_wavelength_region/range1_uv_to_visible/splib07a_Brick_GDS347_Paving_Tan_ASDFRa_AREF_range1_uv_to_vis.gif,D:\usgs_splib07\../GIFplots/GIFplots_splib07a/plots_by_wavelength_region/range2_visible_to_swir/splib07a_Brick_GDS347_Paving_Tan_ASDFRa_AREF_range2_vis_to_swir.gif,D:\usgs_splib07\../GIFplots/GIFplots_splib07a/plots_by_wavelength_region/range3_swir/splib07a_Brick_GDS347_Paving_Tan_ASDFRa_AREF_range3_swir.gif,,,D:\usgs_splib07\../GIFplots/GIFplots_splib07a/splib07a_Wavelengths_ASD_0.35-2.5_microns_2151_ch.gif,D:\usgs_splib07\../GIFplots/GIFplots_splib07a/splib07a_Bandpass_(FWHM)_ASDFR_StandardResolution.gif
Brick GDS348 Pave DkBrwngrey ASDFRa AREF,D:\usgs_splib07\../HTMLmetadata/Brick_GDS348_Pave_DkBrwngrey_ASDFRa_AREF.html,D:\usgs_splib07\../ASCIIdata/ASCIIdata_splib07a/ChapterA_ArtificialMaterials/splib07a_Brick_GDS348_Pave_DkBrwngrey_ASDFRa_AREF.txt,,D:\usgs_splib07\../ASCIIdata/ASCIIdata_splib07a/splib07a_Wavelengths_ASD_0.35-2.5_microns_2151_ch.txt,D:\usgs_splib07\../ASCIIdata/ASCIIdata_splib07a/splib07a_Bandpass_(FWHM)_ASDFR_StandardResolution.txt,D:\usgs_splib07\../GIFplots/GIFplots_splib07a/ChapterA_ArtificialMaterials/splib07a_Brick_GDS348_Pave_DkBrwngrey_ASDFRa_AREF.gif,D:\usgs_splib07\../GIFplots/GIFplots_splib07a/plots_by_wavelength_region/range1_uv_to_visible/splib07a_Brick_GDS348_Pave_DkBrwngrey_ASDFRa_AREF_range1_uv_to_vis.gif,D:\usgs_splib07\../GIFplots/GIFplots_splib07a/plots_by_wavelength_region/range2_visible_to_swir/splib07a_Brick_GDS348_Pave_DkBrwngrey_ASDFRa_AREF_range2_vis_to_swir.gif,D:\usgs_splib07\../GIFplots/GIFplots_splib07a/plots_by_wavelength_region/range3_swir/splib07a_Brick_GDS348_Pave_DkBrwngrey_ASDFRa_AREF_range3_swir.gif,,,D:\usgs_splib07\../GIFplots/GIFplots_splib07a/splib07a_Wavelengths_ASD_0.35-2.5_microns_2151_ch.gif,D:\usgs_splib07\../GIFplots/GIFplots_splib07a/splib07a_Bandpass_(FWHM)_ASDFR_StandardResolution.gif
Brick GDS349 Paving Red      ASDFRa AREF,D:\usgs_splib07\../HTMLmetadata/Brick_GDS349_Paving_Red_ASDFRa_AREF.html,D:\usgs_splib07\../ASCIIdata/ASCIIdata_splib07a/ChapterA_ArtificialMaterials/splib07a_Brick_GDS349_Paving_Red_ASDFRa_AREF.txt,,D:\usgs_splib07\../ASCIIdata/ASCIIdata_splib07a/splib07a_Wavelengths_ASD_0.35-2.5_microns_2151_ch.txt,D:\usgs_splib07\../ASCIIdata/ASCIIdata_splib07a/splib07a_Bandpass_(FWHM)_ASDFR_StandardResolution.txt,D:\usgs_splib07\../GIFplots/GIFplots_splib07a/ChapterA_ArtificialMaterials/splib07a_Brick_GDS349_Paving_Red_ASDFRa_AREF.gif,D:\usgs_splib07\../GIFplots/GIFplots_splib07a/plots_by_wavelength_region/range1_uv_to_visible/splib07a_Brick_GDS349_Paving_Red_ASDFRa_AREF_range1_uv_to_vis.gif,D:\usgs_splib07\../GIFplots/GIFplots_splib07a/plots_by_wavelength_region/range2_visible_to_swir/splib07a_Brick_GDS349_Paving_Red_ASDFRa_AREF_range2_vis_to_swir.gif,D:\usgs_splib07\../GIFplots/GIFplots_splib07a/plots_by_wavelength_region/range3_swir/splib07a_Brick_GDS349_Paving_Red_ASDFRa_AREF_range3_swir.gif,,,D:\usgs_splib07\../GIFplots/GIFplots_splib07a/splib07a_Wavelengths_ASD_0.35-2.5_microns_2151_ch.gif,D:\usgs_splib07\../GIFplots/GIFplots_splib07a/splib07a_Bandpass_(FWHM)_ASDFR_StandardResolution.gif
Brick GDS350 Dk Red Building ASDFRa AREF,D:\usgs_splib07\../HTMLmetadata/Brick_GDS350_Dk_Red_Building_ASDFRa_AREF.html,D:\usgs_splib07\../ASCIIdata/ASCIIdata_splib07a/ChapterA_ArtificialMaterials/splib07a_Brick_GDS350_Dk_Red_Building_ASDFRa_AREF.txt,,D:\usgs_splib07\../ASCIIdata/ASCIIdata_splib07a/splib07a_Wavelengths_ASD_0.35-2.5_microns_2151_ch.txt,D:\usgs_splib07\../ASCIIdata/ASCIIdata_splib07a/splib07a_Bandpass_(FWHM)_ASDFR_StandardResolution.txt,D:\usgs_splib07\../GIFplots/GIFplots_splib07a/ChapterA_ArtificialMaterials/splib07a_Brick_GDS350_Dk_Red_Building_ASDFRa_AREF.gif,D:\usgs_splib07\../GIFplots/GIFplots_splib07a/plots_by_wavelength_region/range1_uv_to_visible/splib07a_Brick_GDS350_Dk_Red_Building_ASDFRa_AREF_range1_uv_to_vis.gif,D:\usgs_splib07\../GIFplots/GIFplots_splib07a/plots_by_wavelength_region/range2_visible_to_swir/splib07a_Brick_GDS350_Dk_Red_Building_ASDFRa_AREF_range2_vis_to_swir.gif,D:\usgs_splib07\../GIFplots/GIFplots_splib07a/plots_by_wavelength_region/range3_swir/splib07a_Brick_GDS350_Dk_Red_Building_ASDFRa_AREF_range3_swir.gif,,,D:\usgs_splib07\../GIFplots/GIFplots_splib07a/splib07a_Wavelengths_ASD_0.35-2.5_microns_2151_ch.gif,D:\usgs_splib07\../GIFplots/GIFplots_splib07a/splib07a_Bandpass_(FWHM)_ASDFR_StandardResolution.gif
Brick GDS353 Building MedRed ASDFRa AREF,D:\usgs_splib07\../HTMLmetadata/Brick_GDS353_Building_MedRed_ASDFRa_AREF.html,D:\usgs_splib07\../ASCIIdata/ASCIIdata_splib07a/ChapterA_ArtificialMaterials/splib07a_Brick_GDS353_Building_MedRed_ASDFRa_AREF.txt,,D:\usgs_splib07\../ASCIIdata/ASCIIdata_splib07a/splib07a_Wavelengths_ASD_0.35-2.5_microns_2151_ch.txt,D:\usgs_splib07\../ASCIIdata/ASCIIdata_splib07a/splib07a_Bandpass_(FWHM)_ASDFR_StandardResolution.txt,D:\usgs_splib07\../GIFplots/GIFplots_splib07a/ChapterA_ArtificialMaterials/splib07a_Brick_GDS353_Building_MedRed_ASDFRa_AREF.gif,D:\usgs_splib07\../GIFplots/GIFplots_splib07a/plots_by_wavelength_region/range1_uv_to_visible/splib07a_Brick_GDS353_Building_MedRed_ASDFRa_AREF_range1_uv_to_vis.gif,D:\usgs_splib07\../GIFplots/GIFplots_splib07a/plots_by_wavelength_region/range2_visible_to_swir/splib07a_Brick_GDS353_Building_MedRed_ASDFRa_AREF_range2_vis_to_swir.gif,D:\usgs_splib07\../GIFplots/GIFplots_splib07a/plots_by_wavelength_region/range3_swir/splib07a_Brick_GDS353_Building_MedRed_ASDFRa_AREF_range3_swir.gif,,,D:\usgs_splib07\../GIFplots/GIFplots_splib07a/splib07a_Wavelengths_ASD_0.35-2.5_microns_2151_ch.gif,D:\usgs_splib07\../GIFplots/GIFplots_splib07a/splib07a_Bandpass_(FWHM)_ASDFR_StandardResolution.gif
Brick GDS354 Building Lt Gry ASDFRa AREF,D:\usgs_splib07\../HTMLmetadata/Brick_GDS354_Building_Lt_Gry_ASDFRa_AREF.html,D:\usgs_splib07\../ASCIIdata/ASCIIdata_splib07a/ChapterA_ArtificialMaterials/splib07a_Brick_GDS354_Building_Lt_Gry_ASDFRa_AREF.txt,,D:\usgs_splib07\../ASCIIdata/ASCIIdata_splib07a/splib07a_Wavelengths_ASD_0.35-2.5_microns_2151_ch.txt,D:\usgs_splib07\../ASCIIdata/ASCIIdata_splib07a/splib07a_Bandpass_(FWHM)_ASDFR_StandardResolution.txt,D:\usgs_splib07\../GIFplots/GIFplots_splib07a/ChapterA_ArtificialMaterials/splib07a_Brick_GDS354_Building_Lt_Gry_ASDFRa_AREF.gif,D:\usgs_splib07\../GIFplots/GIFplots_splib07a/plots_by_wavelength_region/range1_uv_to_visible/splib07a_Brick_GDS354_Building_Lt_Gry_ASDFRa_AREF_range1_uv_to_vis.gif,D:\usgs_splib07\../GIFplots/GIFplots_splib07a/plots_by_wavelength_region/range2_visible_to_swir/splib07a_Brick_GDS354_Building_Lt_Gry_ASDFRa_AREF_range2_vis_to_swir.gif,D:\usgs_splib07\../GIFplots/GIFplots_splib07a/plots_by_wavelength_region/range3_swir/splib07a_Brick_GDS354_Building_Lt_Gry_ASDFRa_AREF_range3_swir.gif,,,D:\usgs_splib07\../GIFplots/GIFplots_splib07a/splib07a_Wavelengths_ASD_0.35-2.5_microns_2151_ch.gif,D:\usgs_splib07\../GIFplots/GIFplots_splib07a/splib07a_Bandpass_(FWHM)_ASDFR_StandardResolution.gif
Brick GDS355 Paving Dk Gry   ASDFRa AREF,D:\usgs_splib07\../HTMLmetadata/Brick_GDS355_Paving_Dk_Gry_ASDFRa_AREF.html,D:\usgs_splib07\../ASCIIdata/ASCIIdata_splib07a/ChapterA_ArtificialMaterials/splib07a_Brick_GDS355_Paving_Dk_Gry_ASDFRa_AREF.txt,,D:\usgs_splib07\../ASCIIdata/ASCIIdata_splib07a/splib07a_Wavelengths_ASD_0.35-2.5_microns_2151_ch.txt,D:\usgs_splib07\../ASCIIdata/ASCIIdata_splib07a/splib07a_Bandpass_(FWHM)_ASDFR_StandardResolution.txt,D:\usgs_splib07\../GIFplots/GIFplots_splib07a/ChapterA_ArtificialMaterials/splib07a_Brick_GDS355_Paving_Dk_Gry_ASDFRa_AREF.gif,D:\usgs_splib07\../GIFplots/GIFplots_splib07a/plots_by_wavelength_region/range1_uv_to_visible/splib07a_Brick_GDS355_Paving_Dk_Gry_ASDFRa_AREF_range1_uv_to_vis.gif,D:\usgs_splib07\../GIFplots/GIFplots_splib07a/plots_by_wavelength_region/range2_visible_to_swir/splib07a_Brick_GDS355_Paving_Dk_Gry_ASDFRa_AREF_range2_vis_to_swir.gif,D:\usgs_splib07\../GIFplots/GIFplots_splib07a/plots_by_wavelength_region/range3_swir/splib07a_Brick_GDS355_Paving_Dk_Gry_ASDFRa_AREF_range3_swir.gif,,,D:\usgs_splib07\../GIFplots/GIFplots_splib07a/splib07a_Wavelengths_ASD_0.35-2.5_microns_2151_ch.gif,D:\usgs_splib07\../GIFplots/GIFplots_splib07a/splib07a_Bandpass_(FWHM)_ASDFR_StandardResolution.gif
Brilliant(Hansa)yellowGDS785 ASDFRa AREF,D:\usgs_splib07\../HTMLmetadata/Brilliant(Hansa)yellowGDS785_ASDFRa_AREF.html,D:\usgs_splib07\../ASCIIdata/ASCIIdata_splib07a/ChapterA_ArtificialMaterials/splib07a_Brilliant(Hansa)yellowGDS785_ASDFRa_AREF.txt,,D:\usgs_splib07\../ASCIIdata/ASCIIdata_splib07a/splib07a_Wavelengths_ASD_0.35-2.5_microns_2151_ch.txt,D:\usgs_splib07\../ASCIIdata/ASCIIdata_splib07a/splib07a_Bandpass_(FWHM)_ASDFR_StandardResolution.txt,D:\usgs_splib07\../GIFplots/GIFplots_splib07a/ChapterA_ArtificialMaterials/splib07a_Brilliant(Hansa)yellowGDS785_ASDFRa_AREF.gif,D:\usgs_splib07\../GIFplots/GIFplots_splib07a/plots_by_wavelength_region/range1_uv_to_visible/splib07a_Brilliant(Hansa)yellowGDS785_ASDFRa_AREF_range1_uv_to_vis.gif,D:\usgs_splib07\../GIFplots/GIFplots_splib07a/plots_by_wavelength_region/range2_visible_to_swir/splib07a_Brilliant(Hansa)yellowGDS785_ASDFRa_AREF_range2_vis_to_swir.gif,D:\usgs_splib07\../GIFplots/GIFplots_splib07a/plots_by_wavelength_region/range3_swir/splib07a_Brilliant(Hansa)yellowGDS785_ASDFRa_AREF_range3_swir.gif,,,D:\usgs_splib07\../GIFplots/GIFplots_splib07a/splib07a_Wavelengths_ASD_0.35-2.5_microns_2151_ch.gif,D:\usgs_splib07\../GIFplots/GIFplots_splib07a/splib07a_Bandpass_(FWHM)_ASDFR_StandardResolution.gif
Burlap_Fabric GDS430 Brown   ASDFRa AREF,D:\usgs_splib07\../HTMLmetadata/Burlap_Fabric_GDS430_Brown_ASDFRa_AREF.html,D:\usgs_splib07\../ASCIIdata/ASCIIdata_splib07a/ChapterA_ArtificialMaterials/splib07a_Burlap_Fabric_GDS430_Brown_ASDFRa_AREF.txt,,D:\usgs_splib07\../ASCIIdata/ASCIIdata_splib07a/splib07a_Wavelengths_ASD_0.35-2.5_microns_2151_ch.txt,D:\usgs_splib07\../ASCIIdata/ASCIIdata_splib07a/splib07a_Bandpass_(FWHM)_ASDFR_StandardResolution.txt,D:\usgs_splib07\../GIFplots/GIFplots_splib07a/ChapterA_ArtificialMaterials/splib07a_Burlap_Fabric_GDS430_Brown_ASDFRa_AREF.gif,D:\usgs_splib07\../GIFplots/GIFplots_splib07a/plots_by_wavelength_region/range1_uv_to_visible/splib07a_Burlap_Fabric_GDS430_Brown_ASDFRa_AREF_range1_uv_to_vis.gif,D:\usgs_splib07\../GIFplots/GIFplots_splib07a/plots_by_wavelength_region/range2_visible_to_swir/splib07a_Burlap_Fabric_GDS430_Brown_ASDFRa_AREF_range2_vis_to_swir.gif,D:\usgs_splib07\../GIFplots/GIFplots_splib07a/plots_by_wavelength_region/range3_swir/splib07a_Burlap_Fabric_GDS430_Brown_ASDFRa_AREF_range3_swir.gif,,,D:\usgs_splib07\../GIFplots/GIFplots_splib07a/splib07a_Wavelengths_ASD_0.35-2.5_microns_2151_ch.gif,D:\usgs_splib07\../GIFplots/GIFplots_splib07a/splib07a_Bandpass_(FWHM)_ASDFR_StandardResolution.gif
Burnt_umber GDS811           ASDFRa AREF,D:\usgs_splib07\../HTMLmetadata/Burnt_umber_GDS811_ASDFRa_AREF.html,D:\usgs_splib07\../ASCIIdata/ASCIIdata_splib07a/ChapterA_ArtificialMaterials/splib07a_Burnt_umber_GDS811_ASDFRa_AREF.txt,,D:\usgs_splib07\../ASCIIdata/ASCIIdata_splib07a/splib07a_Wavelengths_ASD_0.35-2.5_microns_2151_ch.txt,D:\usgs_splib07\../ASCIIdata/ASCIIdata_splib07a/splib07a_Bandpass_(FWHM)_ASDFR_StandardResolution.txt,D:\usgs_splib07\../GIFplots/GIFplots_splib07a/ChapterA_ArtificialMaterials/splib07a_Burnt_umber_GDS811_ASDFRa_AREF.gif,D:\usgs_splib07\../GIFplots/GIFplots_splib07a/plots_by_wavelength_region/range1_uv_to_visible/splib07a_Burnt_umber_GDS811_ASDFRa_AREF_range1_uv_to_vis.gif,D:\usgs_splib07\../GIFplots/GIFplots_splib07a/plots_by_wavelength_region/range2_visible_to_swir/splib07a_Burnt_umber_GDS811_ASDFRa_AREF_range2_vis_to_swir.gif,D:\usgs_splib07\../GIFplots/GIFplots_splib07a/plots_by_wavelength_region/range3_swir/splib07a_Burnt_umber_GDS811_ASDFRa_AREF_range3_swir.gif,,,D:\usgs_splib07\../GIFplots/GIFplots_splib07a/splib07a_Wavelengths_ASD_0.35-2.5_microns_2151_ch.gif,D:\usgs_splib07\../GIFplots/GIFplots_splib07a/splib07a_Bandpass_(FWHM)_ASDFR_StandardResolution.gif
Cadmium_orange_0 GDS786      ASDFRa AREF,D:\usgs_splib07\../HTMLmetadata/Cadmium_orange_0_GDS786_ASDFRa_AREF.html,D:\usgs_splib07\../ASCIIdata/ASCIIdata_splib07a/ChapterA_ArtificialMaterials/splib07a_Cadmium_orange_0_GDS786_ASDFRa_AREF.txt,,D:\usgs_splib07\../ASCIIdata/ASCIIdata_splib07a/splib07a_Wavelengths_ASD_0.35-2.5_microns_2151_ch.txt,D:\usgs_splib07\../ASCIIdata/ASCIIdata_splib07a/splib07a_Bandpass_(FWHM)_ASDFR_StandardResolution.txt,D:\usgs_splib07\../GIFplots/GIFplots_splib07a/ChapterA_ArtificialMaterials/splib07a_Cadmium_orange_0_GDS786_ASDFRa_AREF.gif,D:\usgs_splib07\../GIFplots/GIFplots_splib07a/plots_by_wavelength_region/range1_uv_to_visible/splib07a_Cadmium_orange_0_GDS786_ASDFRa_AREF_range1_uv_to_vis.gif,D:\usgs_splib07\../GIFplots/GIFplots_splib07a/plots_by_wavelength_region/range2_visible_to_swir/splib07a_Cadmium_orange_0_GDS786_ASDFRa_AREF_range2_vis_to_swir.gif,D:\usgs_splib07\../GIFplots/GIFplots_splib07a/plots_by_wavelength_region/range3_swir/splib07a_Cadmium_orange_0_GDS786_ASDFRa_AREF_range3_swir.gif,,,D:\usgs_splib07\../GIFplots/GIFplots_splib07a/splib07a_Wavelengths_ASD_0.35-2.5_microns_2151_ch.gif,D:\usgs_splib07\../GIFplots/GIFplots_splib07a/splib07a_Bandpass_(FWHM)_ASDFR_StandardResolution.gif
Cadmium_orange_1 (dk) GDS781 ASDFRa AREF,D:\usgs_splib07\../HTMLmetadata/Cadmium_orange_1_(dk)_GDS781_ASDFRa_AREF.html,D:\usgs_splib07\../ASCIIdata/ASCIIdata_splib07a/ChapterA_ArtificialMaterials/splib07a_Cadmium_orange_1_(dk)_GDS781_ASDFRa_AREF.txt,,D:\usgs_splib07\../ASCIIdata/ASCIIdata_splib07a/splib07a_Wavelengths_ASD_0.35-2.5_microns_2151_ch.txt,D:\usgs_splib07\../ASCIIdata/ASCIIdata_splib07a/splib07a_Bandpass_(FWHM)_ASDFR_StandardResolution.txt,D:\usgs_splib07\../GIFplots/GIFplots_splib07a/ChapterA_ArtificialMaterials/splib07a_Cadmium_orange_1_(dk)_GDS781_ASDFRa_AREF.gif,D:\usgs_splib07\../GIFplots/GIFplots_splib07a/plots_by_wavelength_region/range1_uv_to_visible/splib07a_Cadmium_orange_1_(dk)_GDS781_ASDFRa_AREF_range1_uv_to_vis.gif,D:\usgs_splib07\../GIFplots/GIFplots_splib07a/plots_by_wavelength_region/range2_visible_to_swir/splib07a_Cadmium_orange_1_(dk)_GDS781_ASDFRa_AREF_range2_vis_to_swir.gif,D:\usgs_splib07\../GIFplots/GIFplots_splib07a/plots_by_wavelength_region/range3_swir/splib07a_Cadmium_orange_1_(dk)_GDS781_ASDFRa_AREF_range3_swir.gif,,,D:\usgs_splib07\../GIFplots/GIFplots_splib07a/splib07a_Wavelengths_ASD_0.35-2.5_microns_2151_ch.gif,D:\usgs_splib07\../GIFplots/GIFplots_splib07a/splib07a_Bandpass_(FWHM)_ASDFR_StandardResolution.gif
Cadmium_red_2 GDS778         ASDFRa AREF,D:\usgs_splib07\../HTMLmetadata/Cadmium_red_2_GDS778_ASDFRa_AREF.html,D:\usgs_splib07\../ASCIIdata/ASCIIdata_splib07a/ChapterA_ArtificialMaterials/splib07a_Cadmium_red_2_GDS778_ASDFRa_AREF.txt,,D:\usgs_splib07\../ASCIIdata/ASCIIdata_splib07a/splib07a_Wavelengths_ASD_0.35-2.5_microns_2151_ch.txt,D:\usgs_splib07\../ASCIIdata/ASCIIdata_splib07a/splib07a_Bandpass_(FWHM)_ASDFR_StandardResolution.txt,D:\usgs_splib07\../GIFplots/GIFplots_splib07a/ChapterA_ArtificialMaterials/splib07a_Cadmium_red_2_GDS778_ASDFRa_AREF.gif,D:\usgs_splib07\../GIFplots/GIFplots_splib07a/plots_by_wavelength_region/range1_uv_to_visible/splib07a_Cadmium_red_2_GDS778_ASDFRa_AREF_range1_uv_to_vis.gif,D:\usgs_splib07\../GIFplots/GIFplots_splib07a/plots_by_wavelength_region/range2_visible_to_swir/splib07a_Cadmium_red_2_GDS778_ASDFRa_AREF_range2_vis_to_swir.gif,D:\usgs_splib07\../GIFplots/GIFplots_splib07a/plots_by_wavelength_region/range3_swir/splib07a_Cadmium_red_2_GDS778_ASDFRa_AREF_range3_swir.gif,,,D:\usgs_splib07\../GIFplots/GIFplots_splib07a/splib07a_Wavelengths_ASD_0.35-2.5_microns_2151_ch.gif,D:\usgs_splib07\../GIFplots/GIFplots_splib07a/splib07a_Bandpass_(FWHM)_ASDFR_StandardResolution.gif
Cadmium_yellow_6 med GDS788  ASDFRa AREF,D:\usgs_splib07\../HTMLmetadata/Cadmium_yellow_6_med_GDS788_ASDFRa_AREF.html,D:\usgs_splib07\../ASCIIdata/ASCIIdata_splib07a/ChapterA_ArtificialMaterials/splib07a_Cadmium_yellow_6_med_GDS788_ASDFRa_AREF.txt,,D:\usgs_splib07\../ASCIIdata/ASCIIdata_splib07a/splib07a_Wavelengths_ASD_0.35-2.5_microns_2151_ch.txt,D:\usgs_splib07\../ASCIIdata/ASCIIdata_splib07a/splib07a_Bandpass_(FWHM)_ASDFR_StandardResolution.txt,D:\usgs_splib07\../GIFplots/GIFplots_splib07a/ChapterA_ArtificialMaterials/splib07a_Cadmium_yellow_6_med_GDS788_ASDFRa_AREF.gif,D:\usgs_splib07\../GIFplots/GIFplots_splib07a/plots_by_wavelength_region/range1_uv_to_visible/splib07a_Cadmium_yellow_6_med_GDS788_ASDFRa_AREF_range1_uv_to_vis.gif,D:\usgs_splib07\../GIFplots/GIFplots_splib07a/plots_by_wavelength_region/range2_visible_to_swir/splib07a_Cadmium_yellow_6_med_GDS788_ASDFRa_AREF_range2_vis_to_swir.gif,D:\usgs_splib07\../GIFplots/GIFplots_splib07a/plots_by_wavelength_region/range3_swir/splib07a_Cadmium_yellow_6_med_GDS788_ASDFRa_AREF_range3_swir.gif,,,D:\usgs_splib07\../GIFplots/GIFplots_splib07a/splib07a_Wavelengths_ASD_0.35-2.5_microns_2151_ch.gif,D:\usgs_splib07\../GIFplots/GIFplots_splib07a/splib07a_Bandpass_(FWHM)_ASDFR_StandardResolution.gif
Cardboard GDS371 Brn Corgted ASDFRa AREF,D:\usgs_splib07\../HTMLmetadata/Cardboard_GDS371_Brn_Corgted_ASDFRa_AREF.html,D:\usgs_splib07\../ASCIIdata/ASCIIdata_splib07a/ChapterA_ArtificialMaterials/splib07a_Cardboard_GDS371_Brn_Corgted_ASDFRa_AREF.txt,,D:\usgs_splib07\../ASCIIdata/ASCIIdata_splib07a/splib07a_Wavelengths_ASD_0.35-2.5_microns_2151_ch.txt,D:\usgs_splib07\../ASCIIdata/ASCIIdata_splib07a/splib07a_Bandpass_(FWHM)_ASDFR_StandardResolution.txt,D:\usgs_splib07\../GIFplots/GIFplots_splib07a/ChapterA_ArtificialMaterials/splib07a_Cardboard_GDS371_Brn_Corgted_ASDFRa_AREF.gif,D:\usgs_splib07\../GIFplots/GIFplots_splib07a/plots_by_wavelength_region/range1_uv_to_visible/splib07a_Cardboard_GDS371_Brn_Corgted_ASDFRa_AREF_range1_uv_to_vis.gif,D:\usgs_splib07\../GIFplots/GIFplots_splib07a/plots_by_wavelength_region/range2_visible_to_swir/splib07a_Cardboard_GDS371_Brn_Corgted_ASDFRa_AREF_range2_vis_to_swir.gif,D:\usgs_splib07\../GIFplots/GIFplots_splib07a/plots_by_wavelength_region/range3_swir/splib07a_Cardboard_GDS371_Brn_Corgted_ASDFRa_AREF_range3_swir.gif,,,D:\usgs_splib07\../GIFplots/GIFplots_splib07a/splib07a_Wavelengths_ASD_0.35-2.5_microns_2151_ch.gif,D:\usgs_splib07\../GIFplots/GIFplots_splib07a/splib07a_Bandpass_(FWHM)_ASDFR_StandardResolution.gif
Cerulean_blue GDS797         ASDFRa AREF,D:\usgs_splib07\../HTMLmetadata/Cerulean_blue_GDS797_ASDFRa_AREF.html,D:\usgs_splib07\../ASCIIdata/ASCIIdata_splib07a/ChapterA_ArtificialMaterials/splib07a_Cerulean_blue_GDS797_ASDFRa_AREF.txt,,D:\usgs_splib07\../ASCIIdata/ASCIIdata_splib07a/splib07a_Wavelengths_ASD_0.35-2.5_microns_2151_ch.txt,D:\usgs_splib07\../ASCIIdata/ASCIIdata_splib07a/splib07a_Bandpass_(FWHM)_ASDFR_StandardResolution.txt,D:\usgs_splib07\../GIFplots/GIFplots_splib07a/ChapterA_ArtificialMaterials/splib07a_Cerulean_blue_GDS797_ASDFRa_AREF.gif,D:\usgs_splib07\../GIFplots/GIFplots_splib07a/plots_by_wavelength_region/range1_uv_to_visible/splib07a_Cerulean_blue_GDS797_ASDFRa_AREF_range1_uv_to_vis.gif,D:\usgs_splib07\../GIFplots/GIFplots_splib07a/plots_by_wavelength_region/range2_visible_to_swir/splib07a_Cerulean_blue_GDS797_ASDFRa_AREF_range2_vis_to_swir.gif,D:\usgs_splib07\../GIFplots/GIFplots_splib07a/plots_by_wavelength_region/range3_swir/splib07a_Cerulean_blue_GDS797_ASDFRa_AREF_range3_swir.gif,,,D:\usgs_splib07\../GIFplots/GIFplots_splib07a/splib07a_Wavelengths_ASD_0.35-2.5_microns_2151_ch.gif,D:\usgs_splib07\../GIFplots/GIFplots_splib07a/splib07a_Bandpass_(FWHM)_ASDFR_StandardResolution.gif
Cobalt_blue GDS790           ASDFRa AREF,D:\usgs_splib07\../HTMLmetadata/Cobalt_blue_GDS790_ASDFRa_AREF.html,D:\usgs_splib07\../ASCIIdata/ASCIIdata_splib07a/ChapterA_ArtificialMaterials/splib07a_Cobalt_blue_GDS790_ASDFRa_AREF.txt,,D:\usgs_splib07\../ASCIIdata/ASCIIdata_splib07a/splib07a_Wavelengths_ASD_0.35-2.5_microns_2151_ch.txt,D:\usgs_splib07\../ASCIIdata/ASCIIdata_splib07a/splib07a_Bandpass_(FWHM)_ASDFR_StandardResolution.txt,D:\usgs_splib07\../GIFplots/GIFplots_splib07a/ChapterA_ArtificialMaterials/splib07a_Cobalt_blue_GDS790_ASDFRa_AREF.gif,D:\usgs_splib07\../GIFplots/GIFplots_splib07a/plots_by_wavelength_region/range1_uv_to_visible/splib07a_Cobalt_blue_GDS790_ASDFRa_AREF_range1_uv_to_vis.gif,D:\usgs_splib07\../GIFplots/GIFplots_splib07a/plots_by_wavelength_region/range2_visible_to_swir/splib07a_Cobalt_blue_GDS790_ASDFRa_AREF_range2_vis_to_swir.gif,D:\usgs_splib07\../GIFplots/GIFplots_splib07a/plots_by_wavelength_region/range3_swir/splib07a_Cobalt_blue_GDS790_ASDFRa_AREF_range3_swir.gif,,,D:\usgs_splib07\../GIFplots/GIFplots_splib07a/splib07a_Wavelengths_ASD_0.35-2.5_microns_2151_ch.gif,D:\usgs_splib07\../GIFplots/GIFplots_splib07a/splib07a_Bandpass_(FWHM)_ASDFR_StandardResolution.gif
Cobalt_green GDS816          ASDFRa AREF,D:\usgs_splib07\../HTMLmetadata/Cobalt_green_GDS816_ASDFRa_AREF.html,D:\usgs_splib07\../ASCIIdata/ASCIIdata_splib07a/ChapterA_ArtificialMaterials/splib07a_Cobalt_green_GDS816_ASDFRa_AREF.txt,,D:\usgs_splib07\../ASCIIdata/ASCIIdata_splib07a/splib07a_Wavelengths_ASD_0.35-2.5_microns_2151_ch.txt,D:\usgs_splib07\../ASCIIdata/ASCIIdata_splib07a/splib07a_Bandpass_(FWHM)_ASDFR_StandardResolution.txt,D:\usgs_splib07\../GIFplots/GIFplots_splib07a/ChapterA_ArtificialMaterials/splib07a_Cobalt_green_GDS816_ASDFRa_AREF.gif,D:\usgs_splib07\../GIFplots/GIFplots_splib07a/plots_by_wavelength_region/range1_uv_to_visible/splib07a_Cobalt_green_GDS816_ASDFRa_AREF_range1_uv_to_vis.gif,D:\usgs_splib07\../GIFplots/GIFplots_splib07a/plots_by_wavelength_region/range2_visible_to_swir/splib07a_Cobalt_green_GDS816_ASDFRa_AREF_range2_vis_to_swir.gif,D:\usgs_splib07\../GIFplots/GIFplots_splib07a/plots_by_wavelength_region/range3_swir/splib07a_Cobalt_green_GDS816_ASDFRa_AREF_range3_swir.gif,,,D:\usgs_splib07\../GIFplots/GIFplots_splib07a/splib07a_Wavelengths_ASD_0.35-2.5_microns_2151_ch.gif,D:\usgs_splib07\../GIFplots/GIFplots_splib07a/splib07a_Bandpass_(FWHM)_ASDFR_StandardResolution.gif
Cobalt_violet GDS803         ASDFRa AREF,D:\usgs_splib07\../HTMLmetadata/Cobalt_violet_GDS803_ASDFRa_AREF.html,D:\usgs_splib07\../ASCIIdata/ASCIIdata_splib07a/ChapterA_ArtificialMaterials/splib07a_Cobalt_violet_GDS803_ASDFRa_AREF.txt,,D:\usgs_splib07\../ASCIIdata/ASCIIdata_splib07a/splib07a_Wavelengths_ASD_0.35-2.5_microns_2151_ch.txt,D:\usgs_splib07\../ASCIIdata/ASCIIdata_splib07a/splib07a_Bandpass_(FWHM)_ASDFR_StandardResolution.txt,D:\usgs_splib07\../GIFplots/GIFplots_splib07a/ChapterA_ArtificialMaterials/splib07a_Cobalt_violet_GDS803_ASDFRa_AREF.gif,D:\usgs_splib07\../GIFplots/GIFplots_splib07a/plots_by_wavelength_region/range1_uv_to_visible/splib07a_Cobalt_violet_GDS803_ASDFRa_AREF_range1_uv_to_vis.gif,D:\usgs_splib07\../GIFplots/GIFplots_splib07a/plots_by_wavelength_region/range2_visible_to_swir/splib07a_Cobalt_violet_GDS803_ASDFRa_AREF_range2_vis_to_swir.gif,D:\usgs_splib07\../GIFplots/GIFplots_splib07a/plots_by_wavelength_region/range3_swir/splib07a_Cobalt_violet_GDS803_ASDFRa_AREF_range3_swir.gif,,,D:\usgs_splib07\../GIFplots/GIFplots_splib07a/splib07a_Wavelengths_ASD_0.35-2.5_microns_2151_ch.gif,D:\usgs_splib07\../GIFplots/GIFplots_splib07a/splib07a_Bandpass_(FWHM)_ASDFR_StandardResolution.gif
Cedar_Shake GDS357 Fresh     ASDFRa AREF,D:\usgs_splib07\../HTMLmetadata/Cedar_Shake_GDS357_Fresh_ASDFRa_AREF.html,D:\usgs_splib07\../ASCIIdata/ASCIIdata_splib07a/ChapterA_ArtificialMaterials/splib07a_Cedar_Shake_GDS357_Fresh_ASDFRa_AREF.txt,,D:\usgs_splib07\../ASCIIdata/ASCIIdata_splib07a/splib07a_Wavelengths_ASD_0.35-2.5_microns_2151_ch.txt,D:\usgs_splib07\../ASCIIdata/ASCIIdata_splib07a/splib07a_Bandpass_(FWHM)_ASDFR_StandardResolution.txt,D:\usgs_splib07\../GIFplots/GIFplots_splib07a/ChapterA_ArtificialMaterials/splib07a_Cedar_Shake_GDS357_Fresh_ASDFRa_AREF.gif,D:\usgs_splib07\../GIFplots/GIFplots_splib07a/plots_by_wavelength_region/range1_uv_to_visible/splib07a_Cedar_Shake_GDS357_Fresh_ASDFRa_AREF_range1_uv_to_vis.gif,D:\usgs_splib07\../GIFplots/GIFplots_splib07a/plots_by_wavelength_region/range2_visible_to_swir/splib07a_Cedar_Shake_GDS357_Fresh_ASDFRa_AREF_range2_vis_to_swir.gif,D:\usgs_splib07\../GIFplots/GIFplots_splib07a/plots_by_wavelength_region/range3_swir/splib07a_Cedar_Shake_GDS357_Fresh_ASDFRa_AREF_range3_swir.gif,,,D:\usgs_splib07\../GIFplots/GIFplots_splib07a/splib07a_Wavelengths_ASD_0.35-2.5_microns_2151_ch.gif,D:\usgs_splib07\../GIFplots/GIFplots_splib07a/splib07a_Bandpass_(FWHM)_ASDFR_StandardResolution.gif
Cedar_Shake GDS358 SlgWeathr ASDFRa AREF,D:\usgs_splib07\../HTMLmetadata/Cedar_Shake_GDS358_SlgWeathr_ASDFRa_AREF.html,D:\usgs_splib07\../ASCIIdata/ASCIIdata_splib07a/ChapterA_ArtificialMaterials/splib07a_Cedar_Shake_GDS358_SlgWeathr_ASDFRa_AREF.txt,,D:\usgs_splib07\../ASCIIdata/ASCIIdata_splib07a/splib07a_Wavelengths_ASD_0.35-2.5_microns_2151_ch.txt,D:\usgs_splib07\../ASCIIdata/ASCIIdata_splib07a/splib07a_Bandpass_(FWHM)_ASDFR_StandardResolution.txt,D:\usgs_splib07\../GIFplots/GIFplots_splib07a/ChapterA_ArtificialMaterials/splib07a_Cedar_Shake_GDS358_SlgWeathr_ASDFRa_AREF.gif,D:\usgs_splib07\../GIFplots/GIFplots_splib07a/plots_by_wavelength_region/range1_uv_to_visible/splib07a_Cedar_Shake_GDS358_SlgWeathr_ASDFRa_AREF_range1_uv_to_vis.gif,D:\usgs_splib07\../GIFplots/GIFplots_splib07a/plots_by_wavelength_region/range2_visible_to_swir/splib07a_Cedar_Shake_GDS358_SlgWeathr_ASDFRa_AREF_range2_vis_to_swir.gif,D:\usgs_splib07\../GIFplots/GIFplots_splib07a/plots_by_wavelength_region/range3_swir/splib07a_Cedar_Shake_GDS358_SlgWeathr_ASDFRa_AREF_range3_swir.gif,,,D:\usgs_splib07\../GIFplots/GIFplots_splib07a/splib07a_Wavelengths_ASD_0.35-2.5_microns_2151_ch.gif,D:\usgs_splib07\../GIFplots/GIFplots_splib07a/splib07a_Bandpass_(FWHM)_ASDFR_StandardResolution.gif
Cedar_Shake GDS359 MedWeathr ASDFRa AREF,D:\usgs_splib07\../HTMLmetadata/Cedar_Shake_GDS359_MedWeathr_ASDFRa_AREF.html,D:\usgs_splib07\../ASCIIdata/ASCIIdata_splib07a/ChapterA_ArtificialMaterials/splib07a_Cedar_Shake_GDS359_MedWeathr_ASDFRa_AREF.txt,,D:\usgs_splib07\../ASCIIdata/ASCIIdata_splib07a/splib07a_Wavelengths_ASD_0.35-2.5_microns_2151_ch.txt,D:\usgs_splib07\../ASCIIdata/ASCIIdata_splib07a/splib07a_Bandpass_(FWHM)_ASDFR_StandardResolution.txt,D:\usgs_splib07\../GIFplots/GIFplots_splib07a/ChapterA_ArtificialMaterials/splib07a_Cedar_Shake_GDS359_MedWeathr_ASDFRa_AREF.gif,D:\usgs_splib07\../GIFplots/GIFplots_splib07a/plots_by_wavelength_region/range1_uv_to_visible/splib07a_Cedar_Shake_GDS359_MedWeathr_ASDFRa_AREF_range1_uv_to_vis.gif,D:\usgs_splib07\../GIFplots/GIFplots_splib07a/plots_by_wavelength_region/range2_visible_to_swir/splib07a_Cedar_Shake_GDS359_MedWeathr_ASDFRa_AREF_range2_vis_to_swir.gif,D:\usgs_splib07\../GIFplots/GIFplots_splib07a/plots_by_wavelength_region/range3_swir/splib07a_Cedar_Shake_GDS359_MedWeathr_ASDFRa_AREF_range3_swir.gif,,,D:\usgs_splib07\../GIFplots/GIFplots_splib07a/splib07a_Wavelengths_ASD_0.35-2.5_microns_2151_ch.gif,D:\usgs_splib07\../GIFplots/GIFplots_splib07a/splib07a_Bandpass_(FWHM)_ASDFR_StandardResolution.gif
Cedar_Shake GDS360 H Weamoss ASDFRa AREF,D:\usgs_splib07\../HTMLmetadata/Cedar_Shake_GDS360_H_Weamoss_ASDFRa_AREF.html,D:\usgs_splib07\../ASCIIdata/ASCIIdata_splib07a/ChapterA_ArtificialMaterials/splib07a_Cedar_Shake_GDS360_H_Weamoss_ASDFRa_AREF.txt,,D:\usgs_splib07\../ASCIIdata/ASCIIdata_splib07a/splib07a_Wavelengths_ASD_0.35-2.5_microns_2151_ch.txt,D:\usgs_splib07\../ASCIIdata/ASCIIdata_splib07a/splib07a_Bandpass_(FWHM)_ASDFR_StandardResolution.txt,D:\usgs_splib07\../GIFplots/GIFplots_splib07a/ChapterA_ArtificialMaterials/splib07a_Cedar_Shake_GDS360_H_Weamoss_ASDFRa_AREF.gif,D:\usgs_splib07\../GIFplots/GIFplots_splib07a/plots_by_wavelength_region/range1_uv_to_visible/splib07a_Cedar_Shake_GDS360_H_Weamoss_ASDFRa_AREF_range1_uv_to_vis.gif,D:\usgs_splib07\../GIFplots/GIFplots_splib07a/plots_by_wavelength_region/range2_visible_to_swir/splib07a_Cedar_Shake_GDS360_H_Weamoss_ASDFRa_AREF_range2_vis_to_swir.gif,D:\usgs_splib07\../GIFplots/GIFplots_splib07a/plots_by_wavelength_region/range3_swir/splib07a_Cedar_Shake_GDS360_H_Weamoss_ASDFRa_AREF_range3_swir.gif,,,D:\usgs_splib07\../GIFplots/GIFplots_splib07a/splib07a_Wavelengths_ASD_0.35-2.5_microns_2151_ch.gif,D:\usgs_splib07\../GIFplots/GIFplots_splib07a/splib07a_Bandpass_(FWHM)_ASDFR_StandardResolution.gif
Cedar_Shake GDS361 HiWeather ASDFRa AREF,D:\usgs_splib07\../HTMLmetadata/Cedar_Shake_GDS361_HiWeather_ASDFRa_AREF.html,D:\usgs_splib07\../ASCIIdata/ASCIIdata_splib07a/ChapterA_ArtificialMaterials/splib07a_Cedar_Shake_GDS361_HiWeather_ASDFRa_AREF.txt,,D:\usgs_splib07\../ASCIIdata/ASCIIdata_splib07a/splib07a_Wavelengths_ASD_0.35-2.5_microns_2151_ch.txt,D:\usgs_splib07\../ASCIIdata/ASCIIdata_splib07a/splib07a_Bandpass_(FWHM)_ASDFR_StandardResolution.txt,D:\usgs_splib07\../GIFplots/GIFplots_splib07a/ChapterA_ArtificialMaterials/splib07a_Cedar_Shake_GDS361_HiWeather_ASDFRa_AREF.gif,D:\usgs_splib07\../GIFplots/GIFplots_splib07a/plots_by_wavelength_region/range1_uv_to_visible/splib07a_Cedar_Shake_GDS361_HiWeather_ASDFRa_AREF_range1_uv_to_vis.gif,D:\usgs_splib07\../GIFplots/GIFplots_splib07a/plots_by_wavelength_region/range2_visible_to_swir/splib07a_Cedar_Shake_GDS361_HiWeather_ASDFRa_AREF_range2_vis_to_swir.gif,D:\usgs_splib07\../GIFplots/GIFplots_splib07a/plots_by_wavelength_region/range3_swir/splib07a_Cedar_Shake_GDS361_HiWeather_ASDFRa_AREF_range3_swir.gif,,,D:\usgs_splib07\../GIFplots/GIFplots_splib07a/splib07a_Wavelengths_ASD_0.35-2.5_microns_2151_ch.gif,D:\usgs_splib07\../GIFplots/GIFplots_splib07a/splib07a_Bandpass_(FWHM)_ASDFR_StandardResolution.gif
Cerium_Oxide 5-9s SPEX 11781 ASDFRa AREF,D:\usgs_splib07\../HTMLmetadata/Cerium_Oxide_5-9s_SPEX_11781_ASDFRa_AREF.html,D:\usgs_splib07\../ASCIIdata/ASCIIdata_splib07a/ChapterA_ArtificialMaterials/splib07a_Cerium_Oxide_5-9s_SPEX_11781_ASDFRa_AREF.txt,,D:\usgs_splib07\../ASCIIdata/ASCIIdata_splib07a/splib07a_Wavelengths_ASD_0.35-2.5_microns_2151_ch.txt,D:\usgs_splib07\../ASCIIdata/ASCIIdata_splib07a/splib07a_Bandpass_(FWHM)_ASDFR_StandardResolution.txt,D:\usgs_splib07\../GIFplots/GIFplots_splib07a/ChapterA_ArtificialMaterials/splib07a_Cerium_Oxide_5-9s_SPEX_11781_ASDFRa_AREF.gif,D:\usgs_splib07\../GIFplots/GIFplots_splib07a/plots_by_wavelength_region/range1_uv_to_visible/splib07a_Cerium_Oxide_5-9s_SPEX_11781_ASDFRa_AREF_range1_uv_to_vis.gif,D:\usgs_splib07\../GIFplots/GIFplots_splib07a/plots_by_wavelength_region/range2_visible_to_swir/splib07a_Cerium_Oxide_5-9s_SPEX_11781_ASDFRa_AREF_range2_vis_to_swir.gif,D:\usgs_splib07\../GIFplots/GIFplots_splib07a/plots_by_wavelength_region/range3_swir/splib07a_Cerium_Oxide_5-9s_SPEX_11781_ASDFRa_AREF_range3_swir.gif,,,D:\usgs_splib07\../GIFplots/GIFplots_splib07a/splib07a_Wavelengths_ASD_0.35-2.5_microns_2151_ch.gif,D:\usgs_splib07\../GIFplots/GIFplots_splib07a/splib07a_Bandpass_(FWHM)_ASDFR_StandardResolution.gif
Cinder_Block GDS356 Lg Grey  ASDFRa AREF,D:\usgs_splib07\../HTMLmetadata/Cinder_Block_GDS356_Lg_Grey_ASDFRa_AREF.html,D:\usgs_splib07\../ASCIIdata/ASCIIdata_splib07a/ChapterA_ArtificialMaterials/splib07a_Cinder_Block_GDS356_Lg_Grey_ASDFRa_AREF.txt,,D:\usgs_splib07\../ASCIIdata/ASCIIdata_splib07a/splib07a_Wavelengths_ASD_0.35-2.5_microns_2151_ch.txt,D:\usgs_splib07\../ASCIIdata/ASCIIdata_splib07a/splib07a_Bandpass_(FWHM)_ASDFR_StandardResolution.txt,D:\usgs_splib07\../GIFplots/GIFplots_splib07a/ChapterA_ArtificialMaterials/splib07a_Cinder_Block_GDS356_Lg_Grey_ASDFRa_AREF.gif,D:\usgs_splib07\../GIFplots/GIFplots_splib07a/plots_by_wavelength_region/range1_uv_to_visible/splib07a_Cinder_Block_GDS356_Lg_Grey_ASDFRa_AREF_range1_uv_to_vis.gif,D:\usgs_splib07\../GIFplots/GIFplots_splib07a/plots_by_wavelength_region/range2_visible_to_swir/splib07a_Cinder_Block_GDS356_Lg_Grey_ASDFRa_AREF_range2_vis_to_swir.gif,D:\usgs_splib07\../GIFplots/GIFplots_splib07a/plots_by_wavelength_region/range3_swir/splib07a_Cinder_Block_GDS356_Lg_Grey_ASDFRa_AREF_range3_swir.gif,,,D:\usgs_splib07\../GIFplots/GIFplots_splib07a/splib07a_Wavelengths_ASD_0.35-2.5_microns_2151_ch.gif,D:\usgs_splib07\../GIFplots/GIFplots_splib07a/splib07a_Bandpass_(FWHM)_ASDFR_StandardResolution.gif
Coated_Steel_Girder WTC01-8  ASDFRa AREF,D:\usgs_splib07\../HTMLmetadata/Coated_Steel_Girder_WTC01-8_ASDFRa_AREF.html,D:\usgs_splib07\../ASCIIdata/ASCIIdata_splib07a/ChapterA_ArtificialMaterials/splib07a_Coated_Steel_Girder_WTC01-8_ASDFRa_AREF.txt,,D:\usgs_splib07\../ASCIIdata/ASCIIdata_splib07a/splib07a_Wavelengths_ASD_0.35-2.5_microns_2151_ch.txt,D:\usgs_splib07\../ASCIIdata/ASCIIdata_splib07a/splib07a_Bandpass_(FWHM)_ASDFR_StandardResolution.txt,D:\usgs_splib07\../GIFplots/GIFplots_splib07a/ChapterA_ArtificialMaterials/splib07a_Coated_Steel_Girder_WTC01-8_ASDFRa_AREF.gif,D:\usgs_splib07\../GIFplots/GIFplots_splib07a/plots_by_wavelength_region/range1_uv_to_visible/splib07a_Coated_Steel_Girder_WTC01-8_ASDFRa_AREF_range1_uv_to_vis.gif,D:\usgs_splib07\../GIFplots/GIFplots_splib07a/plots_by_wavelength_region/range2_visible_to_swir/splib07a_Coated_Steel_Girder_WTC01-8_ASDFRa_AREF_range2_vis_to_swir.gif,D:\usgs_splib07\../GIFplots/GIFplots_splib07a/plots_by_wavelength_region/range3_swir/splib07a_Coated_Steel_Girder_WTC01-8_ASDFRa_AREF_range3_swir.gif,,,D:\usgs_splib07\../GIFplots/GIFplots_splib07a/splib07a_Wavelengths_ASD_0.35-2.5_microns_2151_ch.gif,D:\usgs_splib07\../GIFplots/GIFplots_splib07a/splib07a_Bandpass_(FWHM)_ASDFR_StandardResolution.gif
Concrete GDS375 Lt Gry Road  ASDFRa AREF,D:\usgs_splib07\../HTMLmetadata/Concrete_GDS375_Lt_Gry_Road_ASDFRa_AREF.html,D:\usgs_splib07\../ASCIIdata/ASCIIdata_splib07a/ChapterA_ArtificialMaterials/splib07a_Concrete_GDS375_Lt_Gry_Road_ASDFRa_AREF.txt,,D:\usgs_splib07\../ASCIIdata/ASCIIdata_splib07a/splib07a_Wavelengths_ASD_0.35-2.5_microns_2151_ch.txt,D:\usgs_splib07\../ASCIIdata/ASCIIdata_splib07a/splib07a_Bandpass_(FWHM)_ASDFR_StandardResolution.txt,D:\usgs_splib07\../GIFplots/GIFplots_splib07a/ChapterA_ArtificialMaterials/splib07a_Concrete_GDS375_Lt_Gry_Road_ASDFRa_AREF.gif,D:\usgs_splib07\../GIFplots/GIFplots_splib07a/plots_by_wavelength_region/range1_uv_to_visible/splib07a_Concrete_GDS375_Lt_Gry_Road_ASDFRa_AREF_range1_uv_to_vis.gif,D:\usgs_splib07\../GIFplots/GIFplots_splib07a/plots_by_wavelength_region/range2_visible_to_swir/splib07a_Concrete_GDS375_Lt_Gry_Road_ASDFRa_AREF_range2_vis_to_swir.gif,D:\usgs_splib07\../GIFplots/GIFplots_splib07a/plots_by_wavelength_region/range3_swir/splib07a_Concrete_GDS375_Lt_Gry_Road_ASDFRa_AREF_range3_swir.gif,,,D:\usgs_splib07\../GIFplots/GIFplots_splib07a/splib07a_Wavelengths_ASD_0.35-2.5_microns_2151_ch.gif,D:\usgs_splib07\../GIFplots/GIFplots_splib07a/splib07a_Bandpass_(FWHM)_ASDFR_StandardResolution.gif
Concrete WTC01-37A           ASDFRa AREF,D:\usgs_splib07\../HTMLmetadata/Concrete_WTC01-37A_ASDFRa_AREF.html,D:\usgs_splib07\../ASCIIdata/ASCIIdata_splib07a/ChapterA_ArtificialMaterials/splib07a_Concrete_WTC01-37A_ASDFRa_AREF.txt,,D:\usgs_splib07\../ASCIIdata/ASCIIdata_splib07a/splib07a_Wavelengths_ASD_0.35-2.5_microns_2151_ch.txt,D:\usgs_splib07\../ASCIIdata/ASCIIdata_splib07a/splib07a_Bandpass_(FWHM)_ASDFR_StandardResolution.txt,D:\usgs_splib07\../GIFplots/GIFplots_splib07a/ChapterA_ArtificialMaterials/splib07a_Concrete_WTC01-37A_ASDFRa_AREF.gif,D:\usgs_splib07\../GIFplots/GIFplots_splib07a/plots_by_wavelength_region/range1_uv_to_visible/splib07a_Concrete_WTC01-37A_ASDFRa_AREF_range1_uv_to_vis.gif,D:\usgs_splib07\../GIFplots/GIFplots_splib07a/plots_by_wavelength_region/range2_visible_to_swir/splib07a_Concrete_WTC01-37A_ASDFRa_AREF_range2_vis_to_swir.gif,D:\usgs_splib07\../GIFplots/GIFplots_splib07a/plots_by_wavelength_region/range3_swir/splib07a_Concrete_WTC01-37A_ASDFRa_AREF_range3_swir.gif,,,D:\usgs_splib07\../GIFplots/GIFplots_splib07a/splib07a_Wavelengths_ASD_0.35-2.5_microns_2151_ch.gif,D:\usgs_splib07\../GIFplots/GIFplots_splib07a/splib07a_Bandpass_(FWHM)_ASDFR_StandardResolution.gif
Cotton_Fabric GDS437 White   ASDFRa AREF,D:\usgs_splib07\../HTMLmetadata/Cotton_Fabric_GDS437_White_ASDFRa_AREF.html,D:\usgs_splib07\../ASCIIdata/ASCIIdata_splib07a/ChapterA_ArtificialMaterials/splib07a_Cotton_Fabric_GDS437_White_ASDFRa_AREF.txt,,D:\usgs_splib07\../ASCIIdata/ASCIIdata_splib07a/splib07a_Wavelengths_ASD_0.35-2.5_microns_2151_ch.txt,D:\usgs_splib07\../ASCIIdata/ASCIIdata_splib07a/splib07a_Bandpass_(FWHM)_ASDFR_StandardResolution.txt,D:\usgs_splib07\../GIFplots/GIFplots_splib07a/ChapterA_ArtificialMaterials/splib07a_Cotton_Fabric_GDS437_White_ASDFRa_AREF.gif,D:\usgs_splib07\../GIFplots/GIFplots_splib07a/plots_by_wavelength_region/range1_uv_to_visible/splib07a_Cotton_Fabric_GDS437_White_ASDFRa_AREF_range1_uv_to_vis.gif,D:\usgs_splib07\../GIFplots/GIFplots_splib07a/plots_by_wavelength_region/range2_visible_to_swir/splib07a_Cotton_Fabric_GDS437_White_ASDFRa_AREF_range2_vis_to_swir.gif,D:\usgs_splib07\../GIFplots/GIFplots_splib07a/plots_by_wavelength_region/range3_swir/splib07a_Cotton_Fabric_GDS437_White_ASDFRa_AREF_range3_swir.gif,,,D:\usgs_splib07\../GIFplots/GIFplots_splib07a/splib07a_Wavelengths_ASD_0.35-2.5_microns_2151_ch.gif,D:\usgs_splib07\../GIFplots/GIFplots_splib07a/splib07a_Bandpass_(FWHM)_ASDFR_StandardResolution.gif
Cyanide_Cadmium_Potassium     NIC4a RREF,D:\usgs_splib07\../HTMLmetadata/Cyanide_Cadmium_Potassium_NIC4a_RREF.html,D:\usgs_splib07\../ASCIIdata/ASCIIdata_splib07a/ChapterA_ArtificialMaterials/splib07a_Cyanide_Cadmium_Potassium_NIC4a_RREF.txt,,D:\usgs_splib07\../ASCIIdata/ASCIIdata_splib07a/splib07a_Wavelengths_NIC4_Nicolet_1.12-216microns.txt,D:\usgs_splib07\../ASCIIdata/ASCIIdata_splib07a/splib07a_Bandpass_(FWHM)_NIC4_Nicolet_in_microns.txt,D:\usgs_splib07\../GIFplots/GIFplots_splib07a/ChapterA_ArtificialMaterials/splib07a_Cyanide_Cadmium_Potassium_NIC4a_RREF.gif,,D:\usgs_splib07\../GIFplots/GIFplots_splib07a/plots_by_wavelength_region/range2_visible_to_swir/splib07a_Cyanide_Cadmium_Potassium_NIC4a_RREF_range2_vis_to_swir.gif,D:\usgs_splib07\../GIFplots/GIFplots_splib07a/plots_by_wavelength_region/range3_swir/splib07a_Cyanide_Cadmium_Potassium_NIC4a_RREF_range3_swir.gif,D:\usgs_splib07\../GIFplots/GIFplots_splib07a/plots_by_wavelength_region/range4_swir_to_mir/splib07a_Cyanide_Cadmium_Potassium_NIC4a_RREF_range4_swir_to_mir.gif,D:\usgs_splib07\../GIFplots/GIFplots_splib07a/plots_by_wavelength_region/range5_swir_to_fir_wavenumber/splib07a_Cyanide_Cadmium_Potassium_NIC4a_RREF_range5_swir_to_fir_wavenumber.gif,D:\usgs_splib07\../GIFplots/GIFplots_splib07a/splib07a_Wavelengths_NIC4_Nicolet_1.12-216microns.gif,D:\usgs_splib07\../GIFplots/GIFplots_splib07a/splib07a_Bandpass_(FWHM)_NIC4_Nicolet_in_microns.gif
Cyanide_Cadmium_Potassium     BECKa AREF,D:\usgs_splib07\../HTMLmetadata/Cyanide_Cadmium_Potassium_BECKa_AREF.html,D:\usgs_splib07\../ASCIIdata/ASCIIdata_splib07a/ChapterA_ArtificialMaterials/splib07a_Cyanide_Cadmium_Potassium_BECKa_AREF.txt,,D:\usgs_splib07\../ASCIIdata/ASCIIdata_splib07a/splib07a_Wavelengths_BECK_Beckman_0.2-3.0_microns.txt,D:\usgs_splib07\../ASCIIdata/ASCIIdata_splib07a/splib07a_Bandpass_(FWHM)_BECK_Beckman_in_microns.txt,D:\usgs_splib07\../GIFplots/GIFplots_splib07a/ChapterA_ArtificialMaterials/splib07a_Cyanide_Cadmium_Potassium_BECKa_AREF.gif,D:\usgs_splib07\../GIFplots/GIFplots_splib07a/plots_by_wavelength_region/range1_uv_to_visible/splib07a_Cyanide_Cadmium_Potassium_BECKa_AREF_range1_uv_to_vis.gif,D:\usgs_splib07\../GIFplots/GIFplots_splib07a/plots_by_wavelength_region/range2_visible_to_swir/splib07a_Cyanide_Cadmium_Potassium_BECKa_AREF_range2_vis_to_swir.gif,D:\usgs_splib07\../GIFplots/GIFplots_splib07a/plots_by_wavelength_region/range3_swir/splib07a_Cyanide_Cadmium_Potassium_BECKa_AREF_range3_swir.gif,,,D:\usgs_splib07\../GIFplots/GIFplots_splib07a/splib07a_Wavelengths_BECK_Beckman_0.2-3.0_microns.gif,D:\usgs_splib07\../GIFplots/GIFplots_splib07a/splib07a_Bandpass_(FWHM)_BECK_Beckman_in_microns.gif
Cyanide_Nickel_Potassium      NIC4a RREF,D:\usgs_splib07\../HTMLmetadata/Cyanide_Nickel_Potassium_NIC4a_RREF.html,D:\usgs_splib07\../ASCIIdata/ASCIIdata_splib07a/ChapterA_ArtificialMaterials/splib07a_Cyanide_Nickel_Potassium_NIC4a_RREF.txt,,D:\usgs_splib07\../ASCIIdata/ASCIIdata_splib07a/splib07a_Wavelengths_NIC4_Nicolet_1.12-216microns.txt,D:\usgs_splib07\../ASCIIdata/ASCIIdata_splib07a/splib07a_Bandpass_(FWHM)_NIC4_Nicolet_in_microns.txt,D:\usgs_splib07\../GIFplots/GIFplots_splib07a/ChapterA_ArtificialMaterials/splib07a_Cyanide_Nickel_Potassium_NIC4a_RREF.gif,,D:\usgs_splib07\../GIFplots/GIFplots_splib07a/plots_by_wavelength_region/range2_visible_to_swir/splib07a_Cyanide_Nickel_Potassium_NIC4a_RREF_range2_vis_to_swir.gif,D:\usgs_splib07\../GIFplots/GIFplots_splib07a/plots_by_wavelength_region/range3_swir/splib07a_Cyanide_Nickel_Potassium_NIC4a_RREF_range3_swir.gif,D:\usgs_splib07\../GIFplots/GIFplots_splib07a/plots_by_wavelength_region/range4_swir_to_mir/splib07a_Cyanide_Nickel_Potassium_NIC4a_RREF_range4_swir_to_mir.gif,D:\usgs_splib07\../GIFplots/GIFplots_splib07a/plots_by_wavelength_region/range5_swir_to_fir_wavenumber/splib07a_Cyanide_Nickel_Potassium_NIC4a_RREF_range5_swir_to_fir_wavenumber.gif,D:\usgs_splib07\../GIFplots/GIFplots_splib07a/splib07a_Wavelengths_NIC4_Nicolet_1.12-216microns.gif,D:\usgs_splib07\../GIFplots/GIFplots_splib07a/splib07a_Bandpass_(FWHM)_NIC4_Nicolet_in_microns.gif
Cyanide_Nickel_Potassium      BECKa AREF,D:\usgs_splib07\../HTMLmetadata/Cyanide_Nickel_Potassium_BECKa_AREF.html,D:\usgs_splib07\../ASCIIdata/ASCIIdata_splib07a/ChapterA_ArtificialMaterials/splib07a_Cyanide_Nickel_Potassium_BECKa_AREF.txt,,D:\usgs_splib07\../ASCIIdata/ASCIIdata_splib07a/splib07a_Wavelengths_BECK_Beckman_0.2-3.0_microns.txt,D:\usgs_splib07\../ASCIIdata/ASCIIdata_splib07a/splib07a_Bandpass_(FWHM)_BECK_Beckman_in_microns.txt,D:\usgs_splib07\../GIFplots/GIFplots_splib07a/ChapterA_ArtificialMaterials/splib07a_Cyanide_Nickel_Potassium_BECKa_AREF.gif,D:\usgs_splib07\../GIFplots/GIFplots_splib07a/plots_by_wavelength_region/range1_uv_to_visible/splib07a_Cyanide_Nickel_Potassium_BECKa_AREF_range1_uv_to_vis.gif,D:\usgs_splib07\../GIFplots/GIFplots_splib07a/plots_by_wavelength_region/range2_visible_to_swir/splib07a_Cyanide_Nickel_Potassium_BECKa_AREF_range2_vis_to_swir.gif,D:\usgs_splib07\../GIFplots/GIFplots_splib07a/plots_by_wavelength_region/range3_swir/splib07a_Cyanide_Nickel_Potassium_BECKa_AREF_range3_swir.gif,,,D:\usgs_splib07\../GIFplots/GIFplots_splib07a/splib07a_Wavelengths_BECK_Beckman_0.2-3.0_microns.gif,D:\usgs_splib07\../GIFplots/GIFplots_splib07a/splib07a_Bandpass_(FWHM)_BECK_Beckman_in_microns.gif
Cyanide_Trihydrate CT1        BECKa AREF,D:\usgs_splib07\../HTMLmetadata/Cyanide_Trihydrate_CT1_BECKa_AREF.html,D:\usgs_splib07\../ASCIIdata/ASCIIdata_splib07a/ChapterA_ArtificialMaterials/splib07a_Cyanide_Trihydrate_CT1_BECKa_AREF.txt,,D:\usgs_splib07\../ASCIIdata/ASCIIdata_splib07a/splib07a_Wavelengths_BECK_Beckman_0.2-3.0_microns.txt,D:\usgs_splib07\../ASCIIdata/ASCIIdata_splib07a/splib07a_Bandpass_(FWHM)_BECK_Beckman_in_microns.txt,D:\usgs_splib07\../GIFplots/GIFplots_splib07a/ChapterA_ArtificialMaterials/splib07a_Cyanide_Trihydrate_CT1_BECKa_AREF.gif,D:\usgs_splib07\../GIFplots/GIFplots_splib07a/plots_by_wavelength_region/range1_uv_to_visible/splib07a_Cyanide_Trihydrate_CT1_BECKa_AREF_range1_uv_to_vis.gif,D:\usgs_splib07\../GIFplots/GIFplots_splib07a/plots_by_wavelength_region/range2_visible_to_swir/splib07a_Cyanide_Trihydrate_CT1_BECKa_AREF_range2_vis_to_swir.gif,D:\usgs_splib07\../GIFplots/GIFplots_splib07a/plots_by_wavelength_region/range3_swir/splib07a_Cyanide_Trihydrate_CT1_BECKa_AREF_range3_swir.gif,,,D:\usgs_splib07\../GIFplots/GIFplots_splib07a/splib07a_Wavelengths_BECK_Beckman_0.2-3.0_microns.gif,D:\usgs_splib07\../GIFplots/GIFplots_splib07a/splib07a_Bandpass_(FWHM)_BECK_Beckman_in_microns.gif
Cyanide_Zinc_Potassium        BECKa AREF,D:\usgs_splib07\../HTMLmetadata/Cyanide_Zinc_Potassium_BECKa_AREF.html,D:\usgs_splib07\../ASCIIdata/ASCIIdata_splib07a/ChapterA_ArtificialMaterials/splib07a_Cyanide_Zinc_Potassium_BECKa_AREF.txt,,D:\usgs_splib07\../ASCIIdata/ASCIIdata_splib07a/splib07a_Wavelengths_BECK_Beckman_0.2-3.0_microns.txt,D:\usgs_splib07\../ASCIIdata/ASCIIdata_splib07a/splib07a_Bandpass_(FWHM)_BECK_Beckman_in_microns.txt,D:\usgs_splib07\../GIFplots/GIFplots_splib07a/ChapterA_ArtificialMaterials/splib07a_Cyanide_Zinc_Potassium_BECKa_AREF.gif,D:\usgs_splib07\../GIFplots/GIFplots_splib07a/plots_by_wavelength_region/range1_uv_to_visible/splib07a_Cyanide_Zinc_Potassium_BECKa_AREF_range1_uv_to_vis.gif,D:\usgs_splib07\../GIFplots/GIFplots_splib07a/plots_by_wavelength_region/range2_visible_to_swir/splib07a_Cyanide_Zinc_Potassium_BECKa_AREF_range2_vis_to_swir.gif,D:\usgs_splib07\../GIFplots/GIFplots_splib07a/plots_by_wavelength_region/range3_swir/splib07a_Cyanide_Zinc_Potassium_BECKa_AREF_range3_swir.gif,,,D:\usgs_splib07\../GIFplots/GIFplots_splib07a/splib07a_Wavelengths_BECK_Beckman_0.2-3.0_microns.gif,D:\usgs_splib07\../GIFplots/GIFplots_splib07a/splib07a_Bandpass_(FWHM)_BECK_Beckman_in_microns.gif
Cyanide_Zinc_Potassium        NIC4a RREF,D:\usgs_splib07\../HTMLmetadata/Cyanide_Zinc_Potassium_NIC4a_RREF.html,D:\usgs_splib07\../ASCIIdata/ASCIIdata_splib07a/ChapterA_ArtificialMaterials/splib07a_Cyanide_Zinc_Potassium_NIC4a_RREF.txt,,D:\usgs_splib07\../ASCIIdata/ASCIIdata_splib07a/splib07a_Wavelengths_NIC4_Nicolet_1.12-216microns.txt,D:\usgs_splib07\../ASCIIdata/ASCIIdata_splib07a/splib07a_Bandpass_(FWHM)_NIC4_Nicolet_in_microns.txt,D:\usgs_splib07\../GIFplots/GIFplots_splib07a/ChapterA_ArtificialMaterials/splib07a_Cyanide_Zinc_Potassium_NIC4a_RREF.gif,,D:\usgs_splib07\../GIFplots/GIFplots_splib07a/plots_by_wavelength_region/range2_visible_to_swir/splib07a_Cyanide_Zinc_Potassium_NIC4a_RREF_range2_vis_to_swir.gif,D:\usgs_splib07\../GIFplots/GIFplots_splib07a/plots_by_wavelength_region/range3_swir/splib07a_Cyanide_Zinc_Potassium_NIC4a_RREF_range3_swir.gif,D:\usgs_splib07\../GIFplots/GIFplots_splib07a/plots_by_wavelength_region/range4_swir_to_mir/splib07a_Cyanide_Zinc_Potassium_NIC4a_RREF_range4_swir_to_mir.gif,D:\usgs_splib07\../GIFplots/GIFplots_splib07a/plots_by_wavelength_region/range5_swir_to_fir_wavenumber/splib07a_Cyanide_Zinc_Potassium_NIC4a_RREF_range5_swir_to_fir_wavenumber.gif,D:\usgs_splib07\../GIFplots/GIFplots_splib07a/splib07a_Wavelengths_NIC4_Nicolet_1.12-216microns.gif,D:\usgs_splib07\../GIFplots/GIFplots_splib07a/splib07a_Bandpass_(FWHM)_NIC4_Nicolet_in_microns.gif
Cyanide_Potassium_Ferro       BECKa AREF,D:\usgs_splib07\../HTMLmetadata/Cyanide_Potassium_Ferro_BECKa_AREF.html,D:\usgs_splib07\../ASCIIdata/ASCIIdata_splib07a/ChapterA_ArtificialMaterials/splib07a_Cyanide_Potassium_Ferro_BECKa_AREF.txt,,D:\usgs_splib07\../ASCIIdata/ASCIIdata_splib07a/splib07a_Wavelengths_BECK_Beckman_0.2-3.0_microns.txt,D:\usgs_splib07\../ASCIIdata/ASCIIdata_splib07a/splib07a_Bandpass_(FWHM)_BECK_Beckman_in_microns.txt,D:\usgs_splib07\../GIFplots/GIFplots_splib07a/ChapterA_ArtificialMaterials/splib07a_Cyanide_Potassium_Ferro_BECKa_AREF.gif,D:\usgs_splib07\../GIFplots/GIFplots_splib07a/plots_by_wavelength_region/range1_uv_to_visible/splib07a_Cyanide_Potassium_Ferro_BECKa_AREF_range1_uv_to_vis.gif,D:\usgs_splib07\../GIFplots/GIFplots_splib07a/plots_by_wavelength_region/range2_visible_to_swir/splib07a_Cyanide_Potassium_Ferro_BECKa_AREF_range2_vis_to_swir.gif,D:\usgs_splib07\../GIFplots/GIFplots_splib07a/plots_by_wavelength_region/range3_swir/splib07a_Cyanide_Potassium_Ferro_BECKa_AREF_range3_swir.gif,,,D:\usgs_splib07\../GIFplots/GIFplots_splib07a/splib07a_Wavelengths_BECK_Beckman_0.2-3.0_microns.gif,D:\usgs_splib07\../GIFplots/GIFplots_splib07a/splib07a_Bandpass_(FWHM)_BECK_Beckman_in_microns.gif
Dysprosium_Oxide JMC315      ASDFRa AREF,D:\usgs_splib07\../HTMLmetadata/Dysprosium_Oxide_JMC315_ASDFRa_AREF.html,D:\usgs_splib07\../ASCIIdata/ASCIIdata_splib07a/ChapterA_ArtificialMaterials/splib07a_Dysprosium_Oxide_JMC315_ASDFRa_AREF.txt,,D:\usgs_splib07\../ASCIIdata/ASCIIdata_splib07a/splib07a_Wavelengths_ASD_0.35-2.5_microns_2151_ch.txt,D:\usgs_splib07\../ASCIIdata/ASCIIdata_splib07a/splib07a_Bandpass_(FWHM)_ASDFR_StandardResolution.txt,D:\usgs_splib07\../GIFplots/GIFplots_splib07a/ChapterA_ArtificialMaterials/splib07a_Dysprosium_Oxide_JMC315_ASDFRa_AREF.gif,D:\usgs_splib07\../GIFplots/GIFplots_splib07a/plots_by_wavelength_region/range1_uv_to_visible/splib07a_Dysprosium_Oxide_JMC315_ASDFRa_AREF_range1_uv_to_vis.gif,D:\usgs_splib07\../GIFplots/GIFplots_splib07a/plots_by_wavelength_region/range2_visible_to_swir/splib07a_Dysprosium_Oxide_JMC315_ASDFRa_AREF_range2_vis_to_swir.gif,D:\usgs_splib07\../GIFplots/GIFplots_splib07a/plots_by_wavelength_region/range3_swir/splib07a_Dysprosium_Oxide_JMC315_ASDFRa_AREF_range3_swir.gif,,,D:\usgs_splib07\../GIFplots/GIFplots_splib07a/splib07a_Wavelengths_ASD_0.35-2.5_microns_2151_ch.gif,D:\usgs_splib07\../GIFplots/GIFplots_splib07a/splib07a_Bandpass_(FWHM)_ASDFR_StandardResolution.gif
Erbium_Oxide J.M. 317        ASDFRa AREF,D:\usgs_splib07\../HTMLmetadata/Erbium_Oxide_J.M._317_ASDFRa_AREF.html,D:\usgs_splib07\../ASCIIdata/ASCIIdata_splib07a/ChapterA_ArtificialMaterials/splib07a_Erbium_Oxide_J.M._317_ASDFRa_AREF.txt,,D:\usgs_splib07\../ASCIIdata/ASCIIdata_splib07a/splib07a_Wavelengths_ASD_0.35-2.5_microns_2151_ch.txt,D:\usgs_splib07\../ASCIIdata/ASCIIdata_splib07a/splib07a_Bandpass_(FWHM)_ASDFR_StandardResolution.txt,D:\usgs_splib07\../GIFplots/GIFplots_splib07a/ChapterA_ArtificialMaterials/splib07a_Erbium_Oxide_J.M._317_ASDFRa_AREF.gif,D:\usgs_splib07\../GIFplots/GIFplots_splib07a/plots_by_wavelength_region/range1_uv_to_visible/splib07a_Erbium_Oxide_J.M._317_ASDFRa_AREF_range1_uv_to_vis.gif,D:\usgs_splib07\../GIFplots/GIFplots_splib07a/plots_by_wavelength_region/range2_visible_to_swir/splib07a_Erbium_Oxide_J.M._317_ASDFRa_AREF_range2_vis_to_swir.gif,D:\usgs_splib07\../GIFplots/GIFplots_splib07a/plots_by_wavelength_region/range3_swir/splib07a_Erbium_Oxide_J.M._317_ASDFRa_AREF_range3_swir.gif,,,D:\usgs_splib07\../GIFplots/GIFplots_splib07a/splib07a_Wavelengths_ASD_0.35-2.5_microns_2151_ch.gif,D:\usgs_splib07\../GIFplots/GIFplots_splib07a/splib07a_Bandpass_(FWHM)_ASDFR_StandardResolution.gif
Europium_Oxide A-4 SPEX      ASDFRa AREF,D:\usgs_splib07\../HTMLmetadata/Europium_Oxide_A-4_SPEX_ASDFRa_AREF.html,D:\usgs_splib07\../ASCIIdata/ASCIIdata_splib07a/ChapterA_ArtificialMaterials/splib07a_Europium_Oxide_A-4_SPEX_ASDFRa_AREF.txt,,D:\usgs_splib07\../ASCIIdata/ASCIIdata_splib07a/splib07a_Wavelengths_ASD_0.35-2.5_microns_2151_ch.txt,D:\usgs_splib07\../ASCIIdata/ASCIIdata_splib07a/splib07a_Bandpass_(FWHM)_ASDFR_StandardResolution.txt,D:\usgs_splib07\../GIFplots/GIFplots_splib07a/ChapterA_ArtificialMaterials/splib07a_Europium_Oxide_A-4_SPEX_ASDFRa_AREF.gif,D:\usgs_splib07\../GIFplots/GIFplots_splib07a/plots_by_wavelength_region/range1_uv_to_visible/splib07a_Europium_Oxide_A-4_SPEX_ASDFRa_AREF_range1_uv_to_vis.gif,D:\usgs_splib07\../GIFplots/GIFplots_splib07a/plots_by_wavelength_region/range2_visible_to_swir/splib07a_Europium_Oxide_A-4_SPEX_ASDFRa_AREF_range2_vis_to_swir.gif,D:\usgs_splib07\../GIFplots/GIFplots_splib07a/plots_by_wavelength_region/range3_swir/splib07a_Europium_Oxide_A-4_SPEX_ASDFRa_AREF_range3_swir.gif,,,D:\usgs_splib07\../GIFplots/GIFplots_splib07a/splib07a_Wavelengths_ASD_0.35-2.5_microns_2151_ch.gif,D:\usgs_splib07\../GIFplots/GIFplots_splib07a/splib07a_Bandpass_(FWHM)_ASDFR_StandardResolution.gif
Europium_Oxide GDS33          BECKc AREF,D:\usgs_splib07\../HTMLmetadata/Europium_Oxide_GDS33_BECKc_AREF.html,D:\usgs_splib07\../ASCIIdata/ASCIIdata_splib07a/ChapterA_ArtificialMaterials/splib07a_Europium_Oxide_GDS33_BECKc_AREF.txt,D:\usgs_splib07\../ASCIIdata/ASCIIdata_splib07a/errorbars/errorbars_for_splib07a_Europium_Oxide_GDS33_BECKc_AREF.txt,D:\usgs_splib07\../ASCIIdata/ASCIIdata_splib07a/splib07a_Wavelengths_BECK_Beckman_0.2-3.0_microns.txt,D:\usgs_splib07\../ASCIIdata/ASCIIdata_splib07a/splib07a_Bandpass_(FWHM)_BECK_Beckman_in_microns.txt,D:\usgs_splib07\../GIFplots/GIFplots_splib07a/ChapterA_ArtificialMaterials/splib07a_Europium_Oxide_GDS33_BECKc_AREF.gif,D:\usgs_splib07\../GIFplots/GIFplots_splib07a/plots_by_wavelength_region/range1_uv_to_visible/splib07a_Europium_Oxide_GDS33_BECKc_AREF_range1_uv_to_vis.gif,D:\usgs_splib07\../GIFplots/GIFplots_splib07a/plots_by_wavelength_region/range2_visible_to_swir/splib07a_Europium_Oxide_GDS33_BECKc_AREF_range2_vis_to_swir.gif,D:\usgs_splib07\../GIFplots/GIFplots_splib07a/plots_by_wavelength_region/range3_swir/splib07a_Europium_Oxide_GDS33_BECKc_AREF_range3_swir.gif,,,D:\usgs_splib07\../GIFplots/GIFplots_splib07a/splib07a_Wavelengths_BECK_Beckman_0.2-3.0_microns.gif,D:\usgs_splib07\../GIFplots/GIFplots_splib07a/splib07a_Bandpass_(FWHM)_BECK_Beckman_in_microns.gif
Europium_Oxide GDS33C        ASDFRc AREF,D:\usgs_splib07\../HTMLmetadata/Europium_Oxide_GDS33C_ASDFRc_AREF.html,D:\usgs_splib07\../ASCIIdata/ASCIIdata_splib07a/ChapterA_ArtificialMaterials/splib07a_Europium_Oxide_GDS33C_ASDFRc_AREF.txt,,D:\usgs_splib07\../ASCIIdata/ASCIIdata_splib07a/splib07a_Wavelengths_ASD_0.35-2.5_microns_2151_ch.txt,D:\usgs_splib07\../ASCIIdata/ASCIIdata_splib07a/splib07a_Bandpass_(FWHM)_ASDFR_StandardResolution.txt,D:\usgs_splib07\../GIFplots/GIFplots_splib07a/ChapterA_ArtificialMaterials/splib07a_Europium_Oxide_GDS33C_ASDFRc_AREF.gif,D:\usgs_splib07\../GIFplots/GIFplots_splib07a/plots_by_wavelength_region/range1_uv_to_visible/splib07a_Europium_Oxide_GDS33C_ASDFRc_AREF_range1_uv_to_vis.gif,D:\usgs_splib07\../GIFplots/GIFplots_splib07a/plots_by_wavelength_region/range2_visible_to_swir/splib07a_Europium_Oxide_GDS33C_ASDFRc_AREF_range2_vis_to_swir.gif,D:\usgs_splib07\../GIFplots/GIFplots_splib07a/plots_by_wavelength_region/range3_swir/splib07a_Europium_Oxide_GDS33C_ASDFRc_AREF_range3_swir.gif,,,D:\usgs_splib07\../GIFplots/GIFplots_splib07a/splib07a_Wavelengths_ASD_0.35-2.5_microns_2151_ch.gif,D:\usgs_splib07\../GIFplots/GIFplots_splib07a/splib07a_Bandpass_(FWHM)_ASDFR_StandardResolution.gif
Fiberglass GDS337 Grn Roofng ASDFRa AREF,D:\usgs_splib07\../HTMLmetadata/Fiberglass_GDS337_Grn_Roofng_ASDFRa_AREF.html,D:\usgs_splib07\../ASCIIdata/ASCIIdata_splib07a/ChapterA_ArtificialMaterials/splib07a_Fiberglass_GDS337_Grn_Roofng_ASDFRa_AREF.txt,,D:\usgs_splib07\../ASCIIdata/ASCIIdata_splib07a/splib07a_Wavelengths_ASD_0.35-2.5_microns_2151_ch.txt,D:\usgs_splib07\../ASCIIdata/ASCIIdata_splib07a/splib07a_Bandpass_(FWHM)_ASDFR_StandardResolution.txt,D:\usgs_splib07\../GIFplots/GIFplots_splib07a/ChapterA_ArtificialMaterials/splib07a_Fiberglass_GDS337_Grn_Roofng_ASDFRa_AREF.gif,D:\usgs_splib07\../GIFplots/GIFplots_splib07a/plots_by_wavelength_region/range1_uv_to_visible/splib07a_Fiberglass_GDS337_Grn_Roofng_ASDFRa_AREF_range1_uv_to_vis.gif,D:\usgs_splib07\../GIFplots/GIFplots_splib07a/plots_by_wavelength_region/range2_visible_to_swir/splib07a_Fiberglass_GDS337_Grn_Roofng_ASDFRa_AREF_range2_vis_to_swir.gif,D:\usgs_splib07\../GIFplots/GIFplots_splib07a/plots_by_wavelength_region/range3_swir/splib07a_Fiberglass_GDS337_Grn_Roofng_ASDFRa_AREF_range3_swir.gif,,,D:\usgs_splib07\../GIFplots/GIFplots_splib07a/splib07a_Wavelengths_ASD_0.35-2.5_microns_2151_ch.gif,D:\usgs_splib07\../GIFplots/GIFplots_splib07a/splib07a_Bandpass_(FWHM)_ASDFR_StandardResolution.gif
Fiberglass GDS399 Clear Roof ASDFRa AREF,D:\usgs_splib07\../HTMLmetadata/Fiberglass_GDS399_Clear_Roof_ASDFRa_AREF.html,D:\usgs_splib07\../ASCIIdata/ASCIIdata_splib07a/ChapterA_ArtificialMaterials/splib07a_Fiberglass_GDS399_Clear_Roof_ASDFRa_AREF.txt,,D:\usgs_splib07\../ASCIIdata/ASCIIdata_splib07a/splib07a_Wavelengths_ASD_0.35-2.5_microns_2151_ch.txt,D:\usgs_splib07\../ASCIIdata/ASCIIdata_splib07a/splib07a_Bandpass_(FWHM)_ASDFR_StandardResolution.txt,D:\usgs_splib07\../GIFplots/GIFplots_splib07a/ChapterA_ArtificialMaterials/splib07a_Fiberglass_GDS399_Clear_Roof_ASDFRa_AREF.gif,D:\usgs_splib07\../GIFplots/GIFplots_splib07a/plots_by_wavelength_region/range1_uv_to_visible/splib07a_Fiberglass_GDS399_Clear_Roof_ASDFRa_AREF_range1_uv_to_vis.gif,D:\usgs_splib07\../GIFplots/GIFplots_splib07a/plots_by_wavelength_region/range2_visible_to_swir/splib07a_Fiberglass_GDS399_Clear_Roof_ASDFRa_AREF_range2_vis_to_swir.gif,D:\usgs_splib07\../GIFplots/GIFplots_splib07a/plots_by_wavelength_region/range3_swir/splib07a_Fiberglass_GDS399_Clear_Roof_ASDFRa_AREF_range3_swir.gif,,,D:\usgs_splib07\../GIFplots/GIFplots_splib07a/splib07a_Wavelengths_ASD_0.35-2.5_microns_2151_ch.gif,D:\usgs_splib07\../GIFplots/GIFplots_splib07a/splib07a_Bandpass_(FWHM)_ASDFR_StandardResolution.gif
Fiberglass GDS335 Wh Roofing ASDFRa AREF,D:\usgs_splib07\../HTMLmetadata/Fiberglass_GDS335_Wh_Roofing_ASDFRa_AREF.html,D:\usgs_splib07\../ASCIIdata/ASCIIdata_splib07a/ChapterA_ArtificialMaterials/splib07a_Fiberglass_GDS335_Wh_Roofing_ASDFRa_AREF.txt,,D:\usgs_splib07\../ASCIIdata/ASCIIdata_splib07a/splib07a_Wavelengths_ASD_0.35-2.5_microns_2151_ch.txt,D:\usgs_splib07\../ASCIIdata/ASCIIdata_splib07a/splib07a_Bandpass_(FWHM)_ASDFR_StandardResolution.txt,D:\usgs_splib07\../GIFplots/GIFplots_splib07a/ChapterA_ArtificialMaterials/splib07a_Fiberglass_GDS335_Wh_Roofing_ASDFRa_AREF.gif,D:\usgs_splib07\../GIFplots/GIFplots_splib07a/plots_by_wavelength_region/range1_uv_to_visible/splib07a_Fiberglass_GDS335_Wh_Roofing_ASDFRa_AREF_range1_uv_to_vis.gif,D:\usgs_splib07\../GIFplots/GIFplots_splib07a/plots_by_wavelength_region/range2_visible_to_swir/splib07a_Fiberglass_GDS335_Wh_Roofing_ASDFRa_AREF_range2_vis_to_swir.gif,D:\usgs_splib07\../GIFplots/GIFplots_splib07a/plots_by_wavelength_region/range3_swir/splib07a_Fiberglass_GDS335_Wh_Roofing_ASDFRa_AREF_range3_swir.gif,,,D:\usgs_splib07\../GIFplots/GIFplots_splib07a/splib07a_Wavelengths_ASD_0.35-2.5_microns_2151_ch.gif,D:\usgs_splib07\../GIFplots/GIFplots_splib07a/splib07a_Bandpass_(FWHM)_ASDFR_StandardResolution.gif
Fiberglass GDS336 Grn Roofng ASDFRa AREF,D:\usgs_splib07\../HTMLmetadata/Fiberglass_GDS336_Grn_Roofng_ASDFRa_AREF.html,D:\usgs_splib07\../ASCIIdata/ASCIIdata_splib07a/ChapterA_ArtificialMaterials/splib07a_Fiberglass_GDS336_Grn_Roofng_ASDFRa_AREF.txt,,D:\usgs_splib07\../ASCIIdata/ASCIIdata_splib07a/splib07a_Wavelengths_ASD_0.35-2.5_microns_2151_ch.txt,D:\usgs_splib07\../ASCIIdata/ASCIIdata_splib07a/splib07a_Bandpass_(FWHM)_ASDFR_StandardResolution.txt,D:\usgs_splib07\../GIFplots/GIFplots_splib07a/ChapterA_ArtificialMaterials/splib07a_Fiberglass_GDS336_Grn_Roofng_ASDFRa_AREF.gif,D:\usgs_splib07\../GIFplots/GIFplots_splib07a/plots_by_wavelength_region/range1_uv_to_visible/splib07a_Fiberglass_GDS336_Grn_Roofng_ASDFRa_AREF_range1_uv_to_vis.gif,D:\usgs_splib07\../GIFplots/GIFplots_splib07a/plots_by_wavelength_region/range2_visible_to_swir/splib07a_Fiberglass_GDS336_Grn_Roofng_ASDFRa_AREF_range2_vis_to_swir.gif,D:\usgs_splib07\../GIFplots/GIFplots_splib07a/plots_by_wavelength_region/range3_swir/splib07a_Fiberglass_GDS336_Grn_Roofng_ASDFRa_AREF_range3_swir.gif,,,D:\usgs_splib07\../GIFplots/GIFplots_splib07a/splib07a_Wavelengths_ASD_0.35-2.5_microns_2151_ch.gif,D:\usgs_splib07\../GIFplots/GIFplots_splib07a/splib07a_Bandpass_(FWHM)_ASDFR_StandardResolution.gif
Fiberglass GDS374 Pnk Insul  ASDFRa AREF,D:\usgs_splib07\../HTMLmetadata/Fiberglass_GDS374_Pnk_Insul_ASDFRa_AREF.html,D:\usgs_splib07\../ASCIIdata/ASCIIdata_splib07a/ChapterA_ArtificialMaterials/splib07a_Fiberglass_GDS374_Pnk_Insul_ASDFRa_AREF.txt,,D:\usgs_splib07\../ASCIIdata/ASCIIdata_splib07a/splib07a_Wavelengths_ASD_0.35-2.5_microns_2151_ch.txt,D:\usgs_splib07\../ASCIIdata/ASCIIdata_splib07a/splib07a_Bandpass_(FWHM)_ASDFR_StandardResolution.txt,D:\usgs_splib07\../GIFplots/GIFplots_splib07a/ChapterA_ArtificialMaterials/splib07a_Fiberglass_GDS374_Pnk_Insul_ASDFRa_AREF.gif,D:\usgs_splib07\../GIFplots/GIFplots_splib07a/plots_by_wavelength_region/range1_uv_to_visible/splib07a_Fiberglass_GDS374_Pnk_Insul_ASDFRa_AREF_range1_uv_to_vis.gif,D:\usgs_splib07\../GIFplots/GIFplots_splib07a/plots_by_wavelength_region/range2_visible_to_swir/splib07a_Fiberglass_GDS374_Pnk_Insul_ASDFRa_AREF_range2_vis_to_swir.gif,D:\usgs_splib07\../GIFplots/GIFplots_splib07a/plots_by_wavelength_region/range3_swir/splib07a_Fiberglass_GDS374_Pnk_Insul_ASDFRa_AREF_range3_swir.gif,,,D:\usgs_splib07\../GIFplots/GIFplots_splib07a/splib07a_Wavelengths_ASD_0.35-2.5_microns_2151_ch.gif,D:\usgs_splib07\../GIFplots/GIFplots_splib07a/splib07a_Bandpass_(FWHM)_ASDFR_StandardResolution.gif
Gadolinium_Nitrate_Hydrate   ASDFRa AREF,D:\usgs_splib07\../HTMLmetadata/Gadolinium_Nitrate_Hydrate_ASDFRa_AREF.html,D:\usgs_splib07\../ASCIIdata/ASCIIdata_splib07a/ChapterA_ArtificialMaterials/splib07a_Gadolinium_Nitrate_Hydrate_ASDFRa_AREF.txt,,D:\usgs_splib07\../ASCIIdata/ASCIIdata_splib07a/splib07a_Wavelengths_ASD_0.35-2.5_microns_2151_ch.txt,D:\usgs_splib07\../ASCIIdata/ASCIIdata_splib07a/splib07a_Bandpass_(FWHM)_ASDFR_StandardResolution.txt,D:\usgs_splib07\../GIFplots/GIFplots_splib07a/ChapterA_ArtificialMaterials/splib07a_Gadolinium_Nitrate_Hydrate_ASDFRa_AREF.gif,D:\usgs_splib07\../GIFplots/GIFplots_splib07a/plots_by_wavelength_region/range1_uv_to_visible/splib07a_Gadolinium_Nitrate_Hydrate_ASDFRa_AREF_range1_uv_to_vis.gif,D:\usgs_splib07\../GIFplots/GIFplots_splib07a/plots_by_wavelength_region/range2_visible_to_swir/splib07a_Gadolinium_Nitrate_Hydrate_ASDFRa_AREF_range2_vis_to_swir.gif,D:\usgs_splib07\../GIFplots/GIFplots_splib07a/plots_by_wavelength_region/range3_swir/splib07a_Gadolinium_Nitrate_Hydrate_ASDFRa_AREF_range3_swir.gif,,,D:\usgs_splib07\../GIFplots/GIFplots_splib07a/splib07a_Wavelengths_ASD_0.35-2.5_microns_2151_ch.gif,D:\usgs_splib07\../GIFplots/GIFplots_splib07a/splib07a_Bandpass_(FWHM)_ASDFR_StandardResolution.gif
Gadolinium_Oxide A-5 SPEX    ASDFRc AREF,D:\usgs_splib07\../HTMLmetadata/Gadolinium_Oxide_A-5_SPEX_ASDFRc_AREF.html,D:\usgs_splib07\../ASCIIdata/ASCIIdata_splib07a/ChapterA_ArtificialMaterials/splib07a_Gadolinium_Oxide_A-5_SPEX_ASDFRc_AREF.txt,,D:\usgs_splib07\../ASCIIdata/ASCIIdata_splib07a/splib07a_Wavelengths_ASD_0.35-2.5_microns_2151_ch.txt,D:\usgs_splib07\../ASCIIdata/ASCIIdata_splib07a/splib07a_Bandpass_(FWHM)_ASDFR_StandardResolution.txt,D:\usgs_splib07\../GIFplots/GIFplots_splib07a/ChapterA_ArtificialMaterials/splib07a_Gadolinium_Oxide_A-5_SPEX_ASDFRc_AREF.gif,D:\usgs_splib07\../GIFplots/GIFplots_splib07a/plots_by_wavelength_region/range1_uv_to_visible/splib07a_Gadolinium_Oxide_A-5_SPEX_ASDFRc_AREF_range1_uv_to_vis.gif,D:\usgs_splib07\../GIFplots/GIFplots_splib07a/plots_by_wavelength_region/range2_visible_to_swir/splib07a_Gadolinium_Oxide_A-5_SPEX_ASDFRc_AREF_range2_vis_to_swir.gif,D:\usgs_splib07\../GIFplots/GIFplots_splib07a/plots_by_wavelength_region/range3_swir/splib07a_Gadolinium_Oxide_A-5_SPEX_ASDFRc_AREF_range3_swir.gif,,,D:\usgs_splib07\../GIFplots/GIFplots_splib07a/splib07a_Wavelengths_ASD_0.35-2.5_microns_2151_ch.gif,D:\usgs_splib07\../GIFplots/GIFplots_splib07a/splib07a_Bandpass_(FWHM)_ASDFR_StandardResolution.gif
Gadolinium_Oxide JMC313      ASDFRc AREF,D:\usgs_splib07\../HTMLmetadata/Gadolinium_Oxide_JMC313_ASDFRc_AREF.html,D:\usgs_splib07\../ASCIIdata/ASCIIdata_splib07a/ChapterA_ArtificialMaterials/splib07a_Gadolinium_Oxide_JMC313_ASDFRc_AREF.txt,,D:\usgs_splib07\../ASCIIdata/ASCIIdata_splib07a/splib07a_Wavelengths_ASD_0.35-2.5_microns_2151_ch.txt,D:\usgs_splib07\../ASCIIdata/ASCIIdata_splib07a/splib07a_Bandpass_(FWHM)_ASDFR_StandardResolution.txt,D:\usgs_splib07\../GIFplots/GIFplots_splib07a/ChapterA_ArtificialMaterials/splib07a_Gadolinium_Oxide_JMC313_ASDFRc_AREF.gif,D:\usgs_splib07\../GIFplots/GIFplots_splib07a/plots_by_wavelength_region/range1_uv_to_visible/splib07a_Gadolinium_Oxide_JMC313_ASDFRc_AREF_range1_uv_to_vis.gif,D:\usgs_splib07\../GIFplots/GIFplots_splib07a/plots_by_wavelength_region/range2_visible_to_swir/splib07a_Gadolinium_Oxide_JMC313_ASDFRc_AREF_range2_vis_to_swir.gif,D:\usgs_splib07\../GIFplots/GIFplots_splib07a/plots_by_wavelength_region/range3_swir/splib07a_Gadolinium_Oxide_JMC313_ASDFRc_AREF_range3_swir.gif,,,D:\usgs_splib07\../GIFplots/GIFplots_splib07a/splib07a_Wavelengths_ASD_0.35-2.5_microns_2151_ch.gif,D:\usgs_splib07\../GIFplots/GIFplots_splib07a/splib07a_Bandpass_(FWHM)_ASDFR_StandardResolution.gif
GalvanizedSheetMetal GDS334  ASDFRa AREF,D:\usgs_splib07\../HTMLmetadata/GalvanizedSheetMetal_GDS334_ASDFRa_AREF.html,D:\usgs_splib07\../ASCIIdata/ASCIIdata_splib07a/ChapterA_ArtificialMaterials/splib07a_GalvanizedSheetMetal_GDS334_ASDFRa_AREF.txt,,D:\usgs_splib07\../ASCIIdata/ASCIIdata_splib07a/splib07a_Wavelengths_ASD_0.35-2.5_microns_2151_ch.txt,D:\usgs_splib07\../ASCIIdata/ASCIIdata_splib07a/splib07a_Bandpass_(FWHM)_ASDFR_StandardResolution.txt,D:\usgs_splib07\../GIFplots/GIFplots_splib07a/ChapterA_ArtificialMaterials/splib07a_GalvanizedSheetMetal_GDS334_ASDFRa_AREF.gif,D:\usgs_splib07\../GIFplots/GIFplots_splib07a/plots_by_wavelength_region/range1_uv_to_visible/splib07a_GalvanizedSheetMetal_GDS334_ASDFRa_AREF_range1_uv_to_vis.gif,D:\usgs_splib07\../GIFplots/GIFplots_splib07a/plots_by_wavelength_region/range2_visible_to_swir/splib07a_GalvanizedSheetMetal_GDS334_ASDFRa_AREF_range2_vis_to_swir.gif,D:\usgs_splib07\../GIFplots/GIFplots_splib07a/plots_by_wavelength_region/range3_swir/splib07a_GalvanizedSheetMetal_GDS334_ASDFRa_AREF_range3_swir.gif,,,D:\usgs_splib07\../GIFplots/GIFplots_splib07a/splib07a_Wavelengths_ASD_0.35-2.5_microns_2151_ch.gif,D:\usgs_splib07\../GIFplots/GIFplots_splib07a/splib07a_Bandpass_(FWHM)_ASDFR_StandardResolution.gif
Green_Slime SM93-14A Summitv  BECKa AREF,D:\usgs_splib07\../HTMLmetadata/Green_Slime_SM93-14A_Summitv_BECKa_AREF.html,D:\usgs_splib07\../ASCIIdata/ASCIIdata_splib07a/ChapterA_ArtificialMaterials/splib07a_Green_Slime_SM93-14A_Summitv_BECKa_AREF.txt,D:\usgs_splib07\../ASCIIdata/ASCIIdata_splib07a/errorbars/errorbars_for_splib07a_Green_Slime_SM93-14A_Summitv_BECKa_AREF.txt,D:\usgs_splib07\../ASCIIdata/ASCIIdata_splib07a/splib07a_Wavelengths_BECK_Beckman_0.2-3.0_microns.txt,D:\usgs_splib07\../ASCIIdata/ASCIIdata_splib07a/splib07a_Bandpass_(FWHM)_BECK_Beckman_in_microns.txt,D:\usgs_splib07\../GIFplots/GIFplots_splib07a/ChapterA_ArtificialMaterials/splib07a_Green_Slime_SM93-14A_Summitv_BECKa_AREF.gif,D:\usgs_splib07\../GIFplots/GIFplots_splib07a/plots_by_wavelength_region/range1_uv_to_visible/splib07a_Green_Slime_SM93-14A_Summitv_BECKa_AREF_range1_uv_to_vis.gif,D:\usgs_splib07\../GIFplots/GIFplots_splib07a/plots_by_wavelength_region/range2_visible_to_swir/splib07a_Green_Slime_SM93-14A_Summitv_BECKa_AREF_range2_vis_to_swir.gif,D:\usgs_splib07\../GIFplots/GIFplots_splib07a/plots_by_wavelength_region/range3_swir/splib07a_Green_Slime_SM93-14A_Summitv_BECKa_AREF_range3_swir.gif,,,D:\usgs_splib07\../GIFplots/GIFplots_splib07a/splib07a_Wavelengths_BECK_Beckman_0.2-3.0_microns.gif,D:\usgs_splib07\../GIFplots/GIFplots_splib07a/splib07a_Bandpass_(FWHM)_BECK_Beckman_in_microns.gif
Holmium_Oxide 11281          ASDFRa AREF,D:\usgs_splib07\../HTMLmetadata/Holmium_Oxide_11281_ASDFRa_AREF.html,D:\usgs_splib07\../ASCIIdata/ASCIIdata_splib07a/ChapterA_ArtificialMaterials/splib07a_Holmium_Oxide_11281_ASDFRa_AREF.txt,,D:\usgs_splib07\../ASCIIdata/ASCIIdata_splib07a/splib07a_Wavelengths_ASD_0.35-2.5_microns_2151_ch.txt,D:\usgs_splib07\../ASCIIdata/ASCIIdata_splib07a/splib07a_Bandpass_(FWHM)_ASDFR_StandardResolution.txt,D:\usgs_splib07\../GIFplots/GIFplots_splib07a/ChapterA_ArtificialMaterials/splib07a_Holmium_Oxide_11281_ASDFRa_AREF.gif,D:\usgs_splib07\../GIFplots/GIFplots_splib07a/plots_by_wavelength_region/range1_uv_to_visible/splib07a_Holmium_Oxide_11281_ASDFRa_AREF_range1_uv_to_vis.gif,D:\usgs_splib07\../GIFplots/GIFplots_splib07a/plots_by_wavelength_region/range2_visible_to_swir/splib07a_Holmium_Oxide_11281_ASDFRa_AREF_range2_vis_to_swir.gif,D:\usgs_splib07\../GIFplots/GIFplots_splib07a/plots_by_wavelength_region/range3_swir/splib07a_Holmium_Oxide_11281_ASDFRa_AREF_range3_swir.gif,,,D:\usgs_splib07\../GIFplots/GIFplots_splib07a/splib07a_Wavelengths_ASD_0.35-2.5_microns_2151_ch.gif,D:\usgs_splib07\../GIFplots/GIFplots_splib07a/splib07a_Bandpass_(FWHM)_ASDFR_StandardResolution.gif
Iron oxide_#4820 GDS782      ASDFRa AREF,D:\usgs_splib07\../HTMLmetadata/Iron_oxide_#4820_GDS782_ASDFRa_AREF.html,D:\usgs_splib07\../ASCIIdata/ASCIIdata_splib07a/ChapterA_ArtificialMaterials/splib07a_Iron_oxide_#4820_GDS782_ASDFRa_AREF.txt,,D:\usgs_splib07\../ASCIIdata/ASCIIdata_splib07a/splib07a_Wavelengths_ASD_0.35-2.5_microns_2151_ch.txt,D:\usgs_splib07\../ASCIIdata/ASCIIdata_splib07a/splib07a_Bandpass_(FWHM)_ASDFR_StandardResolution.txt,D:\usgs_splib07\../GIFplots/GIFplots_splib07a/ChapterA_ArtificialMaterials/splib07a_Iron_oxide_#4820_GDS782_ASDFRa_AREF.gif,D:\usgs_splib07\../GIFplots/GIFplots_splib07a/plots_by_wavelength_region/range1_uv_to_visible/splib07a_Iron_oxide_#4820_GDS782_ASDFRa_AREF_range1_uv_to_vis.gif,D:\usgs_splib07\../GIFplots/GIFplots_splib07a/plots_by_wavelength_region/range2_visible_to_swir/splib07a_Iron_oxide_#4820_GDS782_ASDFRa_AREF_range2_vis_to_swir.gif,D:\usgs_splib07\../GIFplots/GIFplots_splib07a/plots_by_wavelength_region/range3_swir/splib07a_Iron_oxide_#4820_GDS782_ASDFRa_AREF_range3_swir.gif,,,D:\usgs_splib07\../GIFplots/GIFplots_splib07a/splib07a_Wavelengths_ASD_0.35-2.5_microns_2151_ch.gif,D:\usgs_splib07\../GIFplots/GIFplots_splib07a/splib07a_Bandpass_(FWHM)_ASDFR_StandardResolution.gif
Iron_oxide GDS810 (Mars) blk ASDFRa AREF,D:\usgs_splib07\../HTMLmetadata/Iron_oxide_GDS810_(Mars)_blk_ASDFRa_AREF.html,D:\usgs_splib07\../ASCIIdata/ASCIIdata_splib07a/ChapterA_ArtificialMaterials/splib07a_Iron_oxide_GDS810_(Mars)_blk_ASDFRa_AREF.txt,,D:\usgs_splib07\../ASCIIdata/ASCIIdata_splib07a/splib07a_Wavelengths_ASD_0.35-2.5_microns_2151_ch.txt,D:\usgs_splib07\../ASCIIdata/ASCIIdata_splib07a/splib07a_Bandpass_(FWHM)_ASDFR_StandardResolution.txt,D:\usgs_splib07\../GIFplots/GIFplots_splib07a/ChapterA_ArtificialMaterials/splib07a_Iron_oxide_GDS810_(Mars)_blk_ASDFRa_AREF.gif,D:\usgs_splib07\../GIFplots/GIFplots_splib07a/plots_by_wavelength_region/range1_uv_to_visible/splib07a_Iron_oxide_GDS810_(Mars)_blk_ASDFRa_AREF_range1_uv_to_vis.gif,D:\usgs_splib07\../GIFplots/GIFplots_splib07a/plots_by_wavelength_region/range2_visible_to_swir/splib07a_Iron_oxide_GDS810_(Mars)_blk_ASDFRa_AREF_range2_vis_to_swir.gif,D:\usgs_splib07\../GIFplots/GIFplots_splib07a/plots_by_wavelength_region/range3_swir/splib07a_Iron_oxide_GDS810_(Mars)_blk_ASDFRa_AREF_range3_swir.gif,,,D:\usgs_splib07\../GIFplots/GIFplots_splib07a/splib07a_Wavelengths_ASD_0.35-2.5_microns_2151_ch.gif,D:\usgs_splib07\../GIFplots/GIFplots_splib07a/splib07a_Bandpass_(FWHM)_ASDFR_StandardResolution.gif
Iron_Oxide SA-480665 gamma   ASDHRa AREF,D:\usgs_splib07\../HTMLmetadata/Iron_Oxide_SA-480665_gamma_ASDHRa_AREF.html,D:\usgs_splib07\../ASCIIdata/ASCIIdata_splib07a/ChapterA_ArtificialMaterials/splib07a_Iron_Oxide_SA-480665_gamma_ASDHRa_AREF.txt,,D:\usgs_splib07\../ASCIIdata/ASCIIdata_splib07a/splib07a_Wavelengths_ASD_0.35-2.5_microns_2151_ch.txt,D:\usgs_splib07\../ASCIIdata/ASCIIdata_splib07a/splib07a_Bandpass_(FWHM)_ASDHR_High-Resolution.txt,D:\usgs_splib07\../GIFplots/GIFplots_splib07a/ChapterA_ArtificialMaterials/splib07a_Iron_Oxide_SA-480665_gamma_ASDHRa_AREF.gif,D:\usgs_splib07\../GIFplots/GIFplots_splib07a/plots_by_wavelength_region/range1_uv_to_visible/splib07a_Iron_Oxide_SA-480665_gamma_ASDHRa_AREF_range1_uv_to_vis.gif,D:\usgs_splib07\../GIFplots/GIFplots_splib07a/plots_by_wavelength_region/range2_visible_to_swir/splib07a_Iron_Oxide_SA-480665_gamma_ASDHRa_AREF_range2_vis_to_swir.gif,D:\usgs_splib07\../GIFplots/GIFplots_splib07a/plots_by_wavelength_region/range3_swir/splib07a_Iron_Oxide_SA-480665_gamma_ASDHRa_AREF_range3_swir.gif,,,D:\usgs_splib07\../GIFplots/GIFplots_splib07a/splib07a_Wavelengths_ASD_0.35-2.5_microns_2151_ch.gif,D:\usgs_splib07\../GIFplots/GIFplots_splib07a/splib07a_Bandpass_(FWHM)_ASDHR_High-Resolution.gif
Iron_Powder_SA-267953 <10 um ASDHRa AREF,D:\usgs_splib07\../HTMLmetadata/Iron_Powder_SA-267953_lt10_um_ASDHRa_AREF.html,D:\usgs_splib07\../ASCIIdata/ASCIIdata_splib07a/ChapterA_ArtificialMaterials/splib07a_Iron_Powder_SA-267953_lt10_um_ASDHRa_AREF.txt,,D:\usgs_splib07\../ASCIIdata/ASCIIdata_splib07a/splib07a_Wavelengths_ASD_0.35-2.5_microns_2151_ch.txt,D:\usgs_splib07\../ASCIIdata/ASCIIdata_splib07a/splib07a_Bandpass_(FWHM)_ASDHR_High-Resolution.txt,D:\usgs_splib07\../GIFplots/GIFplots_splib07a/ChapterA_ArtificialMaterials/splib07a_Iron_Powder_SA-267953_lt10_um_ASDHRa_AREF.gif,D:\usgs_splib07\../GIFplots/GIFplots_splib07a/plots_by_wavelength_region/range1_uv_to_visible/splib07a_Iron_Powder_SA-267953_lt10_um_ASDHRa_AREF_range1_uv_to_vis.gif,D:\usgs_splib07\../GIFplots/GIFplots_splib07a/plots_by_wavelength_region/range2_visible_to_swir/splib07a_Iron_Powder_SA-267953_lt10_um_ASDHRa_AREF_range2_vis_to_swir.gif,D:\usgs_splib07\../GIFplots/GIFplots_splib07a/plots_by_wavelength_region/range3_swir/splib07a_Iron_Powder_SA-267953_lt10_um_ASDHRa_AREF_range3_swir.gif,,,D:\usgs_splib07\../GIFplots/GIFplots_splib07a/splib07a_Wavelengths_ASD_0.35-2.5_microns_2151_ch.gif,D:\usgs_splib07\../GIFplots/GIFplots_splib07a/splib07a_Bandpass_(FWHM)_ASDHR_High-Resolution.gif
IronPowder SA-209309 325mesh ASDFRa AREF,D:\usgs_splib07\../HTMLmetadata/IronPowder_SA-209309_325mesh_ASDFRa_AREF.html,D:\usgs_splib07\../ASCIIdata/ASCIIdata_splib07a/ChapterA_ArtificialMaterials/splib07a_IronPowder_SA-209309_325mesh_ASDFRa_AREF.txt,,D:\usgs_splib07\../ASCIIdata/ASCIIdata_splib07a/splib07a_Wavelengths_ASD_0.35-2.5_microns_2151_ch.txt,D:\usgs_splib07\../ASCIIdata/ASCIIdata_splib07a/splib07a_Bandpass_(FWHM)_ASDFR_StandardResolution.txt,D:\usgs_splib07\../GIFplots/GIFplots_splib07a/ChapterA_ArtificialMaterials/splib07a_IronPowder_SA-209309_325mesh_ASDFRa_AREF.gif,D:\usgs_splib07\../GIFplots/GIFplots_splib07a/plots_by_wavelength_region/range1_uv_to_visible/splib07a_IronPowder_SA-209309_325mesh_ASDFRa_AREF_range1_uv_to_vis.gif,D:\usgs_splib07\../GIFplots/GIFplots_splib07a/plots_by_wavelength_region/range2_visible_to_swir/splib07a_IronPowder_SA-209309_325mesh_ASDFRa_AREF_range2_vis_to_swir.gif,D:\usgs_splib07\../GIFplots/GIFplots_splib07a/plots_by_wavelength_region/range3_swir/splib07a_IronPowder_SA-209309_325mesh_ASDFRa_AREF_range3_swir.gif,,,D:\usgs_splib07\../GIFplots/GIFplots_splib07a/splib07a_Wavelengths_ASD_0.35-2.5_microns_2151_ch.gif,D:\usgs_splib07\../GIFplots/GIFplots_splib07a/splib07a_Bandpass_(FWHM)_ASDFR_StandardResolution.gif
Iron_Sulfide Cerac-I-1047    ASDHRa AREF,D:\usgs_splib07\../HTMLmetadata/Iron_Sulfide_Cerac-I-1047_ASDHRa_AREF.html,D:\usgs_splib07\../ASCIIdata/ASCIIdata_splib07a/ChapterA_ArtificialMaterials/splib07a_Iron_Sulfide_Cerac-I-1047_ASDHRa_AREF.txt,,D:\usgs_splib07\../ASCIIdata/ASCIIdata_splib07a/splib07a_Wavelengths_ASD_0.35-2.5_microns_2151_ch.txt,D:\usgs_splib07\../ASCIIdata/ASCIIdata_splib07a/splib07a_Bandpass_(FWHM)_ASDHR_High-Resolution.txt,D:\usgs_splib07\../GIFplots/GIFplots_splib07a/ChapterA_ArtificialMaterials/splib07a_Iron_Sulfide_Cerac-I-1047_ASDHRa_AREF.gif,D:\usgs_splib07\../GIFplots/GIFplots_splib07a/plots_by_wavelength_region/range1_uv_to_visible/splib07a_Iron_Sulfide_Cerac-I-1047_ASDHRa_AREF_range1_uv_to_vis.gif,D:\usgs_splib07\../GIFplots/GIFplots_splib07a/plots_by_wavelength_region/range2_visible_to_swir/splib07a_Iron_Sulfide_Cerac-I-1047_ASDHRa_AREF_range2_vis_to_swir.gif,D:\usgs_splib07\../GIFplots/GIFplots_splib07a/plots_by_wavelength_region/range3_swir/splib07a_Iron_Sulfide_Cerac-I-1047_ASDHRa_AREF_range3_swir.gif,,,D:\usgs_splib07\../GIFplots/GIFplots_splib07a/splib07a_Wavelengths_ASD_0.35-2.5_microns_2151_ch.gif,D:\usgs_splib07\../GIFplots/GIFplots_splib07a/splib07a_Bandpass_(FWHM)_ASDHR_High-Resolution.gif
Italian_burnt_sienna GDS812  ASDFRa AREF,D:\usgs_splib07\../HTMLmetadata/Italian_burnt_sienna_GDS812_ASDFRa_AREF.html,D:\usgs_splib07\../ASCIIdata/ASCIIdata_splib07a/ChapterA_ArtificialMaterials/splib07a_Italian_burnt_sienna_GDS812_ASDFRa_AREF.txt,,D:\usgs_splib07\../ASCIIdata/ASCIIdata_splib07a/splib07a_Wavelengths_ASD_0.35-2.5_microns_2151_ch.txt,D:\usgs_splib07\../ASCIIdata/ASCIIdata_splib07a/splib07a_Bandpass_(FWHM)_ASDFR_StandardResolution.txt,D:\usgs_splib07\../GIFplots/GIFplots_splib07a/ChapterA_ArtificialMaterials/splib07a_Italian_burnt_sienna_GDS812_ASDFRa_AREF.gif,D:\usgs_splib07\../GIFplots/GIFplots_splib07a/plots_by_wavelength_region/range1_uv_to_visible/splib07a_Italian_burnt_sienna_GDS812_ASDFRa_AREF_range1_uv_to_vis.gif,D:\usgs_splib07\../GIFplots/GIFplots_splib07a/plots_by_wavelength_region/range2_visible_to_swir/splib07a_Italian_burnt_sienna_GDS812_ASDFRa_AREF_range2_vis_to_swir.gif,D:\usgs_splib07\../GIFplots/GIFplots_splib07a/plots_by_wavelength_region/range3_swir/splib07a_Italian_burnt_sienna_GDS812_ASDFRa_AREF_range3_swir.gif,,,D:\usgs_splib07\../GIFplots/GIFplots_splib07a/splib07a_Wavelengths_ASD_0.35-2.5_microns_2151_ch.gif,D:\usgs_splib07\../GIFplots/GIFplots_splib07a/splib07a_Bandpass_(FWHM)_ASDFR_StandardResolution.gif
Italian_nat_sienna GDS805    ASDFRa AREF,D:\usgs_splib07\../HTMLmetadata/Italian_nat_sienna_GDS805_ASDFRa_AREF.html,D:\usgs_splib07\../ASCIIdata/ASCIIdata_splib07a/ChapterA_ArtificialMaterials/splib07a_Italian_nat_sienna_GDS805_ASDFRa_AREF.txt,,D:\usgs_splib07\../ASCIIdata/ASCIIdata_splib07a/splib07a_Wavelengths_ASD_0.35-2.5_microns_2151_ch.txt,D:\usgs_splib07\../ASCIIdata/ASCIIdata_splib07a/splib07a_Bandpass_(FWHM)_ASDFR_StandardResolution.txt,D:\usgs_splib07\../GIFplots/GIFplots_splib07a/ChapterA_ArtificialMaterials/splib07a_Italian_nat_sienna_GDS805_ASDFRa_AREF.gif,D:\usgs_splib07\../GIFplots/GIFplots_splib07a/plots_by_wavelength_region/range1_uv_to_visible/splib07a_Italian_nat_sienna_GDS805_ASDFRa_AREF_range1_uv_to_vis.gif,D:\usgs_splib07\../GIFplots/GIFplots_splib07a/plots_by_wavelength_region/range2_visible_to_swir/splib07a_Italian_nat_sienna_GDS805_ASDFRa_AREF_range2_vis_to_swir.gif,D:\usgs_splib07\../GIFplots/GIFplots_splib07a/plots_by_wavelength_region/range3_swir/splib07a_Italian_nat_sienna_GDS805_ASDFRa_AREF_range3_swir.gif,,,D:\usgs_splib07\../GIFplots/GIFplots_splib07a/splib07a_Wavelengths_ASD_0.35-2.5_microns_2151_ch.gif,D:\usgs_splib07\../GIFplots/GIFplots_splib07a/splib07a_Bandpass_(FWHM)_ASDFR_StandardResolution.gif
Kerogen BK-Cornell            BECKa AREF,D:\usgs_splib07\../HTMLmetadata/Kerogen_BK-Cornell_BECKa_AREF.html,D:\usgs_splib07\../ASCIIdata/ASCIIdata_splib07a/ChapterA_ArtificialMaterials/splib07a_Kerogen_BK-Cornell_BECKa_AREF.txt,D:\usgs_splib07\../ASCIIdata/ASCIIdata_splib07a/errorbars/errorbars_for_splib07a_Kerogen_BK-Cornell_BECKa_AREF.txt,D:\usgs_splib07\../ASCIIdata/ASCIIdata_splib07a/splib07a_Wavelengths_BECK_Beckman_0.2-3.0_microns.txt,D:\usgs_splib07\../ASCIIdata/ASCIIdata_splib07a/splib07a_Bandpass_(FWHM)_BECK_Beckman_in_microns.txt,D:\usgs_splib07\../GIFplots/GIFplots_splib07a/ChapterA_ArtificialMaterials/splib07a_Kerogen_BK-Cornell_BECKa_AREF.gif,D:\usgs_splib07\../GIFplots/GIFplots_splib07a/plots_by_wavelength_region/range1_uv_to_visible/splib07a_Kerogen_BK-Cornell_BECKa_AREF_range1_uv_to_vis.gif,D:\usgs_splib07\../GIFplots/GIFplots_splib07a/plots_by_wavelength_region/range2_visible_to_swir/splib07a_Kerogen_BK-Cornell_BECKa_AREF_range2_vis_to_swir.gif,D:\usgs_splib07\../GIFplots/GIFplots_splib07a/plots_by_wavelength_region/range3_swir/splib07a_Kerogen_BK-Cornell_BECKa_AREF_range3_swir.gif,,,D:\usgs_splib07\../GIFplots/GIFplots_splib07a/splib07a_Wavelengths_BECK_Beckman_0.2-3.0_microns.gif,D:\usgs_splib07\../GIFplots/GIFplots_splib07a/splib07a_Bandpass_(FWHM)_BECK_Beckman_in_microns.gif
Lanthanum_Oxide 1271 SPEX    ASDFRa AREF,D:\usgs_splib07\../HTMLmetadata/Lanthanum_Oxide_1271_SPEX_ASDFRa_AREF.html,D:\usgs_splib07\../ASCIIdata/ASCIIdata_splib07a/ChapterA_ArtificialMaterials/splib07a_Lanthanum_Oxide_1271_SPEX_ASDFRa_AREF.txt,,D:\usgs_splib07\../ASCIIdata/ASCIIdata_splib07a/splib07a_Wavelengths_ASD_0.35-2.5_microns_2151_ch.txt,D:\usgs_splib07\../ASCIIdata/ASCIIdata_splib07a/splib07a_Bandpass_(FWHM)_ASDFR_StandardResolution.txt,D:\usgs_splib07\../GIFplots/GIFplots_splib07a/ChapterA_ArtificialMaterials/splib07a_Lanthanum_Oxide_1271_SPEX_ASDFRa_AREF.gif,D:\usgs_splib07\../GIFplots/GIFplots_splib07a/plots_by_wavelength_region/range1_uv_to_visible/splib07a_Lanthanum_Oxide_1271_SPEX_ASDFRa_AREF_range1_uv_to_vis.gif,D:\usgs_splib07\../GIFplots/GIFplots_splib07a/plots_by_wavelength_region/range2_visible_to_swir/splib07a_Lanthanum_Oxide_1271_SPEX_ASDFRa_AREF_range2_vis_to_swir.gif,D:\usgs_splib07\../GIFplots/GIFplots_splib07a/plots_by_wavelength_region/range3_swir/splib07a_Lanthanum_Oxide_1271_SPEX_ASDFRa_AREF_range3_swir.gif,,,D:\usgs_splib07\../GIFplots/GIFplots_splib07a/splib07a_Wavelengths_ASD_0.35-2.5_microns_2151_ch.gif,D:\usgs_splib07\../GIFplots/GIFplots_splib07a/splib07a_Bandpass_(FWHM)_ASDFR_StandardResolution.gif
Lazurite GDS792 RussianPrem  ASDFRa AREF,D:\usgs_splib07\../HTMLmetadata/Lazurite_GDS792_RussianPrem_ASDFRa_AREF.html,D:\usgs_splib07\../ASCIIdata/ASCIIdata_splib07a/ChapterA_ArtificialMaterials/splib07a_Lazurite_GDS792_RussianPrem_ASDFRa_AREF.txt,,D:\usgs_splib07\../ASCIIdata/ASCIIdata_splib07a/splib07a_Wavelengths_ASD_0.35-2.5_microns_2151_ch.txt,D:\usgs_splib07\../ASCIIdata/ASCIIdata_splib07a/splib07a_Bandpass_(FWHM)_ASDFR_StandardResolution.txt,D:\usgs_splib07\../GIFplots/GIFplots_splib07a/ChapterA_ArtificialMaterials/splib07a_Lazurite_GDS792_RussianPrem_ASDFRa_AREF.gif,D:\usgs_splib07\../GIFplots/GIFplots_splib07a/plots_by_wavelength_region/range1_uv_to_visible/splib07a_Lazurite_GDS792_RussianPrem_ASDFRa_AREF_range1_uv_to_vis.gif,D:\usgs_splib07\../GIFplots/GIFplots_splib07a/plots_by_wavelength_region/range2_visible_to_swir/splib07a_Lazurite_GDS792_RussianPrem_ASDFRa_AREF_range2_vis_to_swir.gif,D:\usgs_splib07\../GIFplots/GIFplots_splib07a/plots_by_wavelength_region/range3_swir/splib07a_Lazurite_GDS792_RussianPrem_ASDFRa_AREF_range3_swir.gif,,,D:\usgs_splib07\../GIFplots/GIFplots_splib07a/splib07a_Wavelengths_ASD_0.35-2.5_microns_2151_ch.gif,D:\usgs_splib07\../GIFplots/GIFplots_splib07a/splib07a_Bandpass_(FWHM)_ASDFR_StandardResolution.gif
Lead-tin_yellow GDS793       ASDFRa AREF,D:\usgs_splib07\../HTMLmetadata/Lead-tin_yellow_GDS793_ASDFRa_AREF.html,D:\usgs_splib07\../ASCIIdata/ASCIIdata_splib07a/ChapterA_ArtificialMaterials/splib07a_Lead-tin_yellow_GDS793_ASDFRa_AREF.txt,,D:\usgs_splib07\../ASCIIdata/ASCIIdata_splib07a/splib07a_Wavelengths_ASD_0.35-2.5_microns_2151_ch.txt,D:\usgs_splib07\../ASCIIdata/ASCIIdata_splib07a/splib07a_Bandpass_(FWHM)_ASDFR_StandardResolution.txt,D:\usgs_splib07\../GIFplots/GIFplots_splib07a/ChapterA_ArtificialMaterials/splib07a_Lead-tin_yellow_GDS793_ASDFRa_AREF.gif,D:\usgs_splib07\../GIFplots/GIFplots_splib07a/plots_by_wavelength_region/range1_uv_to_visible/splib07a_Lead-tin_yellow_GDS793_ASDFRa_AREF_range1_uv_to_vis.gif,D:\usgs_splib07\../GIFplots/GIFplots_splib07a/plots_by_wavelength_region/range2_visible_to_swir/splib07a_Lead-tin_yellow_GDS793_ASDFRa_AREF_range2_vis_to_swir.gif,D:\usgs_splib07\../GIFplots/GIFplots_splib07a/plots_by_wavelength_region/range3_swir/splib07a_Lead-tin_yellow_GDS793_ASDFRa_AREF_range3_swir.gif,,,D:\usgs_splib07\../GIFplots/GIFplots_splib07a/splib07a_Wavelengths_ASD_0.35-2.5_microns_2151_ch.gif,D:\usgs_splib07\../GIFplots/GIFplots_splib07a/splib07a_Bandpass_(FWHM)_ASDFR_StandardResolution.gif
Lead_White GDS796            ASDFRa AREF,D:\usgs_splib07\../HTMLmetadata/Lead_White_GDS796_ASDFRa_AREF.html,D:\usgs_splib07\../ASCIIdata/ASCIIdata_splib07a/ChapterA_ArtificialMaterials/splib07a_Lead_White_GDS796_ASDFRa_AREF.txt,,D:\usgs_splib07\../ASCIIdata/ASCIIdata_splib07a/splib07a_Wavelengths_ASD_0.35-2.5_microns_2151_ch.txt,D:\usgs_splib07\../ASCIIdata/ASCIIdata_splib07a/splib07a_Bandpass_(FWHM)_ASDFR_StandardResolution.txt,D:\usgs_splib07\../GIFplots/GIFplots_splib07a/ChapterA_ArtificialMaterials/splib07a_Lead_White_GDS796_ASDFRa_AREF.gif,D:\usgs_splib07\../GIFplots/GIFplots_splib07a/plots_by_wavelength_region/range1_uv_to_visible/splib07a_Lead_White_GDS796_ASDFRa_AREF_range1_uv_to_vis.gif,D:\usgs_splib07\../GIFplots/GIFplots_splib07a/plots_by_wavelength_region/range2_visible_to_swir/splib07a_Lead_White_GDS796_ASDFRa_AREF_range2_vis_to_swir.gif,D:\usgs_splib07\../GIFplots/GIFplots_splib07a/plots_by_wavelength_region/range3_swir/splib07a_Lead_White_GDS796_ASDFRa_AREF_range3_swir.gif,,,D:\usgs_splib07\../GIFplots/GIFplots_splib07a/splib07a_Wavelengths_ASD_0.35-2.5_microns_2151_ch.gif,D:\usgs_splib07\../GIFplots/GIFplots_splib07a/splib07a_Bandpass_(FWHM)_ASDFR_StandardResolution.gif
Lutetium_Oxide LU60-2 SPEX   ASDFRa AREF,D:\usgs_splib07\../HTMLmetadata/Lutetium_Oxide_LU60-2_SPEX_ASDFRa_AREF.html,D:\usgs_splib07\../ASCIIdata/ASCIIdata_splib07a/ChapterA_ArtificialMaterials/splib07a_Lutetium_Oxide_LU60-2_SPEX_ASDFRa_AREF.txt,,D:\usgs_splib07\../ASCIIdata/ASCIIdata_splib07a/splib07a_Wavelengths_ASD_0.35-2.5_microns_2151_ch.txt,D:\usgs_splib07\../ASCIIdata/ASCIIdata_splib07a/splib07a_Bandpass_(FWHM)_ASDFR_StandardResolution.txt,D:\usgs_splib07\../GIFplots/GIFplots_splib07a/ChapterA_ArtificialMaterials/splib07a_Lutetium_Oxide_LU60-2_SPEX_ASDFRa_AREF.gif,D:\usgs_splib07\../GIFplots/GIFplots_splib07a/plots_by_wavelength_region/range1_uv_to_visible/splib07a_Lutetium_Oxide_LU60-2_SPEX_ASDFRa_AREF_range1_uv_to_vis.gif,D:\usgs_splib07\../GIFplots/GIFplots_splib07a/plots_by_wavelength_region/range2_visible_to_swir/splib07a_Lutetium_Oxide_LU60-2_SPEX_ASDFRa_AREF_range2_vis_to_swir.gif,D:\usgs_splib07\../GIFplots/GIFplots_splib07a/plots_by_wavelength_region/range3_swir/splib07a_Lutetium_Oxide_LU60-2_SPEX_ASDFRa_AREF_range3_swir.gif,,,D:\usgs_splib07\../GIFplots/GIFplots_splib07a/splib07a_Wavelengths_ASD_0.35-2.5_microns_2151_ch.gif,D:\usgs_splib07\../GIFplots/GIFplots_splib07a/splib07a_Bandpass_(FWHM)_ASDFR_StandardResolution.gif
Malachite GDS801 synthetic   ASDFRa AREF,D:\usgs_splib07\../HTMLmetadata/Malachite_GDS801_synthetic_ASDFRa_AREF.html,D:\usgs_splib07\../ASCIIdata/ASCIIdata_splib07a/ChapterA_ArtificialMaterials/splib07a_Malachite_GDS801_synthetic_ASDFRa_AREF.txt,,D:\usgs_splib07\../ASCIIdata/ASCIIdata_splib07a/splib07a_Wavelengths_ASD_0.35-2.5_microns_2151_ch.txt,D:\usgs_splib07\../ASCIIdata/ASCIIdata_splib07a/splib07a_Bandpass_(FWHM)_ASDFR_StandardResolution.txt,D:\usgs_splib07\../GIFplots/GIFplots_splib07a/ChapterA_ArtificialMaterials/splib07a_Malachite_GDS801_synthetic_ASDFRa_AREF.gif,D:\usgs_splib07\../GIFplots/GIFplots_splib07a/plots_by_wavelength_region/range1_uv_to_visible/splib07a_Malachite_GDS801_synthetic_ASDFRa_AREF_range1_uv_to_vis.gif,D:\usgs_splib07\../GIFplots/GIFplots_splib07a/plots_by_wavelength_region/range2_visible_to_swir/splib07a_Malachite_GDS801_synthetic_ASDFRa_AREF_range2_vis_to_swir.gif,D:\usgs_splib07\../GIFplots/GIFplots_splib07a/plots_by_wavelength_region/range3_swir/splib07a_Malachite_GDS801_synthetic_ASDFRa_AREF_range3_swir.gif,,,D:\usgs_splib07\../GIFplots/GIFplots_splib07a/splib07a_Wavelengths_ASD_0.35-2.5_microns_2151_ch.gif,D:\usgs_splib07\../GIFplots/GIFplots_splib07a/splib07a_Bandpass_(FWHM)_ASDFR_StandardResolution.gif
Manganese_violet GDS804      ASDFRa AREF,D:\usgs_splib07\../HTMLmetadata/Manganese_violet_GDS804_ASDFRa_AREF.html,D:\usgs_splib07\../ASCIIdata/ASCIIdata_splib07a/ChapterA_ArtificialMaterials/splib07a_Manganese_violet_GDS804_ASDFRa_AREF.txt,,D:\usgs_splib07\../ASCIIdata/ASCIIdata_splib07a/splib07a_Wavelengths_ASD_0.35-2.5_microns_2151_ch.txt,D:\usgs_splib07\../ASCIIdata/ASCIIdata_splib07a/splib07a_Bandpass_(FWHM)_ASDFR_StandardResolution.txt,D:\usgs_splib07\../GIFplots/GIFplots_splib07a/ChapterA_ArtificialMaterials/splib07a_Manganese_violet_GDS804_ASDFRa_AREF.gif,D:\usgs_splib07\../GIFplots/GIFplots_splib07a/plots_by_wavelength_region/range1_uv_to_visible/splib07a_Manganese_violet_GDS804_ASDFRa_AREF_range1_uv_to_vis.gif,D:\usgs_splib07\../GIFplots/GIFplots_splib07a/plots_by_wavelength_region/range2_visible_to_swir/splib07a_Manganese_violet_GDS804_ASDFRa_AREF_range2_vis_to_swir.gif,D:\usgs_splib07\../GIFplots/GIFplots_splib07a/plots_by_wavelength_region/range3_swir/splib07a_Manganese_violet_GDS804_ASDFRa_AREF_range3_swir.gif,,,D:\usgs_splib07\../GIFplots/GIFplots_splib07a/splib07a_Wavelengths_ASD_0.35-2.5_microns_2151_ch.gif,D:\usgs_splib07\../GIFplots/GIFplots_splib07a/splib07a_Bandpass_(FWHM)_ASDFR_StandardResolution.gif
Montmorill+Benzene SWy 1ml    BECKa AREF,D:\usgs_splib07\../HTMLmetadata/Montmorill+Benzene_SWy_1ml_BECKa_AREF.html,D:\usgs_splib07\../ASCIIdata/ASCIIdata_splib07a/ChapterA_ArtificialMaterials/splib07a_Montmorill+Benzene_SWy_1ml_BECKa_AREF.txt,,D:\usgs_splib07\../ASCIIdata/ASCIIdata_splib07a/splib07a_Wavelengths_BECK_Beckman_0.2-3.0_microns.txt,D:\usgs_splib07\../ASCIIdata/ASCIIdata_splib07a/splib07a_Bandpass_(FWHM)_BECK_Beckman_in_microns.txt,D:\usgs_splib07\../GIFplots/GIFplots_splib07a/ChapterA_ArtificialMaterials/splib07a_Montmorill+Benzene_SWy_1ml_BECKa_AREF.gif,D:\usgs_splib07\../GIFplots/GIFplots_splib07a/plots_by_wavelength_region/range1_uv_to_visible/splib07a_Montmorill+Benzene_SWy_1ml_BECKa_AREF_range1_uv_to_vis.gif,D:\usgs_splib07\../GIFplots/GIFplots_splib07a/plots_by_wavelength_region/range2_visible_to_swir/splib07a_Montmorill+Benzene_SWy_1ml_BECKa_AREF_range2_vis_to_swir.gif,D:\usgs_splib07\../GIFplots/GIFplots_splib07a/plots_by_wavelength_region/range3_swir/splib07a_Montmorill+Benzene_SWy_1ml_BECKa_AREF_range3_swir.gif,,,D:\usgs_splib07\../GIFplots/GIFplots_splib07a/splib07a_Wavelengths_BECK_Beckman_0.2-3.0_microns.gif,D:\usgs_splib07\../GIFplots/GIFplots_splib07a/splib07a_Bandpass_(FWHM)_BECK_Beckman_in_microns.gif
Montmorill+TCE SWy saturated  BECKa AREF,D:\usgs_splib07\../HTMLmetadata/Montmorill+TCE_SWy_saturated_BECKa_AREF.html,D:\usgs_splib07\../ASCIIdata/ASCIIdata_splib07a/ChapterA_ArtificialMaterials/splib07a_Montmorill+TCE_SWy_saturated_BECKa_AREF.txt,,D:\usgs_splib07\../ASCIIdata/ASCIIdata_splib07a/splib07a_Wavelengths_BECK_Beckman_0.2-3.0_microns.txt,D:\usgs_splib07\../ASCIIdata/ASCIIdata_splib07a/splib07a_Bandpass_(FWHM)_BECK_Beckman_in_microns.txt,D:\usgs_splib07\../GIFplots/GIFplots_splib07a/ChapterA_ArtificialMaterials/splib07a_Montmorill+TCE_SWy_saturated_BECKa_AREF.gif,D:\usgs_splib07\../GIFplots/GIFplots_splib07a/plots_by_wavelength_region/range1_uv_to_visible/splib07a_Montmorill+TCE_SWy_saturated_BECKa_AREF_range1_uv_to_vis.gif,D:\usgs_splib07\../GIFplots/GIFplots_splib07a/plots_by_wavelength_region/range2_visible_to_swir/splib07a_Montmorill+TCE_SWy_saturated_BECKa_AREF_range2_vis_to_swir.gif,D:\usgs_splib07\../GIFplots/GIFplots_splib07a/plots_by_wavelength_region/range3_swir/splib07a_Montmorill+TCE_SWy_saturated_BECKa_AREF_range3_swir.gif,,,D:\usgs_splib07\../GIFplots/GIFplots_splib07a/splib07a_Wavelengths_BECK_Beckman_0.2-3.0_microns.gif,D:\usgs_splib07\../GIFplots/GIFplots_splib07a/splib07a_Bandpass_(FWHM)_BECK_Beckman_in_microns.gif
Montmorill+Toluene SWy .5ml   BECKa AREF,D:\usgs_splib07\../HTMLmetadata/Montmorill+Toluene_SWy_.5ml_BECKa_AREF.html,D:\usgs_splib07\../ASCIIdata/ASCIIdata_splib07a/ChapterA_ArtificialMaterials/splib07a_Montmorill+Toluene_SWy_.5ml_BECKa_AREF.txt,,D:\usgs_splib07\../ASCIIdata/ASCIIdata_splib07a/splib07a_Wavelengths_BECK_Beckman_0.2-3.0_microns.txt,D:\usgs_splib07\../ASCIIdata/ASCIIdata_splib07a/splib07a_Bandpass_(FWHM)_BECK_Beckman_in_microns.txt,D:\usgs_splib07\../GIFplots/GIFplots_splib07a/ChapterA_ArtificialMaterials/splib07a_Montmorill+Toluene_SWy_.5ml_BECKa_AREF.gif,D:\usgs_splib07\../GIFplots/GIFplots_splib07a/plots_by_wavelength_region/range1_uv_to_visible/splib07a_Montmorill+Toluene_SWy_.5ml_BECKa_AREF_range1_uv_to_vis.gif,D:\usgs_splib07\../GIFplots/GIFplots_splib07a/plots_by_wavelength_region/range2_visible_to_swir/splib07a_Montmorill+Toluene_SWy_.5ml_BECKa_AREF_range2_vis_to_swir.gif,D:\usgs_splib07\../GIFplots/GIFplots_splib07a/plots_by_wavelength_region/range3_swir/splib07a_Montmorill+Toluene_SWy_.5ml_BECKa_AREF_range3_swir.gif,,,D:\usgs_splib07\../GIFplots/GIFplots_splib07a/splib07a_Wavelengths_BECK_Beckman_0.2-3.0_microns.gif,D:\usgs_splib07\../GIFplots/GIFplots_splib07a/splib07a_Bandpass_(FWHM)_BECK_Beckman_in_microns.gif
Montmorill+Trichlor SWy 1ml   BECKa AREF,D:\usgs_splib07\../HTMLmetadata/Montmorill+Trichlor_SWy_1ml_BECKa_AREF.html,D:\usgs_splib07\../ASCIIdata/ASCIIdata_splib07a/ChapterA_ArtificialMaterials/splib07a_Montmorill+Trichlor_SWy_1ml_BECKa_AREF.txt,,D:\usgs_splib07\../ASCIIdata/ASCIIdata_splib07a/splib07a_Wavelengths_BECK_Beckman_0.2-3.0_microns.txt,D:\usgs_splib07\../ASCIIdata/ASCIIdata_splib07a/splib07a_Bandpass_(FWHM)_BECK_Beckman_in_microns.txt,D:\usgs_splib07\../GIFplots/GIFplots_splib07a/ChapterA_ArtificialMaterials/splib07a_Montmorill+Trichlor_SWy_1ml_BECKa_AREF.gif,D:\usgs_splib07\../GIFplots/GIFplots_splib07a/plots_by_wavelength_region/range1_uv_to_visible/splib07a_Montmorill+Trichlor_SWy_1ml_BECKa_AREF_range1_uv_to_vis.gif,D:\usgs_splib07\../GIFplots/GIFplots_splib07a/plots_by_wavelength_region/range2_visible_to_swir/splib07a_Montmorill+Trichlor_SWy_1ml_BECKa_AREF_range2_vis_to_swir.gif,D:\usgs_splib07\../GIFplots/GIFplots_splib07a/plots_by_wavelength_region/range3_swir/splib07a_Montmorill+Trichlor_SWy_1ml_BECKa_AREF_range3_swir.gif,,,D:\usgs_splib07\../GIFplots/GIFplots_splib07a/splib07a_Wavelengths_BECK_Beckman_0.2-3.0_microns.gif,D:\usgs_splib07\../GIFplots/GIFplots_splib07a/splib07a_Bandpass_(FWHM)_BECK_Beckman_in_microns.gif
Montmorill+Unleaded_Gas SWy   BECKa AREF,D:\usgs_splib07\../HTMLmetadata/Montmorill+Unleaded_Gas_SWy_BECKa_AREF.html,D:\usgs_splib07\../ASCIIdata/ASCIIdata_splib07a/ChapterA_ArtificialMaterials/splib07a_Montmorill+Unleaded_Gas_SWy_BECKa_AREF.txt,,D:\usgs_splib07\../ASCIIdata/ASCIIdata_splib07a/splib07a_Wavelengths_BECK_Beckman_0.2-3.0_microns.txt,D:\usgs_splib07\../ASCIIdata/ASCIIdata_splib07a/splib07a_Bandpass_(FWHM)_BECK_Beckman_in_microns.txt,D:\usgs_splib07\../GIFplots/GIFplots_splib07a/ChapterA_ArtificialMaterials/splib07a_Montmorill+Unleaded_Gas_SWy_BECKa_AREF.gif,D:\usgs_splib07\../GIFplots/GIFplots_splib07a/plots_by_wavelength_region/range1_uv_to_visible/splib07a_Montmorill+Unleaded_Gas_SWy_BECKa_AREF_range1_uv_to_vis.gif,D:\usgs_splib07\../GIFplots/GIFplots_splib07a/plots_by_wavelength_region/range2_visible_to_swir/splib07a_Montmorill+Unleaded_Gas_SWy_BECKa_AREF_range2_vis_to_swir.gif,D:\usgs_splib07\../GIFplots/GIFplots_splib07a/plots_by_wavelength_region/range3_swir/splib07a_Montmorill+Unleaded_Gas_SWy_BECKa_AREF_range3_swir.gif,,,D:\usgs_splib07\../GIFplots/GIFplots_splib07a/splib07a_Wavelengths_BECK_Beckman_0.2-3.0_microns.gif,D:\usgs_splib07\../GIFplots/GIFplots_splib07a/splib07a_Bandpass_(FWHM)_BECK_Beckman_in_microns.gif
Mylar_1-way_trans    RefStd  NIC4aa TRAN,D:\usgs_splib07\../HTMLmetadata/Mylar_1-way_trans_RefStd_NIC4aa_TRAN.html,D:\usgs_splib07\../ASCIIdata/ASCIIdata_splib07a/ChapterA_ArtificialMaterials/splib07a_Mylar_1-way_trans_RefStd_NIC4aa_TRAN.txt,,D:\usgs_splib07\../ASCIIdata/ASCIIdata_splib07a/splib07a_Wavelengths_NIC4_Nicolet_1.12-216microns.txt,D:\usgs_splib07\../ASCIIdata/ASCIIdata_splib07a/splib07a_Bandpass_(FWHM)_NIC4_Nicolet_in_microns.txt,D:\usgs_splib07\../GIFplots/GIFplots_splib07a/ChapterA_ArtificialMaterials/splib07a_Mylar_1-way_trans_RefStd_NIC4aa_TRAN.gif,,D:\usgs_splib07\../GIFplots/GIFplots_splib07a/plots_by_wavelength_region/range2_visible_to_swir/splib07a_Mylar_1-way_trans_RefStd_NIC4aa_TRAN_range2_vis_to_swir.gif,D:\usgs_splib07\../GIFplots/GIFplots_splib07a/plots_by_wavelength_region/range3_swir/splib07a_Mylar_1-way_trans_RefStd_NIC4aa_TRAN_range3_swir.gif,D:\usgs_splib07\../GIFplots/GIFplots_splib07a/plots_by_wavelength_region/range4_swir_to_mir/splib07a_Mylar_1-way_trans_RefStd_NIC4aa_TRAN_range4_swir_to_mir.gif,D:\usgs_splib07\../GIFplots/GIFplots_splib07a/plots_by_wavelength_region/range5_swir_to_fir_wavenumber/splib07a_Mylar_1-way_trans_RefStd_NIC4aa_TRAN_range5_swir_to_fir_wavenumber.gif,D:\usgs_splib07\../GIFplots/GIFplots_splib07a/splib07a_Wavelengths_NIC4_Nicolet_1.12-216microns.gif,D:\usgs_splib07\../GIFplots/GIFplots_splib07a/splib07a_Bandpass_(FWHM)_NIC4_Nicolet_in_microns.gif
Naples_yellow GDS787         ASDFRa AREF,D:\usgs_splib07\../HTMLmetadata/Naples_yellow_GDS787_ASDFRa_AREF.html,D:\usgs_splib07\../ASCIIdata/ASCIIdata_splib07a/ChapterA_ArtificialMaterials/splib07a_Naples_yellow_GDS787_ASDFRa_AREF.txt,,D:\usgs_splib07\../ASCIIdata/ASCIIdata_splib07a/splib07a_Wavelengths_ASD_0.35-2.5_microns_2151_ch.txt,D:\usgs_splib07\../ASCIIdata/ASCIIdata_splib07a/splib07a_Bandpass_(FWHM)_ASDFR_StandardResolution.txt,D:\usgs_splib07\../GIFplots/GIFplots_splib07a/ChapterA_ArtificialMaterials/splib07a_Naples_yellow_GDS787_ASDFRa_AREF.gif,D:\usgs_splib07\../GIFplots/GIFplots_splib07a/plots_by_wavelength_region/range1_uv_to_visible/splib07a_Naples_yellow_GDS787_ASDFRa_AREF_range1_uv_to_vis.gif,D:\usgs_splib07\../GIFplots/GIFplots_splib07a/plots_by_wavelength_region/range2_visible_to_swir/splib07a_Naples_yellow_GDS787_ASDFRa_AREF_range2_vis_to_swir.gif,D:\usgs_splib07\../GIFplots/GIFplots_splib07a/plots_by_wavelength_region/range3_swir/splib07a_Naples_yellow_GDS787_ASDFRa_AREF_range3_swir.gif,,,D:\usgs_splib07\../GIFplots/GIFplots_splib07a/splib07a_Wavelengths_ASD_0.35-2.5_microns_2151_ch.gif,D:\usgs_splib07\../GIFplots/GIFplots_splib07a/splib07a_Bandpass_(FWHM)_ASDFR_StandardResolution.gif
Nat.Madder_Lake_Albas GDS784 ASDFRa AREF,D:\usgs_splib07\../HTMLmetadata/Nat.Madder_Lake_Albas_GDS784_ASDFRa_AREF.html,D:\usgs_splib07\../ASCIIdata/ASCIIdata_splib07a/ChapterA_ArtificialMaterials/splib07a_Nat.Madder_Lake_Albas_GDS784_ASDFRa_AREF.txt,,D:\usgs_splib07\../ASCIIdata/ASCIIdata_splib07a/splib07a_Wavelengths_ASD_0.35-2.5_microns_2151_ch.txt,D:\usgs_splib07\../ASCIIdata/ASCIIdata_splib07a/splib07a_Bandpass_(FWHM)_ASDFR_StandardResolution.txt,D:\usgs_splib07\../GIFplots/GIFplots_splib07a/ChapterA_ArtificialMaterials/splib07a_Nat.Madder_Lake_Albas_GDS784_ASDFRa_AREF.gif,D:\usgs_splib07\../GIFplots/GIFplots_splib07a/plots_by_wavelength_region/range1_uv_to_visible/splib07a_Nat.Madder_Lake_Albas_GDS784_ASDFRa_AREF_range1_uv_to_vis.gif,D:\usgs_splib07\../GIFplots/GIFplots_splib07a/plots_by_wavelength_region/range2_visible_to_swir/splib07a_Nat.Madder_Lake_Albas_GDS784_ASDFRa_AREF_range2_vis_to_swir.gif,D:\usgs_splib07\../GIFplots/GIFplots_splib07a/plots_by_wavelength_region/range3_swir/splib07a_Nat.Madder_Lake_Albas_GDS784_ASDFRa_AREF_range3_swir.gif,,,D:\usgs_splib07\../GIFplots/GIFplots_splib07a/splib07a_Wavelengths_ASD_0.35-2.5_microns_2151_ch.gif,D:\usgs_splib07\../GIFplots/GIFplots_splib07a/splib07a_Bandpass_(FWHM)_ASDFR_StandardResolution.gif
Natural_umber GDS809 (raw)   ASDFRa AREF,D:\usgs_splib07\../HTMLmetadata/Natural_umber_GDS809_(raw)_ASDFRa_AREF.html,D:\usgs_splib07\../ASCIIdata/ASCIIdata_splib07a/ChapterA_ArtificialMaterials/splib07a_Natural_umber_GDS809_(raw)_ASDFRa_AREF.txt,,D:\usgs_splib07\../ASCIIdata/ASCIIdata_splib07a/splib07a_Wavelengths_ASD_0.35-2.5_microns_2151_ch.txt,D:\usgs_splib07\../ASCIIdata/ASCIIdata_splib07a/splib07a_Bandpass_(FWHM)_ASDFR_StandardResolution.txt,D:\usgs_splib07\../GIFplots/GIFplots_splib07a/ChapterA_ArtificialMaterials/splib07a_Natural_umber_GDS809_(raw)_ASDFRa_AREF.gif,D:\usgs_splib07\../GIFplots/GIFplots_splib07a/plots_by_wavelength_region/range1_uv_to_visible/splib07a_Natural_umber_GDS809_(raw)_ASDFRa_AREF_range1_uv_to_vis.gif,D:\usgs_splib07\../GIFplots/GIFplots_splib07a/plots_by_wavelength_region/range2_visible_to_swir/splib07a_Natural_umber_GDS809_(raw)_ASDFRa_AREF_range2_vis_to_swir.gif,D:\usgs_splib07\../GIFplots/GIFplots_splib07a/plots_by_wavelength_region/range3_swir/splib07a_Natural_umber_GDS809_(raw)_ASDFRa_AREF_range3_swir.gif,,,D:\usgs_splib07\../GIFplots/GIFplots_splib07a/splib07a_Wavelengths_ASD_0.35-2.5_microns_2151_ch.gif,D:\usgs_splib07\../GIFplots/GIFplots_splib07a/splib07a_Bandpass_(FWHM)_ASDFR_StandardResolution.gif
Neodymium_Oxide GDS34         BECKa AREF,D:\usgs_splib07\../HTMLmetadata/Neodymium_Oxide_GDS34_BECKa_AREF.html,D:\usgs_splib07\../ASCIIdata/ASCIIdata_splib07a/ChapterA_ArtificialMaterials/splib07a_Neodymium_Oxide_GDS34_BECKa_AREF.txt,D:\usgs_splib07\../ASCIIdata/ASCIIdata_splib07a/errorbars/errorbars_for_splib07a_Neodymium_Oxide_GDS34_BECKa_AREF.txt,D:\usgs_splib07\../ASCIIdata/ASCIIdata_splib07a/splib07a_Wavelengths_BECK_Beckman_0.2-3.0_microns.txt,D:\usgs_splib07\../ASCIIdata/ASCIIdata_splib07a/splib07a_Bandpass_(FWHM)_BECK_Beckman_in_microns.txt,D:\usgs_splib07\../GIFplots/GIFplots_splib07a/ChapterA_ArtificialMaterials/splib07a_Neodymium_Oxide_GDS34_BECKa_AREF.gif,D:\usgs_splib07\../GIFplots/GIFplots_splib07a/plots_by_wavelength_region/range1_uv_to_visible/splib07a_Neodymium_Oxide_GDS34_BECKa_AREF_range1_uv_to_vis.gif,D:\usgs_splib07\../GIFplots/GIFplots_splib07a/plots_by_wavelength_region/range2_visible_to_swir/splib07a_Neodymium_Oxide_GDS34_BECKa_AREF_range2_vis_to_swir.gif,D:\usgs_splib07\../GIFplots/GIFplots_splib07a/plots_by_wavelength_region/range3_swir/splib07a_Neodymium_Oxide_GDS34_BECKa_AREF_range3_swir.gif,,,D:\usgs_splib07\../GIFplots/GIFplots_splib07a/splib07a_Wavelengths_BECK_Beckman_0.2-3.0_microns.gif,D:\usgs_splib07\../GIFplots/GIFplots_splib07a/splib07a_Bandpass_(FWHM)_BECK_Beckman_in_microns.gif
Neodymium_Oxide GDS34B       ASDFRa AREF,D:\usgs_splib07\../HTMLmetadata/Neodymium_Oxide_GDS34B_ASDFRa_AREF.html,D:\usgs_splib07\../ASCIIdata/ASCIIdata_splib07a/ChapterA_ArtificialMaterials/splib07a_Neodymium_Oxide_GDS34B_ASDFRa_AREF.txt,,D:\usgs_splib07\../ASCIIdata/ASCIIdata_splib07a/splib07a_Wavelengths_ASD_0.35-2.5_microns_2151_ch.txt,D:\usgs_splib07\../ASCIIdata/ASCIIdata_splib07a/splib07a_Bandpass_(FWHM)_ASDFR_StandardResolution.txt,D:\usgs_splib07\../GIFplots/GIFplots_splib07a/ChapterA_ArtificialMaterials/splib07a_Neodymium_Oxide_GDS34B_ASDFRa_AREF.gif,D:\usgs_splib07\../GIFplots/GIFplots_splib07a/plots_by_wavelength_region/range1_uv_to_visible/splib07a_Neodymium_Oxide_GDS34B_ASDFRa_AREF_range1_uv_to_vis.gif,D:\usgs_splib07\../GIFplots/GIFplots_splib07a/plots_by_wavelength_region/range2_visible_to_swir/splib07a_Neodymium_Oxide_GDS34B_ASDFRa_AREF_range2_vis_to_swir.gif,D:\usgs_splib07\../GIFplots/GIFplots_splib07a/plots_by_wavelength_region/range3_swir/splib07a_Neodymium_Oxide_GDS34B_ASDFRa_AREF_range3_swir.gif,,,D:\usgs_splib07\../GIFplots/GIFplots_splib07a/splib07a_Wavelengths_ASD_0.35-2.5_microns_2151_ch.gif,D:\usgs_splib07\../GIFplots/GIFplots_splib07a/splib07a_Bandpass_(FWHM)_ASDFR_StandardResolution.gif
Neodymium_Oxide GDS34        NIC4aa RREF,D:\usgs_splib07\../HTMLmetadata/Neodymium_Oxide_GDS34_NIC4aa_RREF.html,D:\usgs_splib07\../ASCIIdata/ASCIIdata_splib07a/ChapterA_ArtificialMaterials/splib07a_Neodymium_Oxide_GDS34_NIC4aa_RREF.txt,,D:\usgs_splib07\../ASCIIdata/ASCIIdata_splib07a/splib07a_Wavelengths_NIC4_Nicolet_1.12-216microns.txt,D:\usgs_splib07\../ASCIIdata/ASCIIdata_splib07a/splib07a_Bandpass_(FWHM)_NIC4_Nicolet_in_microns.txt,D:\usgs_splib07\../GIFplots/GIFplots_splib07a/ChapterA_ArtificialMaterials/splib07a_Neodymium_Oxide_GDS34_NIC4aa_RREF.gif,,D:\usgs_splib07\../GIFplots/GIFplots_splib07a/plots_by_wavelength_region/range2_visible_to_swir/splib07a_Neodymium_Oxide_GDS34_NIC4aa_RREF_range2_vis_to_swir.gif,D:\usgs_splib07\../GIFplots/GIFplots_splib07a/plots_by_wavelength_region/range3_swir/splib07a_Neodymium_Oxide_GDS34_NIC4aa_RREF_range3_swir.gif,D:\usgs_splib07\../GIFplots/GIFplots_splib07a/plots_by_wavelength_region/range4_swir_to_mir/splib07a_Neodymium_Oxide_GDS34_NIC4aa_RREF_range4_swir_to_mir.gif,D:\usgs_splib07\../GIFplots/GIFplots_splib07a/plots_by_wavelength_region/range5_swir_to_fir_wavenumber/splib07a_Neodymium_Oxide_GDS34_NIC4aa_RREF_range5_swir_to_fir_wavenumber.gif,D:\usgs_splib07\../GIFplots/GIFplots_splib07a/splib07a_Wavelengths_NIC4_Nicolet_1.12-216microns.gif,D:\usgs_splib07\../GIFplots/GIFplots_splib07a/splib07a_Bandpass_(FWHM)_NIC4_Nicolet_in_microns.gif
Neodymium_Oxide ND64-1 SPEX  ASDFRa AREF,D:\usgs_splib07\../HTMLmetadata/Neodymium_Oxide_ND64-1_SPEX_ASDFRa_AREF.html,D:\usgs_splib07\../ASCIIdata/ASCIIdata_splib07a/ChapterA_ArtificialMaterials/splib07a_Neodymium_Oxide_ND64-1_SPEX_ASDFRa_AREF.txt,,D:\usgs_splib07\../ASCIIdata/ASCIIdata_splib07a/splib07a_Wavelengths_ASD_0.35-2.5_microns_2151_ch.txt,D:\usgs_splib07\../ASCIIdata/ASCIIdata_splib07a/splib07a_Bandpass_(FWHM)_ASDFR_StandardResolution.txt,D:\usgs_splib07\../GIFplots/GIFplots_splib07a/ChapterA_ArtificialMaterials/splib07a_Neodymium_Oxide_ND64-1_SPEX_ASDFRa_AREF.gif,D:\usgs_splib07\../GIFplots/GIFplots_splib07a/plots_by_wavelength_region/range1_uv_to_visible/splib07a_Neodymium_Oxide_ND64-1_SPEX_ASDFRa_AREF_range1_uv_to_vis.gif,D:\usgs_splib07\../GIFplots/GIFplots_splib07a/plots_by_wavelength_region/range2_visible_to_swir/splib07a_Neodymium_Oxide_ND64-1_SPEX_ASDFRa_AREF_range2_vis_to_swir.gif,D:\usgs_splib07\../GIFplots/GIFplots_splib07a/plots_by_wavelength_region/range3_swir/splib07a_Neodymium_Oxide_ND64-1_SPEX_ASDFRa_AREF_range3_swir.gif,,,D:\usgs_splib07\../GIFplots/GIFplots_splib07a/splib07a_Wavelengths_ASD_0.35-2.5_microns_2151_ch.gif,D:\usgs_splib07\../GIFplots/GIFplots_splib07a/splib07a_Bandpass_(FWHM)_ASDFR_StandardResolution.gif
Nickel_Powder SA-577995 nano ASDFRa AREF,D:\usgs_splib07\../HTMLmetadata/Nickel_Powder_SA-577995_nano_ASDFRa_AREF.html,D:\usgs_splib07\../ASCIIdata/ASCIIdata_splib07a/ChapterA_ArtificialMaterials/splib07a_Nickel_Powder_SA-577995_nano_ASDFRa_AREF.txt,,D:\usgs_splib07\../ASCIIdata/ASCIIdata_splib07a/splib07a_Wavelengths_ASD_0.35-2.5_microns_2151_ch.txt,D:\usgs_splib07\../ASCIIdata/ASCIIdata_splib07a/splib07a_Bandpass_(FWHM)_ASDFR_StandardResolution.txt,D:\usgs_splib07\../GIFplots/GIFplots_splib07a/ChapterA_ArtificialMaterials/splib07a_Nickel_Powder_SA-577995_nano_ASDFRa_AREF.gif,D:\usgs_splib07\../GIFplots/GIFplots_splib07a/plots_by_wavelength_region/range1_uv_to_visible/splib07a_Nickel_Powder_SA-577995_nano_ASDFRa_AREF_range1_uv_to_vis.gif,D:\usgs_splib07\../GIFplots/GIFplots_splib07a/plots_by_wavelength_region/range2_visible_to_swir/splib07a_Nickel_Powder_SA-577995_nano_ASDFRa_AREF_range2_vis_to_swir.gif,D:\usgs_splib07\../GIFplots/GIFplots_splib07a/plots_by_wavelength_region/range3_swir/splib07a_Nickel_Powder_SA-577995_nano_ASDFRa_AREF_range3_swir.gif,,,D:\usgs_splib07\../GIFplots/GIFplots_splib07a/splib07a_Wavelengths_ASD_0.35-2.5_microns_2151_ch.gif,D:\usgs_splib07\../GIFplots/GIFplots_splib07a/splib07a_Bandpass_(FWHM)_ASDFR_StandardResolution.gif
Nickel_Powder SA-268283 <1um ASDFRa AREF,D:\usgs_splib07\../HTMLmetadata/Nickel_Powder_SA-268283_lt1um_ASDFRa_AREF.html,D:\usgs_splib07\../ASCIIdata/ASCIIdata_splib07a/ChapterA_ArtificialMaterials/splib07a_Nickel_Powder_SA-268283_lt1um_ASDFRa_AREF.txt,,D:\usgs_splib07\../ASCIIdata/ASCIIdata_splib07a/splib07a_Wavelengths_ASD_0.35-2.5_microns_2151_ch.txt,D:\usgs_splib07\../ASCIIdata/ASCIIdata_splib07a/splib07a_Bandpass_(FWHM)_ASDFR_StandardResolution.txt,D:\usgs_splib07\../GIFplots/GIFplots_splib07a/ChapterA_ArtificialMaterials/splib07a_Nickel_Powder_SA-268283_lt1um_ASDFRa_AREF.gif,D:\usgs_splib07\../GIFplots/GIFplots_splib07a/plots_by_wavelength_region/range1_uv_to_visible/splib07a_Nickel_Powder_SA-268283_lt1um_ASDFRa_AREF_range1_uv_to_vis.gif,D:\usgs_splib07\../GIFplots/GIFplots_splib07a/plots_by_wavelength_region/range2_visible_to_swir/splib07a_Nickel_Powder_SA-268283_lt1um_ASDFRa_AREF_range2_vis_to_swir.gif,D:\usgs_splib07\../GIFplots/GIFplots_splib07a/plots_by_wavelength_region/range3_swir/splib07a_Nickel_Powder_SA-268283_lt1um_ASDFRa_AREF_range3_swir.gif,,,D:\usgs_splib07\../GIFplots/GIFplots_splib07a/splib07a_Wavelengths_ASD_0.35-2.5_microns_2151_ch.gif,D:\usgs_splib07\../GIFplots/GIFplots_splib07a/splib07a_Bandpass_(FWHM)_ASDFR_StandardResolution.gif
Nylon_Carpet GDS535 LtBrown  ASDFRa AREF,D:\usgs_splib07\../HTMLmetadata/Nylon_Carpet_GDS535_LtBrown_ASDFRa_AREF.html,D:\usgs_splib07\../ASCIIdata/ASCIIdata_splib07a/ChapterA_ArtificialMaterials/splib07a_Nylon_Carpet_GDS535_LtBrown_ASDFRa_AREF.txt,,D:\usgs_splib07\../ASCIIdata/ASCIIdata_splib07a/splib07a_Wavelengths_ASD_0.35-2.5_microns_2151_ch.txt,D:\usgs_splib07\../ASCIIdata/ASCIIdata_splib07a/splib07a_Bandpass_(FWHM)_ASDFR_StandardResolution.txt,D:\usgs_splib07\../GIFplots/GIFplots_splib07a/ChapterA_ArtificialMaterials/splib07a_Nylon_Carpet_GDS535_LtBrown_ASDFRa_AREF.gif,D:\usgs_splib07\../GIFplots/GIFplots_splib07a/plots_by_wavelength_region/range1_uv_to_visible/splib07a_Nylon_Carpet_GDS535_LtBrown_ASDFRa_AREF_range1_uv_to_vis.gif,D:\usgs_splib07\../GIFplots/GIFplots_splib07a/plots_by_wavelength_region/range2_visible_to_swir/splib07a_Nylon_Carpet_GDS535_LtBrown_ASDFRa_AREF_range2_vis_to_swir.gif,D:\usgs_splib07\../GIFplots/GIFplots_splib07a/plots_by_wavelength_region/range3_swir/splib07a_Nylon_Carpet_GDS535_LtBrown_ASDFRa_AREF_range3_swir.gif,,,D:\usgs_splib07\../GIFplots/GIFplots_splib07a/splib07a_Wavelengths_ASD_0.35-2.5_microns_2151_ch.gif,D:\usgs_splib07\../GIFplots/GIFplots_splib07a/splib07a_Bandpass_(FWHM)_ASDFR_StandardResolution.gif
Nylon_Carpet GDS536 Gry Pile ASDFRa AREF,D:\usgs_splib07\../HTMLmetadata/Nylon_Carpet_GDS536_Gry_Pile_ASDFRa_AREF.html,D:\usgs_splib07\../ASCIIdata/ASCIIdata_splib07a/ChapterA_ArtificialMaterials/splib07a_Nylon_Carpet_GDS536_Gry_Pile_ASDFRa_AREF.txt,,D:\usgs_splib07\../ASCIIdata/ASCIIdata_splib07a/splib07a_Wavelengths_ASD_0.35-2.5_microns_2151_ch.txt,D:\usgs_splib07\../ASCIIdata/ASCIIdata_splib07a/splib07a_Bandpass_(FWHM)_ASDFR_StandardResolution.txt,D:\usgs_splib07\../GIFplots/GIFplots_splib07a/ChapterA_ArtificialMaterials/splib07a_Nylon_Carpet_GDS536_Gry_Pile_ASDFRa_AREF.gif,D:\usgs_splib07\../GIFplots/GIFplots_splib07a/plots_by_wavelength_region/range1_uv_to_visible/splib07a_Nylon_Carpet_GDS536_Gry_Pile_ASDFRa_AREF_range1_uv_to_vis.gif,D:\usgs_splib07\../GIFplots/GIFplots_splib07a/plots_by_wavelength_region/range2_visible_to_swir/splib07a_Nylon_Carpet_GDS536_Gry_Pile_ASDFRa_AREF_range2_vis_to_swir.gif,D:\usgs_splib07\../GIFplots/GIFplots_splib07a/plots_by_wavelength_region/range3_swir/splib07a_Nylon_Carpet_GDS536_Gry_Pile_ASDFRa_AREF_range3_swir.gif,,,D:\usgs_splib07\../GIFplots/GIFplots_splib07a/splib07a_Wavelengths_ASD_0.35-2.5_microns_2151_ch.gif,D:\usgs_splib07\../GIFplots/GIFplots_splib07a/splib07a_Bandpass_(FWHM)_ASDFR_StandardResolution.gif
Nylon_Fabric GDS431 Red RpSt ASDFRa AREF,D:\usgs_splib07\../HTMLmetadata/Nylon_Fabric_GDS431_Red_RpSt_ASDFRa_AREF.html,D:\usgs_splib07\../ASCIIdata/ASCIIdata_splib07a/ChapterA_ArtificialMaterials/splib07a_Nylon_Fabric_GDS431_Red_RpSt_ASDFRa_AREF.txt,,D:\usgs_splib07\../ASCIIdata/ASCIIdata_splib07a/splib07a_Wavelengths_ASD_0.35-2.5_microns_2151_ch.txt,D:\usgs_splib07\../ASCIIdata/ASCIIdata_splib07a/splib07a_Bandpass_(FWHM)_ASDFR_StandardResolution.txt,D:\usgs_splib07\../GIFplots/GIFplots_splib07a/ChapterA_ArtificialMaterials/splib07a_Nylon_Fabric_GDS431_Red_RpSt_ASDFRa_AREF.gif,D:\usgs_splib07\../GIFplots/GIFplots_splib07a/plots_by_wavelength_region/range1_uv_to_visible/splib07a_Nylon_Fabric_GDS431_Red_RpSt_ASDFRa_AREF_range1_uv_to_vis.gif,D:\usgs_splib07\../GIFplots/GIFplots_splib07a/plots_by_wavelength_region/range2_visible_to_swir/splib07a_Nylon_Fabric_GDS431_Red_RpSt_ASDFRa_AREF_range2_vis_to_swir.gif,D:\usgs_splib07\../GIFplots/GIFplots_splib07a/plots_by_wavelength_region/range3_swir/splib07a_Nylon_Fabric_GDS431_Red_RpSt_ASDFRa_AREF_range3_swir.gif,,,D:\usgs_splib07\../GIFplots/GIFplots_splib07a/splib07a_Wavelengths_ASD_0.35-2.5_microns_2151_ch.gif,D:\usgs_splib07\../GIFplots/GIFplots_splib07a/splib07a_Bandpass_(FWHM)_ASDFR_StandardResolution.gif
Nylon_Fabric GDS432 Grn RpSt ASDFRa AREF,D:\usgs_splib07\../HTMLmetadata/Nylon_Fabric_GDS432_Grn_RpSt_ASDFRa_AREF.html,D:\usgs_splib07\../ASCIIdata/ASCIIdata_splib07a/ChapterA_ArtificialMaterials/splib07a_Nylon_Fabric_GDS432_Grn_RpSt_ASDFRa_AREF.txt,,D:\usgs_splib07\../ASCIIdata/ASCIIdata_splib07a/splib07a_Wavelengths_ASD_0.35-2.5_microns_2151_ch.txt,D:\usgs_splib07\../ASCIIdata/ASCIIdata_splib07a/splib07a_Bandpass_(FWHM)_ASDFR_StandardResolution.txt,D:\usgs_splib07\../GIFplots/GIFplots_splib07a/ChapterA_ArtificialMaterials/splib07a_Nylon_Fabric_GDS432_Grn_RpSt_ASDFRa_AREF.gif,D:\usgs_splib07\../GIFplots/GIFplots_splib07a/plots_by_wavelength_region/range1_uv_to_visible/splib07a_Nylon_Fabric_GDS432_Grn_RpSt_ASDFRa_AREF_range1_uv_to_vis.gif,D:\usgs_splib07\../GIFplots/GIFplots_splib07a/plots_by_wavelength_region/range2_visible_to_swir/splib07a_Nylon_Fabric_GDS432_Grn_RpSt_ASDFRa_AREF_range2_vis_to_swir.gif,D:\usgs_splib07\../GIFplots/GIFplots_splib07a/plots_by_wavelength_region/range3_swir/splib07a_Nylon_Fabric_GDS432_Grn_RpSt_ASDFRa_AREF_range3_swir.gif,,,D:\usgs_splib07\../GIFplots/GIFplots_splib07a/splib07a_Wavelengths_ASD_0.35-2.5_microns_2151_ch.gif,D:\usgs_splib07\../GIFplots/GIFplots_splib07a/splib07a_Bandpass_(FWHM)_ASDFR_StandardResolution.gif
Nylon_Fabric GDS433 Blu RpSt ASDFRa AREF,D:\usgs_splib07\../HTMLmetadata/Nylon_Fabric_GDS433_Blu_RpSt_ASDFRa_AREF.html,D:\usgs_splib07\../ASCIIdata/ASCIIdata_splib07a/ChapterA_ArtificialMaterials/splib07a_Nylon_Fabric_GDS433_Blu_RpSt_ASDFRa_AREF.txt,,D:\usgs_splib07\../ASCIIdata/ASCIIdata_splib07a/splib07a_Wavelengths_ASD_0.35-2.5_microns_2151_ch.txt,D:\usgs_splib07\../ASCIIdata/ASCIIdata_splib07a/splib07a_Bandpass_(FWHM)_ASDFR_StandardResolution.txt,D:\usgs_splib07\../GIFplots/GIFplots_splib07a/ChapterA_ArtificialMaterials/splib07a_Nylon_Fabric_GDS433_Blu_RpSt_ASDFRa_AREF.gif,D:\usgs_splib07\../GIFplots/GIFplots_splib07a/plots_by_wavelength_region/range1_uv_to_visible/splib07a_Nylon_Fabric_GDS433_Blu_RpSt_ASDFRa_AREF_range1_uv_to_vis.gif,D:\usgs_splib07\../GIFplots/GIFplots_splib07a/plots_by_wavelength_region/range2_visible_to_swir/splib07a_Nylon_Fabric_GDS433_Blu_RpSt_ASDFRa_AREF_range2_vis_to_swir.gif,D:\usgs_splib07\../GIFplots/GIFplots_splib07a/plots_by_wavelength_region/range3_swir/splib07a_Nylon_Fabric_GDS433_Blu_RpSt_ASDFRa_AREF_range3_swir.gif,,,D:\usgs_splib07\../GIFplots/GIFplots_splib07a/splib07a_Wavelengths_ASD_0.35-2.5_microns_2151_ch.gif,D:\usgs_splib07\../GIFplots/GIFplots_splib07a/splib07a_Bandpass_(FWHM)_ASDFR_StandardResolution.gif
Nylon_Fabric GDS436 BlkCoatd ASDFRa AREF,D:\usgs_splib07\../HTMLmetadata/Nylon_Fabric_GDS436_BlkCoatd_ASDFRa_AREF.html,D:\usgs_splib07\../ASCIIdata/ASCIIdata_splib07a/ChapterA_ArtificialMaterials/splib07a_Nylon_Fabric_GDS436_BlkCoatd_ASDFRa_AREF.txt,,D:\usgs_splib07\../ASCIIdata/ASCIIdata_splib07a/splib07a_Wavelengths_ASD_0.35-2.5_microns_2151_ch.txt,D:\usgs_splib07\../ASCIIdata/ASCIIdata_splib07a/splib07a_Bandpass_(FWHM)_ASDFR_StandardResolution.txt,D:\usgs_splib07\../GIFplots/GIFplots_splib07a/ChapterA_ArtificialMaterials/splib07a_Nylon_Fabric_GDS436_BlkCoatd_ASDFRa_AREF.gif,D:\usgs_splib07\../GIFplots/GIFplots_splib07a/plots_by_wavelength_region/range1_uv_to_visible/splib07a_Nylon_Fabric_GDS436_BlkCoatd_ASDFRa_AREF_range1_uv_to_vis.gif,D:\usgs_splib07\../GIFplots/GIFplots_splib07a/plots_by_wavelength_region/range2_visible_to_swir/splib07a_Nylon_Fabric_GDS436_BlkCoatd_ASDFRa_AREF_range2_vis_to_swir.gif,D:\usgs_splib07\../GIFplots/GIFplots_splib07a/plots_by_wavelength_region/range3_swir/splib07a_Nylon_Fabric_GDS436_BlkCoatd_ASDFRa_AREF_range3_swir.gif,,,D:\usgs_splib07\../GIFplots/GIFplots_splib07a/splib07a_Wavelengths_ASD_0.35-2.5_microns_2151_ch.gif,D:\usgs_splib07\../GIFplots/GIFplots_splib07a/splib07a_Bandpass_(FWHM)_ASDFR_StandardResolution.gif
Nylon_Webbing GDS428 OlvDrab ASDFRa AREF,D:\usgs_splib07\../HTMLmetadata/Nylon_Webbing_GDS428_OlvDrab_ASDFRa_AREF.html,D:\usgs_splib07\../ASCIIdata/ASCIIdata_splib07a/ChapterA_ArtificialMaterials/splib07a_Nylon_Webbing_GDS428_OlvDrab_ASDFRa_AREF.txt,,D:\usgs_splib07\../ASCIIdata/ASCIIdata_splib07a/splib07a_Wavelengths_ASD_0.35-2.5_microns_2151_ch.txt,D:\usgs_splib07\../ASCIIdata/ASCIIdata_splib07a/splib07a_Bandpass_(FWHM)_ASDFR_StandardResolution.txt,D:\usgs_splib07\../GIFplots/GIFplots_splib07a/ChapterA_ArtificialMaterials/splib07a_Nylon_Webbing_GDS428_OlvDrab_ASDFRa_AREF.gif,D:\usgs_splib07\../GIFplots/GIFplots_splib07a/plots_by_wavelength_region/range1_uv_to_visible/splib07a_Nylon_Webbing_GDS428_OlvDrab_ASDFRa_AREF_range1_uv_to_vis.gif,D:\usgs_splib07\../GIFplots/GIFplots_splib07a/plots_by_wavelength_region/range2_visible_to_swir/splib07a_Nylon_Webbing_GDS428_OlvDrab_ASDFRa_AREF_range2_vis_to_swir.gif,D:\usgs_splib07\../GIFplots/GIFplots_splib07a/plots_by_wavelength_region/range3_swir/splib07a_Nylon_Webbing_GDS428_OlvDrab_ASDFRa_AREF_range3_swir.gif,,,D:\usgs_splib07\../GIFplots/GIFplots_splib07a/splib07a_Wavelengths_ASD_0.35-2.5_microns_2151_ch.gif,D:\usgs_splib07\../GIFplots/GIFplots_splib07a/splib07a_Bandpass_(FWHM)_ASDFR_StandardResolution.gif
Nylon_Webbing GDS438 Flr Yel ASDFRa AREF,D:\usgs_splib07\../HTMLmetadata/Nylon_Webbing_GDS438_Flr_Yel_ASDFRa_AREF.html,D:\usgs_splib07\../ASCIIdata/ASCIIdata_splib07a/ChapterA_ArtificialMaterials/splib07a_Nylon_Webbing_GDS438_Flr_Yel_ASDFRa_AREF.txt,,D:\usgs_splib07\../ASCIIdata/ASCIIdata_splib07a/splib07a_Wavelengths_ASD_0.35-2.5_microns_2151_ch.txt,D:\usgs_splib07\../ASCIIdata/ASCIIdata_splib07a/splib07a_Bandpass_(FWHM)_ASDFR_StandardResolution.txt,D:\usgs_splib07\../GIFplots/GIFplots_splib07a/ChapterA_ArtificialMaterials/splib07a_Nylon_Webbing_GDS438_Flr_Yel_ASDFRa_AREF.gif,D:\usgs_splib07\../GIFplots/GIFplots_splib07a/plots_by_wavelength_region/range1_uv_to_visible/splib07a_Nylon_Webbing_GDS438_Flr_Yel_ASDFRa_AREF_range1_uv_to_vis.gif,D:\usgs_splib07\../GIFplots/GIFplots_splib07a/plots_by_wavelength_region/range2_visible_to_swir/splib07a_Nylon_Webbing_GDS438_Flr_Yel_ASDFRa_AREF_range2_vis_to_swir.gif,D:\usgs_splib07\../GIFplots/GIFplots_splib07a/plots_by_wavelength_region/range3_swir/splib07a_Nylon_Webbing_GDS438_Flr_Yel_ASDFRa_AREF_range3_swir.gif,,,D:\usgs_splib07\../GIFplots/GIFplots_splib07a/splib07a_Wavelengths_ASD_0.35-2.5_microns_2151_ch.gif,D:\usgs_splib07\../GIFplots/GIFplots_splib07a/splib07a_Bandpass_(FWHM)_ASDFR_StandardResolution.gif
Oil_BlackPoolonBeach DWO-06b ASDFRa AREF,D:\usgs_splib07\../HTMLmetadata/Oil_BlackPoolonBeach_DWO-06b_ASDFRa_AREF.html,D:\usgs_splib07\../ASCIIdata/ASCIIdata_splib07a/ChapterA_ArtificialMaterials/splib07a_Oil_BlackPoolonBeach_DWO-06b_ASDFRa_AREF.txt,,D:\usgs_splib07\../ASCIIdata/ASCIIdata_splib07a/splib07a_Wavelengths_ASD_0.35-2.5_microns_2151_ch.txt,D:\usgs_splib07\../ASCIIdata/ASCIIdata_splib07a/splib07a_Bandpass_(FWHM)_ASDFR_StandardResolution.txt,D:\usgs_splib07\../GIFplots/GIFplots_splib07a/ChapterA_ArtificialMaterials/splib07a_Oil_BlackPoolonBeach_DWO-06b_ASDFRa_AREF.gif,D:\usgs_splib07\../GIFplots/GIFplots_splib07a/plots_by_wavelength_region/range1_uv_to_visible/splib07a_Oil_BlackPoolonBeach_DWO-06b_ASDFRa_AREF_range1_uv_to_vis.gif,D:\usgs_splib07\../GIFplots/GIFplots_splib07a/plots_by_wavelength_region/range2_visible_to_swir/splib07a_Oil_BlackPoolonBeach_DWO-06b_ASDFRa_AREF_range2_vis_to_swir.gif,D:\usgs_splib07\../GIFplots/GIFplots_splib07a/plots_by_wavelength_region/range3_swir/splib07a_Oil_BlackPoolonBeach_DWO-06b_ASDFRa_AREF_range3_swir.gif,,,D:\usgs_splib07\../GIFplots/GIFplots_splib07a/splib07a_Wavelengths_ASD_0.35-2.5_microns_2151_ch.gif,D:\usgs_splib07\../GIFplots/GIFplots_splib07a/splib07a_Bandpass_(FWHM)_ASDFR_StandardResolution.gif
Oil_waterEmuls. DWO-3-BAT-09 ASDFRa AREF,D:\usgs_splib07\../HTMLmetadata/Oil_waterEmuls._DWO-3-BAT-09_ASDFRa_AREF.html,D:\usgs_splib07\../ASCIIdata/ASCIIdata_splib07a/ChapterA_ArtificialMaterials/splib07a_Oil_waterEmuls._DWO-3-BAT-09_ASDFRa_AREF.txt,,D:\usgs_splib07\../ASCIIdata/ASCIIdata_splib07a/splib07a_Wavelengths_ASD_0.35-2.5_microns_2151_ch.txt,D:\usgs_splib07\../ASCIIdata/ASCIIdata_splib07a/splib07a_Bandpass_(FWHM)_ASDFR_StandardResolution.txt,D:\usgs_splib07\../GIFplots/GIFplots_splib07a/ChapterA_ArtificialMaterials/splib07a_Oil_waterEmuls._DWO-3-BAT-09_ASDFRa_AREF.gif,D:\usgs_splib07\../GIFplots/GIFplots_splib07a/plots_by_wavelength_region/range1_uv_to_visible/splib07a_Oil_waterEmuls._DWO-3-BAT-09_ASDFRa_AREF_range1_uv_to_vis.gif,D:\usgs_splib07\../GIFplots/GIFplots_splib07a/plots_by_wavelength_region/range2_visible_to_swir/splib07a_Oil_waterEmuls._DWO-3-BAT-09_ASDFRa_AREF_range2_vis_to_swir.gif,D:\usgs_splib07\../GIFplots/GIFplots_splib07a/plots_by_wavelength_region/range3_swir/splib07a_Oil_waterEmuls._DWO-3-BAT-09_ASDFRa_AREF_range3_swir.gif,,,D:\usgs_splib07\../GIFplots/GIFplots_splib07a/splib07a_Wavelengths_ASD_0.35-2.5_microns_2151_ch.gif,D:\usgs_splib07\../GIFplots/GIFplots_splib07a/splib07a_Bandpass_(FWHM)_ASDFR_StandardResolution.gif
Oiled_marsh DWO-3-BAT-06     ASDFRa AREF,D:\usgs_splib07\../HTMLmetadata/Oiled_marsh_DWO-3-BAT-06_ASDFRa_AREF.html,D:\usgs_splib07\../ASCIIdata/ASCIIdata_splib07a/ChapterA_ArtificialMaterials/splib07a_Oiled_marsh_DWO-3-BAT-06_ASDFRa_AREF.txt,,D:\usgs_splib07\../ASCIIdata/ASCIIdata_splib07a/splib07a_Wavelengths_ASD_0.35-2.5_microns_2151_ch.txt,D:\usgs_splib07\../ASCIIdata/ASCIIdata_splib07a/splib07a_Bandpass_(FWHM)_ASDFR_StandardResolution.txt,D:\usgs_splib07\../GIFplots/GIFplots_splib07a/ChapterA_ArtificialMaterials/splib07a_Oiled_marsh_DWO-3-BAT-06_ASDFRa_AREF.gif,D:\usgs_splib07\../GIFplots/GIFplots_splib07a/plots_by_wavelength_region/range1_uv_to_visible/splib07a_Oiled_marsh_DWO-3-BAT-06_ASDFRa_AREF_range1_uv_to_vis.gif,D:\usgs_splib07\../GIFplots/GIFplots_splib07a/plots_by_wavelength_region/range2_visible_to_swir/splib07a_Oiled_marsh_DWO-3-BAT-06_ASDFRa_AREF_range2_vis_to_swir.gif,D:\usgs_splib07\../GIFplots/GIFplots_splib07a/plots_by_wavelength_region/range3_swir/splib07a_Oiled_marsh_DWO-3-BAT-06_ASDFRa_AREF_range3_swir.gif,,,D:\usgs_splib07\../GIFplots/GIFplots_splib07a/splib07a_Wavelengths_ASD_0.35-2.5_microns_2151_ch.gif,D:\usgs_splib07\../GIFplots/GIFplots_splib07a/splib07a_Bandpass_(FWHM)_ASDFR_StandardResolution.gif
Oiled_marsh DWO-3-BAT-09     ASDFRa AREF,D:\usgs_splib07\../HTMLmetadata/Oiled_marsh_DWO-3-BAT-09_ASDFRa_AREF.html,D:\usgs_splib07\../ASCIIdata/ASCIIdata_splib07a/ChapterA_ArtificialMaterials/splib07a_Oiled_marsh_DWO-3-BAT-09_ASDFRa_AREF.txt,,D:\usgs_splib07\../ASCIIdata/ASCIIdata_splib07a/splib07a_Wavelengths_ASD_0.35-2.5_microns_2151_ch.txt,D:\usgs_splib07\../ASCIIdata/ASCIIdata_splib07a/splib07a_Bandpass_(FWHM)_ASDFR_StandardResolution.txt,D:\usgs_splib07\../GIFplots/GIFplots_splib07a/ChapterA_ArtificialMaterials/splib07a_Oiled_marsh_DWO-3-BAT-09_ASDFRa_AREF.gif,D:\usgs_splib07\../GIFplots/GIFplots_splib07a/plots_by_wavelength_region/range1_uv_to_visible/splib07a_Oiled_marsh_DWO-3-BAT-09_ASDFRa_AREF_range1_uv_to_vis.gif,D:\usgs_splib07\../GIFplots/GIFplots_splib07a/plots_by_wavelength_region/range2_visible_to_swir/splib07a_Oiled_marsh_DWO-3-BAT-09_ASDFRa_AREF_range2_vis_to_swir.gif,D:\usgs_splib07\../GIFplots/GIFplots_splib07a/plots_by_wavelength_region/range3_swir/splib07a_Oiled_marsh_DWO-3-BAT-09_ASDFRa_AREF_range3_swir.gif,,,D:\usgs_splib07\../GIFplots/GIFplots_splib07a/splib07a_Wavelengths_ASD_0.35-2.5_microns_2151_ch.gif,D:\usgs_splib07\../GIFplots/GIFplots_splib07a/splib07a_Bandpass_(FWHM)_ASDFR_StandardResolution.gif
Oiled_marsh_dry DWO-3-BAT-09 ASDFRa AREF,D:\usgs_splib07\../HTMLmetadata/Oiled_marsh_dry_DWO-3-BAT-09_ASDFRa_AREF.html,D:\usgs_splib07\../ASCIIdata/ASCIIdata_splib07a/ChapterA_ArtificialMaterials/splib07a_Oiled_marsh_dry_DWO-3-BAT-09_ASDFRa_AREF.txt,,D:\usgs_splib07\../ASCIIdata/ASCIIdata_splib07a/splib07a_Wavelengths_ASD_0.35-2.5_microns_2151_ch.txt,D:\usgs_splib07\../ASCIIdata/ASCIIdata_splib07a/splib07a_Bandpass_(FWHM)_ASDFR_StandardResolution.txt,D:\usgs_splib07\../GIFplots/GIFplots_splib07a/ChapterA_ArtificialMaterials/splib07a_Oiled_marsh_dry_DWO-3-BAT-09_ASDFRa_AREF.gif,D:\usgs_splib07\../GIFplots/GIFplots_splib07a/plots_by_wavelength_region/range1_uv_to_visible/splib07a_Oiled_marsh_dry_DWO-3-BAT-09_ASDFRa_AREF_range1_uv_to_vis.gif,D:\usgs_splib07\../GIFplots/GIFplots_splib07a/plots_by_wavelength_region/range2_visible_to_swir/splib07a_Oiled_marsh_dry_DWO-3-BAT-09_ASDFRa_AREF_range2_vis_to_swir.gif,D:\usgs_splib07\../GIFplots/GIFplots_splib07a/plots_by_wavelength_region/range3_swir/splib07a_Oiled_marsh_dry_DWO-3-BAT-09_ASDFRa_AREF_range3_swir.gif,,,D:\usgs_splib07\../GIFplots/GIFplots_splib07a/splib07a_Wavelengths_ASD_0.35-2.5_microns_2151_ch.gif,D:\usgs_splib07\../GIFplots/GIFplots_splib07a/splib07a_Bandpass_(FWHM)_ASDFR_StandardResolution.gif
OiledMarshPlant DWO-2-BAT-08 ASDFRa AREF,D:\usgs_splib07\../HTMLmetadata/OiledMarshPlant_DWO-2-BAT-08_ASDFRa_AREF.html,D:\usgs_splib07\../ASCIIdata/ASCIIdata_splib07a/ChapterA_ArtificialMaterials/splib07a_OiledMarshPlant_DWO-2-BAT-08_ASDFRa_AREF.txt,,D:\usgs_splib07\../ASCIIdata/ASCIIdata_splib07a/splib07a_Wavelengths_ASD_0.35-2.5_microns_2151_ch.txt,D:\usgs_splib07\../ASCIIdata/ASCIIdata_splib07a/splib07a_Bandpass_(FWHM)_ASDFR_StandardResolution.txt,D:\usgs_splib07\../GIFplots/GIFplots_splib07a/ChapterA_ArtificialMaterials/splib07a_OiledMarshPlant_DWO-2-BAT-08_ASDFRa_AREF.gif,D:\usgs_splib07\../GIFplots/GIFplots_splib07a/plots_by_wavelength_region/range1_uv_to_visible/splib07a_OiledMarshPlant_DWO-2-BAT-08_ASDFRa_AREF_range1_uv_to_vis.gif,D:\usgs_splib07\../GIFplots/GIFplots_splib07a/plots_by_wavelength_region/range2_visible_to_swir/splib07a_OiledMarshPlant_DWO-2-BAT-08_ASDFRa_AREF_range2_vis_to_swir.gif,D:\usgs_splib07\../GIFplots/GIFplots_splib07a/plots_by_wavelength_region/range3_swir/splib07a_OiledMarshPlant_DWO-2-BAT-08_ASDFRa_AREF_range3_swir.gif,,,D:\usgs_splib07\../GIFplots/GIFplots_splib07a/splib07a_Wavelengths_ASD_0.35-2.5_microns_2151_ch.gif,D:\usgs_splib07\../GIFplots/GIFplots_splib07a/splib07a_Bandpass_(FWHM)_ASDFR_StandardResolution.gif
OiledMarshPlant DWO-2-BAT-09 ASDFRa AREF,D:\usgs_splib07\../HTMLmetadata/OiledMarshPlant_DWO-2-BAT-09_ASDFRa_AREF.html,D:\usgs_splib07\../ASCIIdata/ASCIIdata_splib07a/ChapterA_ArtificialMaterials/splib07a_OiledMarshPlant_DWO-2-BAT-09_ASDFRa_AREF.txt,,D:\usgs_splib07\../ASCIIdata/ASCIIdata_splib07a/splib07a_Wavelengths_ASD_0.35-2.5_microns_2151_ch.txt,D:\usgs_splib07\../ASCIIdata/ASCIIdata_splib07a/splib07a_Bandpass_(FWHM)_ASDFR_StandardResolution.txt,D:\usgs_splib07\../GIFplots/GIFplots_splib07a/ChapterA_ArtificialMaterials/splib07a_OiledMarshPlant_DWO-2-BAT-09_ASDFRa_AREF.gif,D:\usgs_splib07\../GIFplots/GIFplots_splib07a/plots_by_wavelength_region/range1_uv_to_visible/splib07a_OiledMarshPlant_DWO-2-BAT-09_ASDFRa_AREF_range1_uv_to_vis.gif,D:\usgs_splib07\../GIFplots/GIFplots_splib07a/plots_by_wavelength_region/range2_visible_to_swir/splib07a_OiledMarshPlant_DWO-2-BAT-09_ASDFRa_AREF_range2_vis_to_swir.gif,D:\usgs_splib07\../GIFplots/GIFplots_splib07a/plots_by_wavelength_region/range3_swir/splib07a_OiledMarshPlant_DWO-2-BAT-09_ASDFRa_AREF_range3_swir.gif,,,D:\usgs_splib07\../GIFplots/GIFplots_splib07a/splib07a_Wavelengths_ASD_0.35-2.5_microns_2151_ch.gif,D:\usgs_splib07\../GIFplots/GIFplots_splib07a/splib07a_Bandpass_(FWHM)_ASDFR_StandardResolution.gif
OiledMarshPlant DWO-2-DEL-04 ASDFRa AREF,D:\usgs_splib07\../HTMLmetadata/OiledMarshPlant_DWO-2-DEL-04_ASDFRa_AREF.html,D:\usgs_splib07\../ASCIIdata/ASCIIdata_splib07a/ChapterA_ArtificialMaterials/splib07a_OiledMarshPlant_DWO-2-DEL-04_ASDFRa_AREF.txt,,D:\usgs_splib07\../ASCIIdata/ASCIIdata_splib07a/splib07a_Wavelengths_ASD_0.35-2.5_microns_2151_ch.txt,D:\usgs_splib07\../ASCIIdata/ASCIIdata_splib07a/splib07a_Bandpass_(FWHM)_ASDFR_StandardResolution.txt,D:\usgs_splib07\../GIFplots/GIFplots_splib07a/ChapterA_ArtificialMaterials/splib07a_OiledMarshPlant_DWO-2-DEL-04_ASDFRa_AREF.gif,D:\usgs_splib07\../GIFplots/GIFplots_splib07a/plots_by_wavelength_region/range1_uv_to_visible/splib07a_OiledMarshPlant_DWO-2-DEL-04_ASDFRa_AREF_range1_uv_to_vis.gif,D:\usgs_splib07\../GIFplots/GIFplots_splib07a/plots_by_wavelength_region/range2_visible_to_swir/splib07a_OiledMarshPlant_DWO-2-DEL-04_ASDFRa_AREF_range2_vis_to_swir.gif,D:\usgs_splib07\../GIFplots/GIFplots_splib07a/plots_by_wavelength_region/range3_swir/splib07a_OiledMarshPlant_DWO-2-DEL-04_ASDFRa_AREF_range3_swir.gif,,,D:\usgs_splib07\../GIFplots/GIFplots_splib07a/splib07a_Wavelengths_ASD_0.35-2.5_microns_2151_ch.gif,D:\usgs_splib07\../GIFplots/GIFplots_splib07a/splib07a_Bandpass_(FWHM)_ASDFR_StandardResolution.gif
Oiled_P.austral. DWO-3-DEL-1 ASDFRa AREF,D:\usgs_splib07\../HTMLmetadata/Oiled_P.austral._DWO-3-DEL-1_ASDFRa_AREF.html,D:\usgs_splib07\../ASCIIdata/ASCIIdata_splib07a/ChapterA_ArtificialMaterials/splib07a_Oiled_P.austral._DWO-3-DEL-1_ASDFRa_AREF.txt,D:\usgs_splib07\../ASCIIdata/ASCIIdata_splib07a/errorbars/errorbars_for_splib07a_Oiled_P.austral._DWO-3-DEL-1_ASDFRa_AREF.txt,D:\usgs_splib07\../ASCIIdata/ASCIIdata_splib07a/splib07a_Wavelengths_ASD_0.35-2.5_microns_2151_ch.txt,D:\usgs_splib07\../ASCIIdata/ASCIIdata_splib07a/splib07a_Bandpass_(FWHM)_ASDFR_StandardResolution.txt,D:\usgs_splib07\../GIFplots/GIFplots_splib07a/ChapterA_ArtificialMaterials/splib07a_Oiled_P.austral._DWO-3-DEL-1_ASDFRa_AREF.gif,D:\usgs_splib07\../GIFplots/GIFplots_splib07a/plots_by_wavelength_region/range1_uv_to_visible/splib07a_Oiled_P.austral._DWO-3-DEL-1_ASDFRa_AREF_range1_uv_to_vis.gif,D:\usgs_splib07\../GIFplots/GIFplots_splib07a/plots_by_wavelength_region/range2_visible_to_swir/splib07a_Oiled_P.austral._DWO-3-DEL-1_ASDFRa_AREF_range2_vis_to_swir.gif,D:\usgs_splib07\../GIFplots/GIFplots_splib07a/plots_by_wavelength_region/range3_swir/splib07a_Oiled_P.austral._DWO-3-DEL-1_ASDFRa_AREF_range3_swir.gif,,,D:\usgs_splib07\../GIFplots/GIFplots_splib07a/splib07a_Wavelengths_ASD_0.35-2.5_microns_2151_ch.gif,D:\usgs_splib07\../GIFplots/GIFplots_splib07a/splib07a_Bandpass_(FWHM)_ASDFR_StandardResolution.gif
Oiled_S.altern. DWO-3-BAT-06 ASDFRa AREF,D:\usgs_splib07\../HTMLmetadata/Oiled_S.altern._DWO-3-BAT-06_ASDFRa_AREF.html,D:\usgs_splib07\../ASCIIdata/ASCIIdata_splib07a/ChapterA_ArtificialMaterials/splib07a_Oiled_S.altern._DWO-3-BAT-06_ASDFRa_AREF.txt,D:\usgs_splib07\../ASCIIdata/ASCIIdata_splib07a/errorbars/errorbars_for_splib07a_Oiled_S.altern._DWO-3-BAT-06_ASDFRa_AREF.txt,D:\usgs_splib07\../ASCIIdata/ASCIIdata_splib07a/splib07a_Wavelengths_ASD_0.35-2.5_microns_2151_ch.txt,D:\usgs_splib07\../ASCIIdata/ASCIIdata_splib07a/splib07a_Bandpass_(FWHM)_ASDFR_StandardResolution.txt,D:\usgs_splib07\../GIFplots/GIFplots_splib07a/ChapterA_ArtificialMaterials/splib07a_Oiled_S.altern._DWO-3-BAT-06_ASDFRa_AREF.gif,D:\usgs_splib07\../GIFplots/GIFplots_splib07a/plots_by_wavelength_region/range1_uv_to_visible/splib07a_Oiled_S.altern._DWO-3-BAT-06_ASDFRa_AREF_range1_uv_to_vis.gif,D:\usgs_splib07\../GIFplots/GIFplots_splib07a/plots_by_wavelength_region/range2_visible_to_swir/splib07a_Oiled_S.altern._DWO-3-BAT-06_ASDFRa_AREF_range2_vis_to_swir.gif,D:\usgs_splib07\../GIFplots/GIFplots_splib07a/plots_by_wavelength_region/range3_swir/splib07a_Oiled_S.altern._DWO-3-BAT-06_ASDFRa_AREF_range3_swir.gif,,,D:\usgs_splib07\../GIFplots/GIFplots_splib07a/splib07a_Wavelengths_ASD_0.35-2.5_microns_2151_ch.gif,D:\usgs_splib07\../GIFplots/GIFplots_splib07a/splib07a_Bandpass_(FWHM)_ASDFR_StandardResolution.gif
Oiled_sand_area     GrndIsle ASDFRa AREF,D:\usgs_splib07\../HTMLmetadata/Oiled_sand_area_GrndIsle_ASDFRa_AREF.html,D:\usgs_splib07\../ASCIIdata/ASCIIdata_splib07a/ChapterA_ArtificialMaterials/splib07a_Oiled_sand_area_GrndIsle_ASDFRa_AREF.txt,D:\usgs_splib07\../ASCIIdata/ASCIIdata_splib07a/errorbars/errorbars_for_splib07a_Oiled_sand_area_GrndIsle_ASDFRa_AREF.txt,D:\usgs_splib07\../ASCIIdata/ASCIIdata_splib07a/splib07a_Wavelengths_ASD_0.35-2.5_microns_2151_ch.txt,D:\usgs_splib07\../ASCIIdata/ASCIIdata_splib07a/splib07a_Bandpass_(FWHM)_ASDFR_StandardResolution.txt,D:\usgs_splib07\../GIFplots/GIFplots_splib07a/ChapterA_ArtificialMaterials/splib07a_Oiled_sand_area_GrndIsle_ASDFRa_AREF.gif,D:\usgs_splib07\../GIFplots/GIFplots_splib07a/plots_by_wavelength_region/range1_uv_to_visible/splib07a_Oiled_sand_area_GrndIsle_ASDFRa_AREF_range1_uv_to_vis.gif,D:\usgs_splib07\../GIFplots/GIFplots_splib07a/plots_by_wavelength_region/range2_visible_to_swir/splib07a_Oiled_sand_area_GrndIsle_ASDFRa_AREF_range2_vis_to_swir.gif,D:\usgs_splib07\../GIFplots/GIFplots_splib07a/plots_by_wavelength_region/range3_swir/splib07a_Oiled_sand_area_GrndIsle_ASDFRa_AREF_range3_swir.gif,,,D:\usgs_splib07\../GIFplots/GIFplots_splib07a/splib07a_Wavelengths_ASD_0.35-2.5_microns_2151_ch.gif,D:\usgs_splib07\../GIFplots/GIFplots_splib07a/splib07a_Bandpass_(FWHM)_ASDFR_StandardResolution.gif
Oiled_sand_dark     GrndIsle ASDFRa AREF,D:\usgs_splib07\../HTMLmetadata/Oiled_sand_dark_GrndIsle_ASDFRa_AREF.html,D:\usgs_splib07\../ASCIIdata/ASCIIdata_splib07a/ChapterA_ArtificialMaterials/splib07a_Oiled_sand_dark_GrndIsle_ASDFRa_AREF.txt,D:\usgs_splib07\../ASCIIdata/ASCIIdata_splib07a/errorbars/errorbars_for_splib07a_Oiled_sand_dark_GrndIsle_ASDFRa_AREF.txt,D:\usgs_splib07\../ASCIIdata/ASCIIdata_splib07a/splib07a_Wavelengths_ASD_0.35-2.5_microns_2151_ch.txt,D:\usgs_splib07\../ASCIIdata/ASCIIdata_splib07a/splib07a_Bandpass_(FWHM)_ASDFR_StandardResolution.txt,D:\usgs_splib07\../GIFplots/GIFplots_splib07a/ChapterA_ArtificialMaterials/splib07a_Oiled_sand_dark_GrndIsle_ASDFRa_AREF.gif,D:\usgs_splib07\../GIFplots/GIFplots_splib07a/plots_by_wavelength_region/range1_uv_to_visible/splib07a_Oiled_sand_dark_GrndIsle_ASDFRa_AREF_range1_uv_to_vis.gif,D:\usgs_splib07\../GIFplots/GIFplots_splib07a/plots_by_wavelength_region/range2_visible_to_swir/splib07a_Oiled_sand_dark_GrndIsle_ASDFRa_AREF_range2_vis_to_swir.gif,D:\usgs_splib07\../GIFplots/GIFplots_splib07a/plots_by_wavelength_region/range3_swir/splib07a_Oiled_sand_dark_GrndIsle_ASDFRa_AREF_range3_swir.gif,,,D:\usgs_splib07\../GIFplots/GIFplots_splib07a/splib07a_Wavelengths_ASD_0.35-2.5_microns_2151_ch.gif,D:\usgs_splib07\../GIFplots/GIFplots_splib07a/splib07a_Bandpass_(FWHM)_ASDFR_StandardResolution.gif
Oiled_sand_brown    GrndIsle ASDFRa AREF,D:\usgs_splib07\../HTMLmetadata/Oiled_sand_brown_GrndIsle_ASDFRa_AREF.html,D:\usgs_splib07\../ASCIIdata/ASCIIdata_splib07a/ChapterA_ArtificialMaterials/splib07a_Oiled_sand_brown_GrndIsle_ASDFRa_AREF.txt,D:\usgs_splib07\../ASCIIdata/ASCIIdata_splib07a/errorbars/errorbars_for_splib07a_Oiled_sand_brown_GrndIsle_ASDFRa_AREF.txt,D:\usgs_splib07\../ASCIIdata/ASCIIdata_splib07a/splib07a_Wavelengths_ASD_0.35-2.5_microns_2151_ch.txt,D:\usgs_splib07\../ASCIIdata/ASCIIdata_splib07a/splib07a_Bandpass_(FWHM)_ASDFR_StandardResolution.txt,D:\usgs_splib07\../GIFplots/GIFplots_splib07a/ChapterA_ArtificialMaterials/splib07a_Oiled_sand_brown_GrndIsle_ASDFRa_AREF.gif,D:\usgs_splib07\../GIFplots/GIFplots_splib07a/plots_by_wavelength_region/range1_uv_to_visible/splib07a_Oiled_sand_brown_GrndIsle_ASDFRa_AREF_range1_uv_to_vis.gif,D:\usgs_splib07\../GIFplots/GIFplots_splib07a/plots_by_wavelength_region/range2_visible_to_swir/splib07a_Oiled_sand_brown_GrndIsle_ASDFRa_AREF_range2_vis_to_swir.gif,D:\usgs_splib07\../GIFplots/GIFplots_splib07a/plots_by_wavelength_region/range3_swir/splib07a_Oiled_sand_brown_GrndIsle_ASDFRa_AREF_range3_swir.gif,,,D:\usgs_splib07\../GIFplots/GIFplots_splib07a/splib07a_Wavelengths_ASD_0.35-2.5_microns_2151_ch.gif,D:\usgs_splib07\../GIFplots/GIFplots_splib07a/splib07a_Bandpass_(FWHM)_ASDFR_StandardResolution.gif
Oil01_Water99 DWH10-3 28mm   ASDHRb AREF,D:\usgs_splib07\../HTMLmetadata/Oil01_Water99_DWH10-3_28mm_ASDHRb_AREF.html,D:\usgs_splib07\../ASCIIdata/ASCIIdata_splib07a/ChapterA_ArtificialMaterials/splib07a_Oil01_Water99_DWH10-3_28mm_ASDHRb_AREF.txt,,D:\usgs_splib07\../ASCIIdata/ASCIIdata_splib07a/splib07a_Wavelengths_ASD_0.35-2.5_microns_2151_ch.txt,D:\usgs_splib07\../ASCIIdata/ASCIIdata_splib07a/splib07a_Bandpass_(FWHM)_ASDHR_High-Resolution.txt,D:\usgs_splib07\../GIFplots/GIFplots_splib07a/ChapterA_ArtificialMaterials/splib07a_Oil01_Water99_DWH10-3_28mm_ASDHRb_AREF.gif,D:\usgs_splib07\../GIFplots/GIFplots_splib07a/plots_by_wavelength_region/range1_uv_to_visible/splib07a_Oil01_Water99_DWH10-3_28mm_ASDHRb_AREF_range1_uv_to_vis.gif,D:\usgs_splib07\../GIFplots/GIFplots_splib07a/plots_by_wavelength_region/range2_visible_to_swir/splib07a_Oil01_Water99_DWH10-3_28mm_ASDHRb_AREF_range2_vis_to_swir.gif,D:\usgs_splib07\../GIFplots/GIFplots_splib07a/plots_by_wavelength_region/range3_swir/splib07a_Oil01_Water99_DWH10-3_28mm_ASDHRb_AREF_range3_swir.gif,,,D:\usgs_splib07\../GIFplots/GIFplots_splib07a/splib07a_Wavelengths_ASD_0.35-2.5_microns_2151_ch.gif,D:\usgs_splib07\../GIFplots/GIFplots_splib07a/splib07a_Bandpass_(FWHM)_ASDHR_High-Resolution.gif
Oil01_Water99 DWH10-3 foam   ASDHRb AREF,D:\usgs_splib07\../HTMLmetadata/Oil01_Water99_DWH10-3_foam_ASDHRb_AREF.html,D:\usgs_splib07\../ASCIIdata/ASCIIdata_splib07a/ChapterA_ArtificialMaterials/splib07a_Oil01_Water99_DWH10-3_foam_ASDHRb_AREF.txt,,D:\usgs_splib07\../ASCIIdata/ASCIIdata_splib07a/splib07a_Wavelengths_ASD_0.35-2.5_microns_2151_ch.txt,D:\usgs_splib07\../ASCIIdata/ASCIIdata_splib07a/splib07a_Bandpass_(FWHM)_ASDHR_High-Resolution.txt,D:\usgs_splib07\../GIFplots/GIFplots_splib07a/ChapterA_ArtificialMaterials/splib07a_Oil01_Water99_DWH10-3_foam_ASDHRb_AREF.gif,D:\usgs_splib07\../GIFplots/GIFplots_splib07a/plots_by_wavelength_region/range1_uv_to_visible/splib07a_Oil01_Water99_DWH10-3_foam_ASDHRb_AREF_range1_uv_to_vis.gif,D:\usgs_splib07\../GIFplots/GIFplots_splib07a/plots_by_wavelength_region/range2_visible_to_swir/splib07a_Oil01_Water99_DWH10-3_foam_ASDHRb_AREF_range2_vis_to_swir.gif,D:\usgs_splib07\../GIFplots/GIFplots_splib07a/plots_by_wavelength_region/range3_swir/splib07a_Oil01_Water99_DWH10-3_foam_ASDHRb_AREF_range3_swir.gif,,,D:\usgs_splib07\../GIFplots/GIFplots_splib07a/splib07a_Wavelengths_ASD_0.35-2.5_microns_2151_ch.gif,D:\usgs_splib07\../GIFplots/GIFplots_splib07a/splib07a_Bandpass_(FWHM)_ASDHR_High-Resolution.gif
Oil23_Water77 DWH10-3 .025mm ASDHRa AREF,D:\usgs_splib07\../HTMLmetadata/Oil23_Water77_DWH10-3_.025mm_ASDHRa_AREF.html,D:\usgs_splib07\../ASCIIdata/ASCIIdata_splib07a/ChapterA_ArtificialMaterials/splib07a_Oil23_Water77_DWH10-3_.025mm_ASDHRa_AREF.txt,,D:\usgs_splib07\../ASCIIdata/ASCIIdata_splib07a/splib07a_Wavelengths_ASD_0.35-2.5_microns_2151_ch.txt,D:\usgs_splib07\../ASCIIdata/ASCIIdata_splib07a/splib07a_Bandpass_(FWHM)_ASDHR_High-Resolution.txt,D:\usgs_splib07\../GIFplots/GIFplots_splib07a/ChapterA_ArtificialMaterials/splib07a_Oil23_Water77_DWH10-3_.025mm_ASDHRa_AREF.gif,D:\usgs_splib07\../GIFplots/GIFplots_splib07a/plots_by_wavelength_region/range1_uv_to_visible/splib07a_Oil23_Water77_DWH10-3_.025mm_ASDHRa_AREF_range1_uv_to_vis.gif,D:\usgs_splib07\../GIFplots/GIFplots_splib07a/plots_by_wavelength_region/range2_visible_to_swir/splib07a_Oil23_Water77_DWH10-3_.025mm_ASDHRa_AREF_range2_vis_to_swir.gif,D:\usgs_splib07\../GIFplots/GIFplots_splib07a/plots_by_wavelength_region/range3_swir/splib07a_Oil23_Water77_DWH10-3_.025mm_ASDHRa_AREF_range3_swir.gif,,,D:\usgs_splib07\../GIFplots/GIFplots_splib07a/splib07a_Wavelengths_ASD_0.35-2.5_microns_2151_ch.gif,D:\usgs_splib07\../GIFplots/GIFplots_splib07a/splib07a_Bandpass_(FWHM)_ASDHR_High-Resolution.gif
Oil23_Water77 DWH10-3 0.05mm ASDHRa AREF,D:\usgs_splib07\../HTMLmetadata/Oil23_Water77_DWH10-3_0.05mm_ASDHRa_AREF.html,D:\usgs_splib07\../ASCIIdata/ASCIIdata_splib07a/ChapterA_ArtificialMaterials/splib07a_Oil23_Water77_DWH10-3_0.05mm_ASDHRa_AREF.txt,,D:\usgs_splib07\../ASCIIdata/ASCIIdata_splib07a/splib07a_Wavelengths_ASD_0.35-2.5_microns_2151_ch.txt,D:\usgs_splib07\../ASCIIdata/ASCIIdata_splib07a/splib07a_Bandpass_(FWHM)_ASDHR_High-Resolution.txt,D:\usgs_splib07\../GIFplots/GIFplots_splib07a/ChapterA_ArtificialMaterials/splib07a_Oil23_Water77_DWH10-3_0.05mm_ASDHRa_AREF.gif,D:\usgs_splib07\../GIFplots/GIFplots_splib07a/plots_by_wavelength_region/range1_uv_to_visible/splib07a_Oil23_Water77_DWH10-3_0.05mm_ASDHRa_AREF_range1_uv_to_vis.gif,D:\usgs_splib07\../GIFplots/GIFplots_splib07a/plots_by_wavelength_region/range2_visible_to_swir/splib07a_Oil23_Water77_DWH10-3_0.05mm_ASDHRa_AREF_range2_vis_to_swir.gif,D:\usgs_splib07\../GIFplots/GIFplots_splib07a/plots_by_wavelength_region/range3_swir/splib07a_Oil23_Water77_DWH10-3_0.05mm_ASDHRa_AREF_range3_swir.gif,,,D:\usgs_splib07\../GIFplots/GIFplots_splib07a/splib07a_Wavelengths_ASD_0.35-2.5_microns_2151_ch.gif,D:\usgs_splib07\../GIFplots/GIFplots_splib07a/splib07a_Bandpass_(FWHM)_ASDHR_High-Resolution.gif
Oil23_Water77 DWH10-3 0.1 mm ASDHRa AREF,D:\usgs_splib07\../HTMLmetadata/Oil23_Water77_DWH10-3_0.1_mm_ASDHRa_AREF.html,D:\usgs_splib07\../ASCIIdata/ASCIIdata_splib07a/ChapterA_ArtificialMaterials/splib07a_Oil23_Water77_DWH10-3_0.1_mm_ASDHRa_AREF.txt,,D:\usgs_splib07\../ASCIIdata/ASCIIdata_splib07a/splib07a_Wavelengths_ASD_0.35-2.5_microns_2151_ch.txt,D:\usgs_splib07\../ASCIIdata/ASCIIdata_splib07a/splib07a_Bandpass_(FWHM)_ASDHR_High-Resolution.txt,D:\usgs_splib07\../GIFplots/GIFplots_splib07a/ChapterA_ArtificialMaterials/splib07a_Oil23_Water77_DWH10-3_0.1_mm_ASDHRa_AREF.gif,D:\usgs_splib07\../GIFplots/GIFplots_splib07a/plots_by_wavelength_region/range1_uv_to_visible/splib07a_Oil23_Water77_DWH10-3_0.1_mm_ASDHRa_AREF_range1_uv_to_vis.gif,D:\usgs_splib07\../GIFplots/GIFplots_splib07a/plots_by_wavelength_region/range2_visible_to_swir/splib07a_Oil23_Water77_DWH10-3_0.1_mm_ASDHRa_AREF_range2_vis_to_swir.gif,D:\usgs_splib07\../GIFplots/GIFplots_splib07a/plots_by_wavelength_region/range3_swir/splib07a_Oil23_Water77_DWH10-3_0.1_mm_ASDHRa_AREF_range3_swir.gif,,,D:\usgs_splib07\../GIFplots/GIFplots_splib07a/splib07a_Wavelengths_ASD_0.35-2.5_microns_2151_ch.gif,D:\usgs_splib07\../GIFplots/GIFplots_splib07a/splib07a_Bandpass_(FWHM)_ASDHR_High-Resolution.gif
Oil23_Water77 DWH10-3 0.5 mm ASDHRa AREF,D:\usgs_splib07\../HTMLmetadata/Oil23_Water77_DWH10-3_0.5_mm_ASDHRa_AREF.html,D:\usgs_splib07\../ASCIIdata/ASCIIdata_splib07a/ChapterA_ArtificialMaterials/splib07a_Oil23_Water77_DWH10-3_0.5_mm_ASDHRa_AREF.txt,,D:\usgs_splib07\../ASCIIdata/ASCIIdata_splib07a/splib07a_Wavelengths_ASD_0.35-2.5_microns_2151_ch.txt,D:\usgs_splib07\../ASCIIdata/ASCIIdata_splib07a/splib07a_Bandpass_(FWHM)_ASDHR_High-Resolution.txt,D:\usgs_splib07\../GIFplots/GIFplots_splib07a/ChapterA_ArtificialMaterials/splib07a_Oil23_Water77_DWH10-3_0.5_mm_ASDHRa_AREF.gif,D:\usgs_splib07\../GIFplots/GIFplots_splib07a/plots_by_wavelength_region/range1_uv_to_visible/splib07a_Oil23_Water77_DWH10-3_0.5_mm_ASDHRa_AREF_range1_uv_to_vis.gif,D:\usgs_splib07\../GIFplots/GIFplots_splib07a/plots_by_wavelength_region/range2_visible_to_swir/splib07a_Oil23_Water77_DWH10-3_0.5_mm_ASDHRa_AREF_range2_vis_to_swir.gif,D:\usgs_splib07\../GIFplots/GIFplots_splib07a/plots_by_wavelength_region/range3_swir/splib07a_Oil23_Water77_DWH10-3_0.5_mm_ASDHRa_AREF_range3_swir.gif,,,D:\usgs_splib07\../GIFplots/GIFplots_splib07a/splib07a_Wavelengths_ASD_0.35-2.5_microns_2151_ch.gif,D:\usgs_splib07\../GIFplots/GIFplots_splib07a/splib07a_Bandpass_(FWHM)_ASDHR_High-Resolution.gif
Oil23_Water77 DWH10-3 1.85mm ASDHRa AREF,D:\usgs_splib07\../HTMLmetadata/Oil23_Water77_DWH10-3_1.85mm_ASDHRa_AREF.html,D:\usgs_splib07\../ASCIIdata/ASCIIdata_splib07a/ChapterA_ArtificialMaterials/splib07a_Oil23_Water77_DWH10-3_1.85mm_ASDHRa_AREF.txt,,D:\usgs_splib07\../ASCIIdata/ASCIIdata_splib07a/splib07a_Wavelengths_ASD_0.35-2.5_microns_2151_ch.txt,D:\usgs_splib07\../ASCIIdata/ASCIIdata_splib07a/splib07a_Bandpass_(FWHM)_ASDHR_High-Resolution.txt,D:\usgs_splib07\../GIFplots/GIFplots_splib07a/ChapterA_ArtificialMaterials/splib07a_Oil23_Water77_DWH10-3_1.85mm_ASDHRa_AREF.gif,D:\usgs_splib07\../GIFplots/GIFplots_splib07a/plots_by_wavelength_region/range1_uv_to_visible/splib07a_Oil23_Water77_DWH10-3_1.85mm_ASDHRa_AREF_range1_uv_to_vis.gif,D:\usgs_splib07\../GIFplots/GIFplots_splib07a/plots_by_wavelength_region/range2_visible_to_swir/splib07a_Oil23_Water77_DWH10-3_1.85mm_ASDHRa_AREF_range2_vis_to_swir.gif,D:\usgs_splib07\../GIFplots/GIFplots_splib07a/plots_by_wavelength_region/range3_swir/splib07a_Oil23_Water77_DWH10-3_1.85mm_ASDHRa_AREF_range3_swir.gif,,,D:\usgs_splib07\../GIFplots/GIFplots_splib07a/splib07a_Wavelengths_ASD_0.35-2.5_microns_2151_ch.gif,D:\usgs_splib07\../GIFplots/GIFplots_splib07a/splib07a_Bandpass_(FWHM)_ASDHR_High-Resolution.gif
Oil23_Water77 DWH10-3 4 mm   ASDHRa AREF,D:\usgs_splib07\../HTMLmetadata/Oil23_Water77_DWH10-3_4_mm_ASDHRa_AREF.html,D:\usgs_splib07\../ASCIIdata/ASCIIdata_splib07a/ChapterA_ArtificialMaterials/splib07a_Oil23_Water77_DWH10-3_4_mm_ASDHRa_AREF.txt,,D:\usgs_splib07\../ASCIIdata/ASCIIdata_splib07a/splib07a_Wavelengths_ASD_0.35-2.5_microns_2151_ch.txt,D:\usgs_splib07\../ASCIIdata/ASCIIdata_splib07a/splib07a_Bandpass_(FWHM)_ASDHR_High-Resolution.txt,D:\usgs_splib07\../GIFplots/GIFplots_splib07a/ChapterA_ArtificialMaterials/splib07a_Oil23_Water77_DWH10-3_4_mm_ASDHRa_AREF.gif,D:\usgs_splib07\../GIFplots/GIFplots_splib07a/plots_by_wavelength_region/range1_uv_to_visible/splib07a_Oil23_Water77_DWH10-3_4_mm_ASDHRa_AREF_range1_uv_to_vis.gif,D:\usgs_splib07\../GIFplots/GIFplots_splib07a/plots_by_wavelength_region/range2_visible_to_swir/splib07a_Oil23_Water77_DWH10-3_4_mm_ASDHRa_AREF_range2_vis_to_swir.gif,D:\usgs_splib07\../GIFplots/GIFplots_splib07a/plots_by_wavelength_region/range3_swir/splib07a_Oil23_Water77_DWH10-3_4_mm_ASDHRa_AREF_range3_swir.gif,,,D:\usgs_splib07\../GIFplots/GIFplots_splib07a/splib07a_Wavelengths_ASD_0.35-2.5_microns_2151_ch.gif,D:\usgs_splib07\../GIFplots/GIFplots_splib07a/splib07a_Bandpass_(FWHM)_ASDHR_High-Resolution.gif
Oil23_Water77 DWH10-3 8 mm   ASDHRa AREF,D:\usgs_splib07\../HTMLmetadata/Oil23_Water77_DWH10-3_8_mm_ASDHRa_AREF.html,D:\usgs_splib07\../ASCIIdata/ASCIIdata_splib07a/ChapterA_ArtificialMaterials/splib07a_Oil23_Water77_DWH10-3_8_mm_ASDHRa_AREF.txt,,D:\usgs_splib07\../ASCIIdata/ASCIIdata_splib07a/splib07a_Wavelengths_ASD_0.35-2.5_microns_2151_ch.txt,D:\usgs_splib07\../ASCIIdata/ASCIIdata_splib07a/splib07a_Bandpass_(FWHM)_ASDHR_High-Resolution.txt,D:\usgs_splib07\../GIFplots/GIFplots_splib07a/ChapterA_ArtificialMaterials/splib07a_Oil23_Water77_DWH10-3_8_mm_ASDHRa_AREF.gif,D:\usgs_splib07\../GIFplots/GIFplots_splib07a/plots_by_wavelength_region/range1_uv_to_visible/splib07a_Oil23_Water77_DWH10-3_8_mm_ASDHRa_AREF_range1_uv_to_vis.gif,D:\usgs_splib07\../GIFplots/GIFplots_splib07a/plots_by_wavelength_region/range2_visible_to_swir/splib07a_Oil23_Water77_DWH10-3_8_mm_ASDHRa_AREF_range2_vis_to_swir.gif,D:\usgs_splib07\../GIFplots/GIFplots_splib07a/plots_by_wavelength_region/range3_swir/splib07a_Oil23_Water77_DWH10-3_8_mm_ASDHRa_AREF_range3_swir.gif,,,D:\usgs_splib07\../GIFplots/GIFplots_splib07a/splib07a_Wavelengths_ASD_0.35-2.5_microns_2151_ch.gif,D:\usgs_splib07\../GIFplots/GIFplots_splib07a/splib07a_Bandpass_(FWHM)_ASDHR_High-Resolution.gif
Oil40_Water60 DWH10-3 0.05mm ASDHRa AREF,D:\usgs_splib07\../HTMLmetadata/Oil40_Water60_DWH10-3_0.05mm_ASDHRa_AREF.html,D:\usgs_splib07\../ASCIIdata/ASCIIdata_splib07a/ChapterA_ArtificialMaterials/splib07a_Oil40_Water60_DWH10-3_0.05mm_ASDHRa_AREF.txt,,D:\usgs_splib07\../ASCIIdata/ASCIIdata_splib07a/splib07a_Wavelengths_ASD_0.35-2.5_microns_2151_ch.txt,D:\usgs_splib07\../ASCIIdata/ASCIIdata_splib07a/splib07a_Bandpass_(FWHM)_ASDHR_High-Resolution.txt,D:\usgs_splib07\../GIFplots/GIFplots_splib07a/ChapterA_ArtificialMaterials/splib07a_Oil40_Water60_DWH10-3_0.05mm_ASDHRa_AREF.gif,D:\usgs_splib07\../GIFplots/GIFplots_splib07a/plots_by_wavelength_region/range1_uv_to_visible/splib07a_Oil40_Water60_DWH10-3_0.05mm_ASDHRa_AREF_range1_uv_to_vis.gif,D:\usgs_splib07\../GIFplots/GIFplots_splib07a/plots_by_wavelength_region/range2_visible_to_swir/splib07a_Oil40_Water60_DWH10-3_0.05mm_ASDHRa_AREF_range2_vis_to_swir.gif,D:\usgs_splib07\../GIFplots/GIFplots_splib07a/plots_by_wavelength_region/range3_swir/splib07a_Oil40_Water60_DWH10-3_0.05mm_ASDHRa_AREF_range3_swir.gif,,,D:\usgs_splib07\../GIFplots/GIFplots_splib07a/splib07a_Wavelengths_ASD_0.35-2.5_microns_2151_ch.gif,D:\usgs_splib07\../GIFplots/GIFplots_splib07a/splib07a_Bandpass_(FWHM)_ASDHR_High-Resolution.gif
Oil40_Water60 DWH10-3 0.1 mm ASDHRa AREF,D:\usgs_splib07\../HTMLmetadata/Oil40_Water60_DWH10-3_0.1_mm_ASDHRa_AREF.html,D:\usgs_splib07\../ASCIIdata/ASCIIdata_splib07a/ChapterA_ArtificialMaterials/splib07a_Oil40_Water60_DWH10-3_0.1_mm_ASDHRa_AREF.txt,,D:\usgs_splib07\../ASCIIdata/ASCIIdata_splib07a/splib07a_Wavelengths_ASD_0.35-2.5_microns_2151_ch.txt,D:\usgs_splib07\../ASCIIdata/ASCIIdata_splib07a/splib07a_Bandpass_(FWHM)_ASDHR_High-Resolution.txt,D:\usgs_splib07\../GIFplots/GIFplots_splib07a/ChapterA_ArtificialMaterials/splib07a_Oil40_Water60_DWH10-3_0.1_mm_ASDHRa_AREF.gif,D:\usgs_splib07\../GIFplots/GIFplots_splib07a/plots_by_wavelength_region/range1_uv_to_visible/splib07a_Oil40_Water60_DWH10-3_0.1_mm_ASDHRa_AREF_range1_uv_to_vis.gif,D:\usgs_splib07\../GIFplots/GIFplots_splib07a/plots_by_wavelength_region/range2_visible_to_swir/splib07a_Oil40_Water60_DWH10-3_0.1_mm_ASDHRa_AREF_range2_vis_to_swir.gif,D:\usgs_splib07\../GIFplots/GIFplots_splib07a/plots_by_wavelength_region/range3_swir/splib07a_Oil40_Water60_DWH10-3_0.1_mm_ASDHRa_AREF_range3_swir.gif,,,D:\usgs_splib07\../GIFplots/GIFplots_splib07a/splib07a_Wavelengths_ASD_0.35-2.5_microns_2151_ch.gif,D:\usgs_splib07\../GIFplots/GIFplots_splib07a/splib07a_Bandpass_(FWHM)_ASDHR_High-Resolution.gif
Oil40_Water60 DWH10-3 0.5 mm ASDHRa AREF,D:\usgs_splib07\../HTMLmetadata/Oil40_Water60_DWH10-3_0.5_mm_ASDHRa_AREF.html,D:\usgs_splib07\../ASCIIdata/ASCIIdata_splib07a/ChapterA_ArtificialMaterials/splib07a_Oil40_Water60_DWH10-3_0.5_mm_ASDHRa_AREF.txt,,D:\usgs_splib07\../ASCIIdata/ASCIIdata_splib07a/splib07a_Wavelengths_ASD_0.35-2.5_microns_2151_ch.txt,D:\usgs_splib07\../ASCIIdata/ASCIIdata_splib07a/splib07a_Bandpass_(FWHM)_ASDHR_High-Resolution.txt,D:\usgs_splib07\../GIFplots/GIFplots_splib07a/ChapterA_ArtificialMaterials/splib07a_Oil40_Water60_DWH10-3_0.5_mm_ASDHRa_AREF.gif,D:\usgs_splib07\../GIFplots/GIFplots_splib07a/plots_by_wavelength_region/range1_uv_to_visible/splib07a_Oil40_Water60_DWH10-3_0.5_mm_ASDHRa_AREF_range1_uv_to_vis.gif,D:\usgs_splib07\../GIFplots/GIFplots_splib07a/plots_by_wavelength_region/range2_visible_to_swir/splib07a_Oil40_Water60_DWH10-3_0.5_mm_ASDHRa_AREF_range2_vis_to_swir.gif,D:\usgs_splib07\../GIFplots/GIFplots_splib07a/plots_by_wavelength_region/range3_swir/splib07a_Oil40_Water60_DWH10-3_0.5_mm_ASDHRa_AREF_range3_swir.gif,,,D:\usgs_splib07\../GIFplots/GIFplots_splib07a/splib07a_Wavelengths_ASD_0.35-2.5_microns_2151_ch.gif,D:\usgs_splib07\../GIFplots/GIFplots_splib07a/splib07a_Bandpass_(FWHM)_ASDHR_High-Resolution.gif
Oil40_Water60 DWH10-3 1.85mm ASDHRa AREF,D:\usgs_splib07\../HTMLmetadata/Oil40_Water60_DWH10-3_1.85mm_ASDHRa_AREF.html,D:\usgs_splib07\../ASCIIdata/ASCIIdata_splib07a/ChapterA_ArtificialMaterials/splib07a_Oil40_Water60_DWH10-3_1.85mm_ASDHRa_AREF.txt,,D:\usgs_splib07\../ASCIIdata/ASCIIdata_splib07a/splib07a_Wavelengths_ASD_0.35-2.5_microns_2151_ch.txt,D:\usgs_splib07\../ASCIIdata/ASCIIdata_splib07a/splib07a_Bandpass_(FWHM)_ASDHR_High-Resolution.txt,D:\usgs_splib07\../GIFplots/GIFplots_splib07a/ChapterA_ArtificialMaterials/splib07a_Oil40_Water60_DWH10-3_1.85mm_ASDHRa_AREF.gif,D:\usgs_splib07\../GIFplots/GIFplots_splib07a/plots_by_wavelength_region/range1_uv_to_visible/splib07a_Oil40_Water60_DWH10-3_1.85mm_ASDHRa_AREF_range1_uv_to_vis.gif,D:\usgs_splib07\../GIFplots/GIFplots_splib07a/plots_by_wavelength_region/range2_visible_to_swir/splib07a_Oil40_Water60_DWH10-3_1.85mm_ASDHRa_AREF_range2_vis_to_swir.gif,D:\usgs_splib07\../GIFplots/GIFplots_splib07a/plots_by_wavelength_region/range3_swir/splib07a_Oil40_Water60_DWH10-3_1.85mm_ASDHRa_AREF_range3_swir.gif,,,D:\usgs_splib07\../GIFplots/GIFplots_splib07a/splib07a_Wavelengths_ASD_0.35-2.5_microns_2151_ch.gif,D:\usgs_splib07\../GIFplots/GIFplots_splib07a/splib07a_Bandpass_(FWHM)_ASDHR_High-Resolution.gif
Oil40_Water60 DWH10-3 4 mm   ASDHRa AREF,D:\usgs_splib07\../HTMLmetadata/Oil40_Water60_DWH10-3_4_mm_ASDHRa_AREF.html,D:\usgs_splib07\../ASCIIdata/ASCIIdata_splib07a/ChapterA_ArtificialMaterials/splib07a_Oil40_Water60_DWH10-3_4_mm_ASDHRa_AREF.txt,,D:\usgs_splib07\../ASCIIdata/ASCIIdata_splib07a/splib07a_Wavelengths_ASD_0.35-2.5_microns_2151_ch.txt,D:\usgs_splib07\../ASCIIdata/ASCIIdata_splib07a/splib07a_Bandpass_(FWHM)_ASDHR_High-Resolution.txt,D:\usgs_splib07\../GIFplots/GIFplots_splib07a/ChapterA_ArtificialMaterials/splib07a_Oil40_Water60_DWH10-3_4_mm_ASDHRa_AREF.gif,D:\usgs_splib07\../GIFplots/GIFplots_splib07a/plots_by_wavelength_region/range1_uv_to_visible/splib07a_Oil40_Water60_DWH10-3_4_mm_ASDHRa_AREF_range1_uv_to_vis.gif,D:\usgs_splib07\../GIFplots/GIFplots_splib07a/plots_by_wavelength_region/range2_visible_to_swir/splib07a_Oil40_Water60_DWH10-3_4_mm_ASDHRa_AREF_range2_vis_to_swir.gif,D:\usgs_splib07\../GIFplots/GIFplots_splib07a/plots_by_wavelength_region/range3_swir/splib07a_Oil40_Water60_DWH10-3_4_mm_ASDHRa_AREF_range3_swir.gif,,,D:\usgs_splib07\../GIFplots/GIFplots_splib07a/splib07a_Wavelengths_ASD_0.35-2.5_microns_2151_ch.gif,D:\usgs_splib07\../GIFplots/GIFplots_splib07a/splib07a_Bandpass_(FWHM)_ASDHR_High-Resolution.gif
Oil40_Water60 DWH10-3 8 mm   ASDHRa AREF,D:\usgs_splib07\../HTMLmetadata/Oil40_Water60_DWH10-3_8_mm_ASDHRa_AREF.html,D:\usgs_splib07\../ASCIIdata/ASCIIdata_splib07a/ChapterA_ArtificialMaterials/splib07a_Oil40_Water60_DWH10-3_8_mm_ASDHRa_AREF.txt,,D:\usgs_splib07\../ASCIIdata/ASCIIdata_splib07a/splib07a_Wavelengths_ASD_0.35-2.5_microns_2151_ch.txt,D:\usgs_splib07\../ASCIIdata/ASCIIdata_splib07a/splib07a_Bandpass_(FWHM)_ASDHR_High-Resolution.txt,D:\usgs_splib07\../GIFplots/GIFplots_splib07a/ChapterA_ArtificialMaterials/splib07a_Oil40_Water60_DWH10-3_8_mm_ASDHRa_AREF.gif,D:\usgs_splib07\../GIFplots/GIFplots_splib07a/plots_by_wavelength_region/range1_uv_to_visible/splib07a_Oil40_Water60_DWH10-3_8_mm_ASDHRa_AREF_range1_uv_to_vis.gif,D:\usgs_splib07\../GIFplots/GIFplots_splib07a/plots_by_wavelength_region/range2_visible_to_swir/splib07a_Oil40_Water60_DWH10-3_8_mm_ASDHRa_AREF_range2_vis_to_swir.gif,D:\usgs_splib07\../GIFplots/GIFplots_splib07a/plots_by_wavelength_region/range3_swir/splib07a_Oil40_Water60_DWH10-3_8_mm_ASDHRa_AREF_range3_swir.gif,,,D:\usgs_splib07\../GIFplots/GIFplots_splib07a/splib07a_Wavelengths_ASD_0.35-2.5_microns_2151_ch.gif,D:\usgs_splib07\../GIFplots/GIFplots_splib07a/splib07a_Bandpass_(FWHM)_ASDHR_High-Resolution.gif
Oil60_Water40 DWH10-3 .025mm ASDHRa AREF,D:\usgs_splib07\../HTMLmetadata/Oil60_Water40_DWH10-3_.025mm_ASDHRa_AREF.html,D:\usgs_splib07\../ASCIIdata/ASCIIdata_splib07a/ChapterA_ArtificialMaterials/splib07a_Oil60_Water40_DWH10-3_.025mm_ASDHRa_AREF.txt,,D:\usgs_splib07\../ASCIIdata/ASCIIdata_splib07a/splib07a_Wavelengths_ASD_0.35-2.5_microns_2151_ch.txt,D:\usgs_splib07\../ASCIIdata/ASCIIdata_splib07a/splib07a_Bandpass_(FWHM)_ASDHR_High-Resolution.txt,D:\usgs_splib07\../GIFplots/GIFplots_splib07a/ChapterA_ArtificialMaterials/splib07a_Oil60_Water40_DWH10-3_.025mm_ASDHRa_AREF.gif,D:\usgs_splib07\../GIFplots/GIFplots_splib07a/plots_by_wavelength_region/range1_uv_to_visible/splib07a_Oil60_Water40_DWH10-3_.025mm_ASDHRa_AREF_range1_uv_to_vis.gif,D:\usgs_splib07\../GIFplots/GIFplots_splib07a/plots_by_wavelength_region/range2_visible_to_swir/splib07a_Oil60_Water40_DWH10-3_.025mm_ASDHRa_AREF_range2_vis_to_swir.gif,D:\usgs_splib07\../GIFplots/GIFplots_splib07a/plots_by_wavelength_region/range3_swir/splib07a_Oil60_Water40_DWH10-3_.025mm_ASDHRa_AREF_range3_swir.gif,,,D:\usgs_splib07\../GIFplots/GIFplots_splib07a/splib07a_Wavelengths_ASD_0.35-2.5_microns_2151_ch.gif,D:\usgs_splib07\../GIFplots/GIFplots_splib07a/splib07a_Bandpass_(FWHM)_ASDHR_High-Resolution.gif
Oil60_Water40 DWH10-3 0.05mm ASDHRa AREF,D:\usgs_splib07\../HTMLmetadata/Oil60_Water40_DWH10-3_0.05mm_ASDHRa_AREF.html,D:\usgs_splib07\../ASCIIdata/ASCIIdata_splib07a/ChapterA_ArtificialMaterials/splib07a_Oil60_Water40_DWH10-3_0.05mm_ASDHRa_AREF.txt,,D:\usgs_splib07\../ASCIIdata/ASCIIdata_splib07a/splib07a_Wavelengths_ASD_0.35-2.5_microns_2151_ch.txt,D:\usgs_splib07\../ASCIIdata/ASCIIdata_splib07a/splib07a_Bandpass_(FWHM)_ASDHR_High-Resolution.txt,D:\usgs_splib07\../GIFplots/GIFplots_splib07a/ChapterA_ArtificialMaterials/splib07a_Oil60_Water40_DWH10-3_0.05mm_ASDHRa_AREF.gif,D:\usgs_splib07\../GIFplots/GIFplots_splib07a/plots_by_wavelength_region/range1_uv_to_visible/splib07a_Oil60_Water40_DWH10-3_0.05mm_ASDHRa_AREF_range1_uv_to_vis.gif,D:\usgs_splib07\../GIFplots/GIFplots_splib07a/plots_by_wavelength_region/range2_visible_to_swir/splib07a_Oil60_Water40_DWH10-3_0.05mm_ASDHRa_AREF_range2_vis_to_swir.gif,D:\usgs_splib07\../GIFplots/GIFplots_splib07a/plots_by_wavelength_region/range3_swir/splib07a_Oil60_Water40_DWH10-3_0.05mm_ASDHRa_AREF_range3_swir.gif,,,D:\usgs_splib07\../GIFplots/GIFplots_splib07a/splib07a_Wavelengths_ASD_0.35-2.5_microns_2151_ch.gif,D:\usgs_splib07\../GIFplots/GIFplots_splib07a/splib07a_Bandpass_(FWHM)_ASDHR_High-Resolution.gif
Oil60_Water40 DWH10-3 0.1 mm ASDHRa AREF,D:\usgs_splib07\../HTMLmetadata/Oil60_Water40_DWH10-3_0.1_mm_ASDHRa_AREF.html,D:\usgs_splib07\../ASCIIdata/ASCIIdata_splib07a/ChapterA_ArtificialMaterials/splib07a_Oil60_Water40_DWH10-3_0.1_mm_ASDHRa_AREF.txt,,D:\usgs_splib07\../ASCIIdata/ASCIIdata_splib07a/splib07a_Wavelengths_ASD_0.35-2.5_microns_2151_ch.txt,D:\usgs_splib07\../ASCIIdata/ASCIIdata_splib07a/splib07a_Bandpass_(FWHM)_ASDHR_High-Resolution.txt,D:\usgs_splib07\../GIFplots/GIFplots_splib07a/ChapterA_ArtificialMaterials/splib07a_Oil60_Water40_DWH10-3_0.1_mm_ASDHRa_AREF.gif,D:\usgs_splib07\../GIFplots/GIFplots_splib07a/plots_by_wavelength_region/range1_uv_to_visible/splib07a_Oil60_Water40_DWH10-3_0.1_mm_ASDHRa_AREF_range1_uv_to_vis.gif,D:\usgs_splib07\../GIFplots/GIFplots_splib07a/plots_by_wavelength_region/range2_visible_to_swir/splib07a_Oil60_Water40_DWH10-3_0.1_mm_ASDHRa_AREF_range2_vis_to_swir.gif,D:\usgs_splib07\../GIFplots/GIFplots_splib07a/plots_by_wavelength_region/range3_swir/splib07a_Oil60_Water40_DWH10-3_0.1_mm_ASDHRa_AREF_range3_swir.gif,,,D:\usgs_splib07\../GIFplots/GIFplots_splib07a/splib07a_Wavelengths_ASD_0.35-2.5_microns_2151_ch.gif,D:\usgs_splib07\../GIFplots/GIFplots_splib07a/splib07a_Bandpass_(FWHM)_ASDHR_High-Resolution.gif
Oil60_Water40 DWH10-3 0.5 mm ASDHRa AREF,D:\usgs_splib07\../HTMLmetadata/Oil60_Water40_DWH10-3_0.5_mm_ASDHRa_AREF.html,D:\usgs_splib07\../ASCIIdata/ASCIIdata_splib07a/ChapterA_ArtificialMaterials/splib07a_Oil60_Water40_DWH10-3_0.5_mm_ASDHRa_AREF.txt,,D:\usgs_splib07\../ASCIIdata/ASCIIdata_splib07a/splib07a_Wavelengths_ASD_0.35-2.5_microns_2151_ch.txt,D:\usgs_splib07\../ASCIIdata/ASCIIdata_splib07a/splib07a_Bandpass_(FWHM)_ASDHR_High-Resolution.txt,D:\usgs_splib07\../GIFplots/GIFplots_splib07a/ChapterA_ArtificialMaterials/splib07a_Oil60_Water40_DWH10-3_0.5_mm_ASDHRa_AREF.gif,D:\usgs_splib07\../GIFplots/GIFplots_splib07a/plots_by_wavelength_region/range1_uv_to_visible/splib07a_Oil60_Water40_DWH10-3_0.5_mm_ASDHRa_AREF_range1_uv_to_vis.gif,D:\usgs_splib07\../GIFplots/GIFplots_splib07a/plots_by_wavelength_region/range2_visible_to_swir/splib07a_Oil60_Water40_DWH10-3_0.5_mm_ASDHRa_AREF_range2_vis_to_swir.gif,D:\usgs_splib07\../GIFplots/GIFplots_splib07a/plots_by_wavelength_region/range3_swir/splib07a_Oil60_Water40_DWH10-3_0.5_mm_ASDHRa_AREF_range3_swir.gif,,,D:\usgs_splib07\../GIFplots/GIFplots_splib07a/splib07a_Wavelengths_ASD_0.35-2.5_microns_2151_ch.gif,D:\usgs_splib07\../GIFplots/GIFplots_splib07a/splib07a_Bandpass_(FWHM)_ASDHR_High-Resolution.gif
Oil60_Water40 DWH10-3 1.85mm ASDHRa AREF,D:\usgs_splib07\../HTMLmetadata/Oil60_Water40_DWH10-3_1.85mm_ASDHRa_AREF.html,D:\usgs_splib07\../ASCIIdata/ASCIIdata_splib07a/ChapterA_ArtificialMaterials/splib07a_Oil60_Water40_DWH10-3_1.85mm_ASDHRa_AREF.txt,,D:\usgs_splib07\../ASCIIdata/ASCIIdata_splib07a/splib07a_Wavelengths_ASD_0.35-2.5_microns_2151_ch.txt,D:\usgs_splib07\../ASCIIdata/ASCIIdata_splib07a/splib07a_Bandpass_(FWHM)_ASDHR_High-Resolution.txt,D:\usgs_splib07\../GIFplots/GIFplots_splib07a/ChapterA_ArtificialMaterials/splib07a_Oil60_Water40_DWH10-3_1.85mm_ASDHRa_AREF.gif,D:\usgs_splib07\../GIFplots/GIFplots_splib07a/plots_by_wavelength_region/range1_uv_to_visible/splib07a_Oil60_Water40_DWH10-3_1.85mm_ASDHRa_AREF_range1_uv_to_vis.gif,D:\usgs_splib07\../GIFplots/GIFplots_splib07a/plots_by_wavelength_region/range2_visible_to_swir/splib07a_Oil60_Water40_DWH10-3_1.85mm_ASDHRa_AREF_range2_vis_to_swir.gif,D:\usgs_splib07\../GIFplots/GIFplots_splib07a/plots_by_wavelength_region/range3_swir/splib07a_Oil60_Water40_DWH10-3_1.85mm_ASDHRa_AREF_range3_swir.gif,,,D:\usgs_splib07\../GIFplots/GIFplots_splib07a/splib07a_Wavelengths_ASD_0.35-2.5_microns_2151_ch.gif,D:\usgs_splib07\../GIFplots/GIFplots_splib07a/splib07a_Bandpass_(FWHM)_ASDHR_High-Resolution.gif
Oil60_Water40 DWH10-3 4 mm   ASDHRa AREF,D:\usgs_splib07\../HTMLmetadata/Oil60_Water40_DWH10-3_4_mm_ASDHRa_AREF.html,D:\usgs_splib07\../ASCIIdata/ASCIIdata_splib07a/ChapterA_ArtificialMaterials/splib07a_Oil60_Water40_DWH10-3_4_mm_ASDHRa_AREF.txt,,D:\usgs_splib07\../ASCIIdata/ASCIIdata_splib07a/splib07a_Wavelengths_ASD_0.35-2.5_microns_2151_ch.txt,D:\usgs_splib07\../ASCIIdata/ASCIIdata_splib07a/splib07a_Bandpass_(FWHM)_ASDHR_High-Resolution.txt,D:\usgs_splib07\../GIFplots/GIFplots_splib07a/ChapterA_ArtificialMaterials/splib07a_Oil60_Water40_DWH10-3_4_mm_ASDHRa_AREF.gif,D:\usgs_splib07\../GIFplots/GIFplots_splib07a/plots_by_wavelength_region/range1_uv_to_visible/splib07a_Oil60_Water40_DWH10-3_4_mm_ASDHRa_AREF_range1_uv_to_vis.gif,D:\usgs_splib07\../GIFplots/GIFplots_splib07a/plots_by_wavelength_region/range2_visible_to_swir/splib07a_Oil60_Water40_DWH10-3_4_mm_ASDHRa_AREF_range2_vis_to_swir.gif,D:\usgs_splib07\../GIFplots/GIFplots_splib07a/plots_by_wavelength_region/range3_swir/splib07a_Oil60_Water40_DWH10-3_4_mm_ASDHRa_AREF_range3_swir.gif,,,D:\usgs_splib07\../GIFplots/GIFplots_splib07a/splib07a_Wavelengths_ASD_0.35-2.5_microns_2151_ch.gif,D:\usgs_splib07\../GIFplots/GIFplots_splib07a/splib07a_Bandpass_(FWHM)_ASDHR_High-Resolution.gif
Oil60_Water40 DWH10-3 8 mm   ASDHRa AREF,D:\usgs_splib07\../HTMLmetadata/Oil60_Water40_DWH10-3_8_mm_ASDHRa_AREF.html,D:\usgs_splib07\../ASCIIdata/ASCIIdata_splib07a/ChapterA_ArtificialMaterials/splib07a_Oil60_Water40_DWH10-3_8_mm_ASDHRa_AREF.txt,,D:\usgs_splib07\../ASCIIdata/ASCIIdata_splib07a/splib07a_Wavelengths_ASD_0.35-2.5_microns_2151_ch.txt,D:\usgs_splib07\../ASCIIdata/ASCIIdata_splib07a/splib07a_Bandpass_(FWHM)_ASDHR_High-Resolution.txt,D:\usgs_splib07\../GIFplots/GIFplots_splib07a/ChapterA_ArtificialMaterials/splib07a_Oil60_Water40_DWH10-3_8_mm_ASDHRa_AREF.gif,D:\usgs_splib07\../GIFplots/GIFplots_splib07a/plots_by_wavelength_region/range1_uv_to_visible/splib07a_Oil60_Water40_DWH10-3_8_mm_ASDHRa_AREF_range1_uv_to_vis.gif,D:\usgs_splib07\../GIFplots/GIFplots_splib07a/plots_by_wavelength_region/range2_visible_to_swir/splib07a_Oil60_Water40_DWH10-3_8_mm_ASDHRa_AREF_range2_vis_to_swir.gif,D:\usgs_splib07\../GIFplots/GIFplots_splib07a/plots_by_wavelength_region/range3_swir/splib07a_Oil60_Water40_DWH10-3_8_mm_ASDHRa_AREF_range3_swir.gif,,,D:\usgs_splib07\../GIFplots/GIFplots_splib07a/splib07a_Wavelengths_ASD_0.35-2.5_microns_2151_ch.gif,D:\usgs_splib07\../GIFplots/GIFplots_splib07a/splib07a_Bandpass_(FWHM)_ASDHR_High-Resolution.gif
Oil75_Water25 DWH10-3 8 mm   ASDHRa AREF,D:\usgs_splib07\../HTMLmetadata/Oil75_Water25_DWH10-3_8_mm_ASDHRa_AREF.html,D:\usgs_splib07\../ASCIIdata/ASCIIdata_splib07a/ChapterA_ArtificialMaterials/splib07a_Oil75_Water25_DWH10-3_8_mm_ASDHRa_AREF.txt,,D:\usgs_splib07\../ASCIIdata/ASCIIdata_splib07a/splib07a_Wavelengths_ASD_0.35-2.5_microns_2151_ch.txt,D:\usgs_splib07\../ASCIIdata/ASCIIdata_splib07a/splib07a_Bandpass_(FWHM)_ASDHR_High-Resolution.txt,D:\usgs_splib07\../GIFplots/GIFplots_splib07a/ChapterA_ArtificialMaterials/splib07a_Oil75_Water25_DWH10-3_8_mm_ASDHRa_AREF.gif,D:\usgs_splib07\../GIFplots/GIFplots_splib07a/plots_by_wavelength_region/range1_uv_to_visible/splib07a_Oil75_Water25_DWH10-3_8_mm_ASDHRa_AREF_range1_uv_to_vis.gif,D:\usgs_splib07\../GIFplots/GIFplots_splib07a/plots_by_wavelength_region/range2_visible_to_swir/splib07a_Oil75_Water25_DWH10-3_8_mm_ASDHRa_AREF_range2_vis_to_swir.gif,D:\usgs_splib07\../GIFplots/GIFplots_splib07a/plots_by_wavelength_region/range3_swir/splib07a_Oil75_Water25_DWH10-3_8_mm_ASDHRa_AREF_range3_swir.gif,,,D:\usgs_splib07\../GIFplots/GIFplots_splib07a/splib07a_Wavelengths_ASD_0.35-2.5_microns_2151_ch.gif,D:\usgs_splib07\../GIFplots/GIFplots_splib07a/splib07a_Bandpass_(FWHM)_ASDHR_High-Resolution.gif
Oil92_Water08 DWH10-3 0.05mm ASDHRa AREF,D:\usgs_splib07\../HTMLmetadata/Oil92_Water08_DWH10-3_0.05mm_ASDHRa_AREF.html,D:\usgs_splib07\../ASCIIdata/ASCIIdata_splib07a/ChapterA_ArtificialMaterials/splib07a_Oil92_Water08_DWH10-3_0.05mm_ASDHRa_AREF.txt,,D:\usgs_splib07\../ASCIIdata/ASCIIdata_splib07a/splib07a_Wavelengths_ASD_0.35-2.5_microns_2151_ch.txt,D:\usgs_splib07\../ASCIIdata/ASCIIdata_splib07a/splib07a_Bandpass_(FWHM)_ASDHR_High-Resolution.txt,D:\usgs_splib07\../GIFplots/GIFplots_splib07a/ChapterA_ArtificialMaterials/splib07a_Oil92_Water08_DWH10-3_0.05mm_ASDHRa_AREF.gif,D:\usgs_splib07\../GIFplots/GIFplots_splib07a/plots_by_wavelength_region/range1_uv_to_visible/splib07a_Oil92_Water08_DWH10-3_0.05mm_ASDHRa_AREF_range1_uv_to_vis.gif,D:\usgs_splib07\../GIFplots/GIFplots_splib07a/plots_by_wavelength_region/range2_visible_to_swir/splib07a_Oil92_Water08_DWH10-3_0.05mm_ASDHRa_AREF_range2_vis_to_swir.gif,D:\usgs_splib07\../GIFplots/GIFplots_splib07a/plots_by_wavelength_region/range3_swir/splib07a_Oil92_Water08_DWH10-3_0.05mm_ASDHRa_AREF_range3_swir.gif,,,D:\usgs_splib07\../GIFplots/GIFplots_splib07a/splib07a_Wavelengths_ASD_0.35-2.5_microns_2151_ch.gif,D:\usgs_splib07\../GIFplots/GIFplots_splib07a/splib07a_Bandpass_(FWHM)_ASDHR_High-Resolution.gif
Oil92_Water08 DWH10-3 0.1 mm ASDHRa AREF,D:\usgs_splib07\../HTMLmetadata/Oil92_Water08_DWH10-3_0.1_mm_ASDHRa_AREF.html,D:\usgs_splib07\../ASCIIdata/ASCIIdata_splib07a/ChapterA_ArtificialMaterials/splib07a_Oil92_Water08_DWH10-3_0.1_mm_ASDHRa_AREF.txt,,D:\usgs_splib07\../ASCIIdata/ASCIIdata_splib07a/splib07a_Wavelengths_ASD_0.35-2.5_microns_2151_ch.txt,D:\usgs_splib07\../ASCIIdata/ASCIIdata_splib07a/splib07a_Bandpass_(FWHM)_ASDHR_High-Resolution.txt,D:\usgs_splib07\../GIFplots/GIFplots_splib07a/ChapterA_ArtificialMaterials/splib07a_Oil92_Water08_DWH10-3_0.1_mm_ASDHRa_AREF.gif,D:\usgs_splib07\../GIFplots/GIFplots_splib07a/plots_by_wavelength_region/range1_uv_to_visible/splib07a_Oil92_Water08_DWH10-3_0.1_mm_ASDHRa_AREF_range1_uv_to_vis.gif,D:\usgs_splib07\../GIFplots/GIFplots_splib07a/plots_by_wavelength_region/range2_visible_to_swir/splib07a_Oil92_Water08_DWH10-3_0.1_mm_ASDHRa_AREF_range2_vis_to_swir.gif,D:\usgs_splib07\../GIFplots/GIFplots_splib07a/plots_by_wavelength_region/range3_swir/splib07a_Oil92_Water08_DWH10-3_0.1_mm_ASDHRa_AREF_range3_swir.gif,,,D:\usgs_splib07\../GIFplots/GIFplots_splib07a/splib07a_Wavelengths_ASD_0.35-2.5_microns_2151_ch.gif,D:\usgs_splib07\../GIFplots/GIFplots_splib07a/splib07a_Bandpass_(FWHM)_ASDHR_High-Resolution.gif
Oil92_Water08 DWH10-3 0.5 mm ASDHRa AREF,D:\usgs_splib07\../HTMLmetadata/Oil92_Water08_DWH10-3_0.5_mm_ASDHRa_AREF.html,D:\usgs_splib07\../ASCIIdata/ASCIIdata_splib07a/ChapterA_ArtificialMaterials/splib07a_Oil92_Water08_DWH10-3_0.5_mm_ASDHRa_AREF.txt,,D:\usgs_splib07\../ASCIIdata/ASCIIdata_splib07a/splib07a_Wavelengths_ASD_0.35-2.5_microns_2151_ch.txt,D:\usgs_splib07\../ASCIIdata/ASCIIdata_splib07a/splib07a_Bandpass_(FWHM)_ASDHR_High-Resolution.txt,D:\usgs_splib07\../GIFplots/GIFplots_splib07a/ChapterA_ArtificialMaterials/splib07a_Oil92_Water08_DWH10-3_0.5_mm_ASDHRa_AREF.gif,D:\usgs_splib07\../GIFplots/GIFplots_splib07a/plots_by_wavelength_region/range1_uv_to_visible/splib07a_Oil92_Water08_DWH10-3_0.5_mm_ASDHRa_AREF_range1_uv_to_vis.gif,D:\usgs_splib07\../GIFplots/GIFplots_splib07a/plots_by_wavelength_region/range2_visible_to_swir/splib07a_Oil92_Water08_DWH10-3_0.5_mm_ASDHRa_AREF_range2_vis_to_swir.gif,D:\usgs_splib07\../GIFplots/GIFplots_splib07a/plots_by_wavelength_region/range3_swir/splib07a_Oil92_Water08_DWH10-3_0.5_mm_ASDHRa_AREF_range3_swir.gif,,,D:\usgs_splib07\../GIFplots/GIFplots_splib07a/splib07a_Wavelengths_ASD_0.35-2.5_microns_2151_ch.gif,D:\usgs_splib07\../GIFplots/GIFplots_splib07a/splib07a_Bandpass_(FWHM)_ASDHR_High-Resolution.gif
Oil92_Water08 DWH10-3 1.85mm ASDHRa AREF,D:\usgs_splib07\../HTMLmetadata/Oil92_Water08_DWH10-3_1.85mm_ASDHRa_AREF.html,D:\usgs_splib07\../ASCIIdata/ASCIIdata_splib07a/ChapterA_ArtificialMaterials/splib07a_Oil92_Water08_DWH10-3_1.85mm_ASDHRa_AREF.txt,,D:\usgs_splib07\../ASCIIdata/ASCIIdata_splib07a/splib07a_Wavelengths_ASD_0.35-2.5_microns_2151_ch.txt,D:\usgs_splib07\../ASCIIdata/ASCIIdata_splib07a/splib07a_Bandpass_(FWHM)_ASDHR_High-Resolution.txt,D:\usgs_splib07\../GIFplots/GIFplots_splib07a/ChapterA_ArtificialMaterials/splib07a_Oil92_Water08_DWH10-3_1.85mm_ASDHRa_AREF.gif,D:\usgs_splib07\../GIFplots/GIFplots_splib07a/plots_by_wavelength_region/range1_uv_to_visible/splib07a_Oil92_Water08_DWH10-3_1.85mm_ASDHRa_AREF_range1_uv_to_vis.gif,D:\usgs_splib07\../GIFplots/GIFplots_splib07a/plots_by_wavelength_region/range2_visible_to_swir/splib07a_Oil92_Water08_DWH10-3_1.85mm_ASDHRa_AREF_range2_vis_to_swir.gif,D:\usgs_splib07\../GIFplots/GIFplots_splib07a/plots_by_wavelength_region/range3_swir/splib07a_Oil92_Water08_DWH10-3_1.85mm_ASDHRa_AREF_range3_swir.gif,,,D:\usgs_splib07\../GIFplots/GIFplots_splib07a/splib07a_Wavelengths_ASD_0.35-2.5_microns_2151_ch.gif,D:\usgs_splib07\../GIFplots/GIFplots_splib07a/splib07a_Bandpass_(FWHM)_ASDHR_High-Resolution.gif
Oil92_Water08 DWH10-3 4 mm   ASDHRa AREF,D:\usgs_splib07\../HTMLmetadata/Oil92_Water08_DWH10-3_4_mm_ASDHRa_AREF.html,D:\usgs_splib07\../ASCIIdata/ASCIIdata_splib07a/ChapterA_ArtificialMaterials/splib07a_Oil92_Water08_DWH10-3_4_mm_ASDHRa_AREF.txt,,D:\usgs_splib07\../ASCIIdata/ASCIIdata_splib07a/splib07a_Wavelengths_ASD_0.35-2.5_microns_2151_ch.txt,D:\usgs_splib07\../ASCIIdata/ASCIIdata_splib07a/splib07a_Bandpass_(FWHM)_ASDHR_High-Resolution.txt,D:\usgs_splib07\../GIFplots/GIFplots_splib07a/ChapterA_ArtificialMaterials/splib07a_Oil92_Water08_DWH10-3_4_mm_ASDHRa_AREF.gif,D:\usgs_splib07\../GIFplots/GIFplots_splib07a/plots_by_wavelength_region/range1_uv_to_visible/splib07a_Oil92_Water08_DWH10-3_4_mm_ASDHRa_AREF_range1_uv_to_vis.gif,D:\usgs_splib07\../GIFplots/GIFplots_splib07a/plots_by_wavelength_region/range2_visible_to_swir/splib07a_Oil92_Water08_DWH10-3_4_mm_ASDHRa_AREF_range2_vis_to_swir.gif,D:\usgs_splib07\../GIFplots/GIFplots_splib07a/plots_by_wavelength_region/range3_swir/splib07a_Oil92_Water08_DWH10-3_4_mm_ASDHRa_AREF_range3_swir.gif,,,D:\usgs_splib07\../GIFplots/GIFplots_splib07a/splib07a_Wavelengths_ASD_0.35-2.5_microns_2151_ch.gif,D:\usgs_splib07\../GIFplots/GIFplots_splib07a/splib07a_Bandpass_(FWHM)_ASDHR_High-Resolution.gif
Oil_Water_Benzene10 DWH10-3  ASDHRa AREF,D:\usgs_splib07\../HTMLmetadata/Oil_Water_Benzene10_DWH10-3_ASDHRa_AREF.html,D:\usgs_splib07\../ASCIIdata/ASCIIdata_splib07a/ChapterA_ArtificialMaterials/splib07a_Oil_Water_Benzene10_DWH10-3_ASDHRa_AREF.txt,,D:\usgs_splib07\../ASCIIdata/ASCIIdata_splib07a/splib07a_Wavelengths_ASD_0.35-2.5_microns_2151_ch.txt,D:\usgs_splib07\../ASCIIdata/ASCIIdata_splib07a/splib07a_Bandpass_(FWHM)_ASDHR_High-Resolution.txt,D:\usgs_splib07\../GIFplots/GIFplots_splib07a/ChapterA_ArtificialMaterials/splib07a_Oil_Water_Benzene10_DWH10-3_ASDHRa_AREF.gif,D:\usgs_splib07\../GIFplots/GIFplots_splib07a/plots_by_wavelength_region/range1_uv_to_visible/splib07a_Oil_Water_Benzene10_DWH10-3_ASDHRa_AREF_range1_uv_to_vis.gif,D:\usgs_splib07\../GIFplots/GIFplots_splib07a/plots_by_wavelength_region/range2_visible_to_swir/splib07a_Oil_Water_Benzene10_DWH10-3_ASDHRa_AREF_range2_vis_to_swir.gif,D:\usgs_splib07\../GIFplots/GIFplots_splib07a/plots_by_wavelength_region/range3_swir/splib07a_Oil_Water_Benzene10_DWH10-3_ASDHRa_AREF_range3_swir.gif,,,D:\usgs_splib07\../GIFplots/GIFplots_splib07a/splib07a_Wavelengths_ASD_0.35-2.5_microns_2151_ch.gif,D:\usgs_splib07\../GIFplots/GIFplots_splib07a/splib07a_Bandpass_(FWHM)_ASDHR_High-Resolution.gif
Oil_Water_Benzene17 DWH10-3  ASDHRa AREF,D:\usgs_splib07\../HTMLmetadata/Oil_Water_Benzene17_DWH10-3_ASDHRa_AREF.html,D:\usgs_splib07\../ASCIIdata/ASCIIdata_splib07a/ChapterA_ArtificialMaterials/splib07a_Oil_Water_Benzene17_DWH10-3_ASDHRa_AREF.txt,,D:\usgs_splib07\../ASCIIdata/ASCIIdata_splib07a/splib07a_Wavelengths_ASD_0.35-2.5_microns_2151_ch.txt,D:\usgs_splib07\../ASCIIdata/ASCIIdata_splib07a/splib07a_Bandpass_(FWHM)_ASDHR_High-Resolution.txt,D:\usgs_splib07\../GIFplots/GIFplots_splib07a/ChapterA_ArtificialMaterials/splib07a_Oil_Water_Benzene17_DWH10-3_ASDHRa_AREF.gif,D:\usgs_splib07\../GIFplots/GIFplots_splib07a/plots_by_wavelength_region/range1_uv_to_visible/splib07a_Oil_Water_Benzene17_DWH10-3_ASDHRa_AREF_range1_uv_to_vis.gif,D:\usgs_splib07\../GIFplots/GIFplots_splib07a/plots_by_wavelength_region/range2_visible_to_swir/splib07a_Oil_Water_Benzene17_DWH10-3_ASDHRa_AREF_range2_vis_to_swir.gif,D:\usgs_splib07\../GIFplots/GIFplots_splib07a/plots_by_wavelength_region/range3_swir/splib07a_Oil_Water_Benzene17_DWH10-3_ASDHRa_AREF_range3_swir.gif,,,D:\usgs_splib07\../GIFplots/GIFplots_splib07a/splib07a_Wavelengths_ASD_0.35-2.5_microns_2151_ch.gif,D:\usgs_splib07\../GIFplots/GIFplots_splib07a/splib07a_Bandpass_(FWHM)_ASDHR_High-Resolution.gif
Oxide_of_chromium GDS795     ASDFRa AREF,D:\usgs_splib07\../HTMLmetadata/Oxide_of_chromium_GDS795_ASDFRa_AREF.html,D:\usgs_splib07\../ASCIIdata/ASCIIdata_splib07a/ChapterA_ArtificialMaterials/splib07a_Oxide_of_chromium_GDS795_ASDFRa_AREF.txt,,D:\usgs_splib07\../ASCIIdata/ASCIIdata_splib07a/splib07a_Wavelengths_ASD_0.35-2.5_microns_2151_ch.txt,D:\usgs_splib07\../ASCIIdata/ASCIIdata_splib07a/splib07a_Bandpass_(FWHM)_ASDFR_StandardResolution.txt,D:\usgs_splib07\../GIFplots/GIFplots_splib07a/ChapterA_ArtificialMaterials/splib07a_Oxide_of_chromium_GDS795_ASDFRa_AREF.gif,D:\usgs_splib07\../GIFplots/GIFplots_splib07a/plots_by_wavelength_region/range1_uv_to_visible/splib07a_Oxide_of_chromium_GDS795_ASDFRa_AREF_range1_uv_to_vis.gif,D:\usgs_splib07\../GIFplots/GIFplots_splib07a/plots_by_wavelength_region/range2_visible_to_swir/splib07a_Oxide_of_chromium_GDS795_ASDFRa_AREF_range2_vis_to_swir.gif,D:\usgs_splib07\../GIFplots/GIFplots_splib07a/plots_by_wavelength_region/range3_swir/splib07a_Oxide_of_chromium_GDS795_ASDFRa_AREF_range3_swir.gif,,,D:\usgs_splib07\../GIFplots/GIFplots_splib07a/splib07a_Wavelengths_ASD_0.35-2.5_microns_2151_ch.gif,D:\usgs_splib07\../GIFplots/GIFplots_splib07a/splib07a_Bandpass_(FWHM)_ASDFR_StandardResolution.gif
Painted_Aluminum GDS333 LgGr ASDFRa AREF,D:\usgs_splib07\../HTMLmetadata/Painted_Aluminum_GDS333_LgGr_ASDFRa_AREF.html,D:\usgs_splib07\../ASCIIdata/ASCIIdata_splib07a/ChapterA_ArtificialMaterials/splib07a_Painted_Aluminum_GDS333_LgGr_ASDFRa_AREF.txt,,D:\usgs_splib07\../ASCIIdata/ASCIIdata_splib07a/splib07a_Wavelengths_ASD_0.35-2.5_microns_2151_ch.txt,D:\usgs_splib07\../ASCIIdata/ASCIIdata_splib07a/splib07a_Bandpass_(FWHM)_ASDFR_StandardResolution.txt,D:\usgs_splib07\../GIFplots/GIFplots_splib07a/ChapterA_ArtificialMaterials/splib07a_Painted_Aluminum_GDS333_LgGr_ASDFRa_AREF.gif,D:\usgs_splib07\../GIFplots/GIFplots_splib07a/plots_by_wavelength_region/range1_uv_to_visible/splib07a_Painted_Aluminum_GDS333_LgGr_ASDFRa_AREF_range1_uv_to_vis.gif,D:\usgs_splib07\../GIFplots/GIFplots_splib07a/plots_by_wavelength_region/range2_visible_to_swir/splib07a_Painted_Aluminum_GDS333_LgGr_ASDFRa_AREF_range2_vis_to_swir.gif,D:\usgs_splib07\../GIFplots/GIFplots_splib07a/plots_by_wavelength_region/range3_swir/splib07a_Painted_Aluminum_GDS333_LgGr_ASDFRa_AREF_range3_swir.gif,,,D:\usgs_splib07\../GIFplots/GIFplots_splib07a/splib07a_Wavelengths_ASD_0.35-2.5_microns_2151_ch.gif,D:\usgs_splib07\../GIFplots/GIFplots_splib07a/splib07a_Bandpass_(FWHM)_ASDFR_StandardResolution.gif
Paper_Cotton_Bond PAPR1 100% ASDFRa AREF,D:\usgs_splib07\../HTMLmetadata/Paper_Cotton_Bond_PAPR1_100%_ASDFRa_AREF.html,D:\usgs_splib07\../ASCIIdata/ASCIIdata_splib07a/ChapterA_ArtificialMaterials/splib07a_Paper_Cotton_Bond_PAPR1_100%_ASDFRa_AREF.txt,,D:\usgs_splib07\../ASCIIdata/ASCIIdata_splib07a/splib07a_Wavelengths_ASD_0.35-2.5_microns_2151_ch.txt,D:\usgs_splib07\../ASCIIdata/ASCIIdata_splib07a/splib07a_Bandpass_(FWHM)_ASDFR_StandardResolution.txt,D:\usgs_splib07\../GIFplots/GIFplots_splib07a/ChapterA_ArtificialMaterials/splib07a_Paper_Cotton_Bond_PAPR1_100%_ASDFRa_AREF.gif,D:\usgs_splib07\../GIFplots/GIFplots_splib07a/plots_by_wavelength_region/range1_uv_to_visible/splib07a_Paper_Cotton_Bond_PAPR1_100%_ASDFRa_AREF_range1_uv_to_vis.gif,D:\usgs_splib07\../GIFplots/GIFplots_splib07a/plots_by_wavelength_region/range2_visible_to_swir/splib07a_Paper_Cotton_Bond_PAPR1_100%_ASDFRa_AREF_range2_vis_to_swir.gif,D:\usgs_splib07\../GIFplots/GIFplots_splib07a/plots_by_wavelength_region/range3_swir/splib07a_Paper_Cotton_Bond_PAPR1_100%_ASDFRa_AREF_range3_swir.gif,,,D:\usgs_splib07\../GIFplots/GIFplots_splib07a/splib07a_Wavelengths_ASD_0.35-2.5_microns_2151_ch.gif,D:\usgs_splib07\../GIFplots/GIFplots_splib07a/splib07a_Bandpass_(FWHM)_ASDFR_StandardResolution.gif
Particle_Board GDS364 Fn Gr  ASDFRa AREF,D:\usgs_splib07\../HTMLmetadata/Particle_Board_GDS364_Fn_Gr_ASDFRa_AREF.html,D:\usgs_splib07\../ASCIIdata/ASCIIdata_splib07a/ChapterA_ArtificialMaterials/splib07a_Particle_Board_GDS364_Fn_Gr_ASDFRa_AREF.txt,,D:\usgs_splib07\../ASCIIdata/ASCIIdata_splib07a/splib07a_Wavelengths_ASD_0.35-2.5_microns_2151_ch.txt,D:\usgs_splib07\../ASCIIdata/ASCIIdata_splib07a/splib07a_Bandpass_(FWHM)_ASDFR_StandardResolution.txt,D:\usgs_splib07\../GIFplots/GIFplots_splib07a/ChapterA_ArtificialMaterials/splib07a_Particle_Board_GDS364_Fn_Gr_ASDFRa_AREF.gif,D:\usgs_splib07\../GIFplots/GIFplots_splib07a/plots_by_wavelength_region/range1_uv_to_visible/splib07a_Particle_Board_GDS364_Fn_Gr_ASDFRa_AREF_range1_uv_to_vis.gif,D:\usgs_splib07\../GIFplots/GIFplots_splib07a/plots_by_wavelength_region/range2_visible_to_swir/splib07a_Particle_Board_GDS364_Fn_Gr_ASDFRa_AREF_range2_vis_to_swir.gif,D:\usgs_splib07\../GIFplots/GIFplots_splib07a/plots_by_wavelength_region/range3_swir/splib07a_Particle_Board_GDS364_Fn_Gr_ASDFRa_AREF_range3_swir.gif,,,D:\usgs_splib07\../GIFplots/GIFplots_splib07a/splib07a_Wavelengths_ASD_0.35-2.5_microns_2151_ch.gif,D:\usgs_splib07\../GIFplots/GIFplots_splib07a/splib07a_Bandpass_(FWHM)_ASDFR_StandardResolution.gif
PhosphoricAcid SA-466123 80K ASDFRa AREF,D:\usgs_splib07\../HTMLmetadata/PhosphoricAcid_SA-466123_80K_ASDFRa_AREF.html,D:\usgs_splib07\../ASCIIdata/ASCIIdata_splib07a/ChapterA_ArtificialMaterials/splib07a_PhosphoricAcid_SA-466123_80K_ASDFRa_AREF.txt,,D:\usgs_splib07\../ASCIIdata/ASCIIdata_splib07a/splib07a_Wavelengths_ASD_0.35-2.5_microns_2151_ch.txt,D:\usgs_splib07\../ASCIIdata/ASCIIdata_splib07a/splib07a_Bandpass_(FWHM)_ASDFR_StandardResolution.txt,D:\usgs_splib07\../GIFplots/GIFplots_splib07a/ChapterA_ArtificialMaterials/splib07a_PhosphoricAcid_SA-466123_80K_ASDFRa_AREF.gif,D:\usgs_splib07\../GIFplots/GIFplots_splib07a/plots_by_wavelength_region/range1_uv_to_visible/splib07a_PhosphoricAcid_SA-466123_80K_ASDFRa_AREF_range1_uv_to_vis.gif,D:\usgs_splib07\../GIFplots/GIFplots_splib07a/plots_by_wavelength_region/range2_visible_to_swir/splib07a_PhosphoricAcid_SA-466123_80K_ASDFRa_AREF_range2_vis_to_swir.gif,D:\usgs_splib07\../GIFplots/GIFplots_splib07a/plots_by_wavelength_region/range3_swir/splib07a_PhosphoricAcid_SA-466123_80K_ASDFRa_AREF_range3_swir.gif,,,D:\usgs_splib07\../GIFplots/GIFplots_splib07a/splib07a_Wavelengths_ASD_0.35-2.5_microns_2151_ch.gif,D:\usgs_splib07\../GIFplots/GIFplots_splib07a/splib07a_Bandpass_(FWHM)_ASDFR_StandardResolution.gif
Phthalocyaninie_blue GDS799  ASDFRa AREF,D:\usgs_splib07\../HTMLmetadata/Phthalocyaninie_blue_GDS799_ASDFRa_AREF.html,D:\usgs_splib07\../ASCIIdata/ASCIIdata_splib07a/ChapterA_ArtificialMaterials/splib07a_Phthalocyaninie_blue_GDS799_ASDFRa_AREF.txt,,D:\usgs_splib07\../ASCIIdata/ASCIIdata_splib07a/splib07a_Wavelengths_ASD_0.35-2.5_microns_2151_ch.txt,D:\usgs_splib07\../ASCIIdata/ASCIIdata_splib07a/splib07a_Bandpass_(FWHM)_ASDFR_StandardResolution.txt,D:\usgs_splib07\../GIFplots/GIFplots_splib07a/ChapterA_ArtificialMaterials/splib07a_Phthalocyaninie_blue_GDS799_ASDFRa_AREF.gif,D:\usgs_splib07\../GIFplots/GIFplots_splib07a/plots_by_wavelength_region/range1_uv_to_visible/splib07a_Phthalocyaninie_blue_GDS799_ASDFRa_AREF_range1_uv_to_vis.gif,D:\usgs_splib07\../GIFplots/GIFplots_splib07a/plots_by_wavelength_region/range2_visible_to_swir/splib07a_Phthalocyaninie_blue_GDS799_ASDFRa_AREF_range2_vis_to_swir.gif,D:\usgs_splib07\../GIFplots/GIFplots_splib07a/plots_by_wavelength_region/range3_swir/splib07a_Phthalocyaninie_blue_GDS799_ASDFRa_AREF_range3_swir.gif,,,D:\usgs_splib07\../GIFplots/GIFplots_splib07a/splib07a_Wavelengths_ASD_0.35-2.5_microns_2151_ch.gif,D:\usgs_splib07\../GIFplots/GIFplots_splib07a/splib07a_Bandpass_(FWHM)_ASDFR_StandardResolution.gif
Plastic GGA-54 Grnhouse Roof  BECKa AREF,D:\usgs_splib07\../HTMLmetadata/Plastic_GGA-54_Grnhouse_Roof_BECKa_AREF.html,D:\usgs_splib07\../ASCIIdata/ASCIIdata_splib07a/ChapterA_ArtificialMaterials/splib07a_Plastic_GGA-54_Grnhouse_Roof_BECKa_AREF.txt,,D:\usgs_splib07\../ASCIIdata/ASCIIdata_splib07a/splib07a_Wavelengths_BECK_Beckman_0.2-3.0_microns.txt,D:\usgs_splib07\../ASCIIdata/ASCIIdata_splib07a/splib07a_Bandpass_(FWHM)_BECK_Beckman_in_microns.txt,D:\usgs_splib07\../GIFplots/GIFplots_splib07a/ChapterA_ArtificialMaterials/splib07a_Plastic_GGA-54_Grnhouse_Roof_BECKa_AREF.gif,D:\usgs_splib07\../GIFplots/GIFplots_splib07a/plots_by_wavelength_region/range1_uv_to_visible/splib07a_Plastic_GGA-54_Grnhouse_Roof_BECKa_AREF_range1_uv_to_vis.gif,D:\usgs_splib07\../GIFplots/GIFplots_splib07a/plots_by_wavelength_region/range2_visible_to_swir/splib07a_Plastic_GGA-54_Grnhouse_Roof_BECKa_AREF_range2_vis_to_swir.gif,D:\usgs_splib07\../GIFplots/GIFplots_splib07a/plots_by_wavelength_region/range3_swir/splib07a_Plastic_GGA-54_Grnhouse_Roof_BECKa_AREF_range3_swir.gif,,,D:\usgs_splib07\../GIFplots/GIFplots_splib07a/splib07a_Wavelengths_BECK_Beckman_0.2-3.0_microns.gif,D:\usgs_splib07\../GIFplots/GIFplots_splib07a/splib07a_Bandpass_(FWHM)_BECK_Beckman_in_microns.gif
Plastic_ABS GDS341 BlackPipe ASDFRa AREF,D:\usgs_splib07\../HTMLmetadata/Plastic_ABS_GDS341_BlackPipe_ASDFRa_AREF.html,D:\usgs_splib07\../ASCIIdata/ASCIIdata_splib07a/ChapterA_ArtificialMaterials/splib07a_Plastic_ABS_GDS341_BlackPipe_ASDFRa_AREF.txt,,D:\usgs_splib07\../ASCIIdata/ASCIIdata_splib07a/splib07a_Wavelengths_ASD_0.35-2.5_microns_2151_ch.txt,D:\usgs_splib07\../ASCIIdata/ASCIIdata_splib07a/splib07a_Bandpass_(FWHM)_ASDFR_StandardResolution.txt,D:\usgs_splib07\../GIFplots/GIFplots_splib07a/ChapterA_ArtificialMaterials/splib07a_Plastic_ABS_GDS341_BlackPipe_ASDFRa_AREF.gif,D:\usgs_splib07\../GIFplots/GIFplots_splib07a/plots_by_wavelength_region/range1_uv_to_visible/splib07a_Plastic_ABS_GDS341_BlackPipe_ASDFRa_AREF_range1_uv_to_vis.gif,D:\usgs_splib07\../GIFplots/GIFplots_splib07a/plots_by_wavelength_region/range2_visible_to_swir/splib07a_Plastic_ABS_GDS341_BlackPipe_ASDFRa_AREF_range2_vis_to_swir.gif,D:\usgs_splib07\../GIFplots/GIFplots_splib07a/plots_by_wavelength_region/range3_swir/splib07a_Plastic_ABS_GDS341_BlackPipe_ASDFRa_AREF_range3_swir.gif,,,D:\usgs_splib07\../GIFplots/GIFplots_splib07a/splib07a_Wavelengths_ASD_0.35-2.5_microns_2151_ch.gif,D:\usgs_splib07\../GIFplots/GIFplots_splib07a/splib07a_Bandpass_(FWHM)_ASDFR_StandardResolution.gif
Plastic_HDPE GDS351 BlkSheet ASDFRa AREF,D:\usgs_splib07\../HTMLmetadata/Plastic_HDPE_GDS351_BlkSheet_ASDFRa_AREF.html,D:\usgs_splib07\../ASCIIdata/ASCIIdata_splib07a/ChapterA_ArtificialMaterials/splib07a_Plastic_HDPE_GDS351_BlkSheet_ASDFRa_AREF.txt,,D:\usgs_splib07\../ASCIIdata/ASCIIdata_splib07a/splib07a_Wavelengths_ASD_0.35-2.5_microns_2151_ch.txt,D:\usgs_splib07\../ASCIIdata/ASCIIdata_splib07a/splib07a_Bandpass_(FWHM)_ASDFR_StandardResolution.txt,D:\usgs_splib07\../GIFplots/GIFplots_splib07a/ChapterA_ArtificialMaterials/splib07a_Plastic_HDPE_GDS351_BlkSheet_ASDFRa_AREF.gif,D:\usgs_splib07\../GIFplots/GIFplots_splib07a/plots_by_wavelength_region/range1_uv_to_visible/splib07a_Plastic_HDPE_GDS351_BlkSheet_ASDFRa_AREF_range1_uv_to_vis.gif,D:\usgs_splib07\../GIFplots/GIFplots_splib07a/plots_by_wavelength_region/range2_visible_to_swir/splib07a_Plastic_HDPE_GDS351_BlkSheet_ASDFRa_AREF_range2_vis_to_swir.gif,D:\usgs_splib07\../GIFplots/GIFplots_splib07a/plots_by_wavelength_region/range3_swir/splib07a_Plastic_HDPE_GDS351_BlkSheet_ASDFRa_AREF_range3_swir.gif,,,D:\usgs_splib07\../GIFplots/GIFplots_splib07a/splib07a_Wavelengths_ASD_0.35-2.5_microns_2151_ch.gif,D:\usgs_splib07\../GIFplots/GIFplots_splib07a/splib07a_Bandpass_(FWHM)_ASDFR_StandardResolution.gif
Plastic_HDPE GDS391 Blu-Grn  ASDFRa AREF,D:\usgs_splib07\../HTMLmetadata/Plastic_HDPE_GDS391_Blu-Grn_ASDFRa_AREF.html,D:\usgs_splib07\../ASCIIdata/ASCIIdata_splib07a/ChapterA_ArtificialMaterials/splib07a_Plastic_HDPE_GDS391_Blu-Grn_ASDFRa_AREF.txt,,D:\usgs_splib07\../ASCIIdata/ASCIIdata_splib07a/splib07a_Wavelengths_ASD_0.35-2.5_microns_2151_ch.txt,D:\usgs_splib07\../ASCIIdata/ASCIIdata_splib07a/splib07a_Bandpass_(FWHM)_ASDFR_StandardResolution.txt,D:\usgs_splib07\../GIFplots/GIFplots_splib07a/ChapterA_ArtificialMaterials/splib07a_Plastic_HDPE_GDS391_Blu-Grn_ASDFRa_AREF.gif,D:\usgs_splib07\../GIFplots/GIFplots_splib07a/plots_by_wavelength_region/range1_uv_to_visible/splib07a_Plastic_HDPE_GDS391_Blu-Grn_ASDFRa_AREF_range1_uv_to_vis.gif,D:\usgs_splib07\../GIFplots/GIFplots_splib07a/plots_by_wavelength_region/range2_visible_to_swir/splib07a_Plastic_HDPE_GDS391_Blu-Grn_ASDFRa_AREF_range2_vis_to_swir.gif,D:\usgs_splib07\../GIFplots/GIFplots_splib07a/plots_by_wavelength_region/range3_swir/splib07a_Plastic_HDPE_GDS391_Blu-Grn_ASDFRa_AREF_range3_swir.gif,,,D:\usgs_splib07\../GIFplots/GIFplots_splib07a/splib07a_Wavelengths_ASD_0.35-2.5_microns_2151_ch.gif,D:\usgs_splib07\../GIFplots/GIFplots_splib07a/splib07a_Bandpass_(FWHM)_ASDFR_StandardResolution.gif
Plastic_HDPE GDS393 GlosWhTr ASDFRa AREF,D:\usgs_splib07\../HTMLmetadata/Plastic_HDPE_GDS393_GlosWhTr_ASDFRa_AREF.html,D:\usgs_splib07\../ASCIIdata/ASCIIdata_splib07a/ChapterA_ArtificialMaterials/splib07a_Plastic_HDPE_GDS393_GlosWhTr_ASDFRa_AREF.txt,,D:\usgs_splib07\../ASCIIdata/ASCIIdata_splib07a/splib07a_Wavelengths_ASD_0.35-2.5_microns_2151_ch.txt,D:\usgs_splib07\../ASCIIdata/ASCIIdata_splib07a/splib07a_Bandpass_(FWHM)_ASDFR_StandardResolution.txt,D:\usgs_splib07\../GIFplots/GIFplots_splib07a/ChapterA_ArtificialMaterials/splib07a_Plastic_HDPE_GDS393_GlosWhTr_ASDFRa_AREF.gif,D:\usgs_splib07\../GIFplots/GIFplots_splib07a/plots_by_wavelength_region/range1_uv_to_visible/splib07a_Plastic_HDPE_GDS393_GlosWhTr_ASDFRa_AREF_range1_uv_to_vis.gif,D:\usgs_splib07\../GIFplots/GIFplots_splib07a/plots_by_wavelength_region/range2_visible_to_swir/splib07a_Plastic_HDPE_GDS393_GlosWhTr_ASDFRa_AREF_range2_vis_to_swir.gif,D:\usgs_splib07\../GIFplots/GIFplots_splib07a/plots_by_wavelength_region/range3_swir/splib07a_Plastic_HDPE_GDS393_GlosWhTr_ASDFRa_AREF_range3_swir.gif,,,D:\usgs_splib07\../GIFplots/GIFplots_splib07a/splib07a_Wavelengths_ASD_0.35-2.5_microns_2151_ch.gif,D:\usgs_splib07\../GIFplots/GIFplots_splib07a/splib07a_Bandpass_(FWHM)_ASDFR_StandardResolution.gif
Plastic_HDPE GDS373 Grey Bag ASDFRa AREF,D:\usgs_splib07\../HTMLmetadata/Plastic_HDPE_GDS373_Grey_Bag_ASDFRa_AREF.html,D:\usgs_splib07\../ASCIIdata/ASCIIdata_splib07a/ChapterA_ArtificialMaterials/splib07a_Plastic_HDPE_GDS373_Grey_Bag_ASDFRa_AREF.txt,,D:\usgs_splib07\../ASCIIdata/ASCIIdata_splib07a/splib07a_Wavelengths_ASD_0.35-2.5_microns_2151_ch.txt,D:\usgs_splib07\../ASCIIdata/ASCIIdata_splib07a/splib07a_Bandpass_(FWHM)_ASDFR_StandardResolution.txt,D:\usgs_splib07\../GIFplots/GIFplots_splib07a/ChapterA_ArtificialMaterials/splib07a_Plastic_HDPE_GDS373_Grey_Bag_ASDFRa_AREF.gif,D:\usgs_splib07\../GIFplots/GIFplots_splib07a/plots_by_wavelength_region/range1_uv_to_visible/splib07a_Plastic_HDPE_GDS373_Grey_Bag_ASDFRa_AREF_range1_uv_to_vis.gif,D:\usgs_splib07\../GIFplots/GIFplots_splib07a/plots_by_wavelength_region/range2_visible_to_swir/splib07a_Plastic_HDPE_GDS373_Grey_Bag_ASDFRa_AREF_range2_vis_to_swir.gif,D:\usgs_splib07\../GIFplots/GIFplots_splib07a/plots_by_wavelength_region/range3_swir/splib07a_Plastic_HDPE_GDS373_Grey_Bag_ASDFRa_AREF_range3_swir.gif,,,D:\usgs_splib07\../GIFplots/GIFplots_splib07a/splib07a_Wavelengths_ASD_0.35-2.5_microns_2151_ch.gif,D:\usgs_splib07\../GIFplots/GIFplots_splib07a/splib07a_Bandpass_(FWHM)_ASDFR_StandardResolution.gif
Plastic_HDPE GDS384 Wht Opaq ASDFRa AREF,D:\usgs_splib07\../HTMLmetadata/Plastic_HDPE_GDS384_Wht_Opaq_ASDFRa_AREF.html,D:\usgs_splib07\../ASCIIdata/ASCIIdata_splib07a/ChapterA_ArtificialMaterials/splib07a_Plastic_HDPE_GDS384_Wht_Opaq_ASDFRa_AREF.txt,,D:\usgs_splib07\../ASCIIdata/ASCIIdata_splib07a/splib07a_Wavelengths_ASD_0.35-2.5_microns_2151_ch.txt,D:\usgs_splib07\../ASCIIdata/ASCIIdata_splib07a/splib07a_Bandpass_(FWHM)_ASDFR_StandardResolution.txt,D:\usgs_splib07\../GIFplots/GIFplots_splib07a/ChapterA_ArtificialMaterials/splib07a_Plastic_HDPE_GDS384_Wht_Opaq_ASDFRa_AREF.gif,D:\usgs_splib07\../GIFplots/GIFplots_splib07a/plots_by_wavelength_region/range1_uv_to_visible/splib07a_Plastic_HDPE_GDS384_Wht_Opaq_ASDFRa_AREF_range1_uv_to_vis.gif,D:\usgs_splib07\../GIFplots/GIFplots_splib07a/plots_by_wavelength_region/range2_visible_to_swir/splib07a_Plastic_HDPE_GDS384_Wht_Opaq_ASDFRa_AREF_range2_vis_to_swir.gif,D:\usgs_splib07\../GIFplots/GIFplots_splib07a/plots_by_wavelength_region/range3_swir/splib07a_Plastic_HDPE_GDS384_Wht_Opaq_ASDFRa_AREF_range3_swir.gif,,,D:\usgs_splib07\../GIFplots/GIFplots_splib07a/splib07a_Wavelengths_ASD_0.35-2.5_microns_2151_ch.gif,D:\usgs_splib07\../GIFplots/GIFplots_splib07a/splib07a_Bandpass_(FWHM)_ASDFR_StandardResolution.gif
Plastic_HDPE GDS385 WhTransl ASDFRa AREF,D:\usgs_splib07\../HTMLmetadata/Plastic_HDPE_GDS385_WhTransl_ASDFRa_AREF.html,D:\usgs_splib07\../ASCIIdata/ASCIIdata_splib07a/ChapterA_ArtificialMaterials/splib07a_Plastic_HDPE_GDS385_WhTransl_ASDFRa_AREF.txt,,D:\usgs_splib07\../ASCIIdata/ASCIIdata_splib07a/splib07a_Wavelengths_ASD_0.35-2.5_microns_2151_ch.txt,D:\usgs_splib07\../ASCIIdata/ASCIIdata_splib07a/splib07a_Bandpass_(FWHM)_ASDFR_StandardResolution.txt,D:\usgs_splib07\../GIFplots/GIFplots_splib07a/ChapterA_ArtificialMaterials/splib07a_Plastic_HDPE_GDS385_WhTransl_ASDFRa_AREF.gif,D:\usgs_splib07\../GIFplots/GIFplots_splib07a/plots_by_wavelength_region/range1_uv_to_visible/splib07a_Plastic_HDPE_GDS385_WhTransl_ASDFRa_AREF_range1_uv_to_vis.gif,D:\usgs_splib07\../GIFplots/GIFplots_splib07a/plots_by_wavelength_region/range2_visible_to_swir/splib07a_Plastic_HDPE_GDS385_WhTransl_ASDFRa_AREF_range2_vis_to_swir.gif,D:\usgs_splib07\../GIFplots/GIFplots_splib07a/plots_by_wavelength_region/range3_swir/splib07a_Plastic_HDPE_GDS385_WhTransl_ASDFRa_AREF_range3_swir.gif,,,D:\usgs_splib07\../GIFplots/GIFplots_splib07a/splib07a_Wavelengths_ASD_0.35-2.5_microns_2151_ch.gif,D:\usgs_splib07\../GIFplots/GIFplots_splib07a/splib07a_Bandpass_(FWHM)_ASDFR_StandardResolution.gif
Plastic_HDPE GDS386 Yelopaqu ASDFRa AREF,D:\usgs_splib07\../HTMLmetadata/Plastic_HDPE_GDS386_Yelopaqu_ASDFRa_AREF.html,D:\usgs_splib07\../ASCIIdata/ASCIIdata_splib07a/ChapterA_ArtificialMaterials/splib07a_Plastic_HDPE_GDS386_Yelopaqu_ASDFRa_AREF.txt,,D:\usgs_splib07\../ASCIIdata/ASCIIdata_splib07a/splib07a_Wavelengths_ASD_0.35-2.5_microns_2151_ch.txt,D:\usgs_splib07\../ASCIIdata/ASCIIdata_splib07a/splib07a_Bandpass_(FWHM)_ASDFR_StandardResolution.txt,D:\usgs_splib07\../GIFplots/GIFplots_splib07a/ChapterA_ArtificialMaterials/splib07a_Plastic_HDPE_GDS386_Yelopaqu_ASDFRa_AREF.gif,D:\usgs_splib07\../GIFplots/GIFplots_splib07a/plots_by_wavelength_region/range1_uv_to_visible/splib07a_Plastic_HDPE_GDS386_Yelopaqu_ASDFRa_AREF_range1_uv_to_vis.gif,D:\usgs_splib07\../GIFplots/GIFplots_splib07a/plots_by_wavelength_region/range2_visible_to_swir/splib07a_Plastic_HDPE_GDS386_Yelopaqu_ASDFRa_AREF_range2_vis_to_swir.gif,D:\usgs_splib07\../GIFplots/GIFplots_splib07a/plots_by_wavelength_region/range3_swir/splib07a_Plastic_HDPE_GDS386_Yelopaqu_ASDFRa_AREF_range3_swir.gif,,,D:\usgs_splib07\../GIFplots/GIFplots_splib07a/splib07a_Wavelengths_ASD_0.35-2.5_microns_2151_ch.gif,D:\usgs_splib07\../GIFplots/GIFplots_splib07a/splib07a_Bandpass_(FWHM)_ASDFR_StandardResolution.gif
Plastic_HDPE GDS387 WhTransl ASDFRa AREF,D:\usgs_splib07\../HTMLmetadata/Plastic_HDPE_GDS387_WhTransl_ASDFRa_AREF.html,D:\usgs_splib07\../ASCIIdata/ASCIIdata_splib07a/ChapterA_ArtificialMaterials/splib07a_Plastic_HDPE_GDS387_WhTransl_ASDFRa_AREF.txt,,D:\usgs_splib07\../ASCIIdata/ASCIIdata_splib07a/splib07a_Wavelengths_ASD_0.35-2.5_microns_2151_ch.txt,D:\usgs_splib07\../ASCIIdata/ASCIIdata_splib07a/splib07a_Bandpass_(FWHM)_ASDFR_StandardResolution.txt,D:\usgs_splib07\../GIFplots/GIFplots_splib07a/ChapterA_ArtificialMaterials/splib07a_Plastic_HDPE_GDS387_WhTransl_ASDFRa_AREF.gif,D:\usgs_splib07\../GIFplots/GIFplots_splib07a/plots_by_wavelength_region/range1_uv_to_visible/splib07a_Plastic_HDPE_GDS387_WhTransl_ASDFRa_AREF_range1_uv_to_vis.gif,D:\usgs_splib07\../GIFplots/GIFplots_splib07a/plots_by_wavelength_region/range2_visible_to_swir/splib07a_Plastic_HDPE_GDS387_WhTransl_ASDFRa_AREF_range2_vis_to_swir.gif,D:\usgs_splib07\../GIFplots/GIFplots_splib07a/plots_by_wavelength_region/range3_swir/splib07a_Plastic_HDPE_GDS387_WhTransl_ASDFRa_AREF_range3_swir.gif,,,D:\usgs_splib07\../GIFplots/GIFplots_splib07a/splib07a_Wavelengths_ASD_0.35-2.5_microns_2151_ch.gif,D:\usgs_splib07\../GIFplots/GIFplots_splib07a/splib07a_Bandpass_(FWHM)_ASDFR_StandardResolution.gif
Plastic_HDPE GDS389 WhTransl ASDFRa AREF,D:\usgs_splib07\../HTMLmetadata/Plastic_HDPE_GDS389_WhTransl_ASDFRa_AREF.html,D:\usgs_splib07\../ASCIIdata/ASCIIdata_splib07a/ChapterA_ArtificialMaterials/splib07a_Plastic_HDPE_GDS389_WhTransl_ASDFRa_AREF.txt,,D:\usgs_splib07\../ASCIIdata/ASCIIdata_splib07a/splib07a_Wavelengths_ASD_0.35-2.5_microns_2151_ch.txt,D:\usgs_splib07\../ASCIIdata/ASCIIdata_splib07a/splib07a_Bandpass_(FWHM)_ASDFR_StandardResolution.txt,D:\usgs_splib07\../GIFplots/GIFplots_splib07a/ChapterA_ArtificialMaterials/splib07a_Plastic_HDPE_GDS389_WhTransl_ASDFRa_AREF.gif,D:\usgs_splib07\../GIFplots/GIFplots_splib07a/plots_by_wavelength_region/range1_uv_to_visible/splib07a_Plastic_HDPE_GDS389_WhTransl_ASDFRa_AREF_range1_uv_to_vis.gif,D:\usgs_splib07\../GIFplots/GIFplots_splib07a/plots_by_wavelength_region/range2_visible_to_swir/splib07a_Plastic_HDPE_GDS389_WhTransl_ASDFRa_AREF_range2_vis_to_swir.gif,D:\usgs_splib07\../GIFplots/GIFplots_splib07a/plots_by_wavelength_region/range3_swir/splib07a_Plastic_HDPE_GDS389_WhTransl_ASDFRa_AREF_range3_swir.gif,,,D:\usgs_splib07\../GIFplots/GIFplots_splib07a/splib07a_Wavelengths_ASD_0.35-2.5_microns_2151_ch.gif,D:\usgs_splib07\../GIFplots/GIFplots_splib07a/splib07a_Bandpass_(FWHM)_ASDFR_StandardResolution.gif
Plastic_HDPE GDS390 Transpar ASDFRa AREF,D:\usgs_splib07\../HTMLmetadata/Plastic_HDPE_GDS390_Transpar_ASDFRa_AREF.html,D:\usgs_splib07\../ASCIIdata/ASCIIdata_splib07a/ChapterA_ArtificialMaterials/splib07a_Plastic_HDPE_GDS390_Transpar_ASDFRa_AREF.txt,,D:\usgs_splib07\../ASCIIdata/ASCIIdata_splib07a/splib07a_Wavelengths_ASD_0.35-2.5_microns_2151_ch.txt,D:\usgs_splib07\../ASCIIdata/ASCIIdata_splib07a/splib07a_Bandpass_(FWHM)_ASDFR_StandardResolution.txt,D:\usgs_splib07\../GIFplots/GIFplots_splib07a/ChapterA_ArtificialMaterials/splib07a_Plastic_HDPE_GDS390_Transpar_ASDFRa_AREF.gif,D:\usgs_splib07\../GIFplots/GIFplots_splib07a/plots_by_wavelength_region/range1_uv_to_visible/splib07a_Plastic_HDPE_GDS390_Transpar_ASDFRa_AREF_range1_uv_to_vis.gif,D:\usgs_splib07\../GIFplots/GIFplots_splib07a/plots_by_wavelength_region/range2_visible_to_swir/splib07a_Plastic_HDPE_GDS390_Transpar_ASDFRa_AREF_range2_vis_to_swir.gif,D:\usgs_splib07\../GIFplots/GIFplots_splib07a/plots_by_wavelength_region/range3_swir/splib07a_Plastic_HDPE_GDS390_Transpar_ASDFRa_AREF_range3_swir.gif,,,D:\usgs_splib07\../GIFplots/GIFplots_splib07a/splib07a_Wavelengths_ASD_0.35-2.5_microns_2151_ch.gif,D:\usgs_splib07\../GIFplots/GIFplots_splib07a/splib07a_Bandpass_(FWHM)_ASDFR_StandardResolution.gif
Plastic_HDPE GDS392 WhTransl ASDFRa AREF,D:\usgs_splib07\../HTMLmetadata/Plastic_HDPE_GDS392_WhTransl_ASDFRa_AREF.html,D:\usgs_splib07\../ASCIIdata/ASCIIdata_splib07a/ChapterA_ArtificialMaterials/splib07a_Plastic_HDPE_GDS392_WhTransl_ASDFRa_AREF.txt,,D:\usgs_splib07\../ASCIIdata/ASCIIdata_splib07a/splib07a_Wavelengths_ASD_0.35-2.5_microns_2151_ch.txt,D:\usgs_splib07\../ASCIIdata/ASCIIdata_splib07a/splib07a_Bandpass_(FWHM)_ASDFR_StandardResolution.txt,D:\usgs_splib07\../GIFplots/GIFplots_splib07a/ChapterA_ArtificialMaterials/splib07a_Plastic_HDPE_GDS392_WhTransl_ASDFRa_AREF.gif,D:\usgs_splib07\../GIFplots/GIFplots_splib07a/plots_by_wavelength_region/range1_uv_to_visible/splib07a_Plastic_HDPE_GDS392_WhTransl_ASDFRa_AREF_range1_uv_to_vis.gif,D:\usgs_splib07\../GIFplots/GIFplots_splib07a/plots_by_wavelength_region/range2_visible_to_swir/splib07a_Plastic_HDPE_GDS392_WhTransl_ASDFRa_AREF_range2_vis_to_swir.gif,D:\usgs_splib07\../GIFplots/GIFplots_splib07a/plots_by_wavelength_region/range3_swir/splib07a_Plastic_HDPE_GDS392_WhTransl_ASDFRa_AREF_range3_swir.gif,,,D:\usgs_splib07\../GIFplots/GIFplots_splib07a/splib07a_Wavelengths_ASD_0.35-2.5_microns_2151_ch.gif,D:\usgs_splib07\../GIFplots/GIFplots_splib07a/splib07a_Bandpass_(FWHM)_ASDFR_StandardResolution.gif
Plastic_HDPE GDS394 LgryTrns ASDFRa AREF,D:\usgs_splib07\../HTMLmetadata/Plastic_HDPE_GDS394_LgryTrns_ASDFRa_AREF.html,D:\usgs_splib07\../ASCIIdata/ASCIIdata_splib07a/ChapterA_ArtificialMaterials/splib07a_Plastic_HDPE_GDS394_LgryTrns_ASDFRa_AREF.txt,,D:\usgs_splib07\../ASCIIdata/ASCIIdata_splib07a/splib07a_Wavelengths_ASD_0.35-2.5_microns_2151_ch.txt,D:\usgs_splib07\../ASCIIdata/ASCIIdata_splib07a/splib07a_Bandpass_(FWHM)_ASDFR_StandardResolution.txt,D:\usgs_splib07\../GIFplots/GIFplots_splib07a/ChapterA_ArtificialMaterials/splib07a_Plastic_HDPE_GDS394_LgryTrns_ASDFRa_AREF.gif,D:\usgs_splib07\../GIFplots/GIFplots_splib07a/plots_by_wavelength_region/range1_uv_to_visible/splib07a_Plastic_HDPE_GDS394_LgryTrns_ASDFRa_AREF_range1_uv_to_vis.gif,D:\usgs_splib07\../GIFplots/GIFplots_splib07a/plots_by_wavelength_region/range2_visible_to_swir/splib07a_Plastic_HDPE_GDS394_LgryTrns_ASDFRa_AREF_range2_vis_to_swir.gif,D:\usgs_splib07\../GIFplots/GIFplots_splib07a/plots_by_wavelength_region/range3_swir/splib07a_Plastic_HDPE_GDS394_LgryTrns_ASDFRa_AREF_range3_swir.gif,,,D:\usgs_splib07\../GIFplots/GIFplots_splib07a/splib07a_Wavelengths_ASD_0.35-2.5_microns_2151_ch.gif,D:\usgs_splib07\../GIFplots/GIFplots_splib07a/splib07a_Bandpass_(FWHM)_ASDFR_StandardResolution.gif
Plastic_HDPE GDS400 WhTrnslu ASDFRa AREF,D:\usgs_splib07\../HTMLmetadata/Plastic_HDPE_GDS400_WhTrnslu_ASDFRa_AREF.html,D:\usgs_splib07\../ASCIIdata/ASCIIdata_splib07a/ChapterA_ArtificialMaterials/splib07a_Plastic_HDPE_GDS400_WhTrnslu_ASDFRa_AREF.txt,,D:\usgs_splib07\../ASCIIdata/ASCIIdata_splib07a/splib07a_Wavelengths_ASD_0.35-2.5_microns_2151_ch.txt,D:\usgs_splib07\../ASCIIdata/ASCIIdata_splib07a/splib07a_Bandpass_(FWHM)_ASDFR_StandardResolution.txt,D:\usgs_splib07\../GIFplots/GIFplots_splib07a/ChapterA_ArtificialMaterials/splib07a_Plastic_HDPE_GDS400_WhTrnslu_ASDFRa_AREF.gif,D:\usgs_splib07\../GIFplots/GIFplots_splib07a/plots_by_wavelength_region/range1_uv_to_visible/splib07a_Plastic_HDPE_GDS400_WhTrnslu_ASDFRa_AREF_range1_uv_to_vis.gif,D:\usgs_splib07\../GIFplots/GIFplots_splib07a/plots_by_wavelength_region/range2_visible_to_swir/splib07a_Plastic_HDPE_GDS400_WhTrnslu_ASDFRa_AREF_range2_vis_to_swir.gif,D:\usgs_splib07\../GIFplots/GIFplots_splib07a/plots_by_wavelength_region/range3_swir/splib07a_Plastic_HDPE_GDS400_WhTrnslu_ASDFRa_AREF_range3_swir.gif,,,D:\usgs_splib07\../GIFplots/GIFplots_splib07a/splib07a_Wavelengths_ASD_0.35-2.5_microns_2151_ch.gif,D:\usgs_splib07\../GIFplots/GIFplots_splib07a/splib07a_Bandpass_(FWHM)_ASDFR_StandardResolution.gif
Plastic_LDPE GDS402 Clr film ASDFRa AREF,D:\usgs_splib07\../HTMLmetadata/Plastic_LDPE_GDS402_Clr_film_ASDFRa_AREF.html,D:\usgs_splib07\../ASCIIdata/ASCIIdata_splib07a/ChapterA_ArtificialMaterials/splib07a_Plastic_LDPE_GDS402_Clr_film_ASDFRa_AREF.txt,,D:\usgs_splib07\../ASCIIdata/ASCIIdata_splib07a/splib07a_Wavelengths_ASD_0.35-2.5_microns_2151_ch.txt,D:\usgs_splib07\../ASCIIdata/ASCIIdata_splib07a/splib07a_Bandpass_(FWHM)_ASDFR_StandardResolution.txt,D:\usgs_splib07\../GIFplots/GIFplots_splib07a/ChapterA_ArtificialMaterials/splib07a_Plastic_LDPE_GDS402_Clr_film_ASDFRa_AREF.gif,D:\usgs_splib07\../GIFplots/GIFplots_splib07a/plots_by_wavelength_region/range1_uv_to_visible/splib07a_Plastic_LDPE_GDS402_Clr_film_ASDFRa_AREF_range1_uv_to_vis.gif,D:\usgs_splib07\../GIFplots/GIFplots_splib07a/plots_by_wavelength_region/range2_visible_to_swir/splib07a_Plastic_LDPE_GDS402_Clr_film_ASDFRa_AREF_range2_vis_to_swir.gif,D:\usgs_splib07\../GIFplots/GIFplots_splib07a/plots_by_wavelength_region/range3_swir/splib07a_Plastic_LDPE_GDS402_Clr_film_ASDFRa_AREF_range3_swir.gif,,,D:\usgs_splib07\../GIFplots/GIFplots_splib07a/splib07a_Wavelengths_ASD_0.35-2.5_microns_2151_ch.gif,D:\usgs_splib07\../GIFplots/GIFplots_splib07a/splib07a_Bandpass_(FWHM)_ASDFR_StandardResolution.gif
Plastic_LDPE GDS405 Black    ASDFRa AREF,D:\usgs_splib07\../HTMLmetadata/Plastic_LDPE_GDS405_Black_ASDFRa_AREF.html,D:\usgs_splib07\../ASCIIdata/ASCIIdata_splib07a/ChapterA_ArtificialMaterials/splib07a_Plastic_LDPE_GDS405_Black_ASDFRa_AREF.txt,,D:\usgs_splib07\../ASCIIdata/ASCIIdata_splib07a/splib07a_Wavelengths_ASD_0.35-2.5_microns_2151_ch.txt,D:\usgs_splib07\../ASCIIdata/ASCIIdata_splib07a/splib07a_Bandpass_(FWHM)_ASDFR_StandardResolution.txt,D:\usgs_splib07\../GIFplots/GIFplots_splib07a/ChapterA_ArtificialMaterials/splib07a_Plastic_LDPE_GDS405_Black_ASDFRa_AREF.gif,D:\usgs_splib07\../GIFplots/GIFplots_splib07a/plots_by_wavelength_region/range1_uv_to_visible/splib07a_Plastic_LDPE_GDS405_Black_ASDFRa_AREF_range1_uv_to_vis.gif,D:\usgs_splib07\../GIFplots/GIFplots_splib07a/plots_by_wavelength_region/range2_visible_to_swir/splib07a_Plastic_LDPE_GDS405_Black_ASDFRa_AREF_range2_vis_to_swir.gif,D:\usgs_splib07\../GIFplots/GIFplots_splib07a/plots_by_wavelength_region/range3_swir/splib07a_Plastic_LDPE_GDS405_Black_ASDFRa_AREF_range3_swir.gif,,,D:\usgs_splib07\../GIFplots/GIFplots_splib07a/splib07a_Wavelengths_ASD_0.35-2.5_microns_2151_ch.gif,D:\usgs_splib07\../GIFplots/GIFplots_splib07a/splib07a_Bandpass_(FWHM)_ASDFR_StandardResolution.gif
Plastic_LDPE GDS401 Clr film ASDFRa AREF,D:\usgs_splib07\../HTMLmetadata/Plastic_LDPE_GDS401_Clr_film_ASDFRa_AREF.html,D:\usgs_splib07\../ASCIIdata/ASCIIdata_splib07a/ChapterA_ArtificialMaterials/splib07a_Plastic_LDPE_GDS401_Clr_film_ASDFRa_AREF.txt,,D:\usgs_splib07\../ASCIIdata/ASCIIdata_splib07a/splib07a_Wavelengths_ASD_0.35-2.5_microns_2151_ch.txt,D:\usgs_splib07\../ASCIIdata/ASCIIdata_splib07a/splib07a_Bandpass_(FWHM)_ASDFR_StandardResolution.txt,D:\usgs_splib07\../GIFplots/GIFplots_splib07a/ChapterA_ArtificialMaterials/splib07a_Plastic_LDPE_GDS401_Clr_film_ASDFRa_AREF.gif,D:\usgs_splib07\../GIFplots/GIFplots_splib07a/plots_by_wavelength_region/range1_uv_to_visible/splib07a_Plastic_LDPE_GDS401_Clr_film_ASDFRa_AREF_range1_uv_to_vis.gif,D:\usgs_splib07\../GIFplots/GIFplots_splib07a/plots_by_wavelength_region/range2_visible_to_swir/splib07a_Plastic_LDPE_GDS401_Clr_film_ASDFRa_AREF_range2_vis_to_swir.gif,D:\usgs_splib07\../GIFplots/GIFplots_splib07a/plots_by_wavelength_region/range3_swir/splib07a_Plastic_LDPE_GDS401_Clr_film_ASDFRa_AREF_range3_swir.gif,,,D:\usgs_splib07\../GIFplots/GIFplots_splib07a/splib07a_Wavelengths_ASD_0.35-2.5_microns_2151_ch.gif,D:\usgs_splib07\../GIFplots/GIFplots_splib07a/splib07a_Bandpass_(FWHM)_ASDFR_StandardResolution.gif
Plastic_LDPE GDS404 WhTrnslu ASDFRa AREF,D:\usgs_splib07\../HTMLmetadata/Plastic_LDPE_GDS404_WhTrnslu_ASDFRa_AREF.html,D:\usgs_splib07\../ASCIIdata/ASCIIdata_splib07a/ChapterA_ArtificialMaterials/splib07a_Plastic_LDPE_GDS404_WhTrnslu_ASDFRa_AREF.txt,,D:\usgs_splib07\../ASCIIdata/ASCIIdata_splib07a/splib07a_Wavelengths_ASD_0.35-2.5_microns_2151_ch.txt,D:\usgs_splib07\../ASCIIdata/ASCIIdata_splib07a/splib07a_Bandpass_(FWHM)_ASDFR_StandardResolution.txt,D:\usgs_splib07\../GIFplots/GIFplots_splib07a/ChapterA_ArtificialMaterials/splib07a_Plastic_LDPE_GDS404_WhTrnslu_ASDFRa_AREF.gif,D:\usgs_splib07\../GIFplots/GIFplots_splib07a/plots_by_wavelength_region/range1_uv_to_visible/splib07a_Plastic_LDPE_GDS404_WhTrnslu_ASDFRa_AREF_range1_uv_to_vis.gif,D:\usgs_splib07\../GIFplots/GIFplots_splib07a/plots_by_wavelength_region/range2_visible_to_swir/splib07a_Plastic_LDPE_GDS404_WhTrnslu_ASDFRa_AREF_range2_vis_to_swir.gif,D:\usgs_splib07\../GIFplots/GIFplots_splib07a/plots_by_wavelength_region/range3_swir/splib07a_Plastic_LDPE_GDS404_WhTrnslu_ASDFRa_AREF_range3_swir.gif,,,D:\usgs_splib07\../GIFplots/GIFplots_splib07a/splib07a_Wavelengths_ASD_0.35-2.5_microns_2151_ch.gif,D:\usgs_splib07\../GIFplots/GIFplots_splib07a/splib07a_Bandpass_(FWHM)_ASDFR_StandardResolution.gif
Plastic_LDPE GDS406 WhTrnslu ASDFRa AREF,D:\usgs_splib07\../HTMLmetadata/Plastic_LDPE_GDS406_WhTrnslu_ASDFRa_AREF.html,D:\usgs_splib07\../ASCIIdata/ASCIIdata_splib07a/ChapterA_ArtificialMaterials/splib07a_Plastic_LDPE_GDS406_WhTrnslu_ASDFRa_AREF.txt,,D:\usgs_splib07\../ASCIIdata/ASCIIdata_splib07a/splib07a_Wavelengths_ASD_0.35-2.5_microns_2151_ch.txt,D:\usgs_splib07\../ASCIIdata/ASCIIdata_splib07a/splib07a_Bandpass_(FWHM)_ASDFR_StandardResolution.txt,D:\usgs_splib07\../GIFplots/GIFplots_splib07a/ChapterA_ArtificialMaterials/splib07a_Plastic_LDPE_GDS406_WhTrnslu_ASDFRa_AREF.gif,D:\usgs_splib07\../GIFplots/GIFplots_splib07a/plots_by_wavelength_region/range1_uv_to_visible/splib07a_Plastic_LDPE_GDS406_WhTrnslu_ASDFRa_AREF_range1_uv_to_vis.gif,D:\usgs_splib07\../GIFplots/GIFplots_splib07a/plots_by_wavelength_region/range2_visible_to_swir/splib07a_Plastic_LDPE_GDS406_WhTrnslu_ASDFRa_AREF_range2_vis_to_swir.gif,D:\usgs_splib07\../GIFplots/GIFplots_splib07a/plots_by_wavelength_region/range3_swir/splib07a_Plastic_LDPE_GDS406_WhTrnslu_ASDFRa_AREF_range3_swir.gif,,,D:\usgs_splib07\../GIFplots/GIFplots_splib07a/splib07a_Wavelengths_ASD_0.35-2.5_microns_2151_ch.gif,D:\usgs_splib07\../GIFplots/GIFplots_splib07a/splib07a_Bandpass_(FWHM)_ASDFR_StandardResolution.gif
Plastic_PETE GDS379 TrnslBrn ASDFRa AREF,D:\usgs_splib07\../HTMLmetadata/Plastic_PETE_GDS379_TrnslBrn_ASDFRa_AREF.html,D:\usgs_splib07\../ASCIIdata/ASCIIdata_splib07a/ChapterA_ArtificialMaterials/splib07a_Plastic_PETE_GDS379_TrnslBrn_ASDFRa_AREF.txt,,D:\usgs_splib07\../ASCIIdata/ASCIIdata_splib07a/splib07a_Wavelengths_ASD_0.35-2.5_microns_2151_ch.txt,D:\usgs_splib07\../ASCIIdata/ASCIIdata_splib07a/splib07a_Bandpass_(FWHM)_ASDFR_StandardResolution.txt,D:\usgs_splib07\../GIFplots/GIFplots_splib07a/ChapterA_ArtificialMaterials/splib07a_Plastic_PETE_GDS379_TrnslBrn_ASDFRa_AREF.gif,D:\usgs_splib07\../GIFplots/GIFplots_splib07a/plots_by_wavelength_region/range1_uv_to_visible/splib07a_Plastic_PETE_GDS379_TrnslBrn_ASDFRa_AREF_range1_uv_to_vis.gif,D:\usgs_splib07\../GIFplots/GIFplots_splib07a/plots_by_wavelength_region/range2_visible_to_swir/splib07a_Plastic_PETE_GDS379_TrnslBrn_ASDFRa_AREF_range2_vis_to_swir.gif,D:\usgs_splib07\../GIFplots/GIFplots_splib07a/plots_by_wavelength_region/range3_swir/splib07a_Plastic_PETE_GDS379_TrnslBrn_ASDFRa_AREF_range3_swir.gif,,,D:\usgs_splib07\../GIFplots/GIFplots_splib07a/splib07a_Wavelengths_ASD_0.35-2.5_microns_2151_ch.gif,D:\usgs_splib07\../GIFplots/GIFplots_splib07a/splib07a_Bandpass_(FWHM)_ASDFR_StandardResolution.gif
Plastic_PETE GDS380 Clear    ASDFRa AREF,D:\usgs_splib07\../HTMLmetadata/Plastic_PETE_GDS380_Clear_ASDFRa_AREF.html,D:\usgs_splib07\../ASCIIdata/ASCIIdata_splib07a/ChapterA_ArtificialMaterials/splib07a_Plastic_PETE_GDS380_Clear_ASDFRa_AREF.txt,,D:\usgs_splib07\../ASCIIdata/ASCIIdata_splib07a/splib07a_Wavelengths_ASD_0.35-2.5_microns_2151_ch.txt,D:\usgs_splib07\../ASCIIdata/ASCIIdata_splib07a/splib07a_Bandpass_(FWHM)_ASDFR_StandardResolution.txt,D:\usgs_splib07\../GIFplots/GIFplots_splib07a/ChapterA_ArtificialMaterials/splib07a_Plastic_PETE_GDS380_Clear_ASDFRa_AREF.gif,D:\usgs_splib07\../GIFplots/GIFplots_splib07a/plots_by_wavelength_region/range1_uv_to_visible/splib07a_Plastic_PETE_GDS380_Clear_ASDFRa_AREF_range1_uv_to_vis.gif,D:\usgs_splib07\../GIFplots/GIFplots_splib07a/plots_by_wavelength_region/range2_visible_to_swir/splib07a_Plastic_PETE_GDS380_Clear_ASDFRa_AREF_range2_vis_to_swir.gif,D:\usgs_splib07\../GIFplots/GIFplots_splib07a/plots_by_wavelength_region/range3_swir/splib07a_Plastic_PETE_GDS380_Clear_ASDFRa_AREF_range3_swir.gif,,,D:\usgs_splib07\../GIFplots/GIFplots_splib07a/splib07a_Wavelengths_ASD_0.35-2.5_microns_2151_ch.gif,D:\usgs_splib07\../GIFplots/GIFplots_splib07a/splib07a_Bandpass_(FWHM)_ASDFR_StandardResolution.gif
Plastic_PETE GDS381 Clr-prpl ASDFRa AREF,D:\usgs_splib07\../HTMLmetadata/Plastic_PETE_GDS381_Clr-prpl_ASDFRa_AREF.html,D:\usgs_splib07\../ASCIIdata/ASCIIdata_splib07a/ChapterA_ArtificialMaterials/splib07a_Plastic_PETE_GDS381_Clr-prpl_ASDFRa_AREF.txt,,D:\usgs_splib07\../ASCIIdata/ASCIIdata_splib07a/splib07a_Wavelengths_ASD_0.35-2.5_microns_2151_ch.txt,D:\usgs_splib07\../ASCIIdata/ASCIIdata_splib07a/splib07a_Bandpass_(FWHM)_ASDFR_StandardResolution.txt,D:\usgs_splib07\../GIFplots/GIFplots_splib07a/ChapterA_ArtificialMaterials/splib07a_Plastic_PETE_GDS381_Clr-prpl_ASDFRa_AREF.gif,D:\usgs_splib07\../GIFplots/GIFplots_splib07a/plots_by_wavelength_region/range1_uv_to_visible/splib07a_Plastic_PETE_GDS381_Clr-prpl_ASDFRa_AREF_range1_uv_to_vis.gif,D:\usgs_splib07\../GIFplots/GIFplots_splib07a/plots_by_wavelength_region/range2_visible_to_swir/splib07a_Plastic_PETE_GDS381_Clr-prpl_ASDFRa_AREF_range2_vis_to_swir.gif,D:\usgs_splib07\../GIFplots/GIFplots_splib07a/plots_by_wavelength_region/range3_swir/splib07a_Plastic_PETE_GDS381_Clr-prpl_ASDFRa_AREF_range3_swir.gif,,,D:\usgs_splib07\../GIFplots/GIFplots_splib07a/splib07a_Wavelengths_ASD_0.35-2.5_microns_2151_ch.gif,D:\usgs_splib07\../GIFplots/GIFplots_splib07a/splib07a_Bandpass_(FWHM)_ASDFR_StandardResolution.gif
Plastic_PETE GDS382 Black    ASDFRa AREF,D:\usgs_splib07\../HTMLmetadata/Plastic_PETE_GDS382_Black_ASDFRa_AREF.html,D:\usgs_splib07\../ASCIIdata/ASCIIdata_splib07a/ChapterA_ArtificialMaterials/splib07a_Plastic_PETE_GDS382_Black_ASDFRa_AREF.txt,,D:\usgs_splib07\../ASCIIdata/ASCIIdata_splib07a/splib07a_Wavelengths_ASD_0.35-2.5_microns_2151_ch.txt,D:\usgs_splib07\../ASCIIdata/ASCIIdata_splib07a/splib07a_Bandpass_(FWHM)_ASDFR_StandardResolution.txt,D:\usgs_splib07\../GIFplots/GIFplots_splib07a/ChapterA_ArtificialMaterials/splib07a_Plastic_PETE_GDS382_Black_ASDFRa_AREF.gif,D:\usgs_splib07\../GIFplots/GIFplots_splib07a/plots_by_wavelength_region/range1_uv_to_visible/splib07a_Plastic_PETE_GDS382_Black_ASDFRa_AREF_range1_uv_to_vis.gif,D:\usgs_splib07\../GIFplots/GIFplots_splib07a/plots_by_wavelength_region/range2_visible_to_swir/splib07a_Plastic_PETE_GDS382_Black_ASDFRa_AREF_range2_vis_to_swir.gif,D:\usgs_splib07\../GIFplots/GIFplots_splib07a/plots_by_wavelength_region/range3_swir/splib07a_Plastic_PETE_GDS382_Black_ASDFRa_AREF_range3_swir.gif,,,D:\usgs_splib07\../GIFplots/GIFplots_splib07a/splib07a_Wavelengths_ASD_0.35-2.5_microns_2151_ch.gif,D:\usgs_splib07\../GIFplots/GIFplots_splib07a/splib07a_Bandpass_(FWHM)_ASDFR_StandardResolution.gif
Plastic_PETE GDS383 Clrbluis ASDFRa AREF,D:\usgs_splib07\../HTMLmetadata/Plastic_PETE_GDS383_Clrbluis_ASDFRa_AREF.html,D:\usgs_splib07\../ASCIIdata/ASCIIdata_splib07a/ChapterA_ArtificialMaterials/splib07a_Plastic_PETE_GDS383_Clrbluis_ASDFRa_AREF.txt,,D:\usgs_splib07\../ASCIIdata/ASCIIdata_splib07a/splib07a_Wavelengths_ASD_0.35-2.5_microns_2151_ch.txt,D:\usgs_splib07\../ASCIIdata/ASCIIdata_splib07a/splib07a_Bandpass_(FWHM)_ASDFR_StandardResolution.txt,D:\usgs_splib07\../GIFplots/GIFplots_splib07a/ChapterA_ArtificialMaterials/splib07a_Plastic_PETE_GDS383_Clrbluis_ASDFRa_AREF.gif,D:\usgs_splib07\../GIFplots/GIFplots_splib07a/plots_by_wavelength_region/range1_uv_to_visible/splib07a_Plastic_PETE_GDS383_Clrbluis_ASDFRa_AREF_range1_uv_to_vis.gif,D:\usgs_splib07\../GIFplots/GIFplots_splib07a/plots_by_wavelength_region/range2_visible_to_swir/splib07a_Plastic_PETE_GDS383_Clrbluis_ASDFRa_AREF_range2_vis_to_swir.gif,D:\usgs_splib07\../GIFplots/GIFplots_splib07a/plots_by_wavelength_region/range3_swir/splib07a_Plastic_PETE_GDS383_Clrbluis_ASDFRa_AREF_range3_swir.gif,,,D:\usgs_splib07\../GIFplots/GIFplots_splib07a/splib07a_Wavelengths_ASD_0.35-2.5_microns_2151_ch.gif,D:\usgs_splib07\../GIFplots/GIFplots_splib07a/splib07a_Bandpass_(FWHM)_ASDFR_StandardResolution.gif
Plastic_PVC GDS338 White     ASDFRa AREF,D:\usgs_splib07\../HTMLmetadata/Plastic_PVC_GDS338_White_ASDFRa_AREF.html,D:\usgs_splib07\../ASCIIdata/ASCIIdata_splib07a/ChapterA_ArtificialMaterials/splib07a_Plastic_PVC_GDS338_White_ASDFRa_AREF.txt,,D:\usgs_splib07\../ASCIIdata/ASCIIdata_splib07a/splib07a_Wavelengths_ASD_0.35-2.5_microns_2151_ch.txt,D:\usgs_splib07\../ASCIIdata/ASCIIdata_splib07a/splib07a_Bandpass_(FWHM)_ASDFR_StandardResolution.txt,D:\usgs_splib07\../GIFplots/GIFplots_splib07a/ChapterA_ArtificialMaterials/splib07a_Plastic_PVC_GDS338_White_ASDFRa_AREF.gif,D:\usgs_splib07\../GIFplots/GIFplots_splib07a/plots_by_wavelength_region/range1_uv_to_visible/splib07a_Plastic_PVC_GDS338_White_ASDFRa_AREF_range1_uv_to_vis.gif,D:\usgs_splib07\../GIFplots/GIFplots_splib07a/plots_by_wavelength_region/range2_visible_to_swir/splib07a_Plastic_PVC_GDS338_White_ASDFRa_AREF_range2_vis_to_swir.gif,D:\usgs_splib07\../GIFplots/GIFplots_splib07a/plots_by_wavelength_region/range3_swir/splib07a_Plastic_PVC_GDS338_White_ASDFRa_AREF_range3_swir.gif,,,D:\usgs_splib07\../GIFplots/GIFplots_splib07a/splib07a_Wavelengths_ASD_0.35-2.5_microns_2151_ch.gif,D:\usgs_splib07\../GIFplots/GIFplots_splib07a/splib07a_Bandpass_(FWHM)_ASDFR_StandardResolution.gif
Plastic_Pipe GDS342 Black    ASDFRa AREF,D:\usgs_splib07\../HTMLmetadata/Plastic_Pipe_GDS342_Black_ASDFRa_AREF.html,D:\usgs_splib07\../ASCIIdata/ASCIIdata_splib07a/ChapterA_ArtificialMaterials/splib07a_Plastic_Pipe_GDS342_Black_ASDFRa_AREF.txt,,D:\usgs_splib07\../ASCIIdata/ASCIIdata_splib07a/splib07a_Wavelengths_ASD_0.35-2.5_microns_2151_ch.txt,D:\usgs_splib07\../ASCIIdata/ASCIIdata_splib07a/splib07a_Bandpass_(FWHM)_ASDFR_StandardResolution.txt,D:\usgs_splib07\../GIFplots/GIFplots_splib07a/ChapterA_ArtificialMaterials/splib07a_Plastic_Pipe_GDS342_Black_ASDFRa_AREF.gif,D:\usgs_splib07\../GIFplots/GIFplots_splib07a/plots_by_wavelength_region/range1_uv_to_visible/splib07a_Plastic_Pipe_GDS342_Black_ASDFRa_AREF_range1_uv_to_vis.gif,D:\usgs_splib07\../GIFplots/GIFplots_splib07a/plots_by_wavelength_region/range2_visible_to_swir/splib07a_Plastic_Pipe_GDS342_Black_ASDFRa_AREF_range2_vis_to_swir.gif,D:\usgs_splib07\../GIFplots/GIFplots_splib07a/plots_by_wavelength_region/range3_swir/splib07a_Plastic_Pipe_GDS342_Black_ASDFRa_AREF_range3_swir.gif,,,D:\usgs_splib07\../GIFplots/GIFplots_splib07a/splib07a_Wavelengths_ASD_0.35-2.5_microns_2151_ch.gif,D:\usgs_splib07\../GIFplots/GIFplots_splib07a/splib07a_Bandpass_(FWHM)_ASDFR_StandardResolution.gif
Plastic_Pipe GDS344 Blue     ASDFRa AREF,D:\usgs_splib07\../HTMLmetadata/Plastic_Pipe_GDS344_Blue_ASDFRa_AREF.html,D:\usgs_splib07\../ASCIIdata/ASCIIdata_splib07a/ChapterA_ArtificialMaterials/splib07a_Plastic_Pipe_GDS344_Blue_ASDFRa_AREF.txt,,D:\usgs_splib07\../ASCIIdata/ASCIIdata_splib07a/splib07a_Wavelengths_ASD_0.35-2.5_microns_2151_ch.txt,D:\usgs_splib07\../ASCIIdata/ASCIIdata_splib07a/splib07a_Bandpass_(FWHM)_ASDFR_StandardResolution.txt,D:\usgs_splib07\../GIFplots/GIFplots_splib07a/ChapterA_ArtificialMaterials/splib07a_Plastic_Pipe_GDS344_Blue_ASDFRa_AREF.gif,D:\usgs_splib07\../GIFplots/GIFplots_splib07a/plots_by_wavelength_region/range1_uv_to_visible/splib07a_Plastic_Pipe_GDS344_Blue_ASDFRa_AREF_range1_uv_to_vis.gif,D:\usgs_splib07\../GIFplots/GIFplots_splib07a/plots_by_wavelength_region/range2_visible_to_swir/splib07a_Plastic_Pipe_GDS344_Blue_ASDFRa_AREF_range2_vis_to_swir.gif,D:\usgs_splib07\../GIFplots/GIFplots_splib07a/plots_by_wavelength_region/range3_swir/splib07a_Plastic_Pipe_GDS344_Blue_ASDFRa_AREF_range3_swir.gif,,,D:\usgs_splib07\../GIFplots/GIFplots_splib07a/splib07a_Wavelengths_ASD_0.35-2.5_microns_2151_ch.gif,D:\usgs_splib07\../GIFplots/GIFplots_splib07a/splib07a_Bandpass_(FWHM)_ASDFR_StandardResolution.gif
Plastic_Tarp GDS339 Green    ASDFRa AREF,D:\usgs_splib07\../HTMLmetadata/Plastic_Tarp_GDS339_Green_ASDFRa_AREF.html,D:\usgs_splib07\../ASCIIdata/ASCIIdata_splib07a/ChapterA_ArtificialMaterials/splib07a_Plastic_Tarp_GDS339_Green_ASDFRa_AREF.txt,,D:\usgs_splib07\../ASCIIdata/ASCIIdata_splib07a/splib07a_Wavelengths_ASD_0.35-2.5_microns_2151_ch.txt,D:\usgs_splib07\../ASCIIdata/ASCIIdata_splib07a/splib07a_Bandpass_(FWHM)_ASDFR_StandardResolution.txt,D:\usgs_splib07\../GIFplots/GIFplots_splib07a/ChapterA_ArtificialMaterials/splib07a_Plastic_Tarp_GDS339_Green_ASDFRa_AREF.gif,D:\usgs_splib07\../GIFplots/GIFplots_splib07a/plots_by_wavelength_region/range1_uv_to_visible/splib07a_Plastic_Tarp_GDS339_Green_ASDFRa_AREF_range1_uv_to_vis.gif,D:\usgs_splib07\../GIFplots/GIFplots_splib07a/plots_by_wavelength_region/range2_visible_to_swir/splib07a_Plastic_Tarp_GDS339_Green_ASDFRa_AREF_range2_vis_to_swir.gif,D:\usgs_splib07\../GIFplots/GIFplots_splib07a/plots_by_wavelength_region/range3_swir/splib07a_Plastic_Tarp_GDS339_Green_ASDFRa_AREF_range3_swir.gif,,,D:\usgs_splib07\../GIFplots/GIFplots_splib07a/splib07a_Wavelengths_ASD_0.35-2.5_microns_2151_ch.gif,D:\usgs_splib07\../GIFplots/GIFplots_splib07a/splib07a_Bandpass_(FWHM)_ASDFR_StandardResolution.gif
Plastic_Tarp GDS340 Blu_Wovn ASDFRa AREF,D:\usgs_splib07\../HTMLmetadata/Plastic_Tarp_GDS340_Blu_Wovn_ASDFRa_AREF.html,D:\usgs_splib07\../ASCIIdata/ASCIIdata_splib07a/ChapterA_ArtificialMaterials/splib07a_Plastic_Tarp_GDS340_Blu_Wovn_ASDFRa_AREF.txt,,D:\usgs_splib07\../ASCIIdata/ASCIIdata_splib07a/splib07a_Wavelengths_ASD_0.35-2.5_microns_2151_ch.txt,D:\usgs_splib07\../ASCIIdata/ASCIIdata_splib07a/splib07a_Bandpass_(FWHM)_ASDFR_StandardResolution.txt,D:\usgs_splib07\../GIFplots/GIFplots_splib07a/ChapterA_ArtificialMaterials/splib07a_Plastic_Tarp_GDS340_Blu_Wovn_ASDFRa_AREF.gif,D:\usgs_splib07\../GIFplots/GIFplots_splib07a/plots_by_wavelength_region/range1_uv_to_visible/splib07a_Plastic_Tarp_GDS340_Blu_Wovn_ASDFRa_AREF_range1_uv_to_vis.gif,D:\usgs_splib07\../GIFplots/GIFplots_splib07a/plots_by_wavelength_region/range2_visible_to_swir/splib07a_Plastic_Tarp_GDS340_Blu_Wovn_ASDFRa_AREF_range2_vis_to_swir.gif,D:\usgs_splib07\../GIFplots/GIFplots_splib07a/plots_by_wavelength_region/range3_swir/splib07a_Plastic_Tarp_GDS340_Blu_Wovn_ASDFRa_AREF_range3_swir.gif,,,D:\usgs_splib07\../GIFplots/GIFplots_splib07a/splib07a_Wavelengths_ASD_0.35-2.5_microns_2151_ch.gif,D:\usgs_splib07\../GIFplots/GIFplots_splib07a/splib07a_Bandpass_(FWHM)_ASDFR_StandardResolution.gif
Plastic_Tyvek GDS369 White   ASDFRa AREF,D:\usgs_splib07\../HTMLmetadata/Plastic_Tyvek_GDS369_White_ASDFRa_AREF.html,D:\usgs_splib07\../ASCIIdata/ASCIIdata_splib07a/ChapterA_ArtificialMaterials/splib07a_Plastic_Tyvek_GDS369_White_ASDFRa_AREF.txt,,D:\usgs_splib07\../ASCIIdata/ASCIIdata_splib07a/splib07a_Wavelengths_ASD_0.35-2.5_microns_2151_ch.txt,D:\usgs_splib07\../ASCIIdata/ASCIIdata_splib07a/splib07a_Bandpass_(FWHM)_ASDFR_StandardResolution.txt,D:\usgs_splib07\../GIFplots/GIFplots_splib07a/ChapterA_ArtificialMaterials/splib07a_Plastic_Tyvek_GDS369_White_ASDFRa_AREF.gif,D:\usgs_splib07\../GIFplots/GIFplots_splib07a/plots_by_wavelength_region/range1_uv_to_visible/splib07a_Plastic_Tyvek_GDS369_White_ASDFRa_AREF_range1_uv_to_vis.gif,D:\usgs_splib07\../GIFplots/GIFplots_splib07a/plots_by_wavelength_region/range2_visible_to_swir/splib07a_Plastic_Tyvek_GDS369_White_ASDFRa_AREF_range2_vis_to_swir.gif,D:\usgs_splib07\../GIFplots/GIFplots_splib07a/plots_by_wavelength_region/range3_swir/splib07a_Plastic_Tyvek_GDS369_White_ASDFRa_AREF_range3_swir.gif,,,D:\usgs_splib07\../GIFplots/GIFplots_splib07a/splib07a_Wavelengths_ASD_0.35-2.5_microns_2151_ch.gif,D:\usgs_splib07\../GIFplots/GIFplots_splib07a/splib07a_Bandpass_(FWHM)_ASDFR_StandardResolution.gif
Plastic_Vinyl GDS372 White   ASDFRa AREF,D:\usgs_splib07\../HTMLmetadata/Plastic_Vinyl_GDS372_White_ASDFRa_AREF.html,D:\usgs_splib07\../ASCIIdata/ASCIIdata_splib07a/ChapterA_ArtificialMaterials/splib07a_Plastic_Vinyl_GDS372_White_ASDFRa_AREF.txt,,D:\usgs_splib07\../ASCIIdata/ASCIIdata_splib07a/splib07a_Wavelengths_ASD_0.35-2.5_microns_2151_ch.txt,D:\usgs_splib07\../ASCIIdata/ASCIIdata_splib07a/splib07a_Bandpass_(FWHM)_ASDFR_StandardResolution.txt,D:\usgs_splib07\../GIFplots/GIFplots_splib07a/ChapterA_ArtificialMaterials/splib07a_Plastic_Vinyl_GDS372_White_ASDFRa_AREF.gif,D:\usgs_splib07\../GIFplots/GIFplots_splib07a/plots_by_wavelength_region/range1_uv_to_visible/splib07a_Plastic_Vinyl_GDS372_White_ASDFRa_AREF_range1_uv_to_vis.gif,D:\usgs_splib07\../GIFplots/GIFplots_splib07a/plots_by_wavelength_region/range2_visible_to_swir/splib07a_Plastic_Vinyl_GDS372_White_ASDFRa_AREF_range2_vis_to_swir.gif,D:\usgs_splib07\../GIFplots/GIFplots_splib07a/plots_by_wavelength_region/range3_swir/splib07a_Plastic_Vinyl_GDS372_White_ASDFRa_AREF_range3_swir.gif,,,D:\usgs_splib07\../GIFplots/GIFplots_splib07a/splib07a_Wavelengths_ASD_0.35-2.5_microns_2151_ch.gif,D:\usgs_splib07\../GIFplots/GIFplots_splib07a/splib07a_Bandpass_(FWHM)_ASDFR_StandardResolution.gif
Plastic_Vinyl GDS395 Clr1mm  ASDFRa AREF,D:\usgs_splib07\../HTMLmetadata/Plastic_Vinyl_GDS395_Clr1mm_ASDFRa_AREF.html,D:\usgs_splib07\../ASCIIdata/ASCIIdata_splib07a/ChapterA_ArtificialMaterials/splib07a_Plastic_Vinyl_GDS395_Clr1mm_ASDFRa_AREF.txt,,D:\usgs_splib07\../ASCIIdata/ASCIIdata_splib07a/splib07a_Wavelengths_ASD_0.35-2.5_microns_2151_ch.txt,D:\usgs_splib07\../ASCIIdata/ASCIIdata_splib07a/splib07a_Bandpass_(FWHM)_ASDFR_StandardResolution.txt,D:\usgs_splib07\../GIFplots/GIFplots_splib07a/ChapterA_ArtificialMaterials/splib07a_Plastic_Vinyl_GDS395_Clr1mm_ASDFRa_AREF.gif,D:\usgs_splib07\../GIFplots/GIFplots_splib07a/plots_by_wavelength_region/range1_uv_to_visible/splib07a_Plastic_Vinyl_GDS395_Clr1mm_ASDFRa_AREF_range1_uv_to_vis.gif,D:\usgs_splib07\../GIFplots/GIFplots_splib07a/plots_by_wavelength_region/range2_visible_to_swir/splib07a_Plastic_Vinyl_GDS395_Clr1mm_ASDFRa_AREF_range2_vis_to_swir.gif,D:\usgs_splib07\../GIFplots/GIFplots_splib07a/plots_by_wavelength_region/range3_swir/splib07a_Plastic_Vinyl_GDS395_Clr1mm_ASDFRa_AREF_range3_swir.gif,,,D:\usgs_splib07\../GIFplots/GIFplots_splib07a/splib07a_Wavelengths_ASD_0.35-2.5_microns_2151_ch.gif,D:\usgs_splib07\../GIFplots/GIFplots_splib07a/splib07a_Bandpass_(FWHM)_ASDFR_StandardResolution.gif
Plastic_Vinyl GDS396 Clr1mm  ASDFRa AREF,D:\usgs_splib07\../HTMLmetadata/Plastic_Vinyl_GDS396_Clr1mm_ASDFRa_AREF.html,D:\usgs_splib07\../ASCIIdata/ASCIIdata_splib07a/ChapterA_ArtificialMaterials/splib07a_Plastic_Vinyl_GDS396_Clr1mm_ASDFRa_AREF.txt,,D:\usgs_splib07\../ASCIIdata/ASCIIdata_splib07a/splib07a_Wavelengths_ASD_0.35-2.5_microns_2151_ch.txt,D:\usgs_splib07\../ASCIIdata/ASCIIdata_splib07a/splib07a_Bandpass_(FWHM)_ASDFR_StandardResolution.txt,D:\usgs_splib07\../GIFplots/GIFplots_splib07a/ChapterA_ArtificialMaterials/splib07a_Plastic_Vinyl_GDS396_Clr1mm_ASDFRa_AREF.gif,D:\usgs_splib07\../GIFplots/GIFplots_splib07a/plots_by_wavelength_region/range1_uv_to_visible/splib07a_Plastic_Vinyl_GDS396_Clr1mm_ASDFRa_AREF_range1_uv_to_vis.gif,D:\usgs_splib07\../GIFplots/GIFplots_splib07a/plots_by_wavelength_region/range2_visible_to_swir/splib07a_Plastic_Vinyl_GDS396_Clr1mm_ASDFRa_AREF_range2_vis_to_swir.gif,D:\usgs_splib07\../GIFplots/GIFplots_splib07a/plots_by_wavelength_region/range3_swir/splib07a_Plastic_Vinyl_GDS396_Clr1mm_ASDFRa_AREF_range3_swir.gif,,,D:\usgs_splib07\../GIFplots/GIFplots_splib07a/splib07a_Wavelengths_ASD_0.35-2.5_microns_2151_ch.gif,D:\usgs_splib07\../GIFplots/GIFplots_splib07a/splib07a_Bandpass_(FWHM)_ASDFR_StandardResolution.gif
Plastic_Vinyl GDS397 Cl0.4mm ASDFRa AREF,D:\usgs_splib07\../HTMLmetadata/Plastic_Vinyl_GDS397_Cl0.4mm_ASDFRa_AREF.html,D:\usgs_splib07\../ASCIIdata/ASCIIdata_splib07a/ChapterA_ArtificialMaterials/splib07a_Plastic_Vinyl_GDS397_Cl0.4mm_ASDFRa_AREF.txt,,D:\usgs_splib07\../ASCIIdata/ASCIIdata_splib07a/splib07a_Wavelengths_ASD_0.35-2.5_microns_2151_ch.txt,D:\usgs_splib07\../ASCIIdata/ASCIIdata_splib07a/splib07a_Bandpass_(FWHM)_ASDFR_StandardResolution.txt,D:\usgs_splib07\../GIFplots/GIFplots_splib07a/ChapterA_ArtificialMaterials/splib07a_Plastic_Vinyl_GDS397_Cl0.4mm_ASDFRa_AREF.gif,D:\usgs_splib07\../GIFplots/GIFplots_splib07a/plots_by_wavelength_region/range1_uv_to_visible/splib07a_Plastic_Vinyl_GDS397_Cl0.4mm_ASDFRa_AREF_range1_uv_to_vis.gif,D:\usgs_splib07\../GIFplots/GIFplots_splib07a/plots_by_wavelength_region/range2_visible_to_swir/splib07a_Plastic_Vinyl_GDS397_Cl0.4mm_ASDFRa_AREF_range2_vis_to_swir.gif,D:\usgs_splib07\../GIFplots/GIFplots_splib07a/plots_by_wavelength_region/range3_swir/splib07a_Plastic_Vinyl_GDS397_Cl0.4mm_ASDFRa_AREF_range3_swir.gif,,,D:\usgs_splib07\../GIFplots/GIFplots_splib07a/splib07a_Wavelengths_ASD_0.35-2.5_microns_2151_ch.gif,D:\usgs_splib07\../GIFplots/GIFplots_splib07a/splib07a_Bandpass_(FWHM)_ASDFR_StandardResolution.gif
Plastic_Vinyl GDS398 Red Toy ASDFRa AREF,D:\usgs_splib07\../HTMLmetadata/Plastic_Vinyl_GDS398_Red_Toy_ASDFRa_AREF.html,D:\usgs_splib07\../ASCIIdata/ASCIIdata_splib07a/ChapterA_ArtificialMaterials/splib07a_Plastic_Vinyl_GDS398_Red_Toy_ASDFRa_AREF.txt,,D:\usgs_splib07\../ASCIIdata/ASCIIdata_splib07a/splib07a_Wavelengths_ASD_0.35-2.5_microns_2151_ch.txt,D:\usgs_splib07\../ASCIIdata/ASCIIdata_splib07a/splib07a_Bandpass_(FWHM)_ASDFR_StandardResolution.txt,D:\usgs_splib07\../GIFplots/GIFplots_splib07a/ChapterA_ArtificialMaterials/splib07a_Plastic_Vinyl_GDS398_Red_Toy_ASDFRa_AREF.gif,D:\usgs_splib07\../GIFplots/GIFplots_splib07a/plots_by_wavelength_region/range1_uv_to_visible/splib07a_Plastic_Vinyl_GDS398_Red_Toy_ASDFRa_AREF_range1_uv_to_vis.gif,D:\usgs_splib07\../GIFplots/GIFplots_splib07a/plots_by_wavelength_region/range2_visible_to_swir/splib07a_Plastic_Vinyl_GDS398_Red_Toy_ASDFRa_AREF_range2_vis_to_swir.gif,D:\usgs_splib07\../GIFplots/GIFplots_splib07a/plots_by_wavelength_region/range3_swir/splib07a_Plastic_Vinyl_GDS398_Red_Toy_ASDFRa_AREF_range3_swir.gif,,,D:\usgs_splib07\../GIFplots/GIFplots_splib07a/splib07a_Wavelengths_ASD_0.35-2.5_microns_2151_ch.gif,D:\usgs_splib07\../GIFplots/GIFplots_splib07a/splib07a_Bandpass_(FWHM)_ASDFR_StandardResolution.gif
Plastic_Visqueen GDS370 Clr  ASDFRa AREF,D:\usgs_splib07\../HTMLmetadata/Plastic_Visqueen_GDS370_Clr_ASDFRa_AREF.html,D:\usgs_splib07\../ASCIIdata/ASCIIdata_splib07a/ChapterA_ArtificialMaterials/splib07a_Plastic_Visqueen_GDS370_Clr_ASDFRa_AREF.txt,,D:\usgs_splib07\../ASCIIdata/ASCIIdata_splib07a/splib07a_Wavelengths_ASD_0.35-2.5_microns_2151_ch.txt,D:\usgs_splib07\../ASCIIdata/ASCIIdata_splib07a/splib07a_Bandpass_(FWHM)_ASDFR_StandardResolution.txt,D:\usgs_splib07\../GIFplots/GIFplots_splib07a/ChapterA_ArtificialMaterials/splib07a_Plastic_Visqueen_GDS370_Clr_ASDFRa_AREF.gif,D:\usgs_splib07\../GIFplots/GIFplots_splib07a/plots_by_wavelength_region/range1_uv_to_visible/splib07a_Plastic_Visqueen_GDS370_Clr_ASDFRa_AREF_range1_uv_to_vis.gif,D:\usgs_splib07\../GIFplots/GIFplots_splib07a/plots_by_wavelength_region/range2_visible_to_swir/splib07a_Plastic_Visqueen_GDS370_Clr_ASDFRa_AREF_range2_vis_to_swir.gif,D:\usgs_splib07\../GIFplots/GIFplots_splib07a/plots_by_wavelength_region/range3_swir/splib07a_Plastic_Visqueen_GDS370_Clr_ASDFRa_AREF_range3_swir.gif,,,D:\usgs_splib07\../GIFplots/GIFplots_splib07a/splib07a_Wavelengths_ASD_0.35-2.5_microns_2151_ch.gif,D:\usgs_splib07\../GIFplots/GIFplots_splib07a/splib07a_Bandpass_(FWHM)_ASDFR_StandardResolution.gif
Plywood GDS365 Fresh Pine    ASDFRa AREF,D:\usgs_splib07\../HTMLmetadata/Plywood_GDS365_Fresh_Pine_ASDFRa_AREF.html,D:\usgs_splib07\../ASCIIdata/ASCIIdata_splib07a/ChapterA_ArtificialMaterials/splib07a_Plywood_GDS365_Fresh_Pine_ASDFRa_AREF.txt,,D:\usgs_splib07\../ASCIIdata/ASCIIdata_splib07a/splib07a_Wavelengths_ASD_0.35-2.5_microns_2151_ch.txt,D:\usgs_splib07\../ASCIIdata/ASCIIdata_splib07a/splib07a_Bandpass_(FWHM)_ASDFR_StandardResolution.txt,D:\usgs_splib07\../GIFplots/GIFplots_splib07a/ChapterA_ArtificialMaterials/splib07a_Plywood_GDS365_Fresh_Pine_ASDFRa_AREF.gif,D:\usgs_splib07\../GIFplots/GIFplots_splib07a/plots_by_wavelength_region/range1_uv_to_visible/splib07a_Plywood_GDS365_Fresh_Pine_ASDFRa_AREF_range1_uv_to_vis.gif,D:\usgs_splib07\../GIFplots/GIFplots_splib07a/plots_by_wavelength_region/range2_visible_to_swir/splib07a_Plywood_GDS365_Fresh_Pine_ASDFRa_AREF_range2_vis_to_swir.gif,D:\usgs_splib07\../GIFplots/GIFplots_splib07a/plots_by_wavelength_region/range3_swir/splib07a_Plywood_GDS365_Fresh_Pine_ASDFRa_AREF_range3_swir.gif,,,D:\usgs_splib07\../GIFplots/GIFplots_splib07a/splib07a_Wavelengths_ASD_0.35-2.5_microns_2151_ch.gif,D:\usgs_splib07\../GIFplots/GIFplots_splib07a/splib07a_Bandpass_(FWHM)_ASDFR_StandardResolution.gif
Polyester_Pile GDS434 Blk    ASDFRa AREF,D:\usgs_splib07\../HTMLmetadata/Polyester_Pile_GDS434_Blk_ASDFRa_AREF.html,D:\usgs_splib07\../ASCIIdata/ASCIIdata_splib07a/ChapterA_ArtificialMaterials/splib07a_Polyester_Pile_GDS434_Blk_ASDFRa_AREF.txt,,D:\usgs_splib07\../ASCIIdata/ASCIIdata_splib07a/splib07a_Wavelengths_ASD_0.35-2.5_microns_2151_ch.txt,D:\usgs_splib07\../ASCIIdata/ASCIIdata_splib07a/splib07a_Bandpass_(FWHM)_ASDFR_StandardResolution.txt,D:\usgs_splib07\../GIFplots/GIFplots_splib07a/ChapterA_ArtificialMaterials/splib07a_Polyester_Pile_GDS434_Blk_ASDFRa_AREF.gif,D:\usgs_splib07\../GIFplots/GIFplots_splib07a/plots_by_wavelength_region/range1_uv_to_visible/splib07a_Polyester_Pile_GDS434_Blk_ASDFRa_AREF_range1_uv_to_vis.gif,D:\usgs_splib07\../GIFplots/GIFplots_splib07a/plots_by_wavelength_region/range2_visible_to_swir/splib07a_Polyester_Pile_GDS434_Blk_ASDFRa_AREF_range2_vis_to_swir.gif,D:\usgs_splib07\../GIFplots/GIFplots_splib07a/plots_by_wavelength_region/range3_swir/splib07a_Polyester_Pile_GDS434_Blk_ASDFRa_AREF_range3_swir.gif,,,D:\usgs_splib07\../GIFplots/GIFplots_splib07a/splib07a_Wavelengths_ASD_0.35-2.5_microns_2151_ch.gif,D:\usgs_splib07\../GIFplots/GIFplots_splib07a/splib07a_Bandpass_(FWHM)_ASDFR_StandardResolution.gif
Polyester_Pile GDS435 DkGrn  ASDFRa AREF,D:\usgs_splib07\../HTMLmetadata/Polyester_Pile_GDS435_DkGrn_ASDFRa_AREF.html,D:\usgs_splib07\../ASCIIdata/ASCIIdata_splib07a/ChapterA_ArtificialMaterials/splib07a_Polyester_Pile_GDS435_DkGrn_ASDFRa_AREF.txt,,D:\usgs_splib07\../ASCIIdata/ASCIIdata_splib07a/splib07a_Wavelengths_ASD_0.35-2.5_microns_2151_ch.txt,D:\usgs_splib07\../ASCIIdata/ASCIIdata_splib07a/splib07a_Bandpass_(FWHM)_ASDFR_StandardResolution.txt,D:\usgs_splib07\../GIFplots/GIFplots_splib07a/ChapterA_ArtificialMaterials/splib07a_Polyester_Pile_GDS435_DkGrn_ASDFRa_AREF.gif,D:\usgs_splib07\../GIFplots/GIFplots_splib07a/plots_by_wavelength_region/range1_uv_to_visible/splib07a_Polyester_Pile_GDS435_DkGrn_ASDFRa_AREF_range1_uv_to_vis.gif,D:\usgs_splib07\../GIFplots/GIFplots_splib07a/plots_by_wavelength_region/range2_visible_to_swir/splib07a_Polyester_Pile_GDS435_DkGrn_ASDFRa_AREF_range2_vis_to_swir.gif,D:\usgs_splib07\../GIFplots/GIFplots_splib07a/plots_by_wavelength_region/range3_swir/splib07a_Polyester_Pile_GDS435_DkGrn_ASDFRa_AREF_range3_swir.gif,,,D:\usgs_splib07\../GIFplots/GIFplots_splib07a/splib07a_Wavelengths_ASD_0.35-2.5_microns_2151_ch.gif,D:\usgs_splib07\../GIFplots/GIFplots_splib07a/splib07a_Bandpass_(FWHM)_ASDFR_StandardResolution.gif
Polyester_Webbing GDS429 Blk ASDFRa AREF,D:\usgs_splib07\../HTMLmetadata/Polyester_Webbing_GDS429_Blk_ASDFRa_AREF.html,D:\usgs_splib07\../ASCIIdata/ASCIIdata_splib07a/ChapterA_ArtificialMaterials/splib07a_Polyester_Webbing_GDS429_Blk_ASDFRa_AREF.txt,,D:\usgs_splib07\../ASCIIdata/ASCIIdata_splib07a/splib07a_Wavelengths_ASD_0.35-2.5_microns_2151_ch.txt,D:\usgs_splib07\../ASCIIdata/ASCIIdata_splib07a/splib07a_Bandpass_(FWHM)_ASDFR_StandardResolution.txt,D:\usgs_splib07\../GIFplots/GIFplots_splib07a/ChapterA_ArtificialMaterials/splib07a_Polyester_Webbing_GDS429_Blk_ASDFRa_AREF.gif,D:\usgs_splib07\../GIFplots/GIFplots_splib07a/plots_by_wavelength_region/range1_uv_to_visible/splib07a_Polyester_Webbing_GDS429_Blk_ASDFRa_AREF_range1_uv_to_vis.gif,D:\usgs_splib07\../GIFplots/GIFplots_splib07a/plots_by_wavelength_region/range2_visible_to_swir/splib07a_Polyester_Webbing_GDS429_Blk_ASDFRa_AREF_range2_vis_to_swir.gif,D:\usgs_splib07\../GIFplots/GIFplots_splib07a/plots_by_wavelength_region/range3_swir/splib07a_Polyester_Webbing_GDS429_Blk_ASDFRa_AREF_range3_swir.gif,,,D:\usgs_splib07\../GIFplots/GIFplots_splib07a/splib07a_Wavelengths_ASD_0.35-2.5_microns_2151_ch.gif,D:\usgs_splib07\../GIFplots/GIFplots_splib07a/splib07a_Bandpass_(FWHM)_ASDFR_StandardResolution.gif
Polystyrene GDS345 BluInsul  ASDFRa AREF,D:\usgs_splib07\../HTMLmetadata/Polystyrene_GDS345_BluInsul_ASDFRa_AREF.html,D:\usgs_splib07\../ASCIIdata/ASCIIdata_splib07a/ChapterA_ArtificialMaterials/splib07a_Polystyrene_GDS345_BluInsul_ASDFRa_AREF.txt,,D:\usgs_splib07\../ASCIIdata/ASCIIdata_splib07a/splib07a_Wavelengths_ASD_0.35-2.5_microns_2151_ch.txt,D:\usgs_splib07\../ASCIIdata/ASCIIdata_splib07a/splib07a_Bandpass_(FWHM)_ASDFR_StandardResolution.txt,D:\usgs_splib07\../GIFplots/GIFplots_splib07a/ChapterA_ArtificialMaterials/splib07a_Polystyrene_GDS345_BluInsul_ASDFRa_AREF.gif,D:\usgs_splib07\../GIFplots/GIFplots_splib07a/plots_by_wavelength_region/range1_uv_to_visible/splib07a_Polystyrene_GDS345_BluInsul_ASDFRa_AREF_range1_uv_to_vis.gif,D:\usgs_splib07\../GIFplots/GIFplots_splib07a/plots_by_wavelength_region/range2_visible_to_swir/splib07a_Polystyrene_GDS345_BluInsul_ASDFRa_AREF_range2_vis_to_swir.gif,D:\usgs_splib07\../GIFplots/GIFplots_splib07a/plots_by_wavelength_region/range3_swir/splib07a_Polystyrene_GDS345_BluInsul_ASDFRa_AREF_range3_swir.gif,,,D:\usgs_splib07\../GIFplots/GIFplots_splib07a/splib07a_Wavelengths_ASD_0.35-2.5_microns_2151_ch.gif,D:\usgs_splib07\../GIFplots/GIFplots_splib07a/splib07a_Bandpass_(FWHM)_ASDFR_StandardResolution.gif
Potassium_Sulfate JT1-3282   ASDHRa AREF,D:\usgs_splib07\../HTMLmetadata/Potassium_Sulfate_JT1-3282_ASDHRa_AREF.html,D:\usgs_splib07\../ASCIIdata/ASCIIdata_splib07a/ChapterA_ArtificialMaterials/splib07a_Potassium_Sulfate_JT1-3282_ASDHRa_AREF.txt,,D:\usgs_splib07\../ASCIIdata/ASCIIdata_splib07a/splib07a_Wavelengths_ASD_0.35-2.5_microns_2151_ch.txt,D:\usgs_splib07\../ASCIIdata/ASCIIdata_splib07a/splib07a_Bandpass_(FWHM)_ASDHR_High-Resolution.txt,D:\usgs_splib07\../GIFplots/GIFplots_splib07a/ChapterA_ArtificialMaterials/splib07a_Potassium_Sulfate_JT1-3282_ASDHRa_AREF.gif,D:\usgs_splib07\../GIFplots/GIFplots_splib07a/plots_by_wavelength_region/range1_uv_to_visible/splib07a_Potassium_Sulfate_JT1-3282_ASDHRa_AREF_range1_uv_to_vis.gif,D:\usgs_splib07\../GIFplots/GIFplots_splib07a/plots_by_wavelength_region/range2_visible_to_swir/splib07a_Potassium_Sulfate_JT1-3282_ASDHRa_AREF_range2_vis_to_swir.gif,D:\usgs_splib07\../GIFplots/GIFplots_splib07a/plots_by_wavelength_region/range3_swir/splib07a_Potassium_Sulfate_JT1-3282_ASDHRa_AREF_range3_swir.gif,,,D:\usgs_splib07\../GIFplots/GIFplots_splib07a/splib07a_Wavelengths_ASD_0.35-2.5_microns_2151_ch.gif,D:\usgs_splib07\../GIFplots/GIFplots_splib07a/splib07a_Bandpass_(FWHM)_ASDHR_High-Resolution.gif
Praseodymium_Chloride_39386  ASDFRa AREF,D:\usgs_splib07\../HTMLmetadata/Praseodymium_Chloride_39386_ASDFRa_AREF.html,D:\usgs_splib07\../ASCIIdata/ASCIIdata_splib07a/ChapterA_ArtificialMaterials/splib07a_Praseodymium_Chloride_39386_ASDFRa_AREF.txt,,D:\usgs_splib07\../ASCIIdata/ASCIIdata_splib07a/splib07a_Wavelengths_ASD_0.35-2.5_microns_2151_ch.txt,D:\usgs_splib07\../ASCIIdata/ASCIIdata_splib07a/splib07a_Bandpass_(FWHM)_ASDFR_StandardResolution.txt,D:\usgs_splib07\../GIFplots/GIFplots_splib07a/ChapterA_ArtificialMaterials/splib07a_Praseodymium_Chloride_39386_ASDFRa_AREF.gif,D:\usgs_splib07\../GIFplots/GIFplots_splib07a/plots_by_wavelength_region/range1_uv_to_visible/splib07a_Praseodymium_Chloride_39386_ASDFRa_AREF_range1_uv_to_vis.gif,D:\usgs_splib07\../GIFplots/GIFplots_splib07a/plots_by_wavelength_region/range2_visible_to_swir/splib07a_Praseodymium_Chloride_39386_ASDFRa_AREF_range2_vis_to_swir.gif,D:\usgs_splib07\../GIFplots/GIFplots_splib07a/plots_by_wavelength_region/range3_swir/splib07a_Praseodymium_Chloride_39386_ASDFRa_AREF_range3_swir.gif,,,D:\usgs_splib07\../GIFplots/GIFplots_splib07a/splib07a_Wavelengths_ASD_0.35-2.5_microns_2151_ch.gif,D:\usgs_splib07\../GIFplots/GIFplots_splib07a/splib07a_Bandpass_(FWHM)_ASDFR_StandardResolution.gif
Praseodymium_Nitrate_Hexahyd ASDFRa AREF,D:\usgs_splib07\../HTMLmetadata/Praseodymium_Nitrate_Hexahyd_ASDFRa_AREF.html,D:\usgs_splib07\../ASCIIdata/ASCIIdata_splib07a/ChapterA_ArtificialMaterials/splib07a_Praseodymium_Nitrate_Hexahyd_ASDFRa_AREF.txt,,D:\usgs_splib07\../ASCIIdata/ASCIIdata_splib07a/splib07a_Wavelengths_ASD_0.35-2.5_microns_2151_ch.txt,D:\usgs_splib07\../ASCIIdata/ASCIIdata_splib07a/splib07a_Bandpass_(FWHM)_ASDFR_StandardResolution.txt,D:\usgs_splib07\../GIFplots/GIFplots_splib07a/ChapterA_ArtificialMaterials/splib07a_Praseodymium_Nitrate_Hexahyd_ASDFRa_AREF.gif,D:\usgs_splib07\../GIFplots/GIFplots_splib07a/plots_by_wavelength_region/range1_uv_to_visible/splib07a_Praseodymium_Nitrate_Hexahyd_ASDFRa_AREF_range1_uv_to_vis.gif,D:\usgs_splib07\../GIFplots/GIFplots_splib07a/plots_by_wavelength_region/range2_visible_to_swir/splib07a_Praseodymium_Nitrate_Hexahyd_ASDFRa_AREF_range2_vis_to_swir.gif,D:\usgs_splib07\../GIFplots/GIFplots_splib07a/plots_by_wavelength_region/range3_swir/splib07a_Praseodymium_Nitrate_Hexahyd_ASDFRa_AREF_range3_swir.gif,,,D:\usgs_splib07\../GIFplots/GIFplots_splib07a/splib07a_Wavelengths_ASD_0.35-2.5_microns_2151_ch.gif,D:\usgs_splib07\../GIFplots/GIFplots_splib07a/splib07a_Bandpass_(FWHM)_ASDFR_StandardResolution.gif
Praseodymium_Oxide GDS35      BECKc AREF,D:\usgs_splib07\../HTMLmetadata/Praseodymium_Oxide_GDS35_BECKc_AREF.html,D:\usgs_splib07\../ASCIIdata/ASCIIdata_splib07a/ChapterA_ArtificialMaterials/splib07a_Praseodymium_Oxide_GDS35_BECKc_AREF.txt,D:\usgs_splib07\../ASCIIdata/ASCIIdata_splib07a/errorbars/errorbars_for_splib07a_Praseodymium_Oxide_GDS35_BECKc_AREF.txt,D:\usgs_splib07\../ASCIIdata/ASCIIdata_splib07a/splib07a_Wavelengths_BECK_Beckman_0.2-3.0_microns.txt,D:\usgs_splib07\../ASCIIdata/ASCIIdata_splib07a/splib07a_Bandpass_(FWHM)_BECK_Beckman_in_microns.txt,D:\usgs_splib07\../GIFplots/GIFplots_splib07a/ChapterA_ArtificialMaterials/splib07a_Praseodymium_Oxide_GDS35_BECKc_AREF.gif,D:\usgs_splib07\../GIFplots/GIFplots_splib07a/plots_by_wavelength_region/range1_uv_to_visible/splib07a_Praseodymium_Oxide_GDS35_BECKc_AREF_range1_uv_to_vis.gif,D:\usgs_splib07\../GIFplots/GIFplots_splib07a/plots_by_wavelength_region/range2_visible_to_swir/splib07a_Praseodymium_Oxide_GDS35_BECKc_AREF_range2_vis_to_swir.gif,D:\usgs_splib07\../GIFplots/GIFplots_splib07a/plots_by_wavelength_region/range3_swir/splib07a_Praseodymium_Oxide_GDS35_BECKc_AREF_range3_swir.gif,,,D:\usgs_splib07\../GIFplots/GIFplots_splib07a/splib07a_Wavelengths_BECK_Beckman_0.2-3.0_microns.gif,D:\usgs_splib07\../GIFplots/GIFplots_splib07a/splib07a_Bandpass_(FWHM)_BECK_Beckman_in_microns.gif
Praseodymium_Oxide GDS35     ASDFRc AREF,D:\usgs_splib07\../HTMLmetadata/Praseodymium_Oxide_GDS35_ASDFRc_AREF.html,D:\usgs_splib07\../ASCIIdata/ASCIIdata_splib07a/ChapterA_ArtificialMaterials/splib07a_Praseodymium_Oxide_GDS35_ASDFRc_AREF.txt,,D:\usgs_splib07\../ASCIIdata/ASCIIdata_splib07a/splib07a_Wavelengths_ASD_0.35-2.5_microns_2151_ch.txt,D:\usgs_splib07\../ASCIIdata/ASCIIdata_splib07a/splib07a_Bandpass_(FWHM)_ASDFR_StandardResolution.txt,D:\usgs_splib07\../GIFplots/GIFplots_splib07a/ChapterA_ArtificialMaterials/splib07a_Praseodymium_Oxide_GDS35_ASDFRc_AREF.gif,D:\usgs_splib07\../GIFplots/GIFplots_splib07a/plots_by_wavelength_region/range1_uv_to_visible/splib07a_Praseodymium_Oxide_GDS35_ASDFRc_AREF_range1_uv_to_vis.gif,D:\usgs_splib07\../GIFplots/GIFplots_splib07a/plots_by_wavelength_region/range2_visible_to_swir/splib07a_Praseodymium_Oxide_GDS35_ASDFRc_AREF_range2_vis_to_swir.gif,D:\usgs_splib07\../GIFplots/GIFplots_splib07a/plots_by_wavelength_region/range3_swir/splib07a_Praseodymium_Oxide_GDS35_ASDFRc_AREF_range3_swir.gif,,,D:\usgs_splib07\../GIFplots/GIFplots_splib07a/splib07a_Wavelengths_ASD_0.35-2.5_microns_2151_ch.gif,D:\usgs_splib07\../GIFplots/GIFplots_splib07a/splib07a_Bandpass_(FWHM)_ASDFR_StandardResolution.gif
Praseodymium_Oxide GDS35     NIC4bb RREF,D:\usgs_splib07\../HTMLmetadata/Praseodymium_Oxide_GDS35_NIC4bb_RREF.html,D:\usgs_splib07\../ASCIIdata/ASCIIdata_splib07a/ChapterA_ArtificialMaterials/splib07a_Praseodymium_Oxide_GDS35_NIC4bb_RREF.txt,,D:\usgs_splib07\../ASCIIdata/ASCIIdata_splib07a/splib07a_Wavelengths_NIC4_Nicolet_1.12-216microns.txt,D:\usgs_splib07\../ASCIIdata/ASCIIdata_splib07a/splib07a_Bandpass_(FWHM)_NIC4_Nicolet_in_microns.txt,D:\usgs_splib07\../GIFplots/GIFplots_splib07a/ChapterA_ArtificialMaterials/splib07a_Praseodymium_Oxide_GDS35_NIC4bb_RREF.gif,,D:\usgs_splib07\../GIFplots/GIFplots_splib07a/plots_by_wavelength_region/range2_visible_to_swir/splib07a_Praseodymium_Oxide_GDS35_NIC4bb_RREF_range2_vis_to_swir.gif,D:\usgs_splib07\../GIFplots/GIFplots_splib07a/plots_by_wavelength_region/range3_swir/splib07a_Praseodymium_Oxide_GDS35_NIC4bb_RREF_range3_swir.gif,D:\usgs_splib07\../GIFplots/GIFplots_splib07a/plots_by_wavelength_region/range4_swir_to_mir/splib07a_Praseodymium_Oxide_GDS35_NIC4bb_RREF_range4_swir_to_mir.gif,D:\usgs_splib07\../GIFplots/GIFplots_splib07a/plots_by_wavelength_region/range5_swir_to_fir_wavenumber/splib07a_Praseodymium_Oxide_GDS35_NIC4bb_RREF_range5_swir_to_fir_wavenumber.gif,D:\usgs_splib07\../GIFplots/GIFplots_splib07a/splib07a_Wavelengths_NIC4_Nicolet_1.12-216microns.gif,D:\usgs_splib07\../GIFplots/GIFplots_splib07a/splib07a_Bandpass_(FWHM)_NIC4_Nicolet_in_microns.gif
Praseodymium_Oxide PR62 SPEX ASDFRc AREF,D:\usgs_splib07\../HTMLmetadata/Praseodymium_Oxide_PR62_SPEX_ASDFRc_AREF.html,D:\usgs_splib07\../ASCIIdata/ASCIIdata_splib07a/ChapterA_ArtificialMaterials/splib07a_Praseodymium_Oxide_PR62_SPEX_ASDFRc_AREF.txt,,D:\usgs_splib07\../ASCIIdata/ASCIIdata_splib07a/splib07a_Wavelengths_ASD_0.35-2.5_microns_2151_ch.txt,D:\usgs_splib07\../ASCIIdata/ASCIIdata_splib07a/splib07a_Bandpass_(FWHM)_ASDFR_StandardResolution.txt,D:\usgs_splib07\../GIFplots/GIFplots_splib07a/ChapterA_ArtificialMaterials/splib07a_Praseodymium_Oxide_PR62_SPEX_ASDFRc_AREF.gif,D:\usgs_splib07\../GIFplots/GIFplots_splib07a/plots_by_wavelength_region/range1_uv_to_visible/splib07a_Praseodymium_Oxide_PR62_SPEX_ASDFRc_AREF_range1_uv_to_vis.gif,D:\usgs_splib07\../GIFplots/GIFplots_splib07a/plots_by_wavelength_region/range2_visible_to_swir/splib07a_Praseodymium_Oxide_PR62_SPEX_ASDFRc_AREF_range2_vis_to_swir.gif,D:\usgs_splib07\../GIFplots/GIFplots_splib07a/plots_by_wavelength_region/range3_swir/splib07a_Praseodymium_Oxide_PR62_SPEX_ASDFRc_AREF_range3_swir.gif,,,D:\usgs_splib07\../GIFplots/GIFplots_splib07a/splib07a_Wavelengths_ASD_0.35-2.5_microns_2151_ch.gif,D:\usgs_splib07\../GIFplots/GIFplots_splib07a/splib07a_Bandpass_(FWHM)_ASDFR_StandardResolution.gif
Prussian_blue GDS802         ASDFRa AREF,D:\usgs_splib07\../HTMLmetadata/Prussian_blue_GDS802_ASDFRa_AREF.html,D:\usgs_splib07\../ASCIIdata/ASCIIdata_splib07a/ChapterA_ArtificialMaterials/splib07a_Prussian_blue_GDS802_ASDFRa_AREF.txt,,D:\usgs_splib07\../ASCIIdata/ASCIIdata_splib07a/splib07a_Wavelengths_ASD_0.35-2.5_microns_2151_ch.txt,D:\usgs_splib07\../ASCIIdata/ASCIIdata_splib07a/splib07a_Bandpass_(FWHM)_ASDFR_StandardResolution.txt,D:\usgs_splib07\../GIFplots/GIFplots_splib07a/ChapterA_ArtificialMaterials/splib07a_Prussian_blue_GDS802_ASDFRa_AREF.gif,D:\usgs_splib07\../GIFplots/GIFplots_splib07a/plots_by_wavelength_region/range1_uv_to_visible/splib07a_Prussian_blue_GDS802_ASDFRa_AREF_range1_uv_to_vis.gif,D:\usgs_splib07\../GIFplots/GIFplots_splib07a/plots_by_wavelength_region/range2_visible_to_swir/splib07a_Prussian_blue_GDS802_ASDFRa_AREF_range2_vis_to_swir.gif,D:\usgs_splib07\../GIFplots/GIFplots_splib07a/plots_by_wavelength_region/range3_swir/splib07a_Prussian_blue_GDS802_ASDFRa_AREF_range3_swir.gif,,,D:\usgs_splib07\../GIFplots/GIFplots_splib07a/splib07a_Wavelengths_ASD_0.35-2.5_microns_2151_ch.gif,D:\usgs_splib07\../GIFplots/GIFplots_splib07a/splib07a_Bandpass_(FWHM)_ASDFR_StandardResolution.gif
Renyolds_TnlSldgWet SM93-15w  BECKa AREF,D:\usgs_splib07\../HTMLmetadata/Renyolds_TnlSldgWet_SM93-15w_BECKa_AREF.html,D:\usgs_splib07\../ASCIIdata/ASCIIdata_splib07a/ChapterA_ArtificialMaterials/splib07a_Renyolds_TnlSldgWet_SM93-15w_BECKa_AREF.txt,D:\usgs_splib07\../ASCIIdata/ASCIIdata_splib07a/errorbars/errorbars_for_splib07a_Renyolds_TnlSldgWet_SM93-15w_BECKa_AREF.txt,D:\usgs_splib07\../ASCIIdata/ASCIIdata_splib07a/splib07a_Wavelengths_BECK_Beckman_0.2-3.0_microns.txt,D:\usgs_splib07\../ASCIIdata/ASCIIdata_splib07a/splib07a_Bandpass_(FWHM)_BECK_Beckman_in_microns.txt,D:\usgs_splib07\../GIFplots/GIFplots_splib07a/ChapterA_ArtificialMaterials/splib07a_Renyolds_TnlSldgWet_SM93-15w_BECKa_AREF.gif,D:\usgs_splib07\../GIFplots/GIFplots_splib07a/plots_by_wavelength_region/range1_uv_to_visible/splib07a_Renyolds_TnlSldgWet_SM93-15w_BECKa_AREF_range1_uv_to_vis.gif,D:\usgs_splib07\../GIFplots/GIFplots_splib07a/plots_by_wavelength_region/range2_visible_to_swir/splib07a_Renyolds_TnlSldgWet_SM93-15w_BECKa_AREF_range2_vis_to_swir.gif,D:\usgs_splib07\../GIFplots/GIFplots_splib07a/plots_by_wavelength_region/range3_swir/splib07a_Renyolds_TnlSldgWet_SM93-15w_BECKa_AREF_range3_swir.gif,,,D:\usgs_splib07\../GIFplots/GIFplots_splib07a/splib07a_Wavelengths_BECK_Beckman_0.2-3.0_microns.gif,D:\usgs_splib07\../GIFplots/GIFplots_splib07a/splib07a_Bandpass_(FWHM)_BECK_Beckman_in_microns.gif
Renyolds_Tnl_Sludge SM93-15   BECKa AREF,D:\usgs_splib07\../HTMLmetadata/Renyolds_Tnl_Sludge_SM93-15_BECKa_AREF.html,D:\usgs_splib07\../ASCIIdata/ASCIIdata_splib07a/ChapterA_ArtificialMaterials/splib07a_Renyolds_Tnl_Sludge_SM93-15_BECKa_AREF.txt,D:\usgs_splib07\../ASCIIdata/ASCIIdata_splib07a/errorbars/errorbars_for_splib07a_Renyolds_Tnl_Sludge_SM93-15_BECKa_AREF.txt,D:\usgs_splib07\../ASCIIdata/ASCIIdata_splib07a/splib07a_Wavelengths_BECK_Beckman_0.2-3.0_microns.txt,D:\usgs_splib07\../ASCIIdata/ASCIIdata_splib07a/splib07a_Bandpass_(FWHM)_BECK_Beckman_in_microns.txt,D:\usgs_splib07\../GIFplots/GIFplots_splib07a/ChapterA_ArtificialMaterials/splib07a_Renyolds_Tnl_Sludge_SM93-15_BECKa_AREF.gif,D:\usgs_splib07\../GIFplots/GIFplots_splib07a/plots_by_wavelength_region/range1_uv_to_visible/splib07a_Renyolds_Tnl_Sludge_SM93-15_BECKa_AREF_range1_uv_to_vis.gif,D:\usgs_splib07\../GIFplots/GIFplots_splib07a/plots_by_wavelength_region/range2_visible_to_swir/splib07a_Renyolds_Tnl_Sludge_SM93-15_BECKa_AREF_range2_vis_to_swir.gif,D:\usgs_splib07\../GIFplots/GIFplots_splib07a/plots_by_wavelength_region/range3_swir/splib07a_Renyolds_Tnl_Sludge_SM93-15_BECKa_AREF_range3_swir.gif,,,D:\usgs_splib07\../GIFplots/GIFplots_splib07a/splib07a_Wavelengths_BECK_Beckman_0.2-3.0_microns.gif,D:\usgs_splib07\../GIFplots/GIFplots_splib07a/splib07a_Bandpass_(FWHM)_BECK_Beckman_in_microns.gif
Roofing_Felt GDS377 Black    ASDFRa AREF,D:\usgs_splib07\../HTMLmetadata/Roofing_Felt_GDS377_Black_ASDFRa_AREF.html,D:\usgs_splib07\../ASCIIdata/ASCIIdata_splib07a/ChapterA_ArtificialMaterials/splib07a_Roofing_Felt_GDS377_Black_ASDFRa_AREF.txt,,D:\usgs_splib07\../ASCIIdata/ASCIIdata_splib07a/splib07a_Wavelengths_ASD_0.35-2.5_microns_2151_ch.txt,D:\usgs_splib07\../ASCIIdata/ASCIIdata_splib07a/splib07a_Bandpass_(FWHM)_ASDFR_StandardResolution.txt,D:\usgs_splib07\../GIFplots/GIFplots_splib07a/ChapterA_ArtificialMaterials/splib07a_Roofing_Felt_GDS377_Black_ASDFRa_AREF.gif,D:\usgs_splib07\../GIFplots/GIFplots_splib07a/plots_by_wavelength_region/range1_uv_to_visible/splib07a_Roofing_Felt_GDS377_Black_ASDFRa_AREF_range1_uv_to_vis.gif,D:\usgs_splib07\../GIFplots/GIFplots_splib07a/plots_by_wavelength_region/range2_visible_to_swir/splib07a_Roofing_Felt_GDS377_Black_ASDFRa_AREF_range2_vis_to_swir.gif,D:\usgs_splib07\../GIFplots/GIFplots_splib07a/plots_by_wavelength_region/range3_swir/splib07a_Roofing_Felt_GDS377_Black_ASDFRa_AREF_range3_swir.gif,,,D:\usgs_splib07\../GIFplots/GIFplots_splib07a/splib07a_Wavelengths_ASD_0.35-2.5_microns_2151_ch.gif,D:\usgs_splib07\../GIFplots/GIFplots_splib07a/splib07a_Bandpass_(FWHM)_ASDFR_StandardResolution.gif
Rusted_Tin_Can GDS378 MV99-6 ASDFRa AREF,D:\usgs_splib07\../HTMLmetadata/Rusted_Tin_Can_GDS378_MV99-6_ASDFRa_AREF.html,D:\usgs_splib07\../ASCIIdata/ASCIIdata_splib07a/ChapterA_ArtificialMaterials/splib07a_Rusted_Tin_Can_GDS378_MV99-6_ASDFRa_AREF.txt,,D:\usgs_splib07\../ASCIIdata/ASCIIdata_splib07a/splib07a_Wavelengths_ASD_0.35-2.5_microns_2151_ch.txt,D:\usgs_splib07\../ASCIIdata/ASCIIdata_splib07a/splib07a_Bandpass_(FWHM)_ASDFR_StandardResolution.txt,D:\usgs_splib07\../GIFplots/GIFplots_splib07a/ChapterA_ArtificialMaterials/splib07a_Rusted_Tin_Can_GDS378_MV99-6_ASDFRa_AREF.gif,D:\usgs_splib07\../GIFplots/GIFplots_splib07a/plots_by_wavelength_region/range1_uv_to_visible/splib07a_Rusted_Tin_Can_GDS378_MV99-6_ASDFRa_AREF_range1_uv_to_vis.gif,D:\usgs_splib07\../GIFplots/GIFplots_splib07a/plots_by_wavelength_region/range2_visible_to_swir/splib07a_Rusted_Tin_Can_GDS378_MV99-6_ASDFRa_AREF_range2_vis_to_swir.gif,D:\usgs_splib07\../GIFplots/GIFplots_splib07a/plots_by_wavelength_region/range3_swir/splib07a_Rusted_Tin_Can_GDS378_MV99-6_ASDFRa_AREF_range3_swir.gif,,,D:\usgs_splib07\../GIFplots/GIFplots_splib07a/splib07a_Wavelengths_ASD_0.35-2.5_microns_2151_ch.gif,D:\usgs_splib07\../GIFplots/GIFplots_splib07a/splib07a_Bandpass_(FWHM)_ASDFR_StandardResolution.gif
Samarium_Oxide GDS36          BECKa AREF,D:\usgs_splib07\../HTMLmetadata/Samarium_Oxide_GDS36_BECKa_AREF.html,D:\usgs_splib07\../ASCIIdata/ASCIIdata_splib07a/ChapterA_ArtificialMaterials/splib07a_Samarium_Oxide_GDS36_BECKa_AREF.txt,D:\usgs_splib07\../ASCIIdata/ASCIIdata_splib07a/errorbars/errorbars_for_splib07a_Samarium_Oxide_GDS36_BECKa_AREF.txt,D:\usgs_splib07\../ASCIIdata/ASCIIdata_splib07a/splib07a_Wavelengths_BECK_Beckman_0.2-3.0_microns.txt,D:\usgs_splib07\../ASCIIdata/ASCIIdata_splib07a/splib07a_Bandpass_(FWHM)_BECK_Beckman_in_microns.txt,D:\usgs_splib07\../GIFplots/GIFplots_splib07a/ChapterA_ArtificialMaterials/splib07a_Samarium_Oxide_GDS36_BECKa_AREF.gif,D:\usgs_splib07\../GIFplots/GIFplots_splib07a/plots_by_wavelength_region/range1_uv_to_visible/splib07a_Samarium_Oxide_GDS36_BECKa_AREF_range1_uv_to_vis.gif,D:\usgs_splib07\../GIFplots/GIFplots_splib07a/plots_by_wavelength_region/range2_visible_to_swir/splib07a_Samarium_Oxide_GDS36_BECKa_AREF_range2_vis_to_swir.gif,D:\usgs_splib07\../GIFplots/GIFplots_splib07a/plots_by_wavelength_region/range3_swir/splib07a_Samarium_Oxide_GDS36_BECKa_AREF_range3_swir.gif,,,D:\usgs_splib07\../GIFplots/GIFplots_splib07a/splib07a_Wavelengths_BECK_Beckman_0.2-3.0_microns.gif,D:\usgs_splib07\../GIFplots/GIFplots_splib07a/splib07a_Bandpass_(FWHM)_BECK_Beckman_in_microns.gif
Samarium_Oxide GDS36         ASDFRa AREF,D:\usgs_splib07\../HTMLmetadata/Samarium_Oxide_GDS36_ASDFRa_AREF.html,D:\usgs_splib07\../ASCIIdata/ASCIIdata_splib07a/ChapterA_ArtificialMaterials/splib07a_Samarium_Oxide_GDS36_ASDFRa_AREF.txt,,D:\usgs_splib07\../ASCIIdata/ASCIIdata_splib07a/splib07a_Wavelengths_ASD_0.35-2.5_microns_2151_ch.txt,D:\usgs_splib07\../ASCIIdata/ASCIIdata_splib07a/splib07a_Bandpass_(FWHM)_ASDFR_StandardResolution.txt,D:\usgs_splib07\../GIFplots/GIFplots_splib07a/ChapterA_ArtificialMaterials/splib07a_Samarium_Oxide_GDS36_ASDFRa_AREF.gif,D:\usgs_splib07\../GIFplots/GIFplots_splib07a/plots_by_wavelength_region/range1_uv_to_visible/splib07a_Samarium_Oxide_GDS36_ASDFRa_AREF_range1_uv_to_vis.gif,D:\usgs_splib07\../GIFplots/GIFplots_splib07a/plots_by_wavelength_region/range2_visible_to_swir/splib07a_Samarium_Oxide_GDS36_ASDFRa_AREF_range2_vis_to_swir.gif,D:\usgs_splib07\../GIFplots/GIFplots_splib07a/plots_by_wavelength_region/range3_swir/splib07a_Samarium_Oxide_GDS36_ASDFRa_AREF_range3_swir.gif,,,D:\usgs_splib07\../GIFplots/GIFplots_splib07a/splib07a_Wavelengths_ASD_0.35-2.5_microns_2151_ch.gif,D:\usgs_splib07\../GIFplots/GIFplots_splib07a/splib07a_Bandpass_(FWHM)_ASDFR_StandardResolution.gif
Samarium Oxide GDS36         NIC4aa RREF,D:\usgs_splib07\../HTMLmetadata/Samarium_Oxide_GDS36_NIC4aa_RREF.html,D:\usgs_splib07\../ASCIIdata/ASCIIdata_splib07a/ChapterA_ArtificialMaterials/splib07a_Samarium_Oxide_GDS36_NIC4aa_RREF.txt,,D:\usgs_splib07\../ASCIIdata/ASCIIdata_splib07a/splib07a_Wavelengths_NIC4_Nicolet_1.12-216microns.txt,D:\usgs_splib07\../ASCIIdata/ASCIIdata_splib07a/splib07a_Bandpass_(FWHM)_NIC4_Nicolet_in_microns.txt,D:\usgs_splib07\../GIFplots/GIFplots_splib07a/ChapterA_ArtificialMaterials/splib07a_Samarium_Oxide_GDS36_NIC4aa_RREF.gif,,D:\usgs_splib07\../GIFplots/GIFplots_splib07a/plots_by_wavelength_region/range2_visible_to_swir/splib07a_Samarium_Oxide_GDS36_NIC4aa_RREF_range2_vis_to_swir.gif,D:\usgs_splib07\../GIFplots/GIFplots_splib07a/plots_by_wavelength_region/range3_swir/splib07a_Samarium_Oxide_GDS36_NIC4aa_RREF_range3_swir.gif,D:\usgs_splib07\../GIFplots/GIFplots_splib07a/plots_by_wavelength_region/range4_swir_to_mir/splib07a_Samarium_Oxide_GDS36_NIC4aa_RREF_range4_swir_to_mir.gif,D:\usgs_splib07\../GIFplots/GIFplots_splib07a/plots_by_wavelength_region/range5_swir_to_fir_wavenumber/splib07a_Samarium_Oxide_GDS36_NIC4aa_RREF_range5_swir_to_fir_wavenumber.gif,D:\usgs_splib07\../GIFplots/GIFplots_splib07a/splib07a_Wavelengths_NIC4_Nicolet_1.12-216microns.gif,D:\usgs_splib07\../GIFplots/GIFplots_splib07a/splib07a_Bandpass_(FWHM)_NIC4_Nicolet_in_microns.gif
Samarium_Oxide B-5 SPEX      ASDFRa AREF,D:\usgs_splib07\../HTMLmetadata/Samarium_Oxide_B-5_SPEX_ASDFRa_AREF.html,D:\usgs_splib07\../ASCIIdata/ASCIIdata_splib07a/ChapterA_ArtificialMaterials/splib07a_Samarium_Oxide_B-5_SPEX_ASDFRa_AREF.txt,,D:\usgs_splib07\../ASCIIdata/ASCIIdata_splib07a/splib07a_Wavelengths_ASD_0.35-2.5_microns_2151_ch.txt,D:\usgs_splib07\../ASCIIdata/ASCIIdata_splib07a/splib07a_Bandpass_(FWHM)_ASDFR_StandardResolution.txt,D:\usgs_splib07\../GIFplots/GIFplots_splib07a/ChapterA_ArtificialMaterials/splib07a_Samarium_Oxide_B-5_SPEX_ASDFRa_AREF.gif,D:\usgs_splib07\../GIFplots/GIFplots_splib07a/plots_by_wavelength_region/range1_uv_to_visible/splib07a_Samarium_Oxide_B-5_SPEX_ASDFRa_AREF_range1_uv_to_vis.gif,D:\usgs_splib07\../GIFplots/GIFplots_splib07a/plots_by_wavelength_region/range2_visible_to_swir/splib07a_Samarium_Oxide_B-5_SPEX_ASDFRa_AREF_range2_vis_to_swir.gif,D:\usgs_splib07\../GIFplots/GIFplots_splib07a/plots_by_wavelength_region/range3_swir/splib07a_Samarium_Oxide_B-5_SPEX_ASDFRa_AREF_range3_swir.gif,,,D:\usgs_splib07\../GIFplots/GIFplots_splib07a/splib07a_Wavelengths_ASD_0.35-2.5_microns_2151_ch.gif,D:\usgs_splib07\../GIFplots/GIFplots_splib07a/splib07a_Bandpass_(FWHM)_ASDFR_StandardResolution.gif
Scandium_Oxide J.M. 300 S575 ASDFRa AREF,D:\usgs_splib07\../HTMLmetadata/Scandium_Oxide_J.M._300_S575_ASDFRa_AREF.html,D:\usgs_splib07\../ASCIIdata/ASCIIdata_splib07a/ChapterA_ArtificialMaterials/splib07a_Scandium_Oxide_J.M._300_S575_ASDFRa_AREF.txt,,D:\usgs_splib07\../ASCIIdata/ASCIIdata_splib07a/splib07a_Wavelengths_ASD_0.35-2.5_microns_2151_ch.txt,D:\usgs_splib07\../ASCIIdata/ASCIIdata_splib07a/splib07a_Bandpass_(FWHM)_ASDFR_StandardResolution.txt,D:\usgs_splib07\../GIFplots/GIFplots_splib07a/ChapterA_ArtificialMaterials/splib07a_Scandium_Oxide_J.M._300_S575_ASDFRa_AREF.gif,D:\usgs_splib07\../GIFplots/GIFplots_splib07a/plots_by_wavelength_region/range1_uv_to_visible/splib07a_Scandium_Oxide_J.M._300_S575_ASDFRa_AREF_range1_uv_to_vis.gif,D:\usgs_splib07\../GIFplots/GIFplots_splib07a/plots_by_wavelength_region/range2_visible_to_swir/splib07a_Scandium_Oxide_J.M._300_S575_ASDFRa_AREF_range2_vis_to_swir.gif,D:\usgs_splib07\../GIFplots/GIFplots_splib07a/plots_by_wavelength_region/range3_swir/splib07a_Scandium_Oxide_J.M._300_S575_ASDFRa_AREF_range3_swir.gif,,,D:\usgs_splib07\../GIFplots/GIFplots_splib07a/splib07a_Wavelengths_ASD_0.35-2.5_microns_2151_ch.gif,D:\usgs_splib07\../GIFplots/GIFplots_splib07a/splib07a_Bandpass_(FWHM)_ASDFR_StandardResolution.gif
Sheet_Metal GDS352 crg Galvn ASDFRa AREF,D:\usgs_splib07\../HTMLmetadata/Sheet_Metal_GDS352_crg_Galvn_ASDFRa_AREF.html,D:\usgs_splib07\../ASCIIdata/ASCIIdata_splib07a/ChapterA_ArtificialMaterials/splib07a_Sheet_Metal_GDS352_crg_Galvn_ASDFRa_AREF.txt,,D:\usgs_splib07\../ASCIIdata/ASCIIdata_splib07a/splib07a_Wavelengths_ASD_0.35-2.5_microns_2151_ch.txt,D:\usgs_splib07\../ASCIIdata/ASCIIdata_splib07a/splib07a_Bandpass_(FWHM)_ASDFR_StandardResolution.txt,D:\usgs_splib07\../GIFplots/GIFplots_splib07a/ChapterA_ArtificialMaterials/splib07a_Sheet_Metal_GDS352_crg_Galvn_ASDFRa_AREF.gif,D:\usgs_splib07\../GIFplots/GIFplots_splib07a/plots_by_wavelength_region/range1_uv_to_visible/splib07a_Sheet_Metal_GDS352_crg_Galvn_ASDFRa_AREF_range1_uv_to_vis.gif,D:\usgs_splib07\../GIFplots/GIFplots_splib07a/plots_by_wavelength_region/range2_visible_to_swir/splib07a_Sheet_Metal_GDS352_crg_Galvn_ASDFRa_AREF_range2_vis_to_swir.gif,D:\usgs_splib07\../GIFplots/GIFplots_splib07a/plots_by_wavelength_region/range3_swir/splib07a_Sheet_Metal_GDS352_crg_Galvn_ASDFRa_AREF_range3_swir.gif,,,D:\usgs_splib07\../GIFplots/GIFplots_splib07a/splib07a_Wavelengths_ASD_0.35-2.5_microns_2151_ch.gif,D:\usgs_splib07\../GIFplots/GIFplots_splib07a/splib07a_Bandpass_(FWHM)_ASDFR_StandardResolution.gif
Sodium_Sulfate JT1-3989      ASDHRc AREF,D:\usgs_splib07\../HTMLmetadata/Sodium_Sulfate_JT1-3989_ASDHRc_AREF.html,D:\usgs_splib07\../ASCIIdata/ASCIIdata_splib07a/ChapterA_ArtificialMaterials/splib07a_Sodium_Sulfate_JT1-3989_ASDHRc_AREF.txt,,D:\usgs_splib07\../ASCIIdata/ASCIIdata_splib07a/splib07a_Wavelengths_ASD_0.35-2.5_microns_2151_ch.txt,D:\usgs_splib07\../ASCIIdata/ASCIIdata_splib07a/splib07a_Bandpass_(FWHM)_ASDHR_High-Resolution.txt,D:\usgs_splib07\../GIFplots/GIFplots_splib07a/ChapterA_ArtificialMaterials/splib07a_Sodium_Sulfate_JT1-3989_ASDHRc_AREF.gif,D:\usgs_splib07\../GIFplots/GIFplots_splib07a/plots_by_wavelength_region/range1_uv_to_visible/splib07a_Sodium_Sulfate_JT1-3989_ASDHRc_AREF_range1_uv_to_vis.gif,D:\usgs_splib07\../GIFplots/GIFplots_splib07a/plots_by_wavelength_region/range2_visible_to_swir/splib07a_Sodium_Sulfate_JT1-3989_ASDHRc_AREF_range2_vis_to_swir.gif,D:\usgs_splib07\../GIFplots/GIFplots_splib07a/plots_by_wavelength_region/range3_swir/splib07a_Sodium_Sulfate_JT1-3989_ASDHRc_AREF_range3_swir.gif,,,D:\usgs_splib07\../GIFplots/GIFplots_splib07a/splib07a_Wavelengths_ASD_0.35-2.5_microns_2151_ch.gif,D:\usgs_splib07\../GIFplots/GIFplots_splib07a/splib07a_Bandpass_(FWHM)_ASDHR_High-Resolution.gif
Spectralon99WhiteRef LSPHERE ASDFRa AREF,D:\usgs_splib07\../HTMLmetadata/Spectralon99WhiteRef_LSPHERE_ASDFRa_AREF.html,D:\usgs_splib07\../ASCIIdata/ASCIIdata_splib07a/ChapterA_ArtificialMaterials/splib07a_Spectralon99WhiteRef_LSPHERE_ASDFRa_AREF.txt,,D:\usgs_splib07\../ASCIIdata/ASCIIdata_splib07a/splib07a_Wavelengths_ASD_0.35-2.5_microns_2151_ch.txt,D:\usgs_splib07\../ASCIIdata/ASCIIdata_splib07a/splib07a_Bandpass_(FWHM)_ASDFR_StandardResolution.txt,D:\usgs_splib07\../GIFplots/GIFplots_splib07a/ChapterA_ArtificialMaterials/splib07a_Spectralon99WhiteRef_LSPHERE_ASDFRa_AREF.gif,D:\usgs_splib07\../GIFplots/GIFplots_splib07a/plots_by_wavelength_region/range1_uv_to_visible/splib07a_Spectralon99WhiteRef_LSPHERE_ASDFRa_AREF_range1_uv_to_vis.gif,D:\usgs_splib07\../GIFplots/GIFplots_splib07a/plots_by_wavelength_region/range2_visible_to_swir/splib07a_Spectralon99WhiteRef_LSPHERE_ASDFRa_AREF_range2_vis_to_swir.gif,D:\usgs_splib07\../GIFplots/GIFplots_splib07a/plots_by_wavelength_region/range3_swir/splib07a_Spectralon99WhiteRef_LSPHERE_ASDFRa_AREF_range3_swir.gif,,,D:\usgs_splib07\../GIFplots/GIFplots_splib07a/splib07a_Wavelengths_ASD_0.35-2.5_microns_2151_ch.gif,D:\usgs_splib07\../GIFplots/GIFplots_splib07a/splib07a_Bandpass_(FWHM)_ASDFR_StandardResolution.gif
Strand_Board GDS362 Oriented ASDFRa AREF,D:\usgs_splib07\../HTMLmetadata/Strand_Board_GDS362_Oriented_ASDFRa_AREF.html,D:\usgs_splib07\../ASCIIdata/ASCIIdata_splib07a/ChapterA_ArtificialMaterials/splib07a_Strand_Board_GDS362_Oriented_ASDFRa_AREF.txt,,D:\usgs_splib07\../ASCIIdata/ASCIIdata_splib07a/splib07a_Wavelengths_ASD_0.35-2.5_microns_2151_ch.txt,D:\usgs_splib07\../ASCIIdata/ASCIIdata_splib07a/splib07a_Bandpass_(FWHM)_ASDFR_StandardResolution.txt,D:\usgs_splib07\../GIFplots/GIFplots_splib07a/ChapterA_ArtificialMaterials/splib07a_Strand_Board_GDS362_Oriented_ASDFRa_AREF.gif,D:\usgs_splib07\../GIFplots/GIFplots_splib07a/plots_by_wavelength_region/range1_uv_to_visible/splib07a_Strand_Board_GDS362_Oriented_ASDFRa_AREF_range1_uv_to_vis.gif,D:\usgs_splib07\../GIFplots/GIFplots_splib07a/plots_by_wavelength_region/range2_visible_to_swir/splib07a_Strand_Board_GDS362_Oriented_ASDFRa_AREF_range2_vis_to_swir.gif,D:\usgs_splib07\../GIFplots/GIFplots_splib07a/plots_by_wavelength_region/range3_swir/splib07a_Strand_Board_GDS362_Oriented_ASDFRa_AREF_range3_swir.gif,,,D:\usgs_splib07\../GIFplots/GIFplots_splib07a/splib07a_Wavelengths_ASD_0.35-2.5_microns_2151_ch.gif,D:\usgs_splib07\../GIFplots/GIFplots_splib07a/splib07a_Bandpass_(FWHM)_ASDFR_StandardResolution.gif
Tar_Paper GDS285A New Blk    ASDFRa AREF,D:\usgs_splib07\../HTMLmetadata/Tar_Paper_GDS285A_New_Blk_ASDFRa_AREF.html,D:\usgs_splib07\../ASCIIdata/ASCIIdata_splib07a/ChapterA_ArtificialMaterials/splib07a_Tar_Paper_GDS285A_New_Blk_ASDFRa_AREF.txt,,D:\usgs_splib07\../ASCIIdata/ASCIIdata_splib07a/splib07a_Wavelengths_ASD_0.35-2.5_microns_2151_ch.txt,D:\usgs_splib07\../ASCIIdata/ASCIIdata_splib07a/splib07a_Bandpass_(FWHM)_ASDFR_StandardResolution.txt,D:\usgs_splib07\../GIFplots/GIFplots_splib07a/ChapterA_ArtificialMaterials/splib07a_Tar_Paper_GDS285A_New_Blk_ASDFRa_AREF.gif,D:\usgs_splib07\../GIFplots/GIFplots_splib07a/plots_by_wavelength_region/range1_uv_to_visible/splib07a_Tar_Paper_GDS285A_New_Blk_ASDFRa_AREF_range1_uv_to_vis.gif,D:\usgs_splib07\../GIFplots/GIFplots_splib07a/plots_by_wavelength_region/range2_visible_to_swir/splib07a_Tar_Paper_GDS285A_New_Blk_ASDFRa_AREF_range2_vis_to_swir.gif,D:\usgs_splib07\../GIFplots/GIFplots_splib07a/plots_by_wavelength_region/range3_swir/splib07a_Tar_Paper_GDS285A_New_Blk_ASDFRa_AREF_range3_swir.gif,,,D:\usgs_splib07\../GIFplots/GIFplots_splib07a/splib07a_Wavelengths_ASD_0.35-2.5_microns_2151_ch.gif,D:\usgs_splib07\../GIFplots/GIFplots_splib07a/splib07a_Bandpass_(FWHM)_ASDFR_StandardResolution.gif
Tar_Paper GDS285B Weath Blk  ASDFRa AREF,D:\usgs_splib07\../HTMLmetadata/Tar_Paper_GDS285B_Weath_Blk_ASDFRa_AREF.html,D:\usgs_splib07\../ASCIIdata/ASCIIdata_splib07a/ChapterA_ArtificialMaterials/splib07a_Tar_Paper_GDS285B_Weath_Blk_ASDFRa_AREF.txt,,D:\usgs_splib07\../ASCIIdata/ASCIIdata_splib07a/splib07a_Wavelengths_ASD_0.35-2.5_microns_2151_ch.txt,D:\usgs_splib07\../ASCIIdata/ASCIIdata_splib07a/splib07a_Bandpass_(FWHM)_ASDFR_StandardResolution.txt,D:\usgs_splib07\../GIFplots/GIFplots_splib07a/ChapterA_ArtificialMaterials/splib07a_Tar_Paper_GDS285B_Weath_Blk_ASDFRa_AREF.gif,D:\usgs_splib07\../GIFplots/GIFplots_splib07a/plots_by_wavelength_region/range1_uv_to_visible/splib07a_Tar_Paper_GDS285B_Weath_Blk_ASDFRa_AREF_range1_uv_to_vis.gif,D:\usgs_splib07\../GIFplots/GIFplots_splib07a/plots_by_wavelength_region/range2_visible_to_swir/splib07a_Tar_Paper_GDS285B_Weath_Blk_ASDFRa_AREF_range2_vis_to_swir.gif,D:\usgs_splib07\../GIFplots/GIFplots_splib07a/plots_by_wavelength_region/range3_swir/splib07a_Tar_Paper_GDS285B_Weath_Blk_ASDFRa_AREF_range3_swir.gif,,,D:\usgs_splib07\../GIFplots/GIFplots_splib07a/splib07a_Wavelengths_ASD_0.35-2.5_microns_2151_ch.gif,D:\usgs_splib07\../GIFplots/GIFplots_splib07a/splib07a_Bandpass_(FWHM)_ASDFR_StandardResolution.gif
Terbium_(III)_Chloride 35798 ASDFRa AREF,D:\usgs_splib07\../HTMLmetadata/Terbium_(III)_Chloride_35798_ASDFRa_AREF.html,D:\usgs_splib07\../ASCIIdata/ASCIIdata_splib07a/ChapterA_ArtificialMaterials/splib07a_Terbium_(III)_Chloride_35798_ASDFRa_AREF.txt,,D:\usgs_splib07\../ASCIIdata/ASCIIdata_splib07a/splib07a_Wavelengths_ASD_0.35-2.5_microns_2151_ch.txt,D:\usgs_splib07\../ASCIIdata/ASCIIdata_splib07a/splib07a_Bandpass_(FWHM)_ASDFR_StandardResolution.txt,D:\usgs_splib07\../GIFplots/GIFplots_splib07a/ChapterA_ArtificialMaterials/splib07a_Terbium_(III)_Chloride_35798_ASDFRa_AREF.gif,D:\usgs_splib07\../GIFplots/GIFplots_splib07a/plots_by_wavelength_region/range1_uv_to_visible/splib07a_Terbium_(III)_Chloride_35798_ASDFRa_AREF_range1_uv_to_vis.gif,D:\usgs_splib07\../GIFplots/GIFplots_splib07a/plots_by_wavelength_region/range2_visible_to_swir/splib07a_Terbium_(III)_Chloride_35798_ASDFRa_AREF_range2_vis_to_swir.gif,D:\usgs_splib07\../GIFplots/GIFplots_splib07a/plots_by_wavelength_region/range3_swir/splib07a_Terbium_(III)_Chloride_35798_ASDFRa_AREF_range3_swir.gif,,,D:\usgs_splib07\../GIFplots/GIFplots_splib07a/splib07a_Wavelengths_ASD_0.35-2.5_microns_2151_ch.gif,D:\usgs_splib07\../GIFplots/GIFplots_splib07a/splib07a_Bandpass_(FWHM)_ASDFR_StandardResolution.gif
Terbium_Oxide 10917 G17T013  ASDFRa AREF,D:\usgs_splib07\../HTMLmetadata/Terbium_Oxide_10917_G17T013_ASDFRa_AREF.html,D:\usgs_splib07\../ASCIIdata/ASCIIdata_splib07a/ChapterA_ArtificialMaterials/splib07a_Terbium_Oxide_10917_G17T013_ASDFRa_AREF.txt,,D:\usgs_splib07\../ASCIIdata/ASCIIdata_splib07a/splib07a_Wavelengths_ASD_0.35-2.5_microns_2151_ch.txt,D:\usgs_splib07\../ASCIIdata/ASCIIdata_splib07a/splib07a_Bandpass_(FWHM)_ASDFR_StandardResolution.txt,D:\usgs_splib07\../GIFplots/GIFplots_splib07a/ChapterA_ArtificialMaterials/splib07a_Terbium_Oxide_10917_G17T013_ASDFRa_AREF.gif,D:\usgs_splib07\../GIFplots/GIFplots_splib07a/plots_by_wavelength_region/range1_uv_to_visible/splib07a_Terbium_Oxide_10917_G17T013_ASDFRa_AREF_range1_uv_to_vis.gif,D:\usgs_splib07\../GIFplots/GIFplots_splib07a/plots_by_wavelength_region/range2_visible_to_swir/splib07a_Terbium_Oxide_10917_G17T013_ASDFRa_AREF_range2_vis_to_swir.gif,D:\usgs_splib07\../GIFplots/GIFplots_splib07a/plots_by_wavelength_region/range3_swir/splib07a_Terbium_Oxide_10917_G17T013_ASDFRa_AREF_range3_swir.gif,,,D:\usgs_splib07\../GIFplots/GIFplots_splib07a/splib07a_Wavelengths_ASD_0.35-2.5_microns_2151_ch.gif,D:\usgs_splib07\../GIFplots/GIFplots_splib07a/splib07a_Bandpass_(FWHM)_ASDFR_StandardResolution.gif
Terra_Pozzuoli GDS806        ASDFRa AREF,D:\usgs_splib07\../HTMLmetadata/Terra_Pozzuoli_GDS806_ASDFRa_AREF.html,D:\usgs_splib07\../ASCIIdata/ASCIIdata_splib07a/ChapterA_ArtificialMaterials/splib07a_Terra_Pozzuoli_GDS806_ASDFRa_AREF.txt,,D:\usgs_splib07\../ASCIIdata/ASCIIdata_splib07a/splib07a_Wavelengths_ASD_0.35-2.5_microns_2151_ch.txt,D:\usgs_splib07\../ASCIIdata/ASCIIdata_splib07a/splib07a_Bandpass_(FWHM)_ASDFR_StandardResolution.txt,D:\usgs_splib07\../GIFplots/GIFplots_splib07a/ChapterA_ArtificialMaterials/splib07a_Terra_Pozzuoli_GDS806_ASDFRa_AREF.gif,D:\usgs_splib07\../GIFplots/GIFplots_splib07a/plots_by_wavelength_region/range1_uv_to_visible/splib07a_Terra_Pozzuoli_GDS806_ASDFRa_AREF_range1_uv_to_vis.gif,D:\usgs_splib07\../GIFplots/GIFplots_splib07a/plots_by_wavelength_region/range2_visible_to_swir/splib07a_Terra_Pozzuoli_GDS806_ASDFRa_AREF_range2_vis_to_swir.gif,D:\usgs_splib07\../GIFplots/GIFplots_splib07a/plots_by_wavelength_region/range3_swir/splib07a_Terra_Pozzuoli_GDS806_ASDFRa_AREF_range3_swir.gif,,,D:\usgs_splib07\../GIFplots/GIFplots_splib07a/splib07a_Wavelengths_ASD_0.35-2.5_microns_2151_ch.gif,D:\usgs_splib07\../GIFplots/GIFplots_splib07a/splib07a_Bandpass_(FWHM)_ASDFR_StandardResolution.gif
Terrycloth_Fabric GDS537 Yel ASDFRa AREF,D:\usgs_splib07\../HTMLmetadata/Terrycloth_Fabric_GDS537_Yel_ASDFRa_AREF.html,D:\usgs_splib07\../ASCIIdata/ASCIIdata_splib07a/ChapterA_ArtificialMaterials/splib07a_Terrycloth_Fabric_GDS537_Yel_ASDFRa_AREF.txt,,D:\usgs_splib07\../ASCIIdata/ASCIIdata_splib07a/splib07a_Wavelengths_ASD_0.35-2.5_microns_2151_ch.txt,D:\usgs_splib07\../ASCIIdata/ASCIIdata_splib07a/splib07a_Bandpass_(FWHM)_ASDFR_StandardResolution.txt,D:\usgs_splib07\../GIFplots/GIFplots_splib07a/ChapterA_ArtificialMaterials/splib07a_Terrycloth_Fabric_GDS537_Yel_ASDFRa_AREF.gif,D:\usgs_splib07\../GIFplots/GIFplots_splib07a/plots_by_wavelength_region/range1_uv_to_visible/splib07a_Terrycloth_Fabric_GDS537_Yel_ASDFRa_AREF_range1_uv_to_vis.gif,D:\usgs_splib07\../GIFplots/GIFplots_splib07a/plots_by_wavelength_region/range2_visible_to_swir/splib07a_Terrycloth_Fabric_GDS537_Yel_ASDFRa_AREF_range2_vis_to_swir.gif,D:\usgs_splib07\../GIFplots/GIFplots_splib07a/plots_by_wavelength_region/range3_swir/splib07a_Terrycloth_Fabric_GDS537_Yel_ASDFRa_AREF_range3_swir.gif,,,D:\usgs_splib07\../GIFplots/GIFplots_splib07a/splib07a_Wavelengths_ASD_0.35-2.5_microns_2151_ch.gif,D:\usgs_splib07\../GIFplots/GIFplots_splib07a/splib07a_Bandpass_(FWHM)_ASDFR_StandardResolution.gif
Thulium_Oxide J.M. 318 S4939 ASDFRa AREF,D:\usgs_splib07\../HTMLmetadata/Thulium_Oxide_J.M._318_S4939_ASDFRa_AREF.html,D:\usgs_splib07\../ASCIIdata/ASCIIdata_splib07a/ChapterA_ArtificialMaterials/splib07a_Thulium_Oxide_J.M._318_S4939_ASDFRa_AREF.txt,,D:\usgs_splib07\../ASCIIdata/ASCIIdata_splib07a/splib07a_Wavelengths_ASD_0.35-2.5_microns_2151_ch.txt,D:\usgs_splib07\../ASCIIdata/ASCIIdata_splib07a/splib07a_Bandpass_(FWHM)_ASDFR_StandardResolution.txt,D:\usgs_splib07\../GIFplots/GIFplots_splib07a/ChapterA_ArtificialMaterials/splib07a_Thulium_Oxide_J.M._318_S4939_ASDFRa_AREF.gif,D:\usgs_splib07\../GIFplots/GIFplots_splib07a/plots_by_wavelength_region/range1_uv_to_visible/splib07a_Thulium_Oxide_J.M._318_S4939_ASDFRa_AREF_range1_uv_to_vis.gif,D:\usgs_splib07\../GIFplots/GIFplots_splib07a/plots_by_wavelength_region/range2_visible_to_swir/splib07a_Thulium_Oxide_J.M._318_S4939_ASDFRa_AREF_range2_vis_to_swir.gif,D:\usgs_splib07\../GIFplots/GIFplots_splib07a/plots_by_wavelength_region/range3_swir/splib07a_Thulium_Oxide_J.M._318_S4939_ASDFRa_AREF_range3_swir.gif,,,D:\usgs_splib07\../GIFplots/GIFplots_splib07a/splib07a_Wavelengths_ASD_0.35-2.5_microns_2151_ch.gif,D:\usgs_splib07\../GIFplots/GIFplots_splib07a/splib07a_Bandpass_(FWHM)_ASDFR_StandardResolution.gif
Titanium_dioxide GDS798 TiO2 ASDFRa AREF,D:\usgs_splib07\../HTMLmetadata/Titanium_dioxide_GDS798_TiO2_ASDFRa_AREF.html,D:\usgs_splib07\../ASCIIdata/ASCIIdata_splib07a/ChapterA_ArtificialMaterials/splib07a_Titanium_dioxide_GDS798_TiO2_ASDFRa_AREF.txt,,D:\usgs_splib07\../ASCIIdata/ASCIIdata_splib07a/splib07a_Wavelengths_ASD_0.35-2.5_microns_2151_ch.txt,D:\usgs_splib07\../ASCIIdata/ASCIIdata_splib07a/splib07a_Bandpass_(FWHM)_ASDFR_StandardResolution.txt,D:\usgs_splib07\../GIFplots/GIFplots_splib07a/ChapterA_ArtificialMaterials/splib07a_Titanium_dioxide_GDS798_TiO2_ASDFRa_AREF.gif,D:\usgs_splib07\../GIFplots/GIFplots_splib07a/plots_by_wavelength_region/range1_uv_to_visible/splib07a_Titanium_dioxide_GDS798_TiO2_ASDFRa_AREF_range1_uv_to_vis.gif,D:\usgs_splib07\../GIFplots/GIFplots_splib07a/plots_by_wavelength_region/range2_visible_to_swir/splib07a_Titanium_dioxide_GDS798_TiO2_ASDFRa_AREF_range2_vis_to_swir.gif,D:\usgs_splib07\../GIFplots/GIFplots_splib07a/plots_by_wavelength_region/range3_swir/splib07a_Titanium_dioxide_GDS798_TiO2_ASDFRa_AREF_range3_swir.gif,,,D:\usgs_splib07\../GIFplots/GIFplots_splib07a/splib07a_Wavelengths_ASD_0.35-2.5_microns_2151_ch.gif,D:\usgs_splib07\../GIFplots/GIFplots_splib07a/splib07a_Bandpass_(FWHM)_ASDFR_StandardResolution.gif
Ultramarine GDS791 sy vdark  ASDFRa AREF,D:\usgs_splib07\../HTMLmetadata/Ultramarine_GDS791_sy_vdark_ASDFRa_AREF.html,D:\usgs_splib07\../ASCIIdata/ASCIIdata_splib07a/ChapterA_ArtificialMaterials/splib07a_Ultramarine_GDS791_sy_vdark_ASDFRa_AREF.txt,,D:\usgs_splib07\../ASCIIdata/ASCIIdata_splib07a/splib07a_Wavelengths_ASD_0.35-2.5_microns_2151_ch.txt,D:\usgs_splib07\../ASCIIdata/ASCIIdata_splib07a/splib07a_Bandpass_(FWHM)_ASDFR_StandardResolution.txt,D:\usgs_splib07\../GIFplots/GIFplots_splib07a/ChapterA_ArtificialMaterials/splib07a_Ultramarine_GDS791_sy_vdark_ASDFRa_AREF.gif,D:\usgs_splib07\../GIFplots/GIFplots_splib07a/plots_by_wavelength_region/range1_uv_to_visible/splib07a_Ultramarine_GDS791_sy_vdark_ASDFRa_AREF_range1_uv_to_vis.gif,D:\usgs_splib07\../GIFplots/GIFplots_splib07a/plots_by_wavelength_region/range2_visible_to_swir/splib07a_Ultramarine_GDS791_sy_vdark_ASDFRa_AREF_range2_vis_to_swir.gif,D:\usgs_splib07\../GIFplots/GIFplots_splib07a/plots_by_wavelength_region/range3_swir/splib07a_Ultramarine_GDS791_sy_vdark_ASDFRa_AREF_range3_swir.gif,,,D:\usgs_splib07\../GIFplots/GIFplots_splib07a/splib07a_Wavelengths_ASD_0.35-2.5_microns_2151_ch.gif,D:\usgs_splib07\../GIFplots/GIFplots_splib07a/splib07a_Bandpass_(FWHM)_ASDFR_StandardResolution.gif
Venetian_red GDS783          ASDFRa AREF,D:\usgs_splib07\../HTMLmetadata/Venetian_red_GDS783_ASDFRa_AREF.html,D:\usgs_splib07\../ASCIIdata/ASCIIdata_splib07a/ChapterA_ArtificialMaterials/splib07a_Venetian_red_GDS783_ASDFRa_AREF.txt,,D:\usgs_splib07\../ASCIIdata/ASCIIdata_splib07a/splib07a_Wavelengths_ASD_0.35-2.5_microns_2151_ch.txt,D:\usgs_splib07\../ASCIIdata/ASCIIdata_splib07a/splib07a_Bandpass_(FWHM)_ASDFR_StandardResolution.txt,D:\usgs_splib07\../GIFplots/GIFplots_splib07a/ChapterA_ArtificialMaterials/splib07a_Venetian_red_GDS783_ASDFRa_AREF.gif,D:\usgs_splib07\../GIFplots/GIFplots_splib07a/plots_by_wavelength_region/range1_uv_to_visible/splib07a_Venetian_red_GDS783_ASDFRa_AREF_range1_uv_to_vis.gif,D:\usgs_splib07\../GIFplots/GIFplots_splib07a/plots_by_wavelength_region/range2_visible_to_swir/splib07a_Venetian_red_GDS783_ASDFRa_AREF_range2_vis_to_swir.gif,D:\usgs_splib07\../GIFplots/GIFplots_splib07a/plots_by_wavelength_region/range3_swir/splib07a_Venetian_red_GDS783_ASDFRa_AREF_range3_swir.gif,,,D:\usgs_splib07\../GIFplots/GIFplots_splib07a/splib07a_Wavelengths_ASD_0.35-2.5_microns_2151_ch.gif,D:\usgs_splib07\../GIFplots/GIFplots_splib07a/splib07a_Bandpass_(FWHM)_ASDFR_StandardResolution.gif
Verdigris GDS789             ASDFRa AREF,D:\usgs_splib07\../HTMLmetadata/Verdigris_GDS789_ASDFRa_AREF.html,D:\usgs_splib07\../ASCIIdata/ASCIIdata_splib07a/ChapterA_ArtificialMaterials/splib07a_Verdigris_GDS789_ASDFRa_AREF.txt,,D:\usgs_splib07\../ASCIIdata/ASCIIdata_splib07a/splib07a_Wavelengths_ASD_0.35-2.5_microns_2151_ch.txt,D:\usgs_splib07\../ASCIIdata/ASCIIdata_splib07a/splib07a_Bandpass_(FWHM)_ASDFR_StandardResolution.txt,D:\usgs_splib07\../GIFplots/GIFplots_splib07a/ChapterA_ArtificialMaterials/splib07a_Verdigris_GDS789_ASDFRa_AREF.gif,D:\usgs_splib07\../GIFplots/GIFplots_splib07a/plots_by_wavelength_region/range1_uv_to_visible/splib07a_Verdigris_GDS789_ASDFRa_AREF_range1_uv_to_vis.gif,D:\usgs_splib07\../GIFplots/GIFplots_splib07a/plots_by_wavelength_region/range2_visible_to_swir/splib07a_Verdigris_GDS789_ASDFRa_AREF_range2_vis_to_swir.gif,D:\usgs_splib07\../GIFplots/GIFplots_splib07a/plots_by_wavelength_region/range3_swir/splib07a_Verdigris_GDS789_ASDFRa_AREF_range3_swir.gif,,,D:\usgs_splib07\../GIFplots/GIFplots_splib07a/splib07a_Wavelengths_ASD_0.35-2.5_microns_2151_ch.gif,D:\usgs_splib07\../GIFplots/GIFplots_splib07a/splib07a_Bandpass_(FWHM)_ASDFR_StandardResolution.gif
Vermiculite ALB006CH01 exOre ASDFRb AREF,D:\usgs_splib07\../HTMLmetadata/Vermiculite_ALB006CH01_exOre_ASDFRb_AREF.html,D:\usgs_splib07\../ASCIIdata/ASCIIdata_splib07a/ChapterA_ArtificialMaterials/splib07a_Vermiculite_ALB006CH01_exOre_ASDFRb_AREF.txt,,D:\usgs_splib07\../ASCIIdata/ASCIIdata_splib07a/splib07a_Wavelengths_ASD_0.35-2.5_microns_2151_ch.txt,D:\usgs_splib07\../ASCIIdata/ASCIIdata_splib07a/splib07a_Bandpass_(FWHM)_ASDFR_StandardResolution.txt,D:\usgs_splib07\../GIFplots/GIFplots_splib07a/ChapterA_ArtificialMaterials/splib07a_Vermiculite_ALB006CH01_exOre_ASDFRb_AREF.gif,D:\usgs_splib07\../GIFplots/GIFplots_splib07a/plots_by_wavelength_region/range1_uv_to_visible/splib07a_Vermiculite_ALB006CH01_exOre_ASDFRb_AREF_range1_uv_to_vis.gif,D:\usgs_splib07\../GIFplots/GIFplots_splib07a/plots_by_wavelength_region/range2_visible_to_swir/splib07a_Vermiculite_ALB006CH01_exOre_ASDFRb_AREF_range2_vis_to_swir.gif,D:\usgs_splib07\../GIFplots/GIFplots_splib07a/plots_by_wavelength_region/range3_swir/splib07a_Vermiculite_ALB006CH01_exOre_ASDFRb_AREF_range3_swir.gif,,,D:\usgs_splib07\../GIFplots/GIFplots_splib07a/splib07a_Wavelengths_ASD_0.35-2.5_microns_2151_ch.gif,D:\usgs_splib07\../GIFplots/GIFplots_splib07a/splib07a_Bandpass_(FWHM)_ASDFR_StandardResolution.gif
Vermiculite ALB22SC00 expOre ASDFRb AREF,D:\usgs_splib07\../HTMLmetadata/Vermiculite_ALB22SC00_expOre_ASDFRb_AREF.html,D:\usgs_splib07\../ASCIIdata/ASCIIdata_splib07a/ChapterA_ArtificialMaterials/splib07a_Vermiculite_ALB22SC00_expOre_ASDFRb_AREF.txt,,D:\usgs_splib07\../ASCIIdata/ASCIIdata_splib07a/splib07a_Wavelengths_ASD_0.35-2.5_microns_2151_ch.txt,D:\usgs_splib07\../ASCIIdata/ASCIIdata_splib07a/splib07a_Bandpass_(FWHM)_ASDFR_StandardResolution.txt,D:\usgs_splib07\../GIFplots/GIFplots_splib07a/ChapterA_ArtificialMaterials/splib07a_Vermiculite_ALB22SC00_expOre_ASDFRb_AREF.gif,D:\usgs_splib07\../GIFplots/GIFplots_splib07a/plots_by_wavelength_region/range1_uv_to_visible/splib07a_Vermiculite_ALB22SC00_expOre_ASDFRb_AREF_range1_uv_to_vis.gif,D:\usgs_splib07\../GIFplots/GIFplots_splib07a/plots_by_wavelength_region/range2_visible_to_swir/splib07a_Vermiculite_ALB22SC00_expOre_ASDFRb_AREF_range2_vis_to_swir.gif,D:\usgs_splib07\../GIFplots/GIFplots_splib07a/plots_by_wavelength_region/range3_swir/splib07a_Vermiculite_ALB22SC00_expOre_ASDFRb_AREF_range3_swir.gif,,,D:\usgs_splib07\../GIFplots/GIFplots_splib07a/splib07a_Wavelengths_ASD_0.35-2.5_microns_2151_ch.gif,D:\usgs_splib07\../GIFplots/GIFplots_splib07a/splib07a_Bandpass_(FWHM)_ASDFR_StandardResolution.gif
Vermiculite ALB23SC00 expOre ASDFRb AREF,D:\usgs_splib07\../HTMLmetadata/Vermiculite_ALB23SC00_expOre_ASDFRb_AREF.html,D:\usgs_splib07\../ASCIIdata/ASCIIdata_splib07a/ChapterA_ArtificialMaterials/splib07a_Vermiculite_ALB23SC00_expOre_ASDFRb_AREF.txt,,D:\usgs_splib07\../ASCIIdata/ASCIIdata_splib07a/splib07a_Wavelengths_ASD_0.35-2.5_microns_2151_ch.txt,D:\usgs_splib07\../ASCIIdata/ASCIIdata_splib07a/splib07a_Bandpass_(FWHM)_ASDFR_StandardResolution.txt,D:\usgs_splib07\../GIFplots/GIFplots_splib07a/ChapterA_ArtificialMaterials/splib07a_Vermiculite_ALB23SC00_expOre_ASDFRb_AREF.gif,D:\usgs_splib07\../GIFplots/GIFplots_splib07a/plots_by_wavelength_region/range1_uv_to_visible/splib07a_Vermiculite_ALB23SC00_expOre_ASDFRb_AREF_range1_uv_to_vis.gif,D:\usgs_splib07\../GIFplots/GIFplots_splib07a/plots_by_wavelength_region/range2_visible_to_swir/splib07a_Vermiculite_ALB23SC00_expOre_ASDFRb_AREF_range2_vis_to_swir.gif,D:\usgs_splib07\../GIFplots/GIFplots_splib07a/plots_by_wavelength_region/range3_swir/splib07a_Vermiculite_ALB23SC00_expOre_ASDFRb_AREF_range3_swir.gif,,,D:\usgs_splib07\../GIFplots/GIFplots_splib07a/splib07a_Wavelengths_ASD_0.35-2.5_microns_2151_ch.gif,D:\usgs_splib07\../GIFplots/GIFplots_splib07a/splib07a_Bandpass_(FWHM)_ASDFR_StandardResolution.gif
Vermiculite at1UI expand Ore ASDFRb AREF,D:\usgs_splib07\../HTMLmetadata/Vermiculite_at1UI_expand_Ore_ASDFRb_AREF.html,D:\usgs_splib07\../ASCIIdata/ASCIIdata_splib07a/ChapterA_ArtificialMaterials/splib07a_Vermiculite_at1UI_expand_Ore_ASDFRb_AREF.txt,,D:\usgs_splib07\../ASCIIdata/ASCIIdata_splib07a/splib07a_Wavelengths_ASD_0.35-2.5_microns_2151_ch.txt,D:\usgs_splib07\../ASCIIdata/ASCIIdata_splib07a/splib07a_Bandpass_(FWHM)_ASDFR_StandardResolution.txt,D:\usgs_splib07\../GIFplots/GIFplots_splib07a/ChapterA_ArtificialMaterials/splib07a_Vermiculite_at1UI_expand_Ore_ASDFRb_AREF.gif,D:\usgs_splib07\../GIFplots/GIFplots_splib07a/plots_by_wavelength_region/range1_uv_to_visible/splib07a_Vermiculite_at1UI_expand_Ore_ASDFRb_AREF_range1_uv_to_vis.gif,D:\usgs_splib07\../GIFplots/GIFplots_splib07a/plots_by_wavelength_region/range2_visible_to_swir/splib07a_Vermiculite_at1UI_expand_Ore_ASDFRb_AREF_range2_vis_to_swir.gif,D:\usgs_splib07\../GIFplots/GIFplots_splib07a/plots_by_wavelength_region/range3_swir/splib07a_Vermiculite_at1UI_expand_Ore_ASDFRb_AREF_range3_swir.gif,,,D:\usgs_splib07\../GIFplots/GIFplots_splib07a/splib07a_Wavelengths_ASD_0.35-2.5_microns_2151_ch.gif,D:\usgs_splib07\../GIFplots/GIFplots_splib07a/splib07a_Bandpass_(FWHM)_ASDFR_StandardResolution.gif
Vermiculite Li2UI expand Ore ASDFRb AREF,D:\usgs_splib07\../HTMLmetadata/Vermiculite_Li2UI_expand_Ore_ASDFRb_AREF.html,D:\usgs_splib07\../ASCIIdata/ASCIIdata_splib07a/ChapterA_ArtificialMaterials/splib07a_Vermiculite_Li2UI_expand_Ore_ASDFRb_AREF.txt,,D:\usgs_splib07\../ASCIIdata/ASCIIdata_splib07a/splib07a_Wavelengths_ASD_0.35-2.5_microns_2151_ch.txt,D:\usgs_splib07\../ASCIIdata/ASCIIdata_splib07a/splib07a_Bandpass_(FWHM)_ASDFR_StandardResolution.txt,D:\usgs_splib07\../GIFplots/GIFplots_splib07a/ChapterA_ArtificialMaterials/splib07a_Vermiculite_Li2UI_expand_Ore_ASDFRb_AREF.gif,D:\usgs_splib07\../GIFplots/GIFplots_splib07a/plots_by_wavelength_region/range1_uv_to_visible/splib07a_Vermiculite_Li2UI_expand_Ore_ASDFRb_AREF_range1_uv_to_vis.gif,D:\usgs_splib07\../GIFplots/GIFplots_splib07a/plots_by_wavelength_region/range2_visible_to_swir/splib07a_Vermiculite_Li2UI_expand_Ore_ASDFRb_AREF_range2_vis_to_swir.gif,D:\usgs_splib07\../GIFplots/GIFplots_splib07a/plots_by_wavelength_region/range3_swir/splib07a_Vermiculite_Li2UI_expand_Ore_ASDFRb_AREF_range3_swir.gif,,,D:\usgs_splib07\../GIFplots/GIFplots_splib07a/splib07a_Wavelengths_ASD_0.35-2.5_microns_2151_ch.gif,D:\usgs_splib07\../GIFplots/GIFplots_splib07a/splib07a_Bandpass_(FWHM)_ASDFR_StandardResolution.gif
Vermiculite GDS327 expandOre ASDFRb AREF,D:\usgs_splib07\../HTMLmetadata/Vermiculite_GDS327_expandOre_ASDFRb_AREF.html,D:\usgs_splib07\../ASCIIdata/ASCIIdata_splib07a/ChapterA_ArtificialMaterials/splib07a_Vermiculite_GDS327_expandOre_ASDFRb_AREF.txt,,D:\usgs_splib07\../ASCIIdata/ASCIIdata_splib07a/splib07a_Wavelengths_ASD_0.35-2.5_microns_2151_ch.txt,D:\usgs_splib07\../ASCIIdata/ASCIIdata_splib07a/splib07a_Bandpass_(FWHM)_ASDFR_StandardResolution.txt,D:\usgs_splib07\../GIFplots/GIFplots_splib07a/ChapterA_ArtificialMaterials/splib07a_Vermiculite_GDS327_expandOre_ASDFRb_AREF.gif,D:\usgs_splib07\../GIFplots/GIFplots_splib07a/plots_by_wavelength_region/range1_uv_to_visible/splib07a_Vermiculite_GDS327_expandOre_ASDFRb_AREF_range1_uv_to_vis.gif,D:\usgs_splib07\../GIFplots/GIFplots_splib07a/plots_by_wavelength_region/range2_visible_to_swir/splib07a_Vermiculite_GDS327_expandOre_ASDFRb_AREF_range2_vis_to_swir.gif,D:\usgs_splib07\../GIFplots/GIFplots_splib07a/plots_by_wavelength_region/range3_swir/splib07a_Vermiculite_GDS327_expandOre_ASDFRb_AREF_range3_swir.gif,,,D:\usgs_splib07\../GIFplots/GIFplots_splib07a/splib07a_Wavelengths_ASD_0.35-2.5_microns_2151_ch.gif,D:\usgs_splib07\../GIFplots/GIFplots_splib07a/splib07a_Bandpass_(FWHM)_ASDFR_StandardResolution.gif
Vermiculite GDS332 expandOre ASDFRb AREF,D:\usgs_splib07\../HTMLmetadata/Vermiculite_GDS332_expandOre_ASDFRb_AREF.html,D:\usgs_splib07\../ASCIIdata/ASCIIdata_splib07a/ChapterA_ArtificialMaterials/splib07a_Vermiculite_GDS332_expandOre_ASDFRb_AREF.txt,,D:\usgs_splib07\../ASCIIdata/ASCIIdata_splib07a/splib07a_Wavelengths_ASD_0.35-2.5_microns_2151_ch.txt,D:\usgs_splib07\../ASCIIdata/ASCIIdata_splib07a/splib07a_Bandpass_(FWHM)_ASDFR_StandardResolution.txt,D:\usgs_splib07\../GIFplots/GIFplots_splib07a/ChapterA_ArtificialMaterials/splib07a_Vermiculite_GDS332_expandOre_ASDFRb_AREF.gif,D:\usgs_splib07\../GIFplots/GIFplots_splib07a/plots_by_wavelength_region/range1_uv_to_visible/splib07a_Vermiculite_GDS332_expandOre_ASDFRb_AREF_range1_uv_to_vis.gif,D:\usgs_splib07\../GIFplots/GIFplots_splib07a/plots_by_wavelength_region/range2_visible_to_swir/splib07a_Vermiculite_GDS332_expandOre_ASDFRb_AREF_range2_vis_to_swir.gif,D:\usgs_splib07\../GIFplots/GIFplots_splib07a/plots_by_wavelength_region/range3_swir/splib07a_Vermiculite_GDS332_expandOre_ASDFRb_AREF_range3_swir.gif,,,D:\usgs_splib07\../GIFplots/GIFplots_splib07a/splib07a_Wavelengths_ASD_0.35-2.5_microns_2151_ch.gif,D:\usgs_splib07\../GIFplots/GIFplots_splib07a/splib07a_Bandpass_(FWHM)_ASDFR_StandardResolution.gif
Vermiculite GDS445 expandOre ASDFRb AREF,D:\usgs_splib07\../HTMLmetadata/Vermiculite_GDS445_expandOre_ASDFRb_AREF.html,D:\usgs_splib07\../ASCIIdata/ASCIIdata_splib07a/ChapterA_ArtificialMaterials/splib07a_Vermiculite_GDS445_expandOre_ASDFRb_AREF.txt,,D:\usgs_splib07\../ASCIIdata/ASCIIdata_splib07a/splib07a_Wavelengths_ASD_0.35-2.5_microns_2151_ch.txt,D:\usgs_splib07\../ASCIIdata/ASCIIdata_splib07a/splib07a_Bandpass_(FWHM)_ASDFR_StandardResolution.txt,D:\usgs_splib07\../GIFplots/GIFplots_splib07a/ChapterA_ArtificialMaterials/splib07a_Vermiculite_GDS445_expandOre_ASDFRb_AREF.gif,D:\usgs_splib07\../GIFplots/GIFplots_splib07a/plots_by_wavelength_region/range1_uv_to_visible/splib07a_Vermiculite_GDS445_expandOre_ASDFRb_AREF_range1_uv_to_vis.gif,D:\usgs_splib07\../GIFplots/GIFplots_splib07a/plots_by_wavelength_region/range2_visible_to_swir/splib07a_Vermiculite_GDS445_expandOre_ASDFRb_AREF_range2_vis_to_swir.gif,D:\usgs_splib07\../GIFplots/GIFplots_splib07a/plots_by_wavelength_region/range3_swir/splib07a_Vermiculite_GDS445_expandOre_ASDFRb_AREF_range3_swir.gif,,,D:\usgs_splib07\../GIFplots/GIFplots_splib07a/splib07a_Wavelengths_ASD_0.35-2.5_microns_2151_ch.gif,D:\usgs_splib07\../GIFplots/GIFplots_splib07a/splib07a_Bandpass_(FWHM)_ASDFR_StandardResolution.gif
Vermiculite GDS450 expandOre ASDFRb AREF,D:\usgs_splib07\../HTMLmetadata/Vermiculite_GDS450_expandOre_ASDFRb_AREF.html,D:\usgs_splib07\../ASCIIdata/ASCIIdata_splib07a/ChapterA_ArtificialMaterials/splib07a_Vermiculite_GDS450_expandOre_ASDFRb_AREF.txt,,D:\usgs_splib07\../ASCIIdata/ASCIIdata_splib07a/splib07a_Wavelengths_ASD_0.35-2.5_microns_2151_ch.txt,D:\usgs_splib07\../ASCIIdata/ASCIIdata_splib07a/splib07a_Bandpass_(FWHM)_ASDFR_StandardResolution.txt,D:\usgs_splib07\../GIFplots/GIFplots_splib07a/ChapterA_ArtificialMaterials/splib07a_Vermiculite_GDS450_expandOre_ASDFRb_AREF.gif,D:\usgs_splib07\../GIFplots/GIFplots_splib07a/plots_by_wavelength_region/range1_uv_to_visible/splib07a_Vermiculite_GDS450_expandOre_ASDFRb_AREF_range1_uv_to_vis.gif,D:\usgs_splib07\../GIFplots/GIFplots_splib07a/plots_by_wavelength_region/range2_visible_to_swir/splib07a_Vermiculite_GDS450_expandOre_ASDFRb_AREF_range2_vis_to_swir.gif,D:\usgs_splib07\../GIFplots/GIFplots_splib07a/plots_by_wavelength_region/range3_swir/splib07a_Vermiculite_GDS450_expandOre_ASDFRb_AREF_range3_swir.gif,,,D:\usgs_splib07\../GIFplots/GIFplots_splib07a/splib07a_Wavelengths_ASD_0.35-2.5_microns_2151_ch.gif,D:\usgs_splib07\../GIFplots/GIFplots_splib07a/splib07a_Bandpass_(FWHM)_ASDFR_StandardResolution.gif
Vermiculite GDS453 expandOre ASDFRb AREF,D:\usgs_splib07\../HTMLmetadata/Vermiculite_GDS453_expandOre_ASDFRb_AREF.html,D:\usgs_splib07\../ASCIIdata/ASCIIdata_splib07a/ChapterA_ArtificialMaterials/splib07a_Vermiculite_GDS453_expandOre_ASDFRb_AREF.txt,,D:\usgs_splib07\../ASCIIdata/ASCIIdata_splib07a/splib07a_Wavelengths_ASD_0.35-2.5_microns_2151_ch.txt,D:\usgs_splib07\../ASCIIdata/ASCIIdata_splib07a/splib07a_Bandpass_(FWHM)_ASDFR_StandardResolution.txt,D:\usgs_splib07\../GIFplots/GIFplots_splib07a/ChapterA_ArtificialMaterials/splib07a_Vermiculite_GDS453_expandOre_ASDFRb_AREF.gif,D:\usgs_splib07\../GIFplots/GIFplots_splib07a/plots_by_wavelength_region/range1_uv_to_visible/splib07a_Vermiculite_GDS453_expandOre_ASDFRb_AREF_range1_uv_to_vis.gif,D:\usgs_splib07\../GIFplots/GIFplots_splib07a/plots_by_wavelength_region/range2_visible_to_swir/splib07a_Vermiculite_GDS453_expandOre_ASDFRb_AREF_range2_vis_to_swir.gif,D:\usgs_splib07\../GIFplots/GIFplots_splib07a/plots_by_wavelength_region/range3_swir/splib07a_Vermiculite_GDS453_expandOre_ASDFRb_AREF_range3_swir.gif,,,D:\usgs_splib07\../GIFplots/GIFplots_splib07a/splib07a_Wavelengths_ASD_0.35-2.5_microns_2151_ch.gif,D:\usgs_splib07\../GIFplots/GIFplots_splib07a/splib07a_Bandpass_(FWHM)_ASDFR_StandardResolution.gif
Vermiculite GDS455 expandOre ASDFRb AREF,D:\usgs_splib07\../HTMLmetadata/Vermiculite_GDS455_expandOre_ASDFRb_AREF.html,D:\usgs_splib07\../ASCIIdata/ASCIIdata_splib07a/ChapterA_ArtificialMaterials/splib07a_Vermiculite_GDS455_expandOre_ASDFRb_AREF.txt,,D:\usgs_splib07\../ASCIIdata/ASCIIdata_splib07a/splib07a_Wavelengths_ASD_0.35-2.5_microns_2151_ch.txt,D:\usgs_splib07\../ASCIIdata/ASCIIdata_splib07a/splib07a_Bandpass_(FWHM)_ASDFR_StandardResolution.txt,D:\usgs_splib07\../GIFplots/GIFplots_splib07a/ChapterA_ArtificialMaterials/splib07a_Vermiculite_GDS455_expandOre_ASDFRb_AREF.gif,D:\usgs_splib07\../GIFplots/GIFplots_splib07a/plots_by_wavelength_region/range1_uv_to_visible/splib07a_Vermiculite_GDS455_expandOre_ASDFRb_AREF_range1_uv_to_vis.gif,D:\usgs_splib07\../GIFplots/GIFplots_splib07a/plots_by_wavelength_region/range2_visible_to_swir/splib07a_Vermiculite_GDS455_expandOre_ASDFRb_AREF_range2_vis_to_swir.gif,D:\usgs_splib07\../GIFplots/GIFplots_splib07a/plots_by_wavelength_region/range3_swir/splib07a_Vermiculite_GDS455_expandOre_ASDFRb_AREF_range3_swir.gif,,,D:\usgs_splib07\../GIFplots/GIFplots_splib07a/splib07a_Wavelengths_ASD_0.35-2.5_microns_2151_ch.gif,D:\usgs_splib07\../GIFplots/GIFplots_splib07a/splib07a_Bandpass_(FWHM)_ASDFR_StandardResolution.gif
Vermiculite GDS460 expandOre ASDFRb AREF,D:\usgs_splib07\../HTMLmetadata/Vermiculite_GDS460_expandOre_ASDFRb_AREF.html,D:\usgs_splib07\../ASCIIdata/ASCIIdata_splib07a/ChapterA_ArtificialMaterials/splib07a_Vermiculite_GDS460_expandOre_ASDFRb_AREF.txt,,D:\usgs_splib07\../ASCIIdata/ASCIIdata_splib07a/splib07a_Wavelengths_ASD_0.35-2.5_microns_2151_ch.txt,D:\usgs_splib07\../ASCIIdata/ASCIIdata_splib07a/splib07a_Bandpass_(FWHM)_ASDFR_StandardResolution.txt,D:\usgs_splib07\../GIFplots/GIFplots_splib07a/ChapterA_ArtificialMaterials/splib07a_Vermiculite_GDS460_expandOre_ASDFRb_AREF.gif,D:\usgs_splib07\../GIFplots/GIFplots_splib07a/plots_by_wavelength_region/range1_uv_to_visible/splib07a_Vermiculite_GDS460_expandOre_ASDFRb_AREF_range1_uv_to_vis.gif,D:\usgs_splib07\../GIFplots/GIFplots_splib07a/plots_by_wavelength_region/range2_visible_to_swir/splib07a_Vermiculite_GDS460_expandOre_ASDFRb_AREF_range2_vis_to_swir.gif,D:\usgs_splib07\../GIFplots/GIFplots_splib07a/plots_by_wavelength_region/range3_swir/splib07a_Vermiculite_GDS460_expandOre_ASDFRb_AREF_range3_swir.gif,,,D:\usgs_splib07\../GIFplots/GIFplots_splib07a/splib07a_Wavelengths_ASD_0.35-2.5_microns_2151_ch.gif,D:\usgs_splib07\../GIFplots/GIFplots_splib07a/splib07a_Bandpass_(FWHM)_ASDFR_StandardResolution.gif
Vermiculite GDS626 expandOre ASDFRb AREF,D:\usgs_splib07\../HTMLmetadata/Vermiculite_GDS626_expandOre_ASDFRb_AREF.html,D:\usgs_splib07\../ASCIIdata/ASCIIdata_splib07a/ChapterA_ArtificialMaterials/splib07a_Vermiculite_GDS626_expandOre_ASDFRb_AREF.txt,,D:\usgs_splib07\../ASCIIdata/ASCIIdata_splib07a/splib07a_Wavelengths_ASD_0.35-2.5_microns_2151_ch.txt,D:\usgs_splib07\../ASCIIdata/ASCIIdata_splib07a/splib07a_Bandpass_(FWHM)_ASDFR_StandardResolution.txt,D:\usgs_splib07\../GIFplots/GIFplots_splib07a/ChapterA_ArtificialMaterials/splib07a_Vermiculite_GDS626_expandOre_ASDFRb_AREF.gif,D:\usgs_splib07\../GIFplots/GIFplots_splib07a/plots_by_wavelength_region/range1_uv_to_visible/splib07a_Vermiculite_GDS626_expandOre_ASDFRb_AREF_range1_uv_to_vis.gif,D:\usgs_splib07\../GIFplots/GIFplots_splib07a/plots_by_wavelength_region/range2_visible_to_swir/splib07a_Vermiculite_GDS626_expandOre_ASDFRb_AREF_range2_vis_to_swir.gif,D:\usgs_splib07\../GIFplots/GIFplots_splib07a/plots_by_wavelength_region/range3_swir/splib07a_Vermiculite_GDS626_expandOre_ASDFRb_AREF_range3_swir.gif,,,D:\usgs_splib07\../GIFplots/GIFplots_splib07a/splib07a_Wavelengths_ASD_0.35-2.5_microns_2151_ch.gif,D:\usgs_splib07\../GIFplots/GIFplots_splib07a/splib07a_Bandpass_(FWHM)_ASDFR_StandardResolution.gif
Vermiculite GDS627 expandOre ASDFRb AREF,D:\usgs_splib07\../HTMLmetadata/Vermiculite_GDS627_expandOre_ASDFRb_AREF.html,D:\usgs_splib07\../ASCIIdata/ASCIIdata_splib07a/ChapterA_ArtificialMaterials/splib07a_Vermiculite_GDS627_expandOre_ASDFRb_AREF.txt,,D:\usgs_splib07\../ASCIIdata/ASCIIdata_splib07a/splib07a_Wavelengths_ASD_0.35-2.5_microns_2151_ch.txt,D:\usgs_splib07\../ASCIIdata/ASCIIdata_splib07a/splib07a_Bandpass_(FWHM)_ASDFR_StandardResolution.txt,D:\usgs_splib07\../GIFplots/GIFplots_splib07a/ChapterA_ArtificialMaterials/splib07a_Vermiculite_GDS627_expandOre_ASDFRb_AREF.gif,D:\usgs_splib07\../GIFplots/GIFplots_splib07a/plots_by_wavelength_region/range1_uv_to_visible/splib07a_Vermiculite_GDS627_expandOre_ASDFRb_AREF_range1_uv_to_vis.gif,D:\usgs_splib07\../GIFplots/GIFplots_splib07a/plots_by_wavelength_region/range2_visible_to_swir/splib07a_Vermiculite_GDS627_expandOre_ASDFRb_AREF_range2_vis_to_swir.gif,D:\usgs_splib07\../GIFplots/GIFplots_splib07a/plots_by_wavelength_region/range3_swir/splib07a_Vermiculite_GDS627_expandOre_ASDFRb_AREF_range3_swir.gif,,,D:\usgs_splib07\../GIFplots/GIFplots_splib07a/splib07a_Wavelengths_ASD_0.35-2.5_microns_2151_ch.gif,D:\usgs_splib07\../GIFplots/GIFplots_splib07a/splib07a_Bandpass_(FWHM)_ASDFR_StandardResolution.gif
Vermiculite GDS628 expandOre ASDFRb AREF,D:\usgs_splib07\../HTMLmetadata/Vermiculite_GDS628_expandOre_ASDFRb_AREF.html,D:\usgs_splib07\../ASCIIdata/ASCIIdata_splib07a/ChapterA_ArtificialMaterials/splib07a_Vermiculite_GDS628_expandOre_ASDFRb_AREF.txt,,D:\usgs_splib07\../ASCIIdata/ASCIIdata_splib07a/splib07a_Wavelengths_ASD_0.35-2.5_microns_2151_ch.txt,D:\usgs_splib07\../ASCIIdata/ASCIIdata_splib07a/splib07a_Bandpass_(FWHM)_ASDFR_StandardResolution.txt,D:\usgs_splib07\../GIFplots/GIFplots_splib07a/ChapterA_ArtificialMaterials/splib07a_Vermiculite_GDS628_expandOre_ASDFRb_AREF.gif,D:\usgs_splib07\../GIFplots/GIFplots_splib07a/plots_by_wavelength_region/range1_uv_to_visible/splib07a_Vermiculite_GDS628_expandOre_ASDFRb_AREF_range1_uv_to_vis.gif,D:\usgs_splib07\../GIFplots/GIFplots_splib07a/plots_by_wavelength_region/range2_visible_to_swir/splib07a_Vermiculite_GDS628_expandOre_ASDFRb_AREF_range2_vis_to_swir.gif,D:\usgs_splib07\../GIFplots/GIFplots_splib07a/plots_by_wavelength_region/range3_swir/splib07a_Vermiculite_GDS628_expandOre_ASDFRb_AREF_range3_swir.gif,,,D:\usgs_splib07\../GIFplots/GIFplots_splib07a/splib07a_Wavelengths_ASD_0.35-2.5_microns_2151_ch.gif,D:\usgs_splib07\../GIFplots/GIFplots_splib07a/splib07a_Bandpass_(FWHM)_ASDFR_StandardResolution.gif
Vermiculite GDS629 expandOre ASDFRb AREF,D:\usgs_splib07\../HTMLmetadata/Vermiculite_GDS629_expandOre_ASDFRb_AREF.html,D:\usgs_splib07\../ASCIIdata/ASCIIdata_splib07a/ChapterA_ArtificialMaterials/splib07a_Vermiculite_GDS629_expandOre_ASDFRb_AREF.txt,,D:\usgs_splib07\../ASCIIdata/ASCIIdata_splib07a/splib07a_Wavelengths_ASD_0.35-2.5_microns_2151_ch.txt,D:\usgs_splib07\../ASCIIdata/ASCIIdata_splib07a/splib07a_Bandpass_(FWHM)_ASDFR_StandardResolution.txt,D:\usgs_splib07\../GIFplots/GIFplots_splib07a/ChapterA_ArtificialMaterials/splib07a_Vermiculite_GDS629_expandOre_ASDFRb_AREF.gif,D:\usgs_splib07\../GIFplots/GIFplots_splib07a/plots_by_wavelength_region/range1_uv_to_visible/splib07a_Vermiculite_GDS629_expandOre_ASDFRb_AREF_range1_uv_to_vis.gif,D:\usgs_splib07\../GIFplots/GIFplots_splib07a/plots_by_wavelength_region/range2_visible_to_swir/splib07a_Vermiculite_GDS629_expandOre_ASDFRb_AREF_range2_vis_to_swir.gif,D:\usgs_splib07\../GIFplots/GIFplots_splib07a/plots_by_wavelength_region/range3_swir/splib07a_Vermiculite_GDS629_expandOre_ASDFRb_AREF_range3_swir.gif,,,D:\usgs_splib07\../GIFplots/GIFplots_splib07a/splib07a_Wavelengths_ASD_0.35-2.5_microns_2151_ch.gif,D:\usgs_splib07\../GIFplots/GIFplots_splib07a/splib07a_Bandpass_(FWHM)_ASDFR_StandardResolution.gif
Vermiculite GDS631 expandOre ASDFRb AREF,D:\usgs_splib07\../HTMLmetadata/Vermiculite_GDS631_expandOre_ASDFRb_AREF.html,D:\usgs_splib07\../ASCIIdata/ASCIIdata_splib07a/ChapterA_ArtificialMaterials/splib07a_Vermiculite_GDS631_expandOre_ASDFRb_AREF.txt,,D:\usgs_splib07\../ASCIIdata/ASCIIdata_splib07a/splib07a_Wavelengths_ASD_0.35-2.5_microns_2151_ch.txt,D:\usgs_splib07\../ASCIIdata/ASCIIdata_splib07a/splib07a_Bandpass_(FWHM)_ASDFR_StandardResolution.txt,D:\usgs_splib07\../GIFplots/GIFplots_splib07a/ChapterA_ArtificialMaterials/splib07a_Vermiculite_GDS631_expandOre_ASDFRb_AREF.gif,D:\usgs_splib07\../GIFplots/GIFplots_splib07a/plots_by_wavelength_region/range1_uv_to_visible/splib07a_Vermiculite_GDS631_expandOre_ASDFRb_AREF_range1_uv_to_vis.gif,D:\usgs_splib07\../GIFplots/GIFplots_splib07a/plots_by_wavelength_region/range2_visible_to_swir/splib07a_Vermiculite_GDS631_expandOre_ASDFRb_AREF_range2_vis_to_swir.gif,D:\usgs_splib07\../GIFplots/GIFplots_splib07a/plots_by_wavelength_region/range3_swir/splib07a_Vermiculite_GDS631_expandOre_ASDFRb_AREF_range3_swir.gif,,,D:\usgs_splib07\../GIFplots/GIFplots_splib07a/splib07a_Wavelengths_ASD_0.35-2.5_microns_2151_ch.gif,D:\usgs_splib07\../GIFplots/GIFplots_splib07a/splib07a_Bandpass_(FWHM)_ASDFR_StandardResolution.gif
Vermiculite GDS649 expandOre ASDFRb AREF,D:\usgs_splib07\../HTMLmetadata/Vermiculite_GDS649_expandOre_ASDFRb_AREF.html,D:\usgs_splib07\../ASCIIdata/ASCIIdata_splib07a/ChapterA_ArtificialMaterials/splib07a_Vermiculite_GDS649_expandOre_ASDFRb_AREF.txt,,D:\usgs_splib07\../ASCIIdata/ASCIIdata_splib07a/splib07a_Wavelengths_ASD_0.35-2.5_microns_2151_ch.txt,D:\usgs_splib07\../ASCIIdata/ASCIIdata_splib07a/splib07a_Bandpass_(FWHM)_ASDFR_StandardResolution.txt,D:\usgs_splib07\../GIFplots/GIFplots_splib07a/ChapterA_ArtificialMaterials/splib07a_Vermiculite_GDS649_expandOre_ASDFRb_AREF.gif,D:\usgs_splib07\../GIFplots/GIFplots_splib07a/plots_by_wavelength_region/range1_uv_to_visible/splib07a_Vermiculite_GDS649_expandOre_ASDFRb_AREF_range1_uv_to_vis.gif,D:\usgs_splib07\../GIFplots/GIFplots_splib07a/plots_by_wavelength_region/range2_visible_to_swir/splib07a_Vermiculite_GDS649_expandOre_ASDFRb_AREF_range2_vis_to_swir.gif,D:\usgs_splib07\../GIFplots/GIFplots_splib07a/plots_by_wavelength_region/range3_swir/splib07a_Vermiculite_GDS649_expandOre_ASDFRb_AREF_range3_swir.gif,,,D:\usgs_splib07\../GIFplots/GIFplots_splib07a/splib07a_Wavelengths_ASD_0.35-2.5_microns_2151_ch.gif,D:\usgs_splib07\../GIFplots/GIFplots_splib07a/splib07a_Bandpass_(FWHM)_ASDFR_StandardResolution.gif
Vermiculite GDS650 expandOre ASDFRb AREF,D:\usgs_splib07\../HTMLmetadata/Vermiculite_GDS650_expandOre_ASDFRb_AREF.html,D:\usgs_splib07\../ASCIIdata/ASCIIdata_splib07a/ChapterA_ArtificialMaterials/splib07a_Vermiculite_GDS650_expandOre_ASDFRb_AREF.txt,,D:\usgs_splib07\../ASCIIdata/ASCIIdata_splib07a/splib07a_Wavelengths_ASD_0.35-2.5_microns_2151_ch.txt,D:\usgs_splib07\../ASCIIdata/ASCIIdata_splib07a/splib07a_Bandpass_(FWHM)_ASDFR_StandardResolution.txt,D:\usgs_splib07\../GIFplots/GIFplots_splib07a/ChapterA_ArtificialMaterials/splib07a_Vermiculite_GDS650_expandOre_ASDFRb_AREF.gif,D:\usgs_splib07\../GIFplots/GIFplots_splib07a/plots_by_wavelength_region/range1_uv_to_visible/splib07a_Vermiculite_GDS650_expandOre_ASDFRb_AREF_range1_uv_to_vis.gif,D:\usgs_splib07\../GIFplots/GIFplots_splib07a/plots_by_wavelength_region/range2_visible_to_swir/splib07a_Vermiculite_GDS650_expandOre_ASDFRb_AREF_range2_vis_to_swir.gif,D:\usgs_splib07\../GIFplots/GIFplots_splib07a/plots_by_wavelength_region/range3_swir/splib07a_Vermiculite_GDS650_expandOre_ASDFRb_AREF_range3_swir.gif,,,D:\usgs_splib07\../GIFplots/GIFplots_splib07a/splib07a_Wavelengths_ASD_0.35-2.5_microns_2151_ch.gif,D:\usgs_splib07\../GIFplots/GIFplots_splib07a/splib07a_Bandpass_(FWHM)_ASDFR_StandardResolution.gif
Vermiculite GDS651 expandOre ASDFRb AREF,D:\usgs_splib07\../HTMLmetadata/Vermiculite_GDS651_expandOre_ASDFRb_AREF.html,D:\usgs_splib07\../ASCIIdata/ASCIIdata_splib07a/ChapterA_ArtificialMaterials/splib07a_Vermiculite_GDS651_expandOre_ASDFRb_AREF.txt,,D:\usgs_splib07\../ASCIIdata/ASCIIdata_splib07a/splib07a_Wavelengths_ASD_0.35-2.5_microns_2151_ch.txt,D:\usgs_splib07\../ASCIIdata/ASCIIdata_splib07a/splib07a_Bandpass_(FWHM)_ASDFR_StandardResolution.txt,D:\usgs_splib07\../GIFplots/GIFplots_splib07a/ChapterA_ArtificialMaterials/splib07a_Vermiculite_GDS651_expandOre_ASDFRb_AREF.gif,D:\usgs_splib07\../GIFplots/GIFplots_splib07a/plots_by_wavelength_region/range1_uv_to_visible/splib07a_Vermiculite_GDS651_expandOre_ASDFRb_AREF_range1_uv_to_vis.gif,D:\usgs_splib07\../GIFplots/GIFplots_splib07a/plots_by_wavelength_region/range2_visible_to_swir/splib07a_Vermiculite_GDS651_expandOre_ASDFRb_AREF_range2_vis_to_swir.gif,D:\usgs_splib07\../GIFplots/GIFplots_splib07a/plots_by_wavelength_region/range3_swir/splib07a_Vermiculite_GDS651_expandOre_ASDFRb_AREF_range3_swir.gif,,,D:\usgs_splib07\../GIFplots/GIFplots_splib07a/splib07a_Wavelengths_ASD_0.35-2.5_microns_2151_ch.gif,D:\usgs_splib07\../GIFplots/GIFplots_splib07a/splib07a_Bandpass_(FWHM)_ASDFR_StandardResolution.gif
Vermiculite GDS652 expandOre ASDFRb AREF,D:\usgs_splib07\../HTMLmetadata/Vermiculite_GDS652_expandOre_ASDFRb_AREF.html,D:\usgs_splib07\../ASCIIdata/ASCIIdata_splib07a/ChapterA_ArtificialMaterials/splib07a_Vermiculite_GDS652_expandOre_ASDFRb_AREF.txt,,D:\usgs_splib07\../ASCIIdata/ASCIIdata_splib07a/splib07a_Wavelengths_ASD_0.35-2.5_microns_2151_ch.txt,D:\usgs_splib07\../ASCIIdata/ASCIIdata_splib07a/splib07a_Bandpass_(FWHM)_ASDFR_StandardResolution.txt,D:\usgs_splib07\../GIFplots/GIFplots_splib07a/ChapterA_ArtificialMaterials/splib07a_Vermiculite_GDS652_expandOre_ASDFRb_AREF.gif,D:\usgs_splib07\../GIFplots/GIFplots_splib07a/plots_by_wavelength_region/range1_uv_to_visible/splib07a_Vermiculite_GDS652_expandOre_ASDFRb_AREF_range1_uv_to_vis.gif,D:\usgs_splib07\../GIFplots/GIFplots_splib07a/plots_by_wavelength_region/range2_visible_to_swir/splib07a_Vermiculite_GDS652_expandOre_ASDFRb_AREF_range2_vis_to_swir.gif,D:\usgs_splib07\../GIFplots/GIFplots_splib07a/plots_by_wavelength_region/range3_swir/splib07a_Vermiculite_GDS652_expandOre_ASDFRb_AREF_range3_swir.gif,,,D:\usgs_splib07\../GIFplots/GIFplots_splib07a/splib07a_Wavelengths_ASD_0.35-2.5_microns_2151_ch.gif,D:\usgs_splib07\../GIFplots/GIFplots_splib07a/splib07a_Bandpass_(FWHM)_ASDFR_StandardResolution.gif
Vermiculite GDS653 expandOre ASDFRb AREF,D:\usgs_splib07\../HTMLmetadata/Vermiculite_GDS653_expandOre_ASDFRb_AREF.html,D:\usgs_splib07\../ASCIIdata/ASCIIdata_splib07a/ChapterA_ArtificialMaterials/splib07a_Vermiculite_GDS653_expandOre_ASDFRb_AREF.txt,,D:\usgs_splib07\../ASCIIdata/ASCIIdata_splib07a/splib07a_Wavelengths_ASD_0.35-2.5_microns_2151_ch.txt,D:\usgs_splib07\../ASCIIdata/ASCIIdata_splib07a/splib07a_Bandpass_(FWHM)_ASDFR_StandardResolution.txt,D:\usgs_splib07\../GIFplots/GIFplots_splib07a/ChapterA_ArtificialMaterials/splib07a_Vermiculite_GDS653_expandOre_ASDFRb_AREF.gif,D:\usgs_splib07\../GIFplots/GIFplots_splib07a/plots_by_wavelength_region/range1_uv_to_visible/splib07a_Vermiculite_GDS653_expandOre_ASDFRb_AREF_range1_uv_to_vis.gif,D:\usgs_splib07\../GIFplots/GIFplots_splib07a/plots_by_wavelength_region/range2_visible_to_swir/splib07a_Vermiculite_GDS653_expandOre_ASDFRb_AREF_range2_vis_to_swir.gif,D:\usgs_splib07\../GIFplots/GIFplots_splib07a/plots_by_wavelength_region/range3_swir/splib07a_Vermiculite_GDS653_expandOre_ASDFRb_AREF_range3_swir.gif,,,D:\usgs_splib07\../GIFplots/GIFplots_splib07a/splib07a_Wavelengths_ASD_0.35-2.5_microns_2151_ch.gif,D:\usgs_splib07\../GIFplots/GIFplots_splib07a/splib07a_Bandpass_(FWHM)_ASDFR_StandardResolution.gif
Vermiculite GDS663 expandOre ASDFRb AREF,D:\usgs_splib07\../HTMLmetadata/Vermiculite_GDS663_expandOre_ASDFRb_AREF.html,D:\usgs_splib07\../ASCIIdata/ASCIIdata_splib07a/ChapterA_ArtificialMaterials/splib07a_Vermiculite_GDS663_expandOre_ASDFRb_AREF.txt,,D:\usgs_splib07\../ASCIIdata/ASCIIdata_splib07a/splib07a_Wavelengths_ASD_0.35-2.5_microns_2151_ch.txt,D:\usgs_splib07\../ASCIIdata/ASCIIdata_splib07a/splib07a_Bandpass_(FWHM)_ASDFR_StandardResolution.txt,D:\usgs_splib07\../GIFplots/GIFplots_splib07a/ChapterA_ArtificialMaterials/splib07a_Vermiculite_GDS663_expandOre_ASDFRb_AREF.gif,D:\usgs_splib07\../GIFplots/GIFplots_splib07a/plots_by_wavelength_region/range1_uv_to_visible/splib07a_Vermiculite_GDS663_expandOre_ASDFRb_AREF_range1_uv_to_vis.gif,D:\usgs_splib07\../GIFplots/GIFplots_splib07a/plots_by_wavelength_region/range2_visible_to_swir/splib07a_Vermiculite_GDS663_expandOre_ASDFRb_AREF_range2_vis_to_swir.gif,D:\usgs_splib07\../GIFplots/GIFplots_splib07a/plots_by_wavelength_region/range3_swir/splib07a_Vermiculite_GDS663_expandOre_ASDFRb_AREF_range3_swir.gif,,,D:\usgs_splib07\../GIFplots/GIFplots_splib07a/splib07a_Wavelengths_ASD_0.35-2.5_microns_2151_ch.gif,D:\usgs_splib07\../GIFplots/GIFplots_splib07a/splib07a_Bandpass_(FWHM)_ASDFR_StandardResolution.gif
Vermiculite GDS700 expandOre ASDFRb AREF,D:\usgs_splib07\../HTMLmetadata/Vermiculite_GDS700_expandOre_ASDFRb_AREF.html,D:\usgs_splib07\../ASCIIdata/ASCIIdata_splib07a/ChapterA_ArtificialMaterials/splib07a_Vermiculite_GDS700_expandOre_ASDFRb_AREF.txt,,D:\usgs_splib07\../ASCIIdata/ASCIIdata_splib07a/splib07a_Wavelengths_ASD_0.35-2.5_microns_2151_ch.txt,D:\usgs_splib07\../ASCIIdata/ASCIIdata_splib07a/splib07a_Bandpass_(FWHM)_ASDFR_StandardResolution.txt,D:\usgs_splib07\../GIFplots/GIFplots_splib07a/ChapterA_ArtificialMaterials/splib07a_Vermiculite_GDS700_expandOre_ASDFRb_AREF.gif,D:\usgs_splib07\../GIFplots/GIFplots_splib07a/plots_by_wavelength_region/range1_uv_to_visible/splib07a_Vermiculite_GDS700_expandOre_ASDFRb_AREF_range1_uv_to_vis.gif,D:\usgs_splib07\../GIFplots/GIFplots_splib07a/plots_by_wavelength_region/range2_visible_to_swir/splib07a_Vermiculite_GDS700_expandOre_ASDFRb_AREF_range2_vis_to_swir.gif,D:\usgs_splib07\../GIFplots/GIFplots_splib07a/plots_by_wavelength_region/range3_swir/splib07a_Vermiculite_GDS700_expandOre_ASDFRb_AREF_range3_swir.gif,,,D:\usgs_splib07\../GIFplots/GIFplots_splib07a/splib07a_Wavelengths_ASD_0.35-2.5_microns_2151_ch.gif,D:\usgs_splib07\../GIFplots/GIFplots_splib07a/splib07a_Bandpass_(FWHM)_ASDFR_StandardResolution.gif
Vermiculite GDS701 expandOre ASDFRb AREF,D:\usgs_splib07\../HTMLmetadata/Vermiculite_GDS701_expandOre_ASDFRb_AREF.html,D:\usgs_splib07\../ASCIIdata/ASCIIdata_splib07a/ChapterA_ArtificialMaterials/splib07a_Vermiculite_GDS701_expandOre_ASDFRb_AREF.txt,,D:\usgs_splib07\../ASCIIdata/ASCIIdata_splib07a/splib07a_Wavelengths_ASD_0.35-2.5_microns_2151_ch.txt,D:\usgs_splib07\../ASCIIdata/ASCIIdata_splib07a/splib07a_Bandpass_(FWHM)_ASDFR_StandardResolution.txt,D:\usgs_splib07\../GIFplots/GIFplots_splib07a/ChapterA_ArtificialMaterials/splib07a_Vermiculite_GDS701_expandOre_ASDFRb_AREF.gif,D:\usgs_splib07\../GIFplots/GIFplots_splib07a/plots_by_wavelength_region/range1_uv_to_visible/splib07a_Vermiculite_GDS701_expandOre_ASDFRb_AREF_range1_uv_to_vis.gif,D:\usgs_splib07\../GIFplots/GIFplots_splib07a/plots_by_wavelength_region/range2_visible_to_swir/splib07a_Vermiculite_GDS701_expandOre_ASDFRb_AREF_range2_vis_to_swir.gif,D:\usgs_splib07\../GIFplots/GIFplots_splib07a/plots_by_wavelength_region/range3_swir/splib07a_Vermiculite_GDS701_expandOre_ASDFRb_AREF_range3_swir.gif,,,D:\usgs_splib07\../GIFplots/GIFplots_splib07a/splib07a_Wavelengths_ASD_0.35-2.5_microns_2151_ch.gif,D:\usgs_splib07\../GIFplots/GIFplots_splib07a/splib07a_Bandpass_(FWHM)_ASDFR_StandardResolution.gif
Vermiculite GDS823 expandOre ASDFRb AREF,D:\usgs_splib07\../HTMLmetadata/Vermiculite_GDS823_expandOre_ASDFRb_AREF.html,D:\usgs_splib07\../ASCIIdata/ASCIIdata_splib07a/ChapterA_ArtificialMaterials/splib07a_Vermiculite_GDS823_expandOre_ASDFRb_AREF.txt,,D:\usgs_splib07\../ASCIIdata/ASCIIdata_splib07a/splib07a_Wavelengths_ASD_0.35-2.5_microns_2151_ch.txt,D:\usgs_splib07\../ASCIIdata/ASCIIdata_splib07a/splib07a_Bandpass_(FWHM)_ASDFR_StandardResolution.txt,D:\usgs_splib07\../GIFplots/GIFplots_splib07a/ChapterA_ArtificialMaterials/splib07a_Vermiculite_GDS823_expandOre_ASDFRb_AREF.gif,D:\usgs_splib07\../GIFplots/GIFplots_splib07a/plots_by_wavelength_region/range1_uv_to_visible/splib07a_Vermiculite_GDS823_expandOre_ASDFRb_AREF_range1_uv_to_vis.gif,D:\usgs_splib07\../GIFplots/GIFplots_splib07a/plots_by_wavelength_region/range2_visible_to_swir/splib07a_Vermiculite_GDS823_expandOre_ASDFRb_AREF_range2_vis_to_swir.gif,D:\usgs_splib07\../GIFplots/GIFplots_splib07a/plots_by_wavelength_region/range3_swir/splib07a_Vermiculite_GDS823_expandOre_ASDFRb_AREF_range3_swir.gif,,,D:\usgs_splib07\../GIFplots/GIFplots_splib07a/splib07a_Wavelengths_ASD_0.35-2.5_microns_2151_ch.gif,D:\usgs_splib07\../GIFplots/GIFplots_splib07a/splib07a_Bandpass_(FWHM)_ASDFR_StandardResolution.gif
Vermiculite GDS836 expandOre ASDFRb AREF,D:\usgs_splib07\../HTMLmetadata/Vermiculite_GDS836_expandOre_ASDFRb_AREF.html,D:\usgs_splib07\../ASCIIdata/ASCIIdata_splib07a/ChapterA_ArtificialMaterials/splib07a_Vermiculite_GDS836_expandOre_ASDFRb_AREF.txt,,D:\usgs_splib07\../ASCIIdata/ASCIIdata_splib07a/splib07a_Wavelengths_ASD_0.35-2.5_microns_2151_ch.txt,D:\usgs_splib07\../ASCIIdata/ASCIIdata_splib07a/splib07a_Bandpass_(FWHM)_ASDFR_StandardResolution.txt,D:\usgs_splib07\../GIFplots/GIFplots_splib07a/ChapterA_ArtificialMaterials/splib07a_Vermiculite_GDS836_expandOre_ASDFRb_AREF.gif,D:\usgs_splib07\../GIFplots/GIFplots_splib07a/plots_by_wavelength_region/range1_uv_to_visible/splib07a_Vermiculite_GDS836_expandOre_ASDFRb_AREF_range1_uv_to_vis.gif,D:\usgs_splib07\../GIFplots/GIFplots_splib07a/plots_by_wavelength_region/range2_visible_to_swir/splib07a_Vermiculite_GDS836_expandOre_ASDFRb_AREF_range2_vis_to_swir.gif,D:\usgs_splib07\../GIFplots/GIFplots_splib07a/plots_by_wavelength_region/range3_swir/splib07a_Vermiculite_GDS836_expandOre_ASDFRb_AREF_range3_swir.gif,,,D:\usgs_splib07\../GIFplots/GIFplots_splib07a/splib07a_Wavelengths_ASD_0.35-2.5_microns_2151_ch.gif,D:\usgs_splib07\../GIFplots/GIFplots_splib07a/splib07a_Bandpass_(FWHM)_ASDFR_StandardResolution.gif
Vermiculite GDS847 expandOre ASDFRb AREF,D:\usgs_splib07\../HTMLmetadata/Vermiculite_GDS847_expandOre_ASDFRb_AREF.html,D:\usgs_splib07\../ASCIIdata/ASCIIdata_splib07a/ChapterA_ArtificialMaterials/splib07a_Vermiculite_GDS847_expandOre_ASDFRb_AREF.txt,,D:\usgs_splib07\../ASCIIdata/ASCIIdata_splib07a/splib07a_Wavelengths_ASD_0.35-2.5_microns_2151_ch.txt,D:\usgs_splib07\../ASCIIdata/ASCIIdata_splib07a/splib07a_Bandpass_(FWHM)_ASDFR_StandardResolution.txt,D:\usgs_splib07\../GIFplots/GIFplots_splib07a/ChapterA_ArtificialMaterials/splib07a_Vermiculite_GDS847_expandOre_ASDFRb_AREF.gif,D:\usgs_splib07\../GIFplots/GIFplots_splib07a/plots_by_wavelength_region/range1_uv_to_visible/splib07a_Vermiculite_GDS847_expandOre_ASDFRb_AREF_range1_uv_to_vis.gif,D:\usgs_splib07\../GIFplots/GIFplots_splib07a/plots_by_wavelength_region/range2_visible_to_swir/splib07a_Vermiculite_GDS847_expandOre_ASDFRb_AREF_range2_vis_to_swir.gif,D:\usgs_splib07\../GIFplots/GIFplots_splib07a/plots_by_wavelength_region/range3_swir/splib07a_Vermiculite_GDS847_expandOre_ASDFRb_AREF_range3_swir.gif,,,D:\usgs_splib07\../GIFplots/GIFplots_splib07a/splib07a_Wavelengths_ASD_0.35-2.5_microns_2151_ch.gif,D:\usgs_splib07\../GIFplots/GIFplots_splib07a/splib07a_Bandpass_(FWHM)_ASDFR_StandardResolution.gif
Vermiculite GDS850 expandOre ASDFRb AREF,D:\usgs_splib07\../HTMLmetadata/Vermiculite_GDS850_expandOre_ASDFRb_AREF.html,D:\usgs_splib07\../ASCIIdata/ASCIIdata_splib07a/ChapterA_ArtificialMaterials/splib07a_Vermiculite_GDS850_expandOre_ASDFRb_AREF.txt,,D:\usgs_splib07\../ASCIIdata/ASCIIdata_splib07a/splib07a_Wavelengths_ASD_0.35-2.5_microns_2151_ch.txt,D:\usgs_splib07\../ASCIIdata/ASCIIdata_splib07a/splib07a_Bandpass_(FWHM)_ASDFR_StandardResolution.txt,D:\usgs_splib07\../GIFplots/GIFplots_splib07a/ChapterA_ArtificialMaterials/splib07a_Vermiculite_GDS850_expandOre_ASDFRb_AREF.gif,D:\usgs_splib07\../GIFplots/GIFplots_splib07a/plots_by_wavelength_region/range1_uv_to_visible/splib07a_Vermiculite_GDS850_expandOre_ASDFRb_AREF_range1_uv_to_vis.gif,D:\usgs_splib07\../GIFplots/GIFplots_splib07a/plots_by_wavelength_region/range2_visible_to_swir/splib07a_Vermiculite_GDS850_expandOre_ASDFRb_AREF_range2_vis_to_swir.gif,D:\usgs_splib07\../GIFplots/GIFplots_splib07a/plots_by_wavelength_region/range3_swir/splib07a_Vermiculite_GDS850_expandOre_ASDFRb_AREF_range3_swir.gif,,,D:\usgs_splib07\../GIFplots/GIFplots_splib07a/splib07a_Wavelengths_ASD_0.35-2.5_microns_2151_ch.gif,D:\usgs_splib07\../GIFplots/GIFplots_splib07a/splib07a_Bandpass_(FWHM)_ASDFR_StandardResolution.gif
Vermiculite GDS876 expandOre ASDFRb AREF,D:\usgs_splib07\../HTMLmetadata/Vermiculite_GDS876_expandOre_ASDFRb_AREF.html,D:\usgs_splib07\../ASCIIdata/ASCIIdata_splib07a/ChapterA_ArtificialMaterials/splib07a_Vermiculite_GDS876_expandOre_ASDFRb_AREF.txt,,D:\usgs_splib07\../ASCIIdata/ASCIIdata_splib07a/splib07a_Wavelengths_ASD_0.35-2.5_microns_2151_ch.txt,D:\usgs_splib07\../ASCIIdata/ASCIIdata_splib07a/splib07a_Bandpass_(FWHM)_ASDFR_StandardResolution.txt,D:\usgs_splib07\../GIFplots/GIFplots_splib07a/ChapterA_ArtificialMaterials/splib07a_Vermiculite_GDS876_expandOre_ASDFRb_AREF.gif,D:\usgs_splib07\../GIFplots/GIFplots_splib07a/plots_by_wavelength_region/range1_uv_to_visible/splib07a_Vermiculite_GDS876_expandOre_ASDFRb_AREF_range1_uv_to_vis.gif,D:\usgs_splib07\../GIFplots/GIFplots_splib07a/plots_by_wavelength_region/range2_visible_to_swir/splib07a_Vermiculite_GDS876_expandOre_ASDFRb_AREF_range2_vis_to_swir.gif,D:\usgs_splib07\../GIFplots/GIFplots_splib07a/plots_by_wavelength_region/range3_swir/splib07a_Vermiculite_GDS876_expandOre_ASDFRb_AREF_range3_swir.gif,,,D:\usgs_splib07\../GIFplots/GIFplots_splib07a/splib07a_Wavelengths_ASD_0.35-2.5_microns_2151_ch.gif,D:\usgs_splib07\../GIFplots/GIFplots_splib07a/splib07a_Bandpass_(FWHM)_ASDFR_StandardResolution.gif
Vermiculite GDS886 expandOre ASDFRb AREF,D:\usgs_splib07\../HTMLmetadata/Vermiculite_GDS886_expandOre_ASDFRb_AREF.html,D:\usgs_splib07\../ASCIIdata/ASCIIdata_splib07a/ChapterA_ArtificialMaterials/splib07a_Vermiculite_GDS886_expandOre_ASDFRb_AREF.txt,,D:\usgs_splib07\../ASCIIdata/ASCIIdata_splib07a/splib07a_Wavelengths_ASD_0.35-2.5_microns_2151_ch.txt,D:\usgs_splib07\../ASCIIdata/ASCIIdata_splib07a/splib07a_Bandpass_(FWHM)_ASDFR_StandardResolution.txt,D:\usgs_splib07\../GIFplots/GIFplots_splib07a/ChapterA_ArtificialMaterials/splib07a_Vermiculite_GDS886_expandOre_ASDFRb_AREF.gif,D:\usgs_splib07\../GIFplots/GIFplots_splib07a/plots_by_wavelength_region/range1_uv_to_visible/splib07a_Vermiculite_GDS886_expandOre_ASDFRb_AREF_range1_uv_to_vis.gif,D:\usgs_splib07\../GIFplots/GIFplots_splib07a/plots_by_wavelength_region/range2_visible_to_swir/splib07a_Vermiculite_GDS886_expandOre_ASDFRb_AREF_range2_vis_to_swir.gif,D:\usgs_splib07\../GIFplots/GIFplots_splib07a/plots_by_wavelength_region/range3_swir/splib07a_Vermiculite_GDS886_expandOre_ASDFRb_AREF_range3_swir.gif,,,D:\usgs_splib07\../GIFplots/GIFplots_splib07a/splib07a_Wavelengths_ASD_0.35-2.5_microns_2151_ch.gif,D:\usgs_splib07\../GIFplots/GIFplots_splib07a/splib07a_Bandpass_(FWHM)_ASDFR_StandardResolution.gif
Vermiculite GDS887 expandOre ASDFRb AREF,D:\usgs_splib07\../HTMLmetadata/Vermiculite_GDS887_expandOre_ASDFRb_AREF.html,D:\usgs_splib07\../ASCIIdata/ASCIIdata_splib07a/ChapterA_ArtificialMaterials/splib07a_Vermiculite_GDS887_expandOre_ASDFRb_AREF.txt,,D:\usgs_splib07\../ASCIIdata/ASCIIdata_splib07a/splib07a_Wavelengths_ASD_0.35-2.5_microns_2151_ch.txt,D:\usgs_splib07\../ASCIIdata/ASCIIdata_splib07a/splib07a_Bandpass_(FWHM)_ASDFR_StandardResolution.txt,D:\usgs_splib07\../GIFplots/GIFplots_splib07a/ChapterA_ArtificialMaterials/splib07a_Vermiculite_GDS887_expandOre_ASDFRb_AREF.gif,D:\usgs_splib07\../GIFplots/GIFplots_splib07a/plots_by_wavelength_region/range1_uv_to_visible/splib07a_Vermiculite_GDS887_expandOre_ASDFRb_AREF_range1_uv_to_vis.gif,D:\usgs_splib07\../GIFplots/GIFplots_splib07a/plots_by_wavelength_region/range2_visible_to_swir/splib07a_Vermiculite_GDS887_expandOre_ASDFRb_AREF_range2_vis_to_swir.gif,D:\usgs_splib07\../GIFplots/GIFplots_splib07a/plots_by_wavelength_region/range3_swir/splib07a_Vermiculite_GDS887_expandOre_ASDFRb_AREF_range3_swir.gif,,,D:\usgs_splib07\../GIFplots/GIFplots_splib07a/splib07a_Wavelengths_ASD_0.35-2.5_microns_2151_ch.gif,D:\usgs_splib07\../GIFplots/GIFplots_splib07a/splib07a_Bandpass_(FWHM)_ASDFR_StandardResolution.gif
Vermiculite GDS906 expandOre ASDFRb AREF,D:\usgs_splib07\../HTMLmetadata/Vermiculite_GDS906_expandOre_ASDFRb_AREF.html,D:\usgs_splib07\../ASCIIdata/ASCIIdata_splib07a/ChapterA_ArtificialMaterials/splib07a_Vermiculite_GDS906_expandOre_ASDFRb_AREF.txt,,D:\usgs_splib07\../ASCIIdata/ASCIIdata_splib07a/splib07a_Wavelengths_ASD_0.35-2.5_microns_2151_ch.txt,D:\usgs_splib07\../ASCIIdata/ASCIIdata_splib07a/splib07a_Bandpass_(FWHM)_ASDFR_StandardResolution.txt,D:\usgs_splib07\../GIFplots/GIFplots_splib07a/ChapterA_ArtificialMaterials/splib07a_Vermiculite_GDS906_expandOre_ASDFRb_AREF.gif,D:\usgs_splib07\../GIFplots/GIFplots_splib07a/plots_by_wavelength_region/range1_uv_to_visible/splib07a_Vermiculite_GDS906_expandOre_ASDFRb_AREF_range1_uv_to_vis.gif,D:\usgs_splib07\../GIFplots/GIFplots_splib07a/plots_by_wavelength_region/range2_visible_to_swir/splib07a_Vermiculite_GDS906_expandOre_ASDFRb_AREF_range2_vis_to_swir.gif,D:\usgs_splib07\../GIFplots/GIFplots_splib07a/plots_by_wavelength_region/range3_swir/splib07a_Vermiculite_GDS906_expandOre_ASDFRb_AREF_range3_swir.gif,,,D:\usgs_splib07\../GIFplots/GIFplots_splib07a/splib07a_Wavelengths_ASD_0.35-2.5_microns_2151_ch.gif,D:\usgs_splib07\../GIFplots/GIFplots_splib07a/splib07a_Bandpass_(FWHM)_ASDFR_StandardResolution.gif
Vermiculite GDS907 expandOre ASDFRb AREF,D:\usgs_splib07\../HTMLmetadata/Vermiculite_GDS907_expandOre_ASDFRb_AREF.html,D:\usgs_splib07\../ASCIIdata/ASCIIdata_splib07a/ChapterA_ArtificialMaterials/splib07a_Vermiculite_GDS907_expandOre_ASDFRb_AREF.txt,,D:\usgs_splib07\../ASCIIdata/ASCIIdata_splib07a/splib07a_Wavelengths_ASD_0.35-2.5_microns_2151_ch.txt,D:\usgs_splib07\../ASCIIdata/ASCIIdata_splib07a/splib07a_Bandpass_(FWHM)_ASDFR_StandardResolution.txt,D:\usgs_splib07\../GIFplots/GIFplots_splib07a/ChapterA_ArtificialMaterials/splib07a_Vermiculite_GDS907_expandOre_ASDFRb_AREF.gif,D:\usgs_splib07\../GIFplots/GIFplots_splib07a/plots_by_wavelength_region/range1_uv_to_visible/splib07a_Vermiculite_GDS907_expandOre_ASDFRb_AREF_range1_uv_to_vis.gif,D:\usgs_splib07\../GIFplots/GIFplots_splib07a/plots_by_wavelength_region/range2_visible_to_swir/splib07a_Vermiculite_GDS907_expandOre_ASDFRb_AREF_range2_vis_to_swir.gif,D:\usgs_splib07\../GIFplots/GIFplots_splib07a/plots_by_wavelength_region/range3_swir/splib07a_Vermiculite_GDS907_expandOre_ASDFRb_AREF_range3_swir.gif,,,D:\usgs_splib07\../GIFplots/GIFplots_splib07a/splib07a_Wavelengths_ASD_0.35-2.5_microns_2151_ch.gif,D:\usgs_splib07\../GIFplots/GIFplots_splib07a/splib07a_Bandpass_(FWHM)_ASDFR_StandardResolution.gif
Vermiculite GDS908 expandOre ASDFRb AREF,D:\usgs_splib07\../HTMLmetadata/Vermiculite_GDS908_expandOre_ASDFRb_AREF.html,D:\usgs_splib07\../ASCIIdata/ASCIIdata_splib07a/ChapterA_ArtificialMaterials/splib07a_Vermiculite_GDS908_expandOre_ASDFRb_AREF.txt,,D:\usgs_splib07\../ASCIIdata/ASCIIdata_splib07a/splib07a_Wavelengths_ASD_0.35-2.5_microns_2151_ch.txt,D:\usgs_splib07\../ASCIIdata/ASCIIdata_splib07a/splib07a_Bandpass_(FWHM)_ASDFR_StandardResolution.txt,D:\usgs_splib07\../GIFplots/GIFplots_splib07a/ChapterA_ArtificialMaterials/splib07a_Vermiculite_GDS908_expandOre_ASDFRb_AREF.gif,D:\usgs_splib07\../GIFplots/GIFplots_splib07a/plots_by_wavelength_region/range1_uv_to_visible/splib07a_Vermiculite_GDS908_expandOre_ASDFRb_AREF_range1_uv_to_vis.gif,D:\usgs_splib07\../GIFplots/GIFplots_splib07a/plots_by_wavelength_region/range2_visible_to_swir/splib07a_Vermiculite_GDS908_expandOre_ASDFRb_AREF_range2_vis_to_swir.gif,D:\usgs_splib07\../GIFplots/GIFplots_splib07a/plots_by_wavelength_region/range3_swir/splib07a_Vermiculite_GDS908_expandOre_ASDFRb_AREF_range3_swir.gif,,,D:\usgs_splib07\../GIFplots/GIFplots_splib07a/splib07a_Wavelengths_ASD_0.35-2.5_microns_2151_ch.gif,D:\usgs_splib07\../GIFplots/GIFplots_splib07a/splib07a_Bandpass_(FWHM)_ASDFR_StandardResolution.gif
Vermiculite GDS909 expandOre ASDFRb AREF,D:\usgs_splib07\../HTMLmetadata/Vermiculite_GDS909_expandOre_ASDFRb_AREF.html,D:\usgs_splib07\../ASCIIdata/ASCIIdata_splib07a/ChapterA_ArtificialMaterials/splib07a_Vermiculite_GDS909_expandOre_ASDFRb_AREF.txt,,D:\usgs_splib07\../ASCIIdata/ASCIIdata_splib07a/splib07a_Wavelengths_ASD_0.35-2.5_microns_2151_ch.txt,D:\usgs_splib07\../ASCIIdata/ASCIIdata_splib07a/splib07a_Bandpass_(FWHM)_ASDFR_StandardResolution.txt,D:\usgs_splib07\../GIFplots/GIFplots_splib07a/ChapterA_ArtificialMaterials/splib07a_Vermiculite_GDS909_expandOre_ASDFRb_AREF.gif,D:\usgs_splib07\../GIFplots/GIFplots_splib07a/plots_by_wavelength_region/range1_uv_to_visible/splib07a_Vermiculite_GDS909_expandOre_ASDFRb_AREF_range1_uv_to_vis.gif,D:\usgs_splib07\../GIFplots/GIFplots_splib07a/plots_by_wavelength_region/range2_visible_to_swir/splib07a_Vermiculite_GDS909_expandOre_ASDFRb_AREF_range2_vis_to_swir.gif,D:\usgs_splib07\../GIFplots/GIFplots_splib07a/plots_by_wavelength_region/range3_swir/splib07a_Vermiculite_GDS909_expandOre_ASDFRb_AREF_range3_swir.gif,,,D:\usgs_splib07\../GIFplots/GIFplots_splib07a/splib07a_Wavelengths_ASD_0.35-2.5_microns_2151_ch.gif,D:\usgs_splib07\../GIFplots/GIFplots_splib07a/splib07a_Bandpass_(FWHM)_ASDFR_StandardResolution.gif
Vermiculite GDS910 expandOre ASDFRb AREF,D:\usgs_splib07\../HTMLmetadata/Vermiculite_GDS910_expandOre_ASDFRb_AREF.html,D:\usgs_splib07\../ASCIIdata/ASCIIdata_splib07a/ChapterA_ArtificialMaterials/splib07a_Vermiculite_GDS910_expandOre_ASDFRb_AREF.txt,,D:\usgs_splib07\../ASCIIdata/ASCIIdata_splib07a/splib07a_Wavelengths_ASD_0.35-2.5_microns_2151_ch.txt,D:\usgs_splib07\../ASCIIdata/ASCIIdata_splib07a/splib07a_Bandpass_(FWHM)_ASDFR_StandardResolution.txt,D:\usgs_splib07\../GIFplots/GIFplots_splib07a/ChapterA_ArtificialMaterials/splib07a_Vermiculite_GDS910_expandOre_ASDFRb_AREF.gif,D:\usgs_splib07\../GIFplots/GIFplots_splib07a/plots_by_wavelength_region/range1_uv_to_visible/splib07a_Vermiculite_GDS910_expandOre_ASDFRb_AREF_range1_uv_to_vis.gif,D:\usgs_splib07\../GIFplots/GIFplots_splib07a/plots_by_wavelength_region/range2_visible_to_swir/splib07a_Vermiculite_GDS910_expandOre_ASDFRb_AREF_range2_vis_to_swir.gif,D:\usgs_splib07\../GIFplots/GIFplots_splib07a/plots_by_wavelength_region/range3_swir/splib07a_Vermiculite_GDS910_expandOre_ASDFRb_AREF_range3_swir.gif,,,D:\usgs_splib07\../GIFplots/GIFplots_splib07a/splib07a_Wavelengths_ASD_0.35-2.5_microns_2151_ch.gif,D:\usgs_splib07\../GIFplots/GIFplots_splib07a/splib07a_Bandpass_(FWHM)_ASDFR_StandardResolution.gif
Vermiculite GDS911 expandOre ASDFRb AREF,D:\usgs_splib07\../HTMLmetadata/Vermiculite_GDS911_expandOre_ASDFRb_AREF.html,D:\usgs_splib07\../ASCIIdata/ASCIIdata_splib07a/ChapterA_ArtificialMaterials/splib07a_Vermiculite_GDS911_expandOre_ASDFRb_AREF.txt,,D:\usgs_splib07\../ASCIIdata/ASCIIdata_splib07a/splib07a_Wavelengths_ASD_0.35-2.5_microns_2151_ch.txt,D:\usgs_splib07\../ASCIIdata/ASCIIdata_splib07a/splib07a_Bandpass_(FWHM)_ASDFR_StandardResolution.txt,D:\usgs_splib07\../GIFplots/GIFplots_splib07a/ChapterA_ArtificialMaterials/splib07a_Vermiculite_GDS911_expandOre_ASDFRb_AREF.gif,D:\usgs_splib07\../GIFplots/GIFplots_splib07a/plots_by_wavelength_region/range1_uv_to_visible/splib07a_Vermiculite_GDS911_expandOre_ASDFRb_AREF_range1_uv_to_vis.gif,D:\usgs_splib07\../GIFplots/GIFplots_splib07a/plots_by_wavelength_region/range2_visible_to_swir/splib07a_Vermiculite_GDS911_expandOre_ASDFRb_AREF_range2_vis_to_swir.gif,D:\usgs_splib07\../GIFplots/GIFplots_splib07a/plots_by_wavelength_region/range3_swir/splib07a_Vermiculite_GDS911_expandOre_ASDFRb_AREF_range3_swir.gif,,,D:\usgs_splib07\../GIFplots/GIFplots_splib07a/splib07a_Wavelengths_ASD_0.35-2.5_microns_2151_ch.gif,D:\usgs_splib07\../GIFplots/GIFplots_splib07a/splib07a_Bandpass_(FWHM)_ASDFR_StandardResolution.gif
Vermiculite GDS912 expandOre ASDFRb AREF,D:\usgs_splib07\../HTMLmetadata/Vermiculite_GDS912_expandOre_ASDFRb_AREF.html,D:\usgs_splib07\../ASCIIdata/ASCIIdata_splib07a/ChapterA_ArtificialMaterials/splib07a_Vermiculite_GDS912_expandOre_ASDFRb_AREF.txt,,D:\usgs_splib07\../ASCIIdata/ASCIIdata_splib07a/splib07a_Wavelengths_ASD_0.35-2.5_microns_2151_ch.txt,D:\usgs_splib07\../ASCIIdata/ASCIIdata_splib07a/splib07a_Bandpass_(FWHM)_ASDFR_StandardResolution.txt,D:\usgs_splib07\../GIFplots/GIFplots_splib07a/ChapterA_ArtificialMaterials/splib07a_Vermiculite_GDS912_expandOre_ASDFRb_AREF.gif,D:\usgs_splib07\../GIFplots/GIFplots_splib07a/plots_by_wavelength_region/range1_uv_to_visible/splib07a_Vermiculite_GDS912_expandOre_ASDFRb_AREF_range1_uv_to_vis.gif,D:\usgs_splib07\../GIFplots/GIFplots_splib07a/plots_by_wavelength_region/range2_visible_to_swir/splib07a_Vermiculite_GDS912_expandOre_ASDFRb_AREF_range2_vis_to_swir.gif,D:\usgs_splib07\../GIFplots/GIFplots_splib07a/plots_by_wavelength_region/range3_swir/splib07a_Vermiculite_GDS912_expandOre_ASDFRb_AREF_range3_swir.gif,,,D:\usgs_splib07\../GIFplots/GIFplots_splib07a/splib07a_Wavelengths_ASD_0.35-2.5_microns_2151_ch.gif,D:\usgs_splib07\../GIFplots/GIFplots_splib07a/splib07a_Bandpass_(FWHM)_ASDFR_StandardResolution.gif
Vermiculite GDS913 expandOre ASDFRb AREF,D:\usgs_splib07\../HTMLmetadata/Vermiculite_GDS913_expandOre_ASDFRb_AREF.html,D:\usgs_splib07\../ASCIIdata/ASCIIdata_splib07a/ChapterA_ArtificialMaterials/splib07a_Vermiculite_GDS913_expandOre_ASDFRb_AREF.txt,,D:\usgs_splib07\../ASCIIdata/ASCIIdata_splib07a/splib07a_Wavelengths_ASD_0.35-2.5_microns_2151_ch.txt,D:\usgs_splib07\../ASCIIdata/ASCIIdata_splib07a/splib07a_Bandpass_(FWHM)_ASDFR_StandardResolution.txt,D:\usgs_splib07\../GIFplots/GIFplots_splib07a/ChapterA_ArtificialMaterials/splib07a_Vermiculite_GDS913_expandOre_ASDFRb_AREF.gif,D:\usgs_splib07\../GIFplots/GIFplots_splib07a/plots_by_wavelength_region/range1_uv_to_visible/splib07a_Vermiculite_GDS913_expandOre_ASDFRb_AREF_range1_uv_to_vis.gif,D:\usgs_splib07\../GIFplots/GIFplots_splib07a/plots_by_wavelength_region/range2_visible_to_swir/splib07a_Vermiculite_GDS913_expandOre_ASDFRb_AREF_range2_vis_to_swir.gif,D:\usgs_splib07\../GIFplots/GIFplots_splib07a/plots_by_wavelength_region/range3_swir/splib07a_Vermiculite_GDS913_expandOre_ASDFRb_AREF_range3_swir.gif,,,D:\usgs_splib07\../GIFplots/GIFplots_splib07a/splib07a_Wavelengths_ASD_0.35-2.5_microns_2151_ch.gif,D:\usgs_splib07\../GIFplots/GIFplots_splib07a/splib07a_Bandpass_(FWHM)_ASDFR_StandardResolution.gif
Vermiculite GDS914 expandOre ASDFRb AREF,D:\usgs_splib07\../HTMLmetadata/Vermiculite_GDS914_expandOre_ASDFRb_AREF.html,D:\usgs_splib07\../ASCIIdata/ASCIIdata_splib07a/ChapterA_ArtificialMaterials/splib07a_Vermiculite_GDS914_expandOre_ASDFRb_AREF.txt,,D:\usgs_splib07\../ASCIIdata/ASCIIdata_splib07a/splib07a_Wavelengths_ASD_0.35-2.5_microns_2151_ch.txt,D:\usgs_splib07\../ASCIIdata/ASCIIdata_splib07a/splib07a_Bandpass_(FWHM)_ASDFR_StandardResolution.txt,D:\usgs_splib07\../GIFplots/GIFplots_splib07a/ChapterA_ArtificialMaterials/splib07a_Vermiculite_GDS914_expandOre_ASDFRb_AREF.gif,D:\usgs_splib07\../GIFplots/GIFplots_splib07a/plots_by_wavelength_region/range1_uv_to_visible/splib07a_Vermiculite_GDS914_expandOre_ASDFRb_AREF_range1_uv_to_vis.gif,D:\usgs_splib07\../GIFplots/GIFplots_splib07a/plots_by_wavelength_region/range2_visible_to_swir/splib07a_Vermiculite_GDS914_expandOre_ASDFRb_AREF_range2_vis_to_swir.gif,D:\usgs_splib07\../GIFplots/GIFplots_splib07a/plots_by_wavelength_region/range3_swir/splib07a_Vermiculite_GDS914_expandOre_ASDFRb_AREF_range3_swir.gif,,,D:\usgs_splib07\../GIFplots/GIFplots_splib07a/splib07a_Wavelengths_ASD_0.35-2.5_microns_2151_ch.gif,D:\usgs_splib07\../GIFplots/GIFplots_splib07a/splib07a_Bandpass_(FWHM)_ASDFR_StandardResolution.gif
Vermiculite GDS915 expandOre ASDFRb AREF,D:\usgs_splib07\../HTMLmetadata/Vermiculite_GDS915_expandOre_ASDFRb_AREF.html,D:\usgs_splib07\../ASCIIdata/ASCIIdata_splib07a/ChapterA_ArtificialMaterials/splib07a_Vermiculite_GDS915_expandOre_ASDFRb_AREF.txt,,D:\usgs_splib07\../ASCIIdata/ASCIIdata_splib07a/splib07a_Wavelengths_ASD_0.35-2.5_microns_2151_ch.txt,D:\usgs_splib07\../ASCIIdata/ASCIIdata_splib07a/splib07a_Bandpass_(FWHM)_ASDFR_StandardResolution.txt,D:\usgs_splib07\../GIFplots/GIFplots_splib07a/ChapterA_ArtificialMaterials/splib07a_Vermiculite_GDS915_expandOre_ASDFRb_AREF.gif,D:\usgs_splib07\../GIFplots/GIFplots_splib07a/plots_by_wavelength_region/range1_uv_to_visible/splib07a_Vermiculite_GDS915_expandOre_ASDFRb_AREF_range1_uv_to_vis.gif,D:\usgs_splib07\../GIFplots/GIFplots_splib07a/plots_by_wavelength_region/range2_visible_to_swir/splib07a_Vermiculite_GDS915_expandOre_ASDFRb_AREF_range2_vis_to_swir.gif,D:\usgs_splib07\../GIFplots/GIFplots_splib07a/plots_by_wavelength_region/range3_swir/splib07a_Vermiculite_GDS915_expandOre_ASDFRb_AREF_range3_swir.gif,,,D:\usgs_splib07\../GIFplots/GIFplots_splib07a/splib07a_Wavelengths_ASD_0.35-2.5_microns_2151_ch.gif,D:\usgs_splib07\../GIFplots/GIFplots_splib07a/splib07a_Bandpass_(FWHM)_ASDFR_StandardResolution.gif
Vermiculite GDS916 expandOre ASDFRb AREF,D:\usgs_splib07\../HTMLmetadata/Vermiculite_GDS916_expandOre_ASDFRb_AREF.html,D:\usgs_splib07\../ASCIIdata/ASCIIdata_splib07a/ChapterA_ArtificialMaterials/splib07a_Vermiculite_GDS916_expandOre_ASDFRb_AREF.txt,,D:\usgs_splib07\../ASCIIdata/ASCIIdata_splib07a/splib07a_Wavelengths_ASD_0.35-2.5_microns_2151_ch.txt,D:\usgs_splib07\../ASCIIdata/ASCIIdata_splib07a/splib07a_Bandpass_(FWHM)_ASDFR_StandardResolution.txt,D:\usgs_splib07\../GIFplots/GIFplots_splib07a/ChapterA_ArtificialMaterials/splib07a_Vermiculite_GDS916_expandOre_ASDFRb_AREF.gif,D:\usgs_splib07\../GIFplots/GIFplots_splib07a/plots_by_wavelength_region/range1_uv_to_visible/splib07a_Vermiculite_GDS916_expandOre_ASDFRb_AREF_range1_uv_to_vis.gif,D:\usgs_splib07\../GIFplots/GIFplots_splib07a/plots_by_wavelength_region/range2_visible_to_swir/splib07a_Vermiculite_GDS916_expandOre_ASDFRb_AREF_range2_vis_to_swir.gif,D:\usgs_splib07\../GIFplots/GIFplots_splib07a/plots_by_wavelength_region/range3_swir/splib07a_Vermiculite_GDS916_expandOre_ASDFRb_AREF_range3_swir.gif,,,D:\usgs_splib07\../GIFplots/GIFplots_splib07a/splib07a_Wavelengths_ASD_0.35-2.5_microns_2151_ch.gif,D:\usgs_splib07\../GIFplots/GIFplots_splib07a/splib07a_Bandpass_(FWHM)_ASDFR_StandardResolution.gif
Vermiculite GDS917 expandOre ASDFRb AREF,D:\usgs_splib07\../HTMLmetadata/Vermiculite_GDS917_expandOre_ASDFRb_AREF.html,D:\usgs_splib07\../ASCIIdata/ASCIIdata_splib07a/ChapterA_ArtificialMaterials/splib07a_Vermiculite_GDS917_expandOre_ASDFRb_AREF.txt,,D:\usgs_splib07\../ASCIIdata/ASCIIdata_splib07a/splib07a_Wavelengths_ASD_0.35-2.5_microns_2151_ch.txt,D:\usgs_splib07\../ASCIIdata/ASCIIdata_splib07a/splib07a_Bandpass_(FWHM)_ASDFR_StandardResolution.txt,D:\usgs_splib07\../GIFplots/GIFplots_splib07a/ChapterA_ArtificialMaterials/splib07a_Vermiculite_GDS917_expandOre_ASDFRb_AREF.gif,D:\usgs_splib07\../GIFplots/GIFplots_splib07a/plots_by_wavelength_region/range1_uv_to_visible/splib07a_Vermiculite_GDS917_expandOre_ASDFRb_AREF_range1_uv_to_vis.gif,D:\usgs_splib07\../GIFplots/GIFplots_splib07a/plots_by_wavelength_region/range2_visible_to_swir/splib07a_Vermiculite_GDS917_expandOre_ASDFRb_AREF_range2_vis_to_swir.gif,D:\usgs_splib07\../GIFplots/GIFplots_splib07a/plots_by_wavelength_region/range3_swir/splib07a_Vermiculite_GDS917_expandOre_ASDFRb_AREF_range3_swir.gif,,,D:\usgs_splib07\../GIFplots/GIFplots_splib07a/splib07a_Wavelengths_ASD_0.35-2.5_microns_2151_ch.gif,D:\usgs_splib07\../GIFplots/GIFplots_splib07a/splib07a_Bandpass_(FWHM)_ASDFR_StandardResolution.gif
Vermiculite GDS918 expandOre ASDFRb AREF,D:\usgs_splib07\../HTMLmetadata/Vermiculite_GDS918_expandOre_ASDFRb_AREF.html,D:\usgs_splib07\../ASCIIdata/ASCIIdata_splib07a/ChapterA_ArtificialMaterials/splib07a_Vermiculite_GDS918_expandOre_ASDFRb_AREF.txt,,D:\usgs_splib07\../ASCIIdata/ASCIIdata_splib07a/splib07a_Wavelengths_ASD_0.35-2.5_microns_2151_ch.txt,D:\usgs_splib07\../ASCIIdata/ASCIIdata_splib07a/splib07a_Bandpass_(FWHM)_ASDFR_StandardResolution.txt,D:\usgs_splib07\../GIFplots/GIFplots_splib07a/ChapterA_ArtificialMaterials/splib07a_Vermiculite_GDS918_expandOre_ASDFRb_AREF.gif,D:\usgs_splib07\../GIFplots/GIFplots_splib07a/plots_by_wavelength_region/range1_uv_to_visible/splib07a_Vermiculite_GDS918_expandOre_ASDFRb_AREF_range1_uv_to_vis.gif,D:\usgs_splib07\../GIFplots/GIFplots_splib07a/plots_by_wavelength_region/range2_visible_to_swir/splib07a_Vermiculite_GDS918_expandOre_ASDFRb_AREF_range2_vis_to_swir.gif,D:\usgs_splib07\../GIFplots/GIFplots_splib07a/plots_by_wavelength_region/range3_swir/splib07a_Vermiculite_GDS918_expandOre_ASDFRb_AREF_range3_swir.gif,,,D:\usgs_splib07\../GIFplots/GIFplots_splib07a/splib07a_Wavelengths_ASD_0.35-2.5_microns_2151_ch.gif,D:\usgs_splib07\../GIFplots/GIFplots_splib07a/splib07a_Bandpass_(FWHM)_ASDFR_StandardResolution.gif
Vermiculite GDS919 expandOre ASDFRb AREF,D:\usgs_splib07\../HTMLmetadata/Vermiculite_GDS919_expandOre_ASDFRb_AREF.html,D:\usgs_splib07\../ASCIIdata/ASCIIdata_splib07a/ChapterA_ArtificialMaterials/splib07a_Vermiculite_GDS919_expandOre_ASDFRb_AREF.txt,,D:\usgs_splib07\../ASCIIdata/ASCIIdata_splib07a/splib07a_Wavelengths_ASD_0.35-2.5_microns_2151_ch.txt,D:\usgs_splib07\../ASCIIdata/ASCIIdata_splib07a/splib07a_Bandpass_(FWHM)_ASDFR_StandardResolution.txt,D:\usgs_splib07\../GIFplots/GIFplots_splib07a/ChapterA_ArtificialMaterials/splib07a_Vermiculite_GDS919_expandOre_ASDFRb_AREF.gif,D:\usgs_splib07\../GIFplots/GIFplots_splib07a/plots_by_wavelength_region/range1_uv_to_visible/splib07a_Vermiculite_GDS919_expandOre_ASDFRb_AREF_range1_uv_to_vis.gif,D:\usgs_splib07\../GIFplots/GIFplots_splib07a/plots_by_wavelength_region/range2_visible_to_swir/splib07a_Vermiculite_GDS919_expandOre_ASDFRb_AREF_range2_vis_to_swir.gif,D:\usgs_splib07\../GIFplots/GIFplots_splib07a/plots_by_wavelength_region/range3_swir/splib07a_Vermiculite_GDS919_expandOre_ASDFRb_AREF_range3_swir.gif,,,D:\usgs_splib07\../GIFplots/GIFplots_splib07a/splib07a_Wavelengths_ASD_0.35-2.5_microns_2151_ch.gif,D:\usgs_splib07\../GIFplots/GIFplots_splib07a/splib07a_Bandpass_(FWHM)_ASDFR_StandardResolution.gif
Vermiculite GDS920 expandOre ASDFRb AREF,D:\usgs_splib07\../HTMLmetadata/Vermiculite_GDS920_expandOre_ASDFRb_AREF.html,D:\usgs_splib07\../ASCIIdata/ASCIIdata_splib07a/ChapterA_ArtificialMaterials/splib07a_Vermiculite_GDS920_expandOre_ASDFRb_AREF.txt,,D:\usgs_splib07\../ASCIIdata/ASCIIdata_splib07a/splib07a_Wavelengths_ASD_0.35-2.5_microns_2151_ch.txt,D:\usgs_splib07\../ASCIIdata/ASCIIdata_splib07a/splib07a_Bandpass_(FWHM)_ASDFR_StandardResolution.txt,D:\usgs_splib07\../GIFplots/GIFplots_splib07a/ChapterA_ArtificialMaterials/splib07a_Vermiculite_GDS920_expandOre_ASDFRb_AREF.gif,D:\usgs_splib07\../GIFplots/GIFplots_splib07a/plots_by_wavelength_region/range1_uv_to_visible/splib07a_Vermiculite_GDS920_expandOre_ASDFRb_AREF_range1_uv_to_vis.gif,D:\usgs_splib07\../GIFplots/GIFplots_splib07a/plots_by_wavelength_region/range2_visible_to_swir/splib07a_Vermiculite_GDS920_expandOre_ASDFRb_AREF_range2_vis_to_swir.gif,D:\usgs_splib07\../GIFplots/GIFplots_splib07a/plots_by_wavelength_region/range3_swir/splib07a_Vermiculite_GDS920_expandOre_ASDFRb_AREF_range3_swir.gif,,,D:\usgs_splib07\../GIFplots/GIFplots_splib07a/splib07a_Wavelengths_ASD_0.35-2.5_microns_2151_ch.gif,D:\usgs_splib07\../GIFplots/GIFplots_splib07a/splib07a_Bandpass_(FWHM)_ASDFR_StandardResolution.gif
Vermiculite GDS921 expandOre ASDFRb AREF,D:\usgs_splib07\../HTMLmetadata/Vermiculite_GDS921_expandOre_ASDFRb_AREF.html,D:\usgs_splib07\../ASCIIdata/ASCIIdata_splib07a/ChapterA_ArtificialMaterials/splib07a_Vermiculite_GDS921_expandOre_ASDFRb_AREF.txt,,D:\usgs_splib07\../ASCIIdata/ASCIIdata_splib07a/splib07a_Wavelengths_ASD_0.35-2.5_microns_2151_ch.txt,D:\usgs_splib07\../ASCIIdata/ASCIIdata_splib07a/splib07a_Bandpass_(FWHM)_ASDFR_StandardResolution.txt,D:\usgs_splib07\../GIFplots/GIFplots_splib07a/ChapterA_ArtificialMaterials/splib07a_Vermiculite_GDS921_expandOre_ASDFRb_AREF.gif,D:\usgs_splib07\../GIFplots/GIFplots_splib07a/plots_by_wavelength_region/range1_uv_to_visible/splib07a_Vermiculite_GDS921_expandOre_ASDFRb_AREF_range1_uv_to_vis.gif,D:\usgs_splib07\../GIFplots/GIFplots_splib07a/plots_by_wavelength_region/range2_visible_to_swir/splib07a_Vermiculite_GDS921_expandOre_ASDFRb_AREF_range2_vis_to_swir.gif,D:\usgs_splib07\../GIFplots/GIFplots_splib07a/plots_by_wavelength_region/range3_swir/splib07a_Vermiculite_GDS921_expandOre_ASDFRb_AREF_range3_swir.gif,,,D:\usgs_splib07\../GIFplots/GIFplots_splib07a/splib07a_Wavelengths_ASD_0.35-2.5_microns_2151_ch.gif,D:\usgs_splib07\../GIFplots/GIFplots_splib07a/splib07a_Bandpass_(FWHM)_ASDFR_StandardResolution.gif
Vermiculite GDS922 expandOre ASDFRb AREF,D:\usgs_splib07\../HTMLmetadata/Vermiculite_GDS922_expandOre_ASDFRb_AREF.html,D:\usgs_splib07\../ASCIIdata/ASCIIdata_splib07a/ChapterA_ArtificialMaterials/splib07a_Vermiculite_GDS922_expandOre_ASDFRb_AREF.txt,,D:\usgs_splib07\../ASCIIdata/ASCIIdata_splib07a/splib07a_Wavelengths_ASD_0.35-2.5_microns_2151_ch.txt,D:\usgs_splib07\../ASCIIdata/ASCIIdata_splib07a/splib07a_Bandpass_(FWHM)_ASDFR_StandardResolution.txt,D:\usgs_splib07\../GIFplots/GIFplots_splib07a/ChapterA_ArtificialMaterials/splib07a_Vermiculite_GDS922_expandOre_ASDFRb_AREF.gif,D:\usgs_splib07\../GIFplots/GIFplots_splib07a/plots_by_wavelength_region/range1_uv_to_visible/splib07a_Vermiculite_GDS922_expandOre_ASDFRb_AREF_range1_uv_to_vis.gif,D:\usgs_splib07\../GIFplots/GIFplots_splib07a/plots_by_wavelength_region/range2_visible_to_swir/splib07a_Vermiculite_GDS922_expandOre_ASDFRb_AREF_range2_vis_to_swir.gif,D:\usgs_splib07\../GIFplots/GIFplots_splib07a/plots_by_wavelength_region/range3_swir/splib07a_Vermiculite_GDS922_expandOre_ASDFRb_AREF_range3_swir.gif,,,D:\usgs_splib07\../GIFplots/GIFplots_splib07a/splib07a_Wavelengths_ASD_0.35-2.5_microns_2151_ch.gif,D:\usgs_splib07\../GIFplots/GIFplots_splib07a/splib07a_Bandpass_(FWHM)_ASDFR_StandardResolution.gif
Vermiculite GDS923 expandOre ASDFRb AREF,D:\usgs_splib07\../HTMLmetadata/Vermiculite_GDS923_expandOre_ASDFRb_AREF.html,D:\usgs_splib07\../ASCIIdata/ASCIIdata_splib07a/ChapterA_ArtificialMaterials/splib07a_Vermiculite_GDS923_expandOre_ASDFRb_AREF.txt,,D:\usgs_splib07\../ASCIIdata/ASCIIdata_splib07a/splib07a_Wavelengths_ASD_0.35-2.5_microns_2151_ch.txt,D:\usgs_splib07\../ASCIIdata/ASCIIdata_splib07a/splib07a_Bandpass_(FWHM)_ASDFR_StandardResolution.txt,D:\usgs_splib07\../GIFplots/GIFplots_splib07a/ChapterA_ArtificialMaterials/splib07a_Vermiculite_GDS923_expandOre_ASDFRb_AREF.gif,D:\usgs_splib07\../GIFplots/GIFplots_splib07a/plots_by_wavelength_region/range1_uv_to_visible/splib07a_Vermiculite_GDS923_expandOre_ASDFRb_AREF_range1_uv_to_vis.gif,D:\usgs_splib07\../GIFplots/GIFplots_splib07a/plots_by_wavelength_region/range2_visible_to_swir/splib07a_Vermiculite_GDS923_expandOre_ASDFRb_AREF_range2_vis_to_swir.gif,D:\usgs_splib07\../GIFplots/GIFplots_splib07a/plots_by_wavelength_region/range3_swir/splib07a_Vermiculite_GDS923_expandOre_ASDFRb_AREF_range3_swir.gif,,,D:\usgs_splib07\../GIFplots/GIFplots_splib07a/splib07a_Wavelengths_ASD_0.35-2.5_microns_2151_ch.gif,D:\usgs_splib07\../GIFplots/GIFplots_splib07a/splib07a_Bandpass_(FWHM)_ASDFR_StandardResolution.gif
Vermiculite GDS924 expandOre ASDFRb AREF,D:\usgs_splib07\../HTMLmetadata/Vermiculite_GDS924_expandOre_ASDFRb_AREF.html,D:\usgs_splib07\../ASCIIdata/ASCIIdata_splib07a/ChapterA_ArtificialMaterials/splib07a_Vermiculite_GDS924_expandOre_ASDFRb_AREF.txt,,D:\usgs_splib07\../ASCIIdata/ASCIIdata_splib07a/splib07a_Wavelengths_ASD_0.35-2.5_microns_2151_ch.txt,D:\usgs_splib07\../ASCIIdata/ASCIIdata_splib07a/splib07a_Bandpass_(FWHM)_ASDFR_StandardResolution.txt,D:\usgs_splib07\../GIFplots/GIFplots_splib07a/ChapterA_ArtificialMaterials/splib07a_Vermiculite_GDS924_expandOre_ASDFRb_AREF.gif,D:\usgs_splib07\../GIFplots/GIFplots_splib07a/plots_by_wavelength_region/range1_uv_to_visible/splib07a_Vermiculite_GDS924_expandOre_ASDFRb_AREF_range1_uv_to_vis.gif,D:\usgs_splib07\../GIFplots/GIFplots_splib07a/plots_by_wavelength_region/range2_visible_to_swir/splib07a_Vermiculite_GDS924_expandOre_ASDFRb_AREF_range2_vis_to_swir.gif,D:\usgs_splib07\../GIFplots/GIFplots_splib07a/plots_by_wavelength_region/range3_swir/splib07a_Vermiculite_GDS924_expandOre_ASDFRb_AREF_range3_swir.gif,,,D:\usgs_splib07\../GIFplots/GIFplots_splib07a/splib07a_Wavelengths_ASD_0.35-2.5_microns_2151_ch.gif,D:\usgs_splib07\../GIFplots/GIFplots_splib07a/splib07a_Bandpass_(FWHM)_ASDFR_StandardResolution.gif
Vermiculite GDS925 expandOre ASDFRb AREF,D:\usgs_splib07\../HTMLmetadata/Vermiculite_GDS925_expandOre_ASDFRb_AREF.html,D:\usgs_splib07\../ASCIIdata/ASCIIdata_splib07a/ChapterA_ArtificialMaterials/splib07a_Vermiculite_GDS925_expandOre_ASDFRb_AREF.txt,,D:\usgs_splib07\../ASCIIdata/ASCIIdata_splib07a/splib07a_Wavelengths_ASD_0.35-2.5_microns_2151_ch.txt,D:\usgs_splib07\../ASCIIdata/ASCIIdata_splib07a/splib07a_Bandpass_(FWHM)_ASDFR_StandardResolution.txt,D:\usgs_splib07\../GIFplots/GIFplots_splib07a/ChapterA_ArtificialMaterials/splib07a_Vermiculite_GDS925_expandOre_ASDFRb_AREF.gif,D:\usgs_splib07\../GIFplots/GIFplots_splib07a/plots_by_wavelength_region/range1_uv_to_visible/splib07a_Vermiculite_GDS925_expandOre_ASDFRb_AREF_range1_uv_to_vis.gif,D:\usgs_splib07\../GIFplots/GIFplots_splib07a/plots_by_wavelength_region/range2_visible_to_swir/splib07a_Vermiculite_GDS925_expandOre_ASDFRb_AREF_range2_vis_to_swir.gif,D:\usgs_splib07\../GIFplots/GIFplots_splib07a/plots_by_wavelength_region/range3_swir/splib07a_Vermiculite_GDS925_expandOre_ASDFRb_AREF_range3_swir.gif,,,D:\usgs_splib07\../GIFplots/GIFplots_splib07a/splib07a_Wavelengths_ASD_0.35-2.5_microns_2151_ch.gif,D:\usgs_splib07\../GIFplots/GIFplots_splib07a/splib07a_Bandpass_(FWHM)_ASDFR_StandardResolution.gif
Vermiculite+0wt%amph. GDS327 ASDFRb AREF,D:\usgs_splib07\../HTMLmetadata/Vermiculite+0wt%amph._GDS327_ASDFRb_AREF.html,D:\usgs_splib07\../ASCIIdata/ASCIIdata_splib07a/ChapterA_ArtificialMaterials/splib07a_Vermiculite+0wt%amph._GDS327_ASDFRb_AREF.txt,,D:\usgs_splib07\../ASCIIdata/ASCIIdata_splib07a/splib07a_Wavelengths_ASD_0.35-2.5_microns_2151_ch.txt,D:\usgs_splib07\../ASCIIdata/ASCIIdata_splib07a/splib07a_Bandpass_(FWHM)_ASDFR_StandardResolution.txt,D:\usgs_splib07\../GIFplots/GIFplots_splib07a/ChapterA_ArtificialMaterials/splib07a_Vermiculite+0wt%amph._GDS327_ASDFRb_AREF.gif,D:\usgs_splib07\../GIFplots/GIFplots_splib07a/plots_by_wavelength_region/range1_uv_to_visible/splib07a_Vermiculite+0wt%amph._GDS327_ASDFRb_AREF_range1_uv_to_vis.gif,D:\usgs_splib07\../GIFplots/GIFplots_splib07a/plots_by_wavelength_region/range2_visible_to_swir/splib07a_Vermiculite+0wt%amph._GDS327_ASDFRb_AREF_range2_vis_to_swir.gif,D:\usgs_splib07\../GIFplots/GIFplots_splib07a/plots_by_wavelength_region/range3_swir/splib07a_Vermiculite+0wt%amph._GDS327_ASDFRb_AREF_range3_swir.gif,,,D:\usgs_splib07\../GIFplots/GIFplots_splib07a/splib07a_Wavelengths_ASD_0.35-2.5_microns_2151_ch.gif,D:\usgs_splib07\../GIFplots/GIFplots_splib07a/splib07a_Bandpass_(FWHM)_ASDFR_StandardResolution.gif
Vermiculite+1wt%amph. GDS451 ASDFRb AREF,D:\usgs_splib07\../HTMLmetadata/Vermiculite+1wt%amph._GDS451_ASDFRb_AREF.html,D:\usgs_splib07\../ASCIIdata/ASCIIdata_splib07a/ChapterA_ArtificialMaterials/splib07a_Vermiculite+1wt%amph._GDS451_ASDFRb_AREF.txt,,D:\usgs_splib07\../ASCIIdata/ASCIIdata_splib07a/splib07a_Wavelengths_ASD_0.35-2.5_microns_2151_ch.txt,D:\usgs_splib07\../ASCIIdata/ASCIIdata_splib07a/splib07a_Bandpass_(FWHM)_ASDFR_StandardResolution.txt,D:\usgs_splib07\../GIFplots/GIFplots_splib07a/ChapterA_ArtificialMaterials/splib07a_Vermiculite+1wt%amph._GDS451_ASDFRb_AREF.gif,D:\usgs_splib07\../GIFplots/GIFplots_splib07a/plots_by_wavelength_region/range1_uv_to_visible/splib07a_Vermiculite+1wt%amph._GDS451_ASDFRb_AREF_range1_uv_to_vis.gif,D:\usgs_splib07\../GIFplots/GIFplots_splib07a/plots_by_wavelength_region/range2_visible_to_swir/splib07a_Vermiculite+1wt%amph._GDS451_ASDFRb_AREF_range2_vis_to_swir.gif,D:\usgs_splib07\../GIFplots/GIFplots_splib07a/plots_by_wavelength_region/range3_swir/splib07a_Vermiculite+1wt%amph._GDS451_ASDFRb_AREF_range3_swir.gif,,,D:\usgs_splib07\../GIFplots/GIFplots_splib07a/splib07a_Wavelengths_ASD_0.35-2.5_microns_2151_ch.gif,D:\usgs_splib07\../GIFplots/GIFplots_splib07a/splib07a_Bandpass_(FWHM)_ASDFR_StandardResolution.gif
Vermiculite+5wt%amph. GDS454 ASDFRb AREF,D:\usgs_splib07\../HTMLmetadata/Vermiculite+5wt%amph._GDS454_ASDFRb_AREF.html,D:\usgs_splib07\../ASCIIdata/ASCIIdata_splib07a/ChapterA_ArtificialMaterials/splib07a_Vermiculite+5wt%amph._GDS454_ASDFRb_AREF.txt,,D:\usgs_splib07\../ASCIIdata/ASCIIdata_splib07a/splib07a_Wavelengths_ASD_0.35-2.5_microns_2151_ch.txt,D:\usgs_splib07\../ASCIIdata/ASCIIdata_splib07a/splib07a_Bandpass_(FWHM)_ASDFR_StandardResolution.txt,D:\usgs_splib07\../GIFplots/GIFplots_splib07a/ChapterA_ArtificialMaterials/splib07a_Vermiculite+5wt%amph._GDS454_ASDFRb_AREF.gif,D:\usgs_splib07\../GIFplots/GIFplots_splib07a/plots_by_wavelength_region/range1_uv_to_visible/splib07a_Vermiculite+5wt%amph._GDS454_ASDFRb_AREF_range1_uv_to_vis.gif,D:\usgs_splib07\../GIFplots/GIFplots_splib07a/plots_by_wavelength_region/range2_visible_to_swir/splib07a_Vermiculite+5wt%amph._GDS454_ASDFRb_AREF_range2_vis_to_swir.gif,D:\usgs_splib07\../GIFplots/GIFplots_splib07a/plots_by_wavelength_region/range3_swir/splib07a_Vermiculite+5wt%amph._GDS454_ASDFRb_AREF_range3_swir.gif,,,D:\usgs_splib07\../GIFplots/GIFplots_splib07a/splib07a_Wavelengths_ASD_0.35-2.5_microns_2151_ch.gif,D:\usgs_splib07\../GIFplots/GIFplots_splib07a/splib07a_Bandpass_(FWHM)_ASDFR_StandardResolution.gif
Vermillion_GDS779            ASDFRa AREF,D:\usgs_splib07\../HTMLmetadata/Vermillion_GDS779_ASDFRa_AREF.html,D:\usgs_splib07\../ASCIIdata/ASCIIdata_splib07a/ChapterA_ArtificialMaterials/splib07a_Vermillion_GDS779_ASDFRa_AREF.txt,,D:\usgs_splib07\../ASCIIdata/ASCIIdata_splib07a/splib07a_Wavelengths_ASD_0.35-2.5_microns_2151_ch.txt,D:\usgs_splib07\../ASCIIdata/ASCIIdata_splib07a/splib07a_Bandpass_(FWHM)_ASDFR_StandardResolution.txt,D:\usgs_splib07\../GIFplots/GIFplots_splib07a/ChapterA_ArtificialMaterials/splib07a_Vermillion_GDS779_ASDFRa_AREF.gif,D:\usgs_splib07\../GIFplots/GIFplots_splib07a/plots_by_wavelength_region/range1_uv_to_visible/splib07a_Vermillion_GDS779_ASDFRa_AREF_range1_uv_to_vis.gif,D:\usgs_splib07\../GIFplots/GIFplots_splib07a/plots_by_wavelength_region/range2_visible_to_swir/splib07a_Vermillion_GDS779_ASDFRa_AREF_range2_vis_to_swir.gif,D:\usgs_splib07\../GIFplots/GIFplots_splib07a/plots_by_wavelength_region/range3_swir/splib07a_Vermillion_GDS779_ASDFRa_AREF_range3_swir.gif,,,D:\usgs_splib07\../GIFplots/GIFplots_splib07a/splib07a_Wavelengths_ASD_0.35-2.5_microns_2151_ch.gif,D:\usgs_splib07\../GIFplots/GIFplots_splib07a/splib07a_Bandpass_(FWHM)_ASDFR_StandardResolution.gif
Viridian GDS800              ASDFRa AREF,D:\usgs_splib07\../HTMLmetadata/Viridian_GDS800_ASDFRa_AREF.html,D:\usgs_splib07\../ASCIIdata/ASCIIdata_splib07a/ChapterA_ArtificialMaterials/splib07a_Viridian_GDS800_ASDFRa_AREF.txt,,D:\usgs_splib07\../ASCIIdata/ASCIIdata_splib07a/splib07a_Wavelengths_ASD_0.35-2.5_microns_2151_ch.txt,D:\usgs_splib07\../ASCIIdata/ASCIIdata_splib07a/splib07a_Bandpass_(FWHM)_ASDFR_StandardResolution.txt,D:\usgs_splib07\../GIFplots/GIFplots_splib07a/ChapterA_ArtificialMaterials/splib07a_Viridian_GDS800_ASDFRa_AREF.gif,D:\usgs_splib07\../GIFplots/GIFplots_splib07a/plots_by_wavelength_region/range1_uv_to_visible/splib07a_Viridian_GDS800_ASDFRa_AREF_range1_uv_to_vis.gif,D:\usgs_splib07\../GIFplots/GIFplots_splib07a/plots_by_wavelength_region/range2_visible_to_swir/splib07a_Viridian_GDS800_ASDFRa_AREF_range2_vis_to_swir.gif,D:\usgs_splib07\../GIFplots/GIFplots_splib07a/plots_by_wavelength_region/range3_swir/splib07a_Viridian_GDS800_ASDFRa_AREF_range3_swir.gif,,,D:\usgs_splib07\../GIFplots/GIFplots_splib07a/splib07a_Wavelengths_ASD_0.35-2.5_microns_2151_ch.gif,D:\usgs_splib07\../GIFplots/GIFplots_splib07a/splib07a_Bandpass_(FWHM)_ASDFR_StandardResolution.gif
Wood_Beam GDS363 Nw Pine 2X4 ASDFRa AREF,D:\usgs_splib07\../HTMLmetadata/Wood_Beam_GDS363_Nw_Pine_2X4_ASDFRa_AREF.html,D:\usgs_splib07\../ASCIIdata/ASCIIdata_splib07a/ChapterA_ArtificialMaterials/splib07a_Wood_Beam_GDS363_Nw_Pine_2X4_ASDFRa_AREF.txt,,D:\usgs_splib07\../ASCIIdata/ASCIIdata_splib07a/splib07a_Wavelengths_ASD_0.35-2.5_microns_2151_ch.txt,D:\usgs_splib07\../ASCIIdata/ASCIIdata_splib07a/splib07a_Bandpass_(FWHM)_ASDFR_StandardResolution.txt,D:\usgs_splib07\../GIFplots/GIFplots_splib07a/ChapterA_ArtificialMaterials/splib07a_Wood_Beam_GDS363_Nw_Pine_2X4_ASDFRa_AREF.gif,D:\usgs_splib07\../GIFplots/GIFplots_splib07a/plots_by_wavelength_region/range1_uv_to_visible/splib07a_Wood_Beam_GDS363_Nw_Pine_2X4_ASDFRa_AREF_range1_uv_to_vis.gif,D:\usgs_splib07\../GIFplots/GIFplots_splib07a/plots_by_wavelength_region/range2_visible_to_swir/splib07a_Wood_Beam_GDS363_Nw_Pine_2X4_ASDFRa_AREF_range2_vis_to_swir.gif,D:\usgs_splib07\../GIFplots/GIFplots_splib07a/plots_by_wavelength_region/range3_swir/splib07a_Wood_Beam_GDS363_Nw_Pine_2X4_ASDFRa_AREF_range3_swir.gif,,,D:\usgs_splib07\../GIFplots/GIFplots_splib07a/splib07a_Wavelengths_ASD_0.35-2.5_microns_2151_ch.gif,D:\usgs_splib07\../GIFplots/GIFplots_splib07a/splib07a_Bandpass_(FWHM)_ASDFR_StandardResolution.gif
WTC_Dust_Debris WTC01-2      ASDFRa AREF,D:\usgs_splib07\../HTMLmetadata/WTC_Dust_Debris_WTC01-2_ASDFRa_AREF.html,D:\usgs_splib07\../ASCIIdata/ASCIIdata_splib07a/ChapterA_ArtificialMaterials/splib07a_WTC_Dust_Debris_WTC01-2_ASDFRa_AREF.txt,,D:\usgs_splib07\../ASCIIdata/ASCIIdata_splib07a/splib07a_Wavelengths_ASD_0.35-2.5_microns_2151_ch.txt,D:\usgs_splib07\../ASCIIdata/ASCIIdata_splib07a/splib07a_Bandpass_(FWHM)_ASDFR_StandardResolution.txt,D:\usgs_splib07\../GIFplots/GIFplots_splib07a/ChapterA_ArtificialMaterials/splib07a_WTC_Dust_Debris_WTC01-2_ASDFRa_AREF.gif,D:\usgs_splib07\../GIFplots/GIFplots_splib07a/plots_by_wavelength_region/range1_uv_to_visible/splib07a_WTC_Dust_Debris_WTC01-2_ASDFRa_AREF_range1_uv_to_vis.gif,D:\usgs_splib07\../GIFplots/GIFplots_splib07a/plots_by_wavelength_region/range2_visible_to_swir/splib07a_WTC_Dust_Debris_WTC01-2_ASDFRa_AREF_range2_vis_to_swir.gif,D:\usgs_splib07\../GIFplots/GIFplots_splib07a/plots_by_wavelength_region/range3_swir/splib07a_WTC_Dust_Debris_WTC01-2_ASDFRa_AREF_range3_swir.gif,,,D:\usgs_splib07\../GIFplots/GIFplots_splib07a/splib07a_Wavelengths_ASD_0.35-2.5_microns_2151_ch.gif,D:\usgs_splib07\../GIFplots/GIFplots_splib07a/splib07a_Bandpass_(FWHM)_ASDFR_StandardResolution.gif
WTC_Dust_Debris WTC01-28     ASDFRa AREF,D:\usgs_splib07\../HTMLmetadata/WTC_Dust_Debris_WTC01-28_ASDFRa_AREF.html,D:\usgs_splib07\../ASCIIdata/ASCIIdata_splib07a/ChapterA_ArtificialMaterials/splib07a_WTC_Dust_Debris_WTC01-28_ASDFRa_AREF.txt,,D:\usgs_splib07\../ASCIIdata/ASCIIdata_splib07a/splib07a_Wavelengths_ASD_0.35-2.5_microns_2151_ch.txt,D:\usgs_splib07\../ASCIIdata/ASCIIdata_splib07a/splib07a_Bandpass_(FWHM)_ASDFR_StandardResolution.txt,D:\usgs_splib07\../GIFplots/GIFplots_splib07a/ChapterA_ArtificialMaterials/splib07a_WTC_Dust_Debris_WTC01-28_ASDFRa_AREF.gif,D:\usgs_splib07\../GIFplots/GIFplots_splib07a/plots_by_wavelength_region/range1_uv_to_visible/splib07a_WTC_Dust_Debris_WTC01-28_ASDFRa_AREF_range1_uv_to_vis.gif,D:\usgs_splib07\../GIFplots/GIFplots_splib07a/plots_by_wavelength_region/range2_visible_to_swir/splib07a_WTC_Dust_Debris_WTC01-28_ASDFRa_AREF_range2_vis_to_swir.gif,D:\usgs_splib07\../GIFplots/GIFplots_splib07a/plots_by_wavelength_region/range3_swir/splib07a_WTC_Dust_Debris_WTC01-28_ASDFRa_AREF_range3_swir.gif,,,D:\usgs_splib07\../GIFplots/GIFplots_splib07a/splib07a_Wavelengths_ASD_0.35-2.5_microns_2151_ch.gif,D:\usgs_splib07\../GIFplots/GIFplots_splib07a/splib07a_Bandpass_(FWHM)_ASDFR_StandardResolution.gif
Yellow_ochre GDS794 Germany  ASDFRa AREF,D:\usgs_splib07\../HTMLmetadata/Yellow_ochre_GDS794_Germany_ASDFRa_AREF.html,D:\usgs_splib07\../ASCIIdata/ASCIIdata_splib07a/ChapterA_ArtificialMaterials/splib07a_Yellow_ochre_GDS794_Germany_ASDFRa_AREF.txt,,D:\usgs_splib07\../ASCIIdata/ASCIIdata_splib07a/splib07a_Wavelengths_ASD_0.35-2.5_microns_2151_ch.txt,D:\usgs_splib07\../ASCIIdata/ASCIIdata_splib07a/splib07a_Bandpass_(FWHM)_ASDFR_StandardResolution.txt,D:\usgs_splib07\../GIFplots/GIFplots_splib07a/ChapterA_ArtificialMaterials/splib07a_Yellow_ochre_GDS794_Germany_ASDFRa_AREF.gif,D:\usgs_splib07\../GIFplots/GIFplots_splib07a/plots_by_wavelength_region/range1_uv_to_visible/splib07a_Yellow_ochre_GDS794_Germany_ASDFRa_AREF_range1_uv_to_vis.gif,D:\usgs_splib07\../GIFplots/GIFplots_splib07a/plots_by_wavelength_region/range2_visible_to_swir/splib07a_Yellow_ochre_GDS794_Germany_ASDFRa_AREF_range2_vis_to_swir.gif,D:\usgs_splib07\../GIFplots/GIFplots_splib07a/plots_by_wavelength_region/range3_swir/splib07a_Yellow_ochre_GDS794_Germany_ASDFRa_AREF_range3_swir.gif,,,D:\usgs_splib07\../GIFplots/GIFplots_splib07a/splib07a_Wavelengths_ASD_0.35-2.5_microns_2151_ch.gif,D:\usgs_splib07\../GIFplots/GIFplots_splib07a/splib07a_Bandpass_(FWHM)_ASDFR_StandardResolution.gif
Ytterbium_Oxide J.M. 319     ASDFRa AREF,D:\usgs_splib07\../HTMLmetadata/Ytterbium_Oxide_J.M._319_ASDFRa_AREF.html,D:\usgs_splib07\../ASCIIdata/ASCIIdata_splib07a/ChapterA_ArtificialMaterials/splib07a_Ytterbium_Oxide_J.M._319_ASDFRa_AREF.txt,,D:\usgs_splib07\../ASCIIdata/ASCIIdata_splib07a/splib07a_Wavelengths_ASD_0.35-2.5_microns_2151_ch.txt,D:\usgs_splib07\../ASCIIdata/ASCIIdata_splib07a/splib07a_Bandpass_(FWHM)_ASDFR_StandardResolution.txt,D:\usgs_splib07\../GIFplots/GIFplots_splib07a/ChapterA_ArtificialMaterials/splib07a_Ytterbium_Oxide_J.M._319_ASDFRa_AREF.gif,D:\usgs_splib07\../GIFplots/GIFplots_splib07a/plots_by_wavelength_region/range1_uv_to_visible/splib07a_Ytterbium_Oxide_J.M._319_ASDFRa_AREF_range1_uv_to_vis.gif,D:\usgs_splib07\../GIFplots/GIFplots_splib07a/plots_by_wavelength_region/range2_visible_to_swir/splib07a_Ytterbium_Oxide_J.M._319_ASDFRa_AREF_range2_vis_to_swir.gif,D:\usgs_splib07\../GIFplots/GIFplots_splib07a/plots_by_wavelength_region/range3_swir/splib07a_Ytterbium_Oxide_J.M._319_ASDFRa_AREF_range3_swir.gif,,,D:\usgs_splib07\../GIFplots/GIFplots_splib07a/splib07a_Wavelengths_ASD_0.35-2.5_microns_2151_ch.gif,D:\usgs_splib07\../GIFplots/GIFplots_splib07a/splib07a_Bandpass_(FWHM)_ASDFR_StandardResolution.gif
Yttrium_Oxide J.M. 301       ASDFRa AREF,D:\usgs_splib07\../HTMLmetadata/Yttrium_Oxide_J.M._301_ASDFRa_AREF.html,D:\usgs_splib07\../ASCIIdata/ASCIIdata_splib07a/ChapterA_ArtificialMaterials/splib07a_Yttrium_Oxide_J.M._301_ASDFRa_AREF.txt,,D:\usgs_splib07\../ASCIIdata/ASCIIdata_splib07a/splib07a_Wavelengths_ASD_0.35-2.5_microns_2151_ch.txt,D:\usgs_splib07\../ASCIIdata/ASCIIdata_splib07a/splib07a_Bandpass_(FWHM)_ASDFR_StandardResolution.txt,D:\usgs_splib07\../GIFplots/GIFplots_splib07a/ChapterA_ArtificialMaterials/splib07a_Yttrium_Oxide_J.M._301_ASDFRa_AREF.gif,D:\usgs_splib07\../GIFplots/GIFplots_splib07a/plots_by_wavelength_region/range1_uv_to_visible/splib07a_Yttrium_Oxide_J.M._301_ASDFRa_AREF_range1_uv_to_vis.gif,D:\usgs_splib07\../GIFplots/GIFplots_splib07a/plots_by_wavelength_region/range2_visible_to_swir/splib07a_Yttrium_Oxide_J.M._301_ASDFRa_AREF_range2_vis_to_swir.gif,D:\usgs_splib07\../GIFplots/GIFplots_splib07a/plots_by_wavelength_region/range3_swir/splib07a_Yttrium_Oxide_J.M._301_ASDFRa_AREF_range3_swir.gif,,,D:\usgs_splib07\../GIFplots/GIFplots_splib07a/splib07a_Wavelengths_ASD_0.35-2.5_microns_2151_ch.gif,D:\usgs_splib07\../GIFplots/GIFplots_splib07a/splib07a_Bandpass_(FWHM)_ASDFR_StandardResolution.gif
Yttrium_Oxide 5-9s SPEX      ASDFRa AREF,D:\usgs_splib07\../HTMLmetadata/Yttrium_Oxide_5-9s_SPEX_ASDFRa_AREF.html,D:\usgs_splib07\../ASCIIdata/ASCIIdata_splib07a/ChapterA_ArtificialMaterials/splib07a_Yttrium_Oxide_5-9s_SPEX_ASDFRa_AREF.txt,,D:\usgs_splib07\../ASCIIdata/ASCIIdata_splib07a/splib07a_Wavelengths_ASD_0.35-2.5_microns_2151_ch.txt,D:\usgs_splib07\../ASCIIdata/ASCIIdata_splib07a/splib07a_Bandpass_(FWHM)_ASDFR_StandardResolution.txt,D:\usgs_splib07\../GIFplots/GIFplots_splib07a/ChapterA_ArtificialMaterials/splib07a_Yttrium_Oxide_5-9s_SPEX_ASDFRa_AREF.gif,D:\usgs_splib07\../GIFplots/GIFplots_splib07a/plots_by_wavelength_region/range1_uv_to_visible/splib07a_Yttrium_Oxide_5-9s_SPEX_ASDFRa_AREF_range1_uv_to_vis.gif,D:\usgs_splib07\../GIFplots/GIFplots_splib07a/plots_by_wavelength_region/range2_visible_to_swir/splib07a_Yttrium_Oxide_5-9s_SPEX_ASDFRa_AREF_range2_vis_to_swir.gif,D:\usgs_splib07\../GIFplots/GIFplots_splib07a/plots_by_wavelength_region/range3_swir/splib07a_Yttrium_Oxide_5-9s_SPEX_ASDFRa_AREF_range3_swir.gif,,,D:\usgs_splib07\../GIFplots/GIFplots_splib07a/splib07a_Wavelengths_ASD_0.35-2.5_microns_2151_ch.gif,D:\usgs_splib07\../GIFplots/GIFplots_splib07a/splib07a_Bandpass_(FWHM)_ASDFR_StandardResolution.gif
Zinc_oxide GDS807 (ZnO)      ASDFRa AREF,D:\usgs_splib07\../HTMLmetadata/Zinc_oxide_GDS807_(ZnO)_ASDFRa_AREF.html,D:\usgs_splib07\../ASCIIdata/ASCIIdata_splib07a/ChapterA_ArtificialMaterials/splib07a_Zinc_oxide_GDS807_(ZnO)_ASDFRa_AREF.txt,,D:\usgs_splib07\../ASCIIdata/ASCIIdata_splib07a/splib07a_Wavelengths_ASD_0.35-2.5_microns_2151_ch.txt,D:\usgs_splib07\../ASCIIdata/ASCIIdata_splib07a/splib07a_Bandpass_(FWHM)_ASDFR_StandardResolution.txt,D:\usgs_splib07\../GIFplots/GIFplots_splib07a/ChapterA_ArtificialMaterials/splib07a_Zinc_oxide_GDS807_(ZnO)_ASDFRa_AREF.gif,D:\usgs_splib07\../GIFplots/GIFplots_splib07a/plots_by_wavelength_region/range1_uv_to_visible/splib07a_Zinc_oxide_GDS807_(ZnO)_ASDFRa_AREF_range1_uv_to_vis.gif,D:\usgs_splib07\../GIFplots/GIFplots_splib07a/plots_by_wavelength_region/range2_visible_to_swir/splib07a_Zinc_oxide_GDS807_(ZnO)_ASDFRa_AREF_range2_vis_to_swir.gif,D:\usgs_splib07\../GIFplots/GIFplots_splib07a/plots_by_wavelength_region/range3_swir/splib07a_Zinc_oxide_GDS807_(ZnO)_ASDFRa_AREF_range3_swir.gif,,,D:\usgs_splib07\../GIFplots/GIFplots_splib07a/splib07a_Wavelengths_ASD_0.35-2.5_microns_2151_ch.gif,D:\usgs_splib07\../GIFplots/GIFplots_splib07a/splib07a_Bandpass_(FWHM)_ASDFR_StandardResolution.gif
